Accident_Id;jour;mois;an;hrmn;lum;dep;agg;int;atm;col;lat;long
202200000921;18;12;2022;16:10;1;74;2;1;1;3;"46;2015300000";"6;2455400000"
202200000922;17;12;2022;11:50;1;74;1;1;8;3;"46;1778700000";"6;2345600000"
202200000923;20;7;2022;22:00;5;69;2;1;1;2;"45;7818900000";"4;8883400000"
202200000924;15;12;2022;19:32;5;74;2;3;3;6;"46;1862900000";"6;2364200000"
202200000925;14;12;2022;12:00;1;74;2;1;8;6;"46;3634000000";"6;4687300000"
202200000926;9;12;2022;08:00;2;74;2;1;4;6;"45;9719500000";"6;0520400000"
202200000927;23;5;2022;15:45;1;39;1;1;1;1;"47;1077240000";"5;4834300000"
202200000928;5;12;2022;09:00;1;74;2;3;8;2;"45;9054300000";"6;1196300000"
202200000929;11;5;2022;12:35;1;39;2;3;1;3;"47;1115700000";"5;5002700000"
202200000930;24;10;2022;06:20;3;74;1;1;3;3;"45;9526270000";"5;9187340000"
202200000931;27;5;2022;14:55;1;67;1;1;1;2;"48;5277100000";"7;6943400000"
202200000932;24;11;2022;08:20;1;74;2;6;8;3;"45;9161900000";"6;1286000000"
202200000933;3;5;2022;08:35;1;67;1;1;1;4;"48;6012400000";"7;7339800000"
202200000934;31;10;2022;14:45;1;62;1;1;8;6;"50;7747030000";"2;3525940000"
202200000935;10;10;2022;10:21;1;976;2;1;2;7;" -12;8064500000";"45;2083200000"
202200000936;9;10;2022;15:00;1;62;2;6;1;3;"50;7450740000";"2;2589930000"
202200000937;10;10;2022;17:00;1;973;2;3;1;6;"4;9192337946";" -52;3176026344"
202200000938;10;10;2022;09:40;1;973;2;1;2;3;"4;9306766101";" -52;3136624694"
202200000939;10;10;2022;09:34;1;973;1;1;1;6;"4;9215872217";" -52;3297584057"
202200000940;30;11;2022;18:15;3;80;1;1;1;5;"49;9712770000";"2;1549730000"
202200000941;10;10;2022;22:14;1;973;2;1;2;7;"4;9147400000";" -52;3101100000"
202200000942;21;12;2022;20:41;5;54;2;1;2;1;"49;5072400000";"5;7547800000"
202200000943;10;10;2022;19:35;1;69;2;2;1;3;"45;7398400000";"4;8331200000"
202200000944;10;10;2022;12:15;1;69;2;3;1;3;"45;7700700000";"4;8569800000"
202200000945;10;10;2022;10:10;1;972;1;1;1;1;"14;6319470000";" -61;0315590000"
202200000946;27;11;2022;21:38;3;38;1;1;1;2;"45;5921400000";"5;2512300000"
202200000947;10;10;2022;13:15;1;972;2;1;2;3;"14;6150400000";" -61;0513800000"
202200000948;10;10;2022;14:00;1;971;2;1;1;4;"16;2530082798";" -61;5460002422"
202200000949;8;10;2022;05:15;2;971;1;1;1;6;"16;2229916145";" -61;5234053135"
202200000950;9;10;2022;15:20;1;95;2;3;1;5;"48;9429556402";"2;2522696853"
202200000951;10;10;2022;13:30;1;91;1;1;1;2;"48;7122400000";"2;4421100000"
202200000952;7;10;2022;23:09;5;87;2;1;1;2;"45;8333400000";"1;2651600000"
202200000953;7;10;2022;18:27;1;87;2;1;1;6;"45;8331100000";"1;2485100000"
202200000954;8;10;2022;17:55;1;85;2;3;1;3;"46;5065870000";" -1;7841786100"
202200000955;10;10;2022;07:50;1;83;2;1;1;1;"43;1139300000";"5;9351500000"
202200000956;10;10;2022;22:50;5;83;2;1;1;1;"43;0808200000";"6;1499100000"
202200000957;10;10;2022;21:10;3;78;2;1;1;6;"48;9297800000";"2;1439600000"
202200000958;10;10;2022;20:15;5;78;2;1;1;6;"48;9912860000";"1;9086010000"
202200000959;10;10;2022;18:30;1;78;2;1;1;2;"49;0000940000";"1;9074260000"
202200000960;10;10;2022;17:10;2;78;2;1;1;1;"48;9950860000";"2;0191880000"
202200000961;10;10;2022;07:45;1;77;2;1;1;6;"48;8366190000";"2;7080080000"
202200000962;10;10;2022;09:10;1;76;2;3;1;3;"49;4476400000";"1;0975800000"
202200000963;9;10;2022;15:15;1;76;2;2;1;3;"49;5054100000";"0;1693300000"
202200000964;6;10;2022;18:25;1;76;1;1;1;4;"49;5004800000";"0;1803600000"
202200000965;10;10;2022;10:45;1;76;2;9;1;6;"49;9268100000";"1;0796400000"
202200000966;10;10;2022;17:45;1;69;2;9;1;3;"45;6995666730";"4;8621089742"
202200000967;8;10;2022;18:45;2;67;2;3;1;3;"48;6106600000";"7;7338900000"
202200000968;7;10;2022;18:05;2;67;2;1;1;4;"48;6129400000";"7;7686000000"
202200000969;15;9;2022;17:39;1;49;1;1;1;3;"47;1389720000";" -0;7931180000"
202200000970;18;9;2022;16:04;1;49;1;1;1;3;"47;0994020000";" -0;7774110000"
202200000971;18;9;2022;23:30;3;81;2;1;1;6;"43;6485210000";"2;1020260000"
202200000972;17;9;2022;18:30;1;28;1;1;1;6;"48;2325770000";"1;0352900000"
202200000973;19;9;2022;12:30;1;51;2;2;1;3;"49;0757760000";"3;6394770000"
202200000974;18;9;2022;19:15;2;14;1;1;1;6;"48;9804990000";" -0;7543230000"
202200000975;12;9;2022;18:20;1;68;2;1;1;1;"47;8563050000";"7;2606860000"
202200000976;18;9;2022;21:19;3;72;1;1;1;2;"47;8823520000";"0;1908980000"
202200000977;18;9;2022;16:55;1;14;1;1;7;6;"49;0094710252";" -0;8954139962"
202200000978;17;9;2022;13:00;1;62;1;2;1;3;"50;3394620000";"2;5236580000"
202200000979;13;9;2022;17:30;1;51;2;9;1;3;"49;0486420000";"4;1121700000"
202200000980;16;9;2022;20:00;3;19;1;1;1;7;"45;2206141309";"1;4106810093"
202200000981;18;9;2022;14:24;1;67;1;1;1;5;"48;5158460000";"7;2937260000"
202200000982;19;9;2022;18:50;2;76;1;1;1;1;"49;6644520314";"0;2474284172"
202200000983;18;9;2022;10:40;1;76;1;1;1;7;"49;6218600000";"0;4252480000"
202200000984;19;9;2022;07:50;1;2A;1;1;1;2;"41;7910010000";"9;3963250000"
202200000985;18;9;2022;20:15;2;65;1;1;1;6;"42;7545120000";"0;1925180000"
202200000986;18;9;2022;18:20;1;32;1;1;1;1;"43;9835480000";"0;2771900000"
202200000987;18;9;2022;02:00;3;32;1;1;1;6;"43;6243960000";"0;2779200000"
202200000988;18;9;2022;17:45;1;11;1;1;1;7;"42;7895270000";"2;1227220000"
202200000989;19;9;2022;09:20;1;71;1;1;1;4;"46;7440370000";"4;5355510000"
202200000990;19;9;2022;10:40;1;71;1;2;1;3;"46;9134250000";"4;7223830000"
202200000991;13;9;2022;21:00;3;89;1;4;2;6;"48;1583340000";"3;1666690000"
202200000992;19;9;2022;06:25;2;42;2;8;1;1;"45;8181860000";"4;1873820000"
202200000993;9;4;2022;18:15;1;34;1;1;1;1;"43;2909200000";"3;3869920000"
202200000994;19;9;2022;06:30;2;39;1;1;1;7;"46;7596840000";"5;6075490000"
202200000995;18;9;2022;16:00;1;25;2;1;1;3;"47;3767740000";"6;7303060000"
202200000996;18;9;2022;19:10;1;38;1;1;1;6;"45;2729690000";"5;8420010000"
202200000997;18;9;2022;09:55;1;38;1;1;1;6;"45;2146890000";"5;8256830000"
202200000998;18;9;2022;11:30;1;03;1;1;1;3;"46;4777980000";"2;8526900000"
202200000999;18;9;2022;17:30;1;01;1;2;1;3;"46;4051520000";"5;2688990000"
202200001000;18;9;2022;17:00;1;26;1;1;6;7;"44;2814180000";"4;9457360000"
202200001001;18;9;2022;17:20;1;83;1;1;1;6;"43;5474520000";"6;5326540000"
202200001002;19;9;2022;19:00;1;60;2;1;1;7;"49;3108860000";"2;7366850000"
202200001003;19;9;2022;17:40;1;43;1;1;7;1;"45;0612490640";"3;7857594217"
202200001004;18;9;2022;19:20;1;43;2;1;1;6;"45;1856210000";"3;9108220000"
202200001005;19;9;2022;07:50;1;07;1;1;1;6;"44;5563040000";"4;6041620000"
202200001006;19;9;2022;09:25;1;21;2;3;1;6;"47;1025750000";"5;2630140000"
202200001007;18;9;2022;16:50;1;24;1;3;1;4;"45;0340930000";"0;8177950000"
202200001008;17;9;2022;19:42;2;27;1;6;1;7;"49;1555240000";"0;9171870000"
202200001009;19;9;2022;08:05;1;27;2;6;1;3;"49;0937240000";"0;5887130000"
202200001010;13;9;2022;15:20;1;28;1;1;1;7;"48;1839860000";"1;3764020000"
202200001011;18;9;2022;18:39;1;37;1;2;1;3;"47;2429831181";"0;8104884624"
202200001012;18;9;2022;11:30;1;37;2;2;1;3;"47;3813370000";"0;8292870000"
202200001013;18;9;2022;16:00;1;30;1;1;1;1;"43;9537110000";"4;2687680000"
202200001014;19;9;2022;17:15;1;24;2;3;1;1;"44;8172240000";"1;2999970000"
202200001015;18;9;2022;15:38;1;03;1;1;1;6;"46;5097110000";"2;6279430000"
202200001016;19;9;2022;15:00;1;973;2;1;1;3;"4;9063730000";" -52;2731210000"
202200001017;17;9;2022;16:50;1;01;1;1;1;2;"45;8150420000";"4;9599190000"
202200001018;18;9;2022;02:19;3;37;1;1;1;6;"47;2507178499";"0;4878187180"
202200001019;17;9;2022;03:50;3;06;1;1;1;6;"43;6325730000";"7;1227670000"
202200001020;17;9;2022;20:00;3;976;1;1;1;1;" -12;7344770000";"45;1186180000"
202200001021;19;9;2022;11:59;1;25;1;4;1;3;"46;8299910000";"6;3390740000"
202200001022;16;9;2022;10:15;1;974;2;1;1;3;" -21;0412080000";"55;2249370000"
202200001023;19;9;2022;17:40;1;37;1;1;1;1;"47;3604165683";"0;8731770515"
202200001024;14;8;2022;05:00;5;2B;1;1;1;1;"42;6103180000";"8;8896080000"
202200001025;14;9;2022;13:00;1;30;2;9;1;7;"43;8655900000";"4;4396910000"
202200001026;15;9;2022;09:11;1;84;2;1;7;6;"43;8767480000";"5;3991820000"
202200001027;17;9;2022;18:00;1;84;1;1;6;-1;"43;9189170000";"5;0945880000"
202200001028;17;9;2022;13:00;1;67;2;6;1;3;"48;6758940000";"7;8458800000"
202200001029;17;9;2022;00:10;5;38;2;1;1;3;"45;6408870000";"5;0978980000"
202200001030;19;9;2022;08:15;1;38;1;1;1;1;"45;7692180000";"5;2524740000"
202200001031;19;9;2022;07:50;2;26;2;6;1;2;"45;0357610000";"5;0828830000"
202200001032;18;9;2022;15:40;1;01;1;1;1;6;"45;9370870000";"5;6083270000"
202200001033;19;9;2022;03:30;3;69;1;6;1;6;"45;7981121833";"4;6242302657"
202200001034;19;9;2022;08:44;2;81;1;2;7;5;"43;8917810000";"1;9948340000"
202200001035;15;9;2022;00:45;3;33;2;1;1;7;"44;9576610000";" -0;6685790000"
202200001036;18;9;2022;18:25;1;60;1;1;1;7;"49;2002729014";"2;6037219874"
202200001037;18;9;2022;11:30;1;13;1;1;1;3;"43;2920440695";"5;4529971317"
202200001038;18;9;2022;16:05;1;83;1;1;1;6;"43;1995861167";"5;7574038505"
202200001039;17;9;2022;21:05;3;83;1;1;1;2;"43;1237580000";"5;8277030000"
202200001040;18;9;2022;17:20;1;91;1;1;1;3;"48;6246600000";"2;3945800000"
202200001041;18;9;2022;12:10;1;91;1;1;1;4;"48;6850200000";"2;3275800000"
202200001042;17;9;2022;22:20;3;91;1;1;1;5;"48;6212600000";"2;4240400000"
202200001043;17;9;2022;18:40;1;91;1;1;1;7;"48;6259700000";"2;3541200000"
202200001044;18;9;2022;13:50;1;92;1;1;1;4;"48;9297729618";"2;2416641417"
202200001045;18;9;2022;09:50;1;95;1;1;1;4;"48;9703100000";"2;4828200000"
202200001046;18;9;2022;10:45;1;93;1;1;1;2;"48;8849500000";"2;4700100000"
202200001047;17;9;2022;18:30;1;95;1;1;1;2;"49;0558000000";"2;4231000000"
202200001048;18;9;2022;18:00;1;77;1;1;1;6;"48;9727270000";"2;5763970000"
202200001049;18;9;2022;16:18;1;94;1;1;1;2;"48;8521422803";"2;4902740888"
202200001050;18;9;2022;07:15;2;77;1;1;1;6;"48;6491800000";"2;6206100000"
202200001051;17;9;2022;20:20;3;75;1;1;1;4;"48;8211230000";"2;4615410000"
202200001052;17;9;2022;16:30;1;94;1;1;1;2;"48;8521422803";"2;4902740888"
202200001053;17;9;2022;13:05;1;77;1;1;1;2;"48;9184500000";"2;6324100000"
202200001054;17;9;2022;05:55;3;94;1;1;1;7;"48;7579200000";"2;4706500000"
202200001055;17;9;2022;12:15;1;92;2;1;1;7;"48;8669600000";"2;2211800000"
202200001056;17;9;2022;11:15;1;974;1;1;1;6;" -21;3122000000";"55;4511000000"
202200001057;17;9;2022;06:00;1;974;1;1;1;7;" -21;3211600000";"55;4464300000"
202200001058;16;9;2022;19:05;2;973;2;1;1;6;"4;9337500000";" -52;3340000000"
202200001059;16;9;2022;15:10;1;972;1;1;1;4;"14;6181300000";" -61;0333500000"
202200001060;17;9;2022;20:55;5;69;2;2;8;6;"45;7742700000";"4;8053700000"
202200001061;16;9;2022;04:05;3;971;2;3;2;3;"15;9956500000";" -61;7318600000"
202200001062;17;9;2022;01:56;5;83;2;1;1;6;"43;1251633668";"5;7886807323"
202200001063;17;9;2022;11:10;1;81;2;3;1;2;"43;9364100000";"2;1449600000"
202200001064;17;9;2022;05:30;5;78;2;1;1;6;"48;8789600000";"2;1488800000"
202200001065;17;9;2022;11:45;1;76;1;3;1;5;"49;4156000000";"1;1072000000"
202200001066;17;9;2022;19:25;1;69;2;2;1;3;"45;7669800000";"4;9327000000"
202200001067;17;9;2022;21:30;5;69;2;3;1;6;"45;6951900000";"4;8685100000"
202200001068;16;9;2022;18:48;1;67;2;1;2;6;"48;2581000000";"7;4444200000"
202200001069;17;9;2022;12:45;1;64;2;3;1;3;"43;3046400000";" -0;3681900000"
202200001070;17;9;2022;16:45;1;64;2;1;7;7;"43;4976500000";" -1;5070400000"
202200001071;16;9;2022;15:55;1;59;2;1;3;6;"51;0195096923";"2;3458868265"
202200001072;5;9;2022;19:11;1;57;2;9;1;6;"49;1814322796";"6;8980975633"
202200001073;17;9;2022;03:35;5;47;2;6;1;3;"44;1951700000";"0;6125900000"
202200001074;17;9;2022;20:50;5;45;2;1;1;1;"47;9202162047";"1;9023900032"
202200001075;17;9;2022;13:45;1;43;2;2;1;3;"45;0465900000";"3;8921400000"
202200001076;17;9;2022;18:20;1;35;2;1;1;3;"48;1357702451";" -1;6238039732"
202200001077;17;9;2022;17:15;1;35;2;1;1;3;"48;0882032164";" -1;6268147528"
202200001078;17;9;2022;06:10;5;33;2;1;1;6;"44;8560488039";" -0;5711871386"
202200001079;16;9;2022;18:50;1;33;2;1;1;7;"44;6230344436";" -1;2019354105"
202200001080;17;9;2022;16:30;1;31;2;1;1;6;"43;6500080000";"1;3749090000"
202200001081;17;9;2022;15:00;1;29;2;6;1;3;"48;4002546192";" -4;4690741301"
202200001082;17;9;2022;16:05;1;26;2;1;6;6;"44;9378400000";"4;8903300000"
202200001083;17;9;2022;22:10;5;25;2;2;1;3;"47;2445900000";"6;0216670000"
202200001084;18;9;2022;01:30;4;17;2;1;1;3;"46;1605400000";" -1;1483400000"
202200001085;17;9;2022;14:33;1;17;2;1;1;6;"46;1637400000";" -1;1468070000"
202200001086;16;9;2022;18:05;1;16;2;3;1;3;"45;6822910000";" -0;2920840000"
202200001087;17;9;2022;21:25;5;14;2;1;1;7;"49;1901118875";" -0;3382265568"
202200001088;17;9;2022;01:30;5;13;2;1;1;3;"43;3025382093";"5;3795529484"
202200001089;13;9;2022;17:00;1;13;2;1;1;6;"43;1738300000";"5;6103000000"
202200001090;17;9;2022;12:30;1;11;2;1;1;2;"43;2221700000";"2;3374800000"
202200001091;17;9;2022;04:27;5;10;2;2;1;6;"48;2861200000";"4;0665000000"
202200001092;17;9;2022;18:15;1;06;2;3;1;3;"43;7024600000";"7;2878100000"
202200001093;16;9;2022;15:38;1;06;1;1;1;5;"43;6390800000";"6;9208100000"
202200001094;17;9;2022;18:30;1;75;2;1;1;2;"48;8474280000";"2;4145600000"
202200001095;16;9;2022;21:50;3;75;2;4;1;6;"48;8192780000";"2;3288870000"
202200001096;16;9;2022;17:25;1;75;2;4;1;2;"48;8260230000";"2;2990750000"
202200001097;17;9;2022;21:05;5;75;2;3;1;3;"48;8887970000";"2;3931260000"
202200001098;17;9;2022;18:40;1;75;2;4;1;2;"48;8385927303";"2;2523018718"
202200001099;17;9;2022;14:58;1;75;2;1;1;6;"48;8471920000";"2;2567180000"
202200001100;17;9;2022;20:45;5;75;2;3;1;6;"48;8288440000";"2;2998140000"
202200001101;17;9;2022;00:30;5;75;2;3;1;3;"48;8463280000";"2;2992490000"
202200001102;16;9;2022;03:20;5;75;2;3;1;6;"48;8383220000";"2;3420660000"
202200001103;4;7;2022;20:52;5;972;1;1;1;4;"14;6181000000";" -61;0294900000"
202200001104;17;9;2022;13:30;1;75;2;4;1;2;"48;8419740000";"2;4491650000"
202200001105;4;7;2022;08:55;1;972;2;1;1;6;"14;6193300000";" -61;0388700000"
202200001106;17;9;2022;02:00;5;75;2;1;1;3;"48;8439350000";"2;3697560000"
202200001107;17;9;2022;11:40;1;75;2;1;1;3;"48;8629590000";"2;3762540000"
202200001108;4;7;2022;21:05;1;91;2;1;1;2;"48;7519700000";"2;2157400000"
202200001109;17;9;2022;01:56;5;75;2;7;1;3;"48;8756520000";"2;3189090000"
202200001110;4;7;2022;07:45;1;91;2;1;1;3;"48;7172900000";"2;2947900000"
202200001111;17;9;2022;02:52;5;75;2;1;1;2;"48;8685770000";"2;3114760000"
202200001112;5;7;2022;18:00;1;91;2;9;1;6;"48;7064100000";"2;4175400000"
202200001113;31;8;2022;10:45;1;94;2;2;1;3;"48;7861100000";"2;3918600000"
202200001114;5;7;2022;08:16;1;87;1;1;1;3;"45;8560900000";"1;2919700000"
202200001115;4;7;2022;18:03;1;87;2;1;1;6;"45;8298400000";"1;2627400000"
202200001116;17;9;2022;14:05;1;94;2;2;1;3;"48;8022400000";"2;4098000000"
202200001117;2;7;2022;23:13;5;87;1;1;1;7;"45;8598300000";"1;2874000000"
202200001118;17;9;2022;12:15;1;94;2;5;1;3;"48;7931400000";"2;3956400000"
202200001119;5;7;2022;17:45;1;83;2;3;1;3;"43;1254000000";"5;9579000000"
202200001120;5;7;2022;14:15;1;83;2;3;1;3;"43;1455300000";"5;9038700000"
202200001121;17;9;2022;19:59;2;94;2;9;1;3;"48;7904500000";"2;4351900000"
202200001122;5;7;2022;09:00;1;83;2;9;7;3;"43;1146330000";"5;8557970000"
202200001123;17;9;2022;14:10;1;94;2;1;1;2;"48;7500000000";"2;3200000000"
202200001124;1;7;2022;08:32;1;83;2;1;1;6;"43;1208400000";"5;8074500000"
202200001125;29;6;2022;17:10;1;83;1;1;1;2;"43;1149000000";"6;0956800000"
202200001126;5;7;2022;20:15;1;81;2;3;1;6;"43;6021200000";"2;2502300000"
202200001127;17;9;2022;18:30;2;94;2;2;1;3;"48;8078900000";"2;5669800000"
202200001128;5;7;2022;18:00;1;78;1;1;1;4;"48;9791720000";"1;8865110000"
202200001129;17;9;2022;21:45;5;94;2;1;1;3;"48;8209030000";"2;4126150000"
202200001130;17;9;2022;04:45;5;93;2;2;1;6;"49;0112441704";"2;5615099449"
202200001131;5;7;2022;11:05;1;77;2;1;1;6;"48;4127800000";"2;7111100000"
202200001132;17;9;2022;20:45;5;93;2;1;1;6;"48;9671500000";"2;3808000000"
202200001133;4;7;2022;08:15;1;76;2;1;1;4;"49;4616700000";"1;0755400000"
202200001134;17;9;2022;09:30;1;93;2;3;7;6;"48;9373800000";"2;5298700000"
202200001135;16;9;2022;19:17;1;93;2;1;1;6;"48;9429944144";"2;3826089712"
202200001136;4;7;2022;11:05;1;72;2;9;1;3;"48;0056800000";"0;2016300000"
202200001137;17;9;2022;19:10;2;93;2;2;1;3;"48;8298800000";"2;5813000000"
202200001138;4;7;2022;08:45;1;72;2;1;1;4;"48;0039200000";"0;1764600000"
202200001139;17;9;2022;15:40;1;93;2;1;1;1;"48;8484584888";"2;5502522934"
202200001140;4;7;2022;17:00;1;71;2;3;1;6;"46;3066450289";"4;8273177221"
202200001141;17;9;2022;22:15;5;93;2;2;1;2;"48;8541500000";"2;5202400000"
202200001142;5;7;2022;08:10;1;67;2;6;1;6;"48;6111400000";"7;7062300000"
202200001143;17;9;2022;21:30;5;93;2;2;2;3;"48;8764387672";"2;4136423678"
202200001144;4;7;2022;20:25;1;67;2;3;1;3;"48;6020791691";"7;7113214135"
202200001145;16;9;2022;18:00;1;93;2;6;1;3;"48;9130900000";"2;4973500000"
202200001146;4;7;2022;18:30;1;64;2;1;1;4;"43;3064900000";" -0;3762800000"
202200001147;17;9;2022;19:40;1;92;2;9;1;3;"48;8453400000";"2;1955800000"
202200001148;5;7;2022;17:45;1;64;2;1;1;2;"43;4966600000";" -1;4507000000"
202200001149;23;6;2022;16:50;1;63;2;1;1;3;"45;7801868335";"3;2060994208"
202200001150;5;7;2022;11:05;1;60;2;1;1;6;"49;2913720000";"2;4998140000"
202200001151;5;7;2022;06:15;1;59;2;4;1;3;"50;7445720000";"3;1384380000"
202200001152;29;6;2022;22:30;5;59;2;2;1;3;"50;6908080451";"2;8745632767"
202200001153;4;7;2022;07:45;1;54;2;2;1;3;"48;6929998368";"6;1965275109"
202200001154;5;7;2022;09:25;1;54;2;1;7;2;"49;1598900000";"5;8765200000"
202200001155;5;7;2022;05:00;5;51;2;2;1;7;"49;2455700000";"4;0114100000"
202200001156;4;7;2022;16:45;1;51;2;3;1;2;"49;0474207250";"3;9695647359"
202200001157;4;7;2022;19:59;1;49;2;8;1;7;"47;4625863605";" -0;5550026894"
202200001158;4;7;2022;14:06;1;49;2;1;1;2;"47;4901500000";" -0;5233300000"
202200001159;4;7;2022;20:19;1;49;2;1;1;3;"47;4713500000";" -0;5469000000"
202200001160;4;7;2022;17:03;1;49;2;1;1;6;"47;4857500000";" -0;5332300000"
202200001161;4;7;2022;15:05;1;47;1;1;1;5;"44;2105130000";"0;6058690000"
202200001162;4;7;2022;17:00;1;45;2;1;1;2;"47;9287050248";"1;8959256113"
202200001163;5;7;2022;22:00;5;37;2;7;1;6;"47;3947500000";"0;6857600000"
202200001164;5;7;2022;15:45;1;37;2;6;1;7;"47;4306112468";"0;7049274445"
202200001165;6;5;2022;17:00;1;35;2;6;1;3;"48;1140330059";" -1;6203244776"
202200001166;5;7;2022;22:00;2;33;2;1;1;6;"44;7598000000";" -0;5560200000"
202200001167;5;7;2022;10:20;1;33;2;3;1;3;"44;8279790524";" -0;5931141973"
202200001168;4;7;2022;18:10;1;33;2;3;1;3;"44;8792100000";" -0;6465100000"
202200001169;5;7;2022;12:20;1;33;2;6;1;3;"44;6267300000";" -1;1415400000"
202200001170;5;7;2022;02:40;5;33;2;6;1;6;"44;6381209411";" -1;1535161734"
202200001171;5;7;2022;10:50;1;31;2;1;1;6;"43;5772900000";"1;4373400000"
202200001172;5;7;2022;09:40;1;31;2;1;1;3;"43;6174450000";"1;4546400000"
202200001173;5;7;2022;03:15;5;31;2;9;1;6;"43;6468621681";"1;4187249541"
202200001174;5;7;2022;15:57;1;29;2;1;1;6;"48;4024630000";" -4;4722150000"
202200001175;5;7;2022;11:15;1;27;2;1;7;2;"49;2102000000";"1;1646800000"
202200001176;30;6;2022;15:55;1;22;1;1;1;1;"48;7434100000";" -3;4267600000"
202200001177;3;7;2022;11:50;1;21;2;1;1;3;"47;0234500000";"4;8330300000"
202200001178;5;7;2022;22:15;5;19;2;1;1;7;"45;2747686577";"1;7711462975"
202200001179;5;7;2022;16:30;1;17;2;1;1;6;"45;6374300000";" -1;0597400000"
202200001180;5;7;2022;15:10;1;15;2;3;1;3;"44;9226780000";"2;4431290000"
202200001181;5;7;2022;17:20;1;13;2;1;1;3;"43;6298401466";"5;1022679707"
202200001182;23;4;2022;00:40;5;13;2;1;1;7;"43;3350100000";"5;4437600000"
202200001183;5;7;2022;04:10;3;13;1;1;1;1;"43;4879400000";"4;9635400000"
202200001184;4;7;2022;17:20;1;13;2;1;1;2;"43;2864600000";"5;5748300000"
202200001185;5;7;2022;02:56;5;06;2;1;1;1;"43;6984200000";"7;2769400000"
202200001186;4;7;2022;15:53;1;06;1;1;1;7;"43;6570400000";"6;9336000000"
202200001187;4;7;2022;16:40;1;06;2;1;1;2;"43;6505100000";"7;1512000000"
202200001188;4;7;2022;15:55;1;04;2;5;1;3;"43;8311900000";"5;7784000000"
202200001189;5;7;2022;16:50;1;01;1;2;1;3;"46;1731700000";"5;2302300000"
202200001190;5;7;2022;08:15;1;75;2;1;1;2;"48;8951580000";"2;3064100000"
202200001191;5;7;2022;12:31;1;75;2;1;1;1;"48;8523000000";"2;3415000000"
202200001192;5;7;2022;07:45;1;75;2;2;7;6;"48;8759760000";"2;4025350000"
202200001193;5;7;2022;14:40;1;75;2;2;1;3;"48;8923220000";"2;3791500000"
202200001194;5;7;2022;14:45;1;75;2;3;1;2;"48;8732760000";"2;3819010000"
202200001195;4;7;2022;22:50;5;75;2;3;1;6;"48;8902830000";"2;3583080000"
202200001196;29;6;2022;18:10;1;75;2;2;1;6;"48;8573100000";"2;2730380000"
202200001197;5;7;2022;20:50;2;75;2;2;1;6;"48;8383130000";"2;2984540000"
202200001198;5;7;2022;17:35;1;75;2;1;1;3;"48;8487340000";"2;2825620000"
202200001199;5;7;2022;15:45;1;75;2;1;1;6;"48;8447960000";"2;3100390000"
202200001200;4;7;2022;15:50;1;75;2;1;1;2;"48;8473740000";"2;3038950000"
202200001201;4;7;2022;11:50;1;75;2;1;1;6;"48;8228860000";"2;3274010000"
202200001202;5;7;2022;23:05;5;75;2;1;1;6;"48;8253610000";"2;3616360000"
202200001203;5;7;2022;13:10;1;75;2;3;1;3;"48;8210030000";"2;3507880000"
202200001204;5;7;2022;19:00;1;75;2;7;1;3;"48;8395310000";"2;3952230000"
202200001205;5;7;2022;19:15;1;75;2;1;1;6;"48;8832450000";"2;3339790000"
202200001206;5;7;2022;23:00;5;75;2;7;1;6;"48;8833200000";"2;3271620000"
202200001207;5;7;2022;15:00;1;75;2;7;1;3;"48;8667660000";"2;3220420000"
202200001208;4;7;2022;12:40;1;75;2;2;1;6;"48;8705220000";"2;3052820000"
202200001209;5;7;2022;19:58;1;75;2;4;1;6;"48;8644610000";"2;3426480000"
202200001210;5;7;2022;17:45;1;75;2;1;1;6;"48;8685150000";"2;3547820000"
202200001211;5;7;2022;12:20;1;75;2;5;1;3;"48;8699240000";"2;3279870000"
202200001212;5;7;2022;19:45;1;94;2;3;1;3;"48;7980200000";"2;3994100000"
202200001213;5;7;2022;08:45;1;94;2;1;1;2;"48;8021440000";"2;3647240000"
202200001214;4;7;2022;15:20;1;94;2;9;1;4;"48;7950000000";"2;3435000000"
202200001215;5;7;2022;18:05;1;94;2;9;1;1;"48;7705390000";"2;4899380000"
202200001216;4;7;2022;10:45;1;94;2;3;1;6;"48;7893837583";"2;4427306652"
202200001217;5;7;2022;00:35;5;94;2;1;1;6;"48;8040000000";"2;5890000000"
202200001218;4;7;2022;14:00;1;94;2;3;1;3;"48;8193600000";"2;5579700000"
202200001219;5;7;2022;08:35;1;93;2;1;1;1;"48;9539700000";"2;5489400000"
202200001220;5;7;2022;20:25;1;93;2;1;1;6;"48;9436000000";"2;3475400000"
202200001221;5;7;2022;12:40;1;93;2;2;1;1;"48;8905690000";"2;5154950000"
202200001222;5;7;2022;07:55;1;93;2;3;1;3;"48;8738196834";"2;5297000855"
202200001223;5;7;2022;10:45;1;93;2;1;7;6;"48;9293400000";"2;5561100000"
202200001224;5;7;2022;14:30;1;93;2;1;1;6;"48;9212700000";"2;4113000000"
202200001225;5;7;2022;13:10;1;93;2;6;1;6;"48;8950600000";"2;4775800000"
202200001226;5;7;2022;17:00;1;93;2;1;1;3;"48;9081580000";"2;4267790000"
202200001227;5;7;2022;20:45;1;93;2;2;1;1;"48;9494650000";"2;5196470000"
202200001228;5;7;2022;16:25;1;92;2;1;1;6;"48;8647660000";"2;2190360000"
202200001229;4;7;2022;17:45;1;92;2;1;1;7;"48;8436543426";"2;1834468842"