Accident_Id;jour;mois;an;hrmn;lum;dep;agg;int;atm;col;lat;long
202200001540;3;5;2022;13:10;1;45;2;1;1;2;"47;9183626566";"1;9810645580"
202200001541;3;5;2022;11:30;1;45;2;1;1;6;"47;8995900000";"1;8787200000"
202200001542;3;5;2022;08:50;1;45;2;2;1;6;"47;9112500000";"1;9616800000"
202200001543;3;5;2022;10:20;1;45;2;3;1;2;"47;9887300000";"2;7470100000"
202200001544;27;4;2022;09:15;1;42;2;2;1;6;"45;4268900000";"4;4035300000"
202200001545;12;3;2022;12:50;1;38;2;1;1;3;"45;5342620000";"4;8735620000"
202200001546;29;4;2022;11:40;1;38;2;1;1;1;"45;1690100000";"5;7301500000"
202200001547;29;4;2022;18:52;1;33;2;1;1;6;"44;7976800000";" -0;6453700000"
202200001548;19;4;2022;22:20;5;33;2;1;2;6;"44;8228500000";" -0;5855400000"
202200001549;3;5;2022;12:55;1;31;2;1;1;1;"43;6290500000";"1;4763800000"
202200001550;3;5;2022;09:05;1;31;2;1;1;6;"43;5982500000";"1;4569900000"
202200001551;24;4;2022;18:00;1;31;2;1;1;7;"43;1135000000";"0;7412000000"
202200001552;1;5;2022;17:00;1;28;1;1;1;1;"48;7094610000";"1;3696290000"
202200001553;3;5;2022;08:10;1;70;2;1;1;6;"47;5737500000";"6;7634600000"
202200001554;3;5;2022;10:15;1;25;2;3;1;2;"47;2464410000";"6;0085080000"
202200001555;3;5;2022;13:00;1;17;2;1;1;7;"45;6062510000";" -0;9945430000"
202200001556;3;5;2022;09:30;1;13;2;6;1;4;"43;3507809089";"5;3542433963"
202200001557;3;5;2022;11:35;1;13;2;1;1;5;"43;2815125015";"5;4261976539"
202200001558;3;5;2022;09:30;1;13;2;1;1;3;"43;2761600000";"5;4041100000"
202200001559;2;5;2022;11:58;1;13;2;1;1;3;"43;3084400000";"5;3679800000"
202200001560;2;5;2022;18:40;1;13;2;1;1;3;"43;1893000000";"5;6345300000"
202200001561;3;5;2022;12:30;1;11;2;1;1;2;"43;2090000000";"2;3226000000"
202200001562;8;4;2022;22:05;5;08;2;1;1;3;"49;7035400000";"4;9316500000"
202200001563;3;5;2022;09:56;1;06;2;1;1;6;"43;7045400000";"7;2630400000"
202200001564;3;5;2022;17:05;1;06;2;1;1;6;"43;6560230000";"6;9195590000"
202200001565;2;5;2022;17:35;1;01;2;1;1;6;"46;2563700000";"5;6504400000"
202200001566;3;5;2022;09:10;1;75;2;1;1;3;"48;8230400000";"2;3812350000"
202200001567;2;5;2022;22:59;5;75;2;4;1;3;"48;8850150406";"2;3944221875"
202200001568;3;5;2022;13:26;1;75;2;2;1;6;"48;8887045193";"2;3560389876"
202200001569;3;5;2022;02:02;5;75;2;2;1;2;"48;8979890000";"2;3443240000"
202200001570;2;5;2022;23:15;5;75;2;1;1;3;"48;8935130000";"2;3033940000"
202200001571;3;5;2022;09:15;1;75;2;3;1;3;"48;8432360000";"2;3135860000"
202200001572;3;5;2022;12:07;1;75;2;1;1;4;"48;8343910000";"2;2755460000"
202200001573;3;5;2022;01:05;5;75;2;2;1;3;"48;8334290000";"2;3635210000"
202200001574;3;5;2022;08:00;1;75;2;1;1;3;"48;8809404779";"2;3678997159"
202200001575;24;3;2022;09:00;1;75;2;1;1;2;"48;8525130000";"2;3973080000"
202200001576;23;3;2022;16:15;1;75;2;3;1;2;"48;8601010000";"2;3674640000"
202200001577;3;5;2022;17:50;1;75;2;1;1;3;"48;8689470000";"2;3021890000"
202200001578;23;3;2022;10:45;1;94;2;1;1;6;"48;8069900000";"2;5093800000"
202200001579;24;3;2022;10:50;1;94;2;6;1;6;"48;8272900000";"2;5269900000"
202200001580;3;5;2022;17:25;1;75;2;2;1;2;"48;8683800038";"2;3232677579"
202200001581;24;3;2022;16:42;1;94;2;2;1;3;"48;8277800000";"2;4040700000"
202200001582;24;3;2022;12:10;1;93;2;1;1;6;"48;9027600000";"2;3325800000"
202200001583;2;5;2022;19:30;1;75;2;2;1;3;"48;8495130000";"2;3656490000"
202200001584;24;3;2022;09:28;1;93;2;1;1;3;"48;8987110000";"2;3976590000"
202200001585;24;3;2022;14:40;1;93;2;1;1;6;"48;9500499986";"2;5160008882"
202200001586;30;4;2022;18:15;1;75;2;1;1;6;"48;8632214163";"2;3567162454"
202200001587;24;3;2022;18:03;1;92;2;1;1;3;"48;8429270000";"2;2134340000"
202200001588;23;3;2022;09:35;1;92;2;6;1;2;"48;7776344586";"2;2397376001"
202200001589;3;5;2022;13:33;1;94;2;1;1;2;"48;7724100000";"2;4004700000"
202200001590;23;3;2022;21:48;5;92;2;2;1;6;"48;8361600000";"2;2366500000"
202200001591;23;3;2022;12:25;1;92;2;2;1;3;"48;8392025193";"2;2455467284"
202200001592;24;3;2022;20:30;3;06;1;1;1;7;"43;6576890000";"7;1128750000"
202200001593;25;3;2022;04:00;3;81;1;1;1;6;"43;8970190000";"2;1169070000"
202200001594;1;5;2022;03:00;5;94;2;5;1;3;"48;7963500000";"2;5067300000"
202200001595;25;3;2022;01:30;3;62;2;1;1;6;"50;5758720000";"2;6247670000"
202200001596;24;3;2022;13:45;1;68;2;1;1;1;"47;8889359409";"7;2271592994"
202200001597;19;3;2022;01:05;3;40;1;1;1;6;"44;3229690000";" -0;8105210000"
202200001598;23;3;2022;07:55;1;83;1;1;1;6;"43;4682020000";"5;8398070000"
202200001599;3;5;2022;07:00;1;94;2;2;1;3;"48;8008900000";"2;3333200000"
202200001600;3;5;2022;00:00;5;94;2;2;1;6;"48;7950071893";"2;3663735388"
202200001601;24;3;2022;18:00;1;51;1;1;1;7;"49;3646570000";"4;0046450000"
202200001602;23;3;2022;16:30;1;51;1;1;1;7;"48;8034339766";"4;3924498558"
202200001603;3;5;2022;13:50;1;94;2;3;1;6;"48;7736800000";"2;3593300000"
202200001604;24;3;2022;21:00;3;56;1;1;1;6;"47;5407590000";" -2;2674750000"
202200001605;3;5;2022;10:00;1;94;2;2;1;6;"48;8158000000";"2;5383300000"
202200001606;3;5;2022;02:40;5;93;2;9;1;3;"48;8776007345";"2;4793213606"
202200001607;23;3;2022;18:30;2;82;1;9;1;7;"44;1511890000";"1;7440150000"
202200001608;2;5;2022;09:40;1;93;2;7;1;-1;"48;8479700000";"2;5478400000"
202200001609;25;3;2022;08:05;1;86;2;9;1;6;"46;8405550000";"0;0923190000"
202200001610;25;3;2022;10:00;1;22;1;1;1;1;"48;6763120000";" -3;4449220000"
202200001611;3;5;2022;08:10;1;93;2;2;1;3;"48;9128100000";"2;5399100000"
202200001612;24;3;2022;11:48;1;25;1;1;1;3;"46;8222060000";"6;3698820000"
202200001613;3;5;2022;16:00;1;93;2;1;1;3;"48;9523890000";"2;3379260000"
202200001614;24;3;2022;13:58;1;25;2;3;1;1;"47;5217470000";"6;9135600000"
202200001615;3;5;2022;19:00;1;93;2;1;1;6;"48;9118002045";"2;4911874533"
202200001616;24;3;2022;12:05;1;44;1;6;1;7;"47;1329320000";" -1;7984750000"
202200001617;1;5;2022;04:50;5;93;2;1;1;6;"48;9094400000";"2;4173800000"
202200001618;24;3;2022;08:40;1;35;1;1;1;7;"48;4497780000";" -1;1039060000"
202200001619;3;5;2022;14:55;1;92;2;3;1;6;"48;8129630000";"2;3119960000"
202200001620;25;3;2022;18:40;2;29;1;1;1;2;"47;9216630000";" -3;6505080000"
202200001621;3;5;2022;09:00;1;92;2;1;1;3;"48;8172626575";"2;3072968125"
202200001622;20;3;2022;18:00;1;29;2;6;1;7;"48;5017920000";" -4;4376180000"
202200001623;25;3;2022;10:30;1;38;1;1;1;6;"45;0826950000";"5;3070670000"
202200001624;3;5;2022;00:45;5;92;2;1;1;2;"48;9400040707";"2;2885456234"
202200001625;3;5;2022;11:30;1;92;2;1;1;6;"48;9215326970";"2;2563312203"
202200001626;24;3;2022;14:30;1;01;1;1;1;3;"46;4467370000";"5;2259480000"
202200001627;2;5;2022;23:55;5;92;2;1;1;3;"48;9264210000";"2;2438520000"
202200001628;3;5;2022;00:35;5;92;2;1;1;1;"48;7852277695";"2;3040048033"
202200001629;20;3;2022;15:30;1;53;1;1;1;7;"48;1994350000";" -0;8060840000"
202200001630;5;5;2022;19:00;1;65;1;1;1;6;"43;5069286924";"0;0216239691"
202200001631;5;5;2022;11:10;1;86;1;1;1;2;"46;2186830000";"0;6969450000"
202200001632;25;3;2022;14:00;1;85;1;1;1;1;"46;7963140000";" -2;0207760000"
202200001633;3;5;2022;13:30;1;76;1;1;1;7;"49;8234010000";"1;2259200000"
202200001634;2;5;2022;18:20;1;57;1;1;1;7;"48;9105840000";"6;8131540000"
202200001635;23;3;2022;07:30;1;37;2;2;1;1;"47;4403086833";"0;6382799149"
202200001636;5;5;2022;15:00;1;77;1;1;1;2;"48;8653360000";"2;8500940000"
202200001637;24;3;2022;18:00;2;48;1;3;7;3;"44;4825320000";"3;5190260000"
202200001638;3;5;2022;12:00;1;88;2;1;1;6;"48;1863900000";"7;0012200000"
202200001639;24;3;2022;18:15;1;35;1;1;1;6;"48;0983798334";" -1;4136475325"
202200001640;25;3;2022;08:50;1;49;2;3;1;3;"47;6615430000";" -0;5720700000"
202200001641;25;3;2022;17:30;1;57;1;1;1;2;"49;1357890000";"6;7000290000"
202200001642;15;4;2022;23:15;5;41;1;1;5;4;"47;7378870000";"1;5221290000"
202200001643;24;3;2022;11:25;1;69;1;1;1;3;"46;1184965141";"4;6483460069"
202200001644;4;5;2022;18:30;1;79;1;1;1;6;"46;2879070000";"0;1297330000"
202200001645;23;3;2022;10:30;1;973;1;1;8;1;"5;1006260000";" -52;6279770000"
202200001646;5;5;2022;11:25;1;76;1;2;1;3;"49;7203180000";"1;0000990000"
202200001647;23;3;2022;23:55;3;78;1;6;1;7;"48;7892450000";"1;8997710000"
202200001648;30;4;2022;17:30;1;33;1;6;1;3;"44;7341080000";" -0;2124260000"
202200001649;25;3;2022;01:15;3;34;1;1;1;6;"43;3036600000";"3;0306890000"
202200001650;5;5;2022;16:50;1;71;2;1;2;6;"46;9536900000";"4;3013730000"
202200001651;25;3;2022;14:00;1;83;2;1;1;3;"43;2436650000";"6;6484650000"
202200001652;4;5;2022;16:11;1;12;1;1;1;6;"44;1227150000";"2;8918500000"
202200001653;25;3;2022;07:45;2;13;1;1;7;1;"43;6629670000";"4;4628520000"
202200001654;5;5;2022;17:30;1;29;2;1;1;6;"48;4242030000";" -4;5508290000"
202200001655;25;3;2022;08:50;1;89;2;1;1;3;"47;8202640000";"3;5559070000"
202200001656;3;5;2022;10:20;1;26;2;9;1;6;"44;7293770000";"5;0268750000"
202200001657;20;3;2022;15:20;1;21;1;1;1;6;"47;1884681146";"5;2303133010"
202200001658;5;5;2022;05:00;3;90;1;1;2;1;"47;5086350000";"6;9685080000"
202200001659;27;2;2022;18:50;3;67;1;1;1;1;"48;9191904975";"7;8853726387"
202200001660;5;5;2022;20:55;2;60;2;1;1;6;"49;4124640933";"1;8419904113"
202200001661;25;3;2022;16:00;1;54;1;1;1;7;"48;7050100000";"5;9431310000"
202200001662;5;5;2022;18:25;5;974;2;1;2;6;" -20;8964890000";"55;5557480000"
202200001663;25;3;2022;16:00;1;74;1;1;1;2;"46;1554890000";"6;3191130000"
202200001664;25;3;2022;08:50;1;42;1;1;1;7;"45;6791180000";"4;0849080000"
202200001665;4;5;2022;15:30;1;63;1;1;3;6;"46;0286670000";"3;1164410000"
202200001666;4;5;2022;22:00;3;67;1;1;9;6;"48;7029420000";"7;7135180000"
202200001667;24;3;2022;17:00;1;38;1;1;1;1;"45;3194850000";"4;8564290000"
202200001668;4;5;2022;20:45;1;31;2;6;8;1;"43;5404560000";"1;5121280000"
202200001669;23;3;2022;16:35;2;26;1;3;1;3;"44;8365630000";"4;9692750000"
202200001670;4;5;2022;21:56;3;62;1;1;1;1;"50;3580290000";"2;9579400000"
202200001671;25;3;2022;07:35;2;26;1;2;1;1;"44;8607550000";"4;9273740000"
202200001672;4;5;2022;08:35;1;34;1;1;1;6;"43;6201670000";"3;7898920000"
202200001673;23;3;2022;20:00;5;69;2;1;1;6;"45;8949751675";"4;4306820631"
202200001674;4;5;2022;21:30;5;973;2;9;1;3;"5;4982560000";" -54;0291040000"
202200001675;25;3;2022;19:55;5;31;1;1;1;2;"43;6053960000";"1;2914300000"
202200001676;5;5;2022;17:45;1;45;1;2;1;3;"48;2418580107";"2;2482790947"
202200001677;20;2;2022;00:50;4;47;1;1;1;4;"44;4771990000";"0;1922070000"
202200001678;4;5;2022;17:00;1;77;1;2;1;3;"48;6645010000";"2;8105150000"
202200001679;25;3;2022;03:11;3;33;1;1;1;1;"44;8680210000";" -0;4455040000"
202200001680;28;4;2022;09:00;1;13;2;1;1;4;"43;5459350000";"5;0412230000"
202200001681;8;2;2022;18:00;1;33;2;2;1;1;"44;9195680000";" -0;4400110000"
202200001682;4;5;2022;23:30;5;70;2;4;1;6;"47;4462440000";"5;5843860000"
202200001683;5;5;2022;08:10;1;68;2;6;1;7;"47;7928250000";"7;1044070000"
202200001684;25;3;2022;08:10;1;14;2;1;1;1;"48;8972130000";" -0;1362240000"
202200001685;4;5;2022;18:45;1;67;2;3;1;6;"48;5348830000";"7;4982170000"
202200001686;23;3;2022;17:20;1;56;1;2;1;3;"47;7224150000";" -3;0113480000"
202200001687;29;4;2022;13:45;1;74;1;1;1;3;"46;0711540000";"6;3326530000"
202200001688;25;3;2022;16:35;1;60;1;1;1;1;"49;2127750000";"2;5027160000"
202200001689;25;3;2022;17:30;1;60;2;1;1;1;"49;2078320000";"2;5877920000"
202200001690;5;5;2022;16:18;1;73;1;1;2;3;"45;4915140000";"6;5504690000"
202200001691;24;3;2022;06:30;2;59;2;1;1;6;"50;7179120000";"3;0209530000"
202200001692;25;3;2022;14:05;1;59;1;1;1;7;"50;6627519330";"2;5960665643"
202200001693;24;3;2022;16:35;1;59;2;1;1;7;"50;4494950000";"3;0739990000"
202200001694;5;5;2022;15:00;1;38;1;1;2;6;"45;0546076604";"5;7532234889"
202200001695;4;5;2022;19:05;1;17;2;1;1;7;"45;6549940000";" -0;8757540000"
202200001696;24;3;2022;01:40;3;59;2;1;1;1;"50;5767639876";"3;1229689120"
202200001697;4;5;2022;21:30;3;86;1;1;1;7;"47;0099680000";"0;2915450000"
202200001698;24;3;2022;07:10;1;13;1;1;1;2;"43;3033300000";"5;4253670000"
202200001699;24;3;2022;09:25;1;13;1;1;1;3;"43;3664970000";"5;3605960000"
202200001700;4;5;2022;19:45;1;33;1;3;1;3;"44;7428160000";" -0;5722810000"
202200001701;24;3;2022;06:00;3;13;2;1;1;2;"43;2859690000";"5;4255510000"
202200001702;22;3;2022;09:25;1;59;1;1;1;6;"50;6502219320";"3;1009376048"
202200001703;4;5;2022;17:00;1;27;2;1;1;6;"49;0072670000";"1;0976730000"
202200001704;22;3;2022;12:12;1;59;1;1;1;6;"50;4882109977";"3;2141804695"
202200001705;4;5;2022;09:55;1;62;2;1;1;1;"50;6769290000";"1;6151940000"
202200001706;2;10;2022;13:30;1;974;2;1;1;7;" -20;9334000000";"55;6547900000"
202200001707;3;5;2022;18:25;1;13;1;1;1;2;"43;2864100000";"5;5093100000"
202200001708;24;3;2022;10:50;1;91;1;1;1;3;"48;7332700000";"2;3157700000"
202200001709;24;3;2022;08:30;1;91;2;1;1;7;"48;7110000000";"2;2963200000"
202200001710;3;5;2022;13:30;1;13;1;1;1;4;"43;3216400000";"5;3781400000"
202200001711;24;3;2022;20:00;3;78;1;1;1;2;"48;7988180000";"1;9956500000"
202200001712;23;12;2022;16:15;1;09;1;6;1;2;"43;0023400000";"1;6152700000"
202200001713;28;4;2022;08:05;1;13;1;1;1;7;"43;5118900000";"5;4228000000"
202200001714;24;3;2022;10:50;1;78;1;1;1;7;"48;9706890000";"1;8790960000"
202200001715;14;8;2022;20:00;1;22;1;1;1;6;"48;4845570000";" -1;9080590000"
202200001716;23;3;2022;14:50;1;78;1;1;1;3;"48;8003090000";"1;9774620000"
202200001717;28;4;2022;16:35;1;67;1;1;1;4;"48;6115800000";"7;7265800000"
202200001718;23;12;2022;13:55;1;43;2;1;8;7;"45;0413900000";"3;9365400000"
202200001719;1;5;2022;20:03;1;59;1;1;1;2;"50;6166905954";"3;0588197707"
202200001720;3;5;2022;17:30;1;94;1;1;1;3;"48;8067716076";"2;3462255274"
202200001721;24;3;2022;18:08;1;92;1;1;1;6;"48;9274870000";"2;3333830000"
202200001722;2;11;2022;12:00;1;38;2;6;1;7;"45;6018800000";"5;2670200000"
202200001723;2;5;2022;19:30;1;91;1;1;1;5;"48;7378000000";"2;2268000000"
202200001724;24;3;2022;17:00;1;93;1;1;1;2;"48;9120100000";"2;4384000000"
202200001725;30;10;2022;15:40;1;14;1;1;1;7;"49;1217620000";" -0;4234670000"
202200001726;3;5;2022;21:20;3;92;1;1;1;3;"48;9133682536";"2;2186275803"
202200001727;24;3;2022;16:20;1;93;1;1;1;3;"48;8361000000";"2;5535000000"
202200001728;3;5;2022;06:55;1;92;1;1;1;6;"48;9162740461";"2;2212873621"
202200001729;22;12;2022;18:35;5;43;2;1;2;7;"45;0449400000";"3;8704400000"
202200001730;3;5;2022;09:45;1;93;1;1;1;3;"48;8656400000";"2;4184600000"
202200001731;24;3;2022;16:15;1;94;1;1;1;4;"48;8172046066";"2;4285178250"
202200001732;10;1;2022;07:37;3;10;1;1;5;6;"48;3046710000";"4;0996500000"
202200001733;2;5;2022;10:45;1;93;1;1;1;3;"48;8776700000";"2;4773100000"
202200001734;24;3;2022;08:30;1;94;1;1;1;6;"48;8294535608";"2;5282723079"
202200001735;27;4;2022;12:50;1;94;1;1;1;2;"48;8372752260";"2;4939611143"
202200001736;23;2;2022;05:50;3;75;1;1;1;6;"48;8484080000";"2;2472340000"
202200001737;24;3;2022;06:30;1;94;1;1;1;6;"48;8214118828";"2;3987454677"
202200001738;14;4;2022;16:45;1;77;1;1;1;6;"48;8299638999";"2;6185584039"
202200001739;23;3;2022;14:09;1;32;2;1;7;7;"43;6496400000";"0;5935400000"
202200001740;2;5;2022;16:14;1;973;2;1;8;6;"4;9380912639";" -52;3302894831"
202200001741;22;3;2022;07:25;1;05;2;1;1;7;"44;5322400000";"6;0412300000"
202200001742;9;11;2022;18:45;3;03;1;1;2;3;"46;2761030000";"3;4765610000"
202200001743;1;5;2022;12:50;1;973;2;2;1;3;"4;9387041004";" -52;3291522264"
202200001744;22;3;2022;09:39;1;75;2;1;1;6;"48;8640600000";"2;2867880000"
202200001745;7;11;2022;18:45;5;14;2;1;1;6;"48;8391750000";" -1;0407390000"
202200001746;3;5;2022;01:45;4;69;2;2;1;2;"45;7570800000";"4;8586100000"
202200001747;2;5;2022;22:35;5;69;2;1;1;2;"45;7474443438";"4;8332870007"
202200001748;23;3;2022;14:20;1;973;2;1;2;3;"4;9053200000";" -52;3199200000"
202200001749;2;5;2022;20:00;1;69;2;2;1;3;"45;7389300000";"4;8305600000"
202200001750;23;3;2022;12:05;1;69;2;1;1;6;"45;7502800000";"4;8940400000"
202200001751;16;8;2022;19:45;1;83;1;3;1;1;"43;2239690000";"6;6126750000"
202200001752;2;5;2022;18:35;1;69;2;2;1;6;"45;7490552741";"4;8422402143"
202200001753;23;3;2022;13:30;1;972;1;1;1;1;"14;5962400000";" -60;9797900000"
202200001754;29;11;2022;17:30;5;14;2;6;5;3;"49;1436180000";"0;2799960000"
202200001755;2;5;2022;16:15;1;69;2;1;1;3;"45;7555370119";"4;8749041557"
202200001756;13;3;2022;06:50;1;972;1;1;1;1;"14;6482000000";" -61;0697600000"
202200001757;17;8;2022;20:00;1;85;1;1;1;2;"46;8758630000";" -0;9296804000"
202200001758;2;5;2022;08:32;1;69;2;2;1;3;"45;7570266536";"4;8588162661"
202200001759;23;3;2022;15:00;1;69;2;1;1;6;"45;7806200000";"4;8326600000"
202200001760;7;12;2022;14:00;1;21;2;1;8;6;"47;3471840000";"5;0316780000"
202200001761;3;5;2022;01:23;5;69;2;1;1;6;"45;7852900000";"4;8030600000"
202200001762;16;11;2022;15:10;1;14;1;1;3;7;"49;2311980000";" -0;9987150000"
202200001763;23;3;2022;17:40;1;95;2;3;7;6;"49;0001452670";"2;4109357595"
202200001764;1;5;2022;18:20;1;971;2;9;1;1;"16;2498701697";" -61;5294510126"
202200001765;23;3;2022;15:55;1;95;2;1;1;6;"48;9731725955";"2;3061686754"
202200001766;1;5;2022;00:00;4;971;1;1;1;6;"16;2184210709";" -61;5009123087"
202200001767;5;12;2022;07:00;5;74;2;2;1;3;"46;1972100000";"6;2521000000"
202200001768;2;5;2022;22:50;5;2A;2;2;2;3;"41;9337400000";"8;7439300000"
202200001769;4;12;2022;21:35;5;74;2;1;3;6;"46;1933000000";"6;2557000000"
202200001770;23;3;2022;08:55;1;91;2;2;1;3;"48;7161600000";"2;3708700000"
202200001771;15;3;2022;12:20;1;91;2;6;3;6;"48;6140140000";"2;4588220000"
202200001772;29;11;2022;17:15;5;38;2;3;2;3;"45;1763800000";"5;7392800000"
202200001773;27;11;2022;05:55;5;61;2;3;2;7;"48;6759470000";" -0;3970210000"
202200001774;22;4;2022;08:10;1;95;2;3;1;3;"48;9646856120";"2;3140543699"
202200001775;19;11;2022;16:30;1;49;1;2;1;3;"47;3915370000";" -0;0303200000"
202200001776;22;3;2022;19:16;1;87;2;2;1;3;"45;8260500000";"1;2679100000"
202200001777;1;5;2022;19:17;1;90;2;1;1;7;"47;6343800000";"6;8418000000"
202200001778;27;11;2022;01:00;3;68;1;1;5;6;"48;0386540000";"7;3111650000"
202200001779;1;5;2022;16:42;1;87;2;1;1;6;"45;8326800000";"1;2239600000"
202200001780;22;3;2022;12:33;1;87;2;2;1;6;"45;8339600000";"1;2735400000"
202200001781;26;11;2022;03:15;4;29;2;1;2;6;"48;4755370000";" -4;7406750000"
202200001782;1;10;2022;04:05;3;33;1;1;2;6;"44;8883262365";" -0;5883827806"
202200001783;30;4;2022;18:00;1;86;2;1;1;1;"46;5563000000";"0;3089420000"
202200001784;22;3;2022;16:05;1;86;2;3;1;3;"46;5944980000";"0;3409810000"
202200001785;26;11;2022;17:45;2;38;1;2;1;6;"45;5308592482";"5;6738972531"
202200001786;25;11;2022;05:55;3;74;1;1;1;5;"45;9609950000";"6;1308860000"
202200001787;26;11;2022;15:25;1;01;1;1;1;6;"46;4194830000";"4;9132620000"
202200001788;1;5;2022;03:35;3;80;1;6;1;7;"49;8604000000";"2;2115500000"
202200001789;18;9;2022;19:30;5;06;2;1;1;6;"43;6288700000";"6;9342100000"
202200001790;17;9;2022;17:05;1;06;2;1;1;6;"43;6634130000";"6;9291160000"
202200001791;29;4;2022;17:15;1;80;2;1;1;6;"49;8985346082";"2;3297846315"
202200001792;27;11;2022;02:00;3;58;1;1;5;3;"46;8706950000";"3;2654290000"
202200001793;9;9;2022;06:51;1;06;2;1;1;6;"43;7265590000";"7;2858820000"
202200001794;23;3;2022;06:15;5;83;2;2;1;3;"43;1261100000";"5;9366900000"
202200001795;27;4;2022;09:00;1;80;2;1;1;6;"49;8858100000";"2;3189600000"
202200001796;25;11;2022;10:40;1;14;2;1;7;6;"49;3995450000";"0;1272760000"
202200001797;7;9;2022;16:18;1;06;2;1;1;3;"43;7120000000";"7;3240000000"
202200001798;22;3;2022;23:15;5;83;2;1;1;7;"43;1479550000";"5;8474318000"
202200001799;27;11;2022;11:00;1;64;1;4;1;1;"43;3217986518";" -0;5531472510"
202200001800;27;4;2022;09:00;1;80;2;1;1;2;"49;8946228766";"2;2944581506"
202200001801;14;12;2022;11:09;1;92;2;9;8;6;"48;9157480000";"2;2423750000"
202200001802;27;11;2022;04:30;3;30;1;1;1;6;"43;9907070000";"4;0508440000"
202200001803;28;11;2022;14:00;1;38;2;1;2;1;"45;1917900000";"5;7780500000"
202200001804;23;3;2022;12:20;1;81;2;3;1;3;"43;9417519348";"2;1493202448"
202200001805;22;11;2022;10:25;1;78;2;6;1;3;"48;9255160000";"1;9771530000"
202200001806;26;11;2022;13:00;1;38;2;1;1;6;"45;1889500000";"5;7293200000"
202200001807;20;11;2022;09:54;1;38;2;1;7;6;"45;1690800000";"5;7546300000"
202200001808;7;11;2022;18:52;5;38;2;1;1;3;"45;1457100000";"5;7051100000"
202200001809;26;11;2022;18:45;3;987;1;1;1;3;" -17;5770000000";" -150;2020000000"
202200001810;17;4;2022;05:00;3;33;1;1;1;3;"44;4813559103";" -0;8323591948"
202200001811;23;3;2022;17:25;1;77;2;3;1;3;"48;8312900000";"2;6883000000"
202200001812;27;11;2022;03:45;3;988;1;3;1;6;" -20;9907240000";"165;4002080000"
202200001813;14;11;2022;09:50;1;69;1;1;1;3;"45;7840000000";"4;7841000000"
202200001814;25;11;2022;00:00;3;988;1;4;1;6;" -21;2573000000";"165;2585400000"
202200001815;23;3;2022;17:50;1;77;1;1;1;7;"48;4430600000";"2;6449300000"
202200001816;14;10;2022;22:40;5;2B;2;1;1;4;"42;6858000000";"9;4461000000"
202200001817;7;11;2022;17:48;5;92;2;1;1;6;"48;8980900000";"2;2410600000"
202200001818;27;11;2022;12:40;1;988;2;1;1;1;" -22;2558100000";"166;6141800000"
202200001819;26;10;2022;14:00;1;92;2;2;1;3;"48;9022200000";"2;2394900000"
202200001820;26;11;2022;13:40;1;973;2;1;1;7;"5;1578600000";" -52;6673520000"
202200001821;23;3;2022;08:30;1;77;1;5;1;1;"48;4086800000";"2;6864200000"
202200001822;31;10;2022;15:04;1;92;2;1;1;5;"48;9017400000";"2;2798800000"
202200001823;26;11;2022;22:10;3;971;2;1;1;6;"16;0109390000";" -61;6921860000"
202200001824;21;4;2022;08:58;1;93;2;1;1;1;"48;8906540000";"2;4003020000"
202200001825;15;5;2022;22:35;3;93;2;1;2;6;"48;9186887578";"2;4149045348"
202200001826;27;11;2022;06:00;3;34;1;1;1;7;"43;6797290000";"3;9467530000"
202200001827;22;3;2022;17:30;1;77;2;1;7;6;"48;8209907850";"3;0941335280"
202200001828;4;9;2022;19:53;1;06;2;1;1;3;"43;5780330000";"7;1190220000"
202200001829;23;3;2022;07:30;1;76;2;1;1;6;"49;5066497867";"0;1411753893"
202200001830;27;11;2022;18:50;3;42;1;2;1;2;"45;6152930000";"4;1165150000"
202200001831;1;9;2022;16:20;1;67;1;1;1;4;"48;5882800000";"7;7294500000"
202200001832;22;3;2022;13:44;1;76;2;1;1;6;"49;5006200000";"0;0915000000"
202200001833;27;11;2022;06:50;5;38;2;1;1;6;"45;2826470000";"5;6453960000"
202200001834;29;11;2022;15:00;1;74;2;6;1;3;"45;9118101154";"6;1238243191"
202200001835;22;3;2022;18:50;2;72;2;2;1;3;"48;0069700000";"0;1915600000"
202200001836;28;11;2022;08:30;1;74;1;1;1;6;"46;1884900000";"6;2666000000"
202200001837;25;11;2022;06:51;2;38;2;1;1;1;"45;6641610000";"5;4692200000"
202200001838;15;11;2022;10:45;1;74;1;1;8;6;"46;1870006463";"6;2056353852"
202200001839;22;3;2022;23:30;5;69;2;2;1;3;"45;7695100000";"4;8681400000"
202200001840;28;11;2022;06:50;4;74;2;1;1;3;"46;1775800000";"6;2251700000"
202200001841;23;3;2022;08:30;1;67;2;1;1;6;"48;6101200000";"7;7342800000"
202200001842;26;11;2022;02:30;3;09;1;1;1;6;"43;0502290000";"1;8897820000"
202200001843;24;11;2022;16:30;1;74;2;6;1;3;"46;3070690000";"6;2937070000"
202200001844;25;11;2022;17:40;5;56;2;1;8;6;"48;0566200000";" -2;9615620000"
202200001845;22;3;2022;17:30;1;67;2;3;7;3;"48;5806932003";"7;7232110000"
202200001846;27;11;2022;09:40;1;74;2;6;1;6;"46;3709600000";"6;4817600000"
202200001847;27;11;2022;04:40;5;76;2;1;2;6;"49;3697640000";"1;1277720000"