Accident_Id;jour;mois;an;hrmn;lum;dep;agg;int;atm;col;lat;long
202200001848;19;3;2022;17:00;1;67;1;1;1;3;"48;5857300000";"7;7654500000"
202200001849;19;11;2022;15:30;1;74;2;1;1;3;"45;8810460000";"6;0946330000"
202200001850;26;11;2022;08:11;2;60;1;1;1;6;"49;4965350000";"2;6732080000"
202200001851;23;3;2022;16:23;1;65;2;1;1;3;"43;2331410000";"0;0709840000"
202200001852;12;11;2022;21:20;3;74;1;1;1;6;"45;9080940000";"6;8476070000"
202200001853;12;11;2022;13:50;1;74;1;1;1;1;"46;0856890000";"6;2915830000"
202200001854;22;3;2022;13:05;1;64;2;9;1;3;"43;3075800000";" -0;3309400000"
202200001855;7;11;2022;17:10;1;74;2;2;1;6;"46;0686250000";"6;3031240000"
202200001856;26;11;2022;18:15;3;60;1;1;8;7;"49;4377845010";"2;2803868150"
202200001857;14;3;2022;12:10;1;62;1;1;1;7;"50;4210710000";"2;7665770000"
202200001858;26;11;2022;23:30;3;60;1;1;1;7;"49;4981398598";"2;0068228679"
202200001859;23;3;2022;18:35;1;59;2;1;1;6;"50;6903600000";"3;1829000000"
202200001860;26;10;2022;15:30;1;74;1;1;1;1;"46;1501600000";"6;3269070000"
202200001861;23;3;2022;13:40;1;59;2;1;1;6;"50;6877470000";"3;1892390000"
202200001862;26;11;2022;19:35;5;60;2;2;1;3;"49;4050180000";"2;1822880000"
202200001863;6;10;2022;16:30;1;67;2;1;1;3;"48;5796700000";"7;7158000000"
202200001864;23;3;2022;15:30;1;59;2;1;1;6;"50;6489556021";"3;0782952904"
202200001865;23;9;2022;19:10;1;92;2;3;1;3;"48;9429625401";"2;3182868958"
202200001866;9;10;2022;19:38;2;66;2;1;1;6;"42;6928200000";"2;8858400000"
202200001867;23;3;2022;13:15;1;51;2;2;1;1;"49;2401900000";"4;0098900000"
202200001868;16;11;2022;09:30;1;95;2;8;1;6;"49;0232500000";"2;0962330000"
202200001869;26;11;2022;22:52;3;80;1;1;1;2;"49;9616050000";"2;8560270000"
202200001870;8;10;2022;23:05;5;66;2;1;1;6;"42;7091600000";"2;8856900000"
202200001871;23;3;2022;11:10;1;51;2;1;1;3;"49;2812800000";"4;0023500000"
202200001872;31;10;2022;22:00;3;92;2;1;2;6;"48;8869100000";"2;2024800000"
202200001873;8;10;2022;20:09;3;66;1;1;2;7;"42;7145730000";"2;9366380000"
202200001874;25;11;2022;05:20;5;13;1;4;1;2;"43;3931100000";"5;3513900000"
202200001875;23;3;2022;07:45;1;51;2;1;1;7;"49;2542059056";"4;0173777938"
202200001876;10;10;2022;15:25;1;64;2;1;1;2;"43;5048500000";" -1;4472500000"
202200001877;28;10;2022;00:45;3;42;1;1;1;3;"45;4321000000";"4;4165900000"
202200001878;26;11;2022;15:00;1;13;1;1;1;3;"43;3244400000";"5;4226300000"
202200001879;22;3;2022;14:30;1;50;1;1;1;1;"49;6156600000";" -1;6483200000"
202200001880;26;11;2022;01:20;3;69;1;1;2;2;"45;7628500000";"4;9096100000"
202200001881;11;3;2022;16:35;1;59;2;2;1;3;"50;6072470000";"3;0433270000"
202200001882;9;10;2022;18:50;1;64;2;1;1;5;"43;5106200000";" -1;4998700000"
202200001883;23;3;2022;11:35;1;44;1;9;1;2;"47;2393500000";" -1;6278600000"
202200001884;25;11;2022;23:20;3;91;1;1;1;6;"48;7498100000";"2;2067100000"
202200001885;9;3;2022;17:58;5;59;2;1;1;3;"50;6223970000";"3;0450940000"
202200001886;22;3;2022;16:38;1;44;2;7;1;3;"47;2248400000";" -1;6285400000"
202200001887;25;11;2022;08:50;1;91;1;1;1;2;"48;6791320000";"2;3344890000"
202200001888;9;10;2022;16:40;1;64;2;1;1;4;"43;4803400000";" -1;5162300000"
202200001889;22;2;2022;20:25;3;14;1;1;2;1;"48;9741322911";" -0;4512880415"
202200001890;23;3;2022;13:30;1;37;2;1;1;6;"47;4222549597";"0;7084894180"
202200001891;26;11;2022;22:40;3;78;1;1;1;2;"48;8002000000";"2;0452800000"
202200001892;6;10;2022;19:50;2;62;2;6;1;3;"50;5703000000";"2;4751650000"
202200001893;23;8;2022;12:30;1;69;2;2;1;3;"45;7736200000";"4;8882200000"
202200001894;23;3;2022;17:10;1;35;1;1;1;3;"48;1411257309";" -1;5837498388"
202200001895;26;11;2022;19:05;2;78;1;1;1;2;"48;7844200000";"2;1569100000"
202200001896;9;10;2022;12:20;1;57;2;1;1;6;"49;3664300000";"6;1728600000"
202200001897;9;6;2022;22:40;3;68;1;1;1;7;"47;9873370000";"7;0461630000"
202200001898;23;3;2022;16:30;1;35;2;6;1;3;"48;1070634338";" -1;6162830591"
202200001899;9;10;2022;14:45;1;56;2;1;1;7;"47;7316500000";" -3;3861300000"
202200001900;26;11;2022;13:20;1;92;1;1;1;2;"48;9274099467";"2;3031799505"
202200001901;4;12;2022;20:28;3;54;1;1;3;2;"48;6944430490";"6;0957952921"
202200001902;25;2;2022;17:50;2;34;2;6;1;3;"43;2982600000";"3;4703100000"
202200001903;8;10;2022;13:55;1;56;2;1;1;6;"47;7492113000";" -3;3590094000"
202200001904;26;11;2022;05:05;3;78;1;1;1;6;"48;9679770000";"1;8578310000"
202200001905;23;3;2022;09:20;1;31;1;1;1;2;"43;6472900000";"1;4418000000"
202200001906;7;12;2022;18:30;5;44;2;6;1;6;"47;2758990000";" -1;5126800000"
202200001907;10;10;2022;14:35;1;51;1;1;1;7;"49;2597300000";"4;0629600000"
202200001908;22;3;2022;01:00;3;31;1;1;1;6;"43;1367000000";"0;7275600000"
202200001909;10;10;2022;05:50;5;51;2;9;1;7;"49;2299100000";"4;0356300000"
202200001910;22;3;2022;13:30;1;29;2;3;1;3;"48;3983160000";" -4;4736190000"
202200001911;26;11;2022;05:00;3;93;1;1;1;6;"48;8776800000";"2;4454700000"
202200001912;26;9;2022;20:00;5;69;2;1;2;2;"45;7650131499";"4;9216550589"
202200001913;10;10;2022;09:10;1;47;2;4;1;3;"44;1907800000";"0;6167300000"
202200001914;22;3;2022;07:45;1;29;2;6;1;4;"48;3970190766";" -4;4888888597"
202200001915;26;11;2022;01:20;3;95;1;1;1;5;"48;9644078548";"2;2619996143"
202200001916;10;10;2022;08:50;1;37;2;1;1;3;"47;4175073444";"0;6564331055"
202200001917;23;3;2022;09:05;1;17;2;1;1;1;"46;1673700000";" -1;1320300000"
202200001918;25;9;2022;12:45;1;69;1;1;1;3;"45;7565400000";"4;9711200000"
202200001919;10;10;2022;14:25;1;35;2;1;2;6;"48;1161514614";" -1;7077651620"
202200001920;25;11;2022;17:50;2;77;1;1;1;2;"48;8315830000";"2;6795430000"
202200001921;10;10;2022;09:15;1;31;1;9;1;2;"43;5564000000";"1;4116800000"
202200001922;21;9;2022;06:15;5;69;2;1;1;5;"45;7878900000";"4;9143700000"
202200001923;22;3;2022;15:46;1;14;1;3;1;3;"49;3119637788";"0;0460213423"
202200001924;25;11;2022;17:30;5;94;1;1;1;3;"48;7538424491";"2;3542632476"
202200001925;9;9;2022;17:50;1;30;2;3;1;3;"43;8376500000";"4;3653400000"
202200001926;23;3;2022;10:00;1;14;2;6;1;3;"49;2112450000";" -0;3632090000"
202200001927;16;9;2022;03:00;5;69;2;1;1;6;"45;9878800000";"4;7116500000"
202200001928;10;10;2022;16:55;1;27;1;1;1;7;"49;0454259279";"1;1822104453"
202200001929;10;10;2022;16:25;1;27;2;1;1;7;"49;0265700000";"1;1848700000"
202200001930;24;11;2022;08:30;1;69;2;2;1;6;"45;9893000000";"4;7216200000"
202200001931;23;3;2022;08:45;1;14;1;1;1;4;"49;1422300000";" -0;4018300000"
202200001932;21;11;2022;07:00;5;18;2;3;1;7;"47;0769500000";"2;3900300000"
202200001933;23;3;2022;07:30;1;14;2;1;1;3;"49;1750600000";" -0;3706600000"
202200001934;18;11;2022;19:00;5;57;2;1;2;6;"49;1101700000";"7;0654600000"
202200001935;8;10;2022;17:30;1;14;1;1;1;6;"49;3409230000";" -0;7414910000"
202200001936;22;3;2022;15:40;1;13;1;1;1;3;"43;3695900000";"5;0603200000"
202200001937;8;10;2022;16:20;1;19;2;3;1;3;"45;1520684158";"1;5037502646"
202200001938;23;3;2022;22:00;5;13;2;1;1;3;"43;2991300000";"5;3822100000"
202200001939;4;12;2022;02:47;5;75;2;3;1;6;"48;8820130000";"2;3404060000"
202200001940;23;11;2022;16:20;1;974;1;1;1;2;" -21;3414000000";"55;4942600000"
202200001941;23;3;2022;18:20;1;13;2;1;1;3;"43;3080377917";"5;4342129993"
202200001942;5;10;2022;07:30;2;19;2;3;1;3;"45;1519000000";"1;5412600000"
202200001943;22;3;2022;11:30;1;44;2;4;1;3;"47;2251030000";" -1;5376980000"
202200001944;23;3;2022;19:25;5;13;2;6;1;3;"43;2000000000";"5;5900000000"
202200001945;24;11;2022;06:45;1;974;2;3;7;3;" -21;3270400000";"55;4502600000"
202200001946;10;10;2022;22:23;5;17;2;6;2;6;"46;1520000000";" -1;1480000000"
202200001947;23;3;2022;09:40;1;13;2;1;1;1;"43;2937722886";"5;5672381322"
202200001948;23;11;2022;08:55;1;974;2;1;1;6;" -20;8765300000";"55;4416100000"
202200001949;23;3;2022;05:15;3;13;1;1;1;3;"43;6619000000";"4;6395000000"
202200001950;29;10;2022;18:47;2;74;2;3;1;5;"45;9113700000";"6;1145000000"
202200001951;24;11;2022;15:45;1;69;2;2;1;3;"45;7314600000";"4;8299300000"
202200001952;8;10;2022;17:50;2;13;2;1;1;2;"43;3814800000";"5;3467500000"
202200001953;3;6;2022;18:20;1;41;1;2;1;3;"47;4995210000";"1;9895880000"
202200001954;23;3;2022;07:38;1;06;2;9;1;3;"43;6591770000";"7;1631790000"
202200001955;28;10;2022;14:00;1;74;2;3;1;3;"46;2070000000";"6;2794900000"
202200001956;10;10;2022;09:20;1;13;2;1;1;6;"43;3082640166";"5;3770564414"
202200001957;23;11;2022;19:30;2;972;1;1;1;2;"14;6144200000";" -61;0507000000"
202200001958;23;3;2022;09:10;1;75;2;1;1;3;"48;8164670000";"2;3445500000"
202200001959;23;5;2022;16:50;1;41;1;1;1;3;"47;3860560000";"1;4078000000"
202200001960;23;11;2022;14:00;1;972;1;1;1;6;"14;6411700000";" -60;9913200000"
202200001961;27;10;2022;13:10;1;74;2;1;1;3;"46;1971800000";"6;2401900000"
202200001962;10;10;2022;19:30;5;13;2;6;1;3;"43;5248462302";"5;4237250039"
202200001963;5;6;2022;21:00;2;68;1;1;2;1;"47;5546780000";"7;4654570000"
202200001964;26;10;2022;00:10;5;74;2;1;1;6;"46;1929100000";"6;2284900000"
202200001965;22;3;2022;16:35;1;75;2;4;1;4;"48;8658880000";"2;2681590000"
202200001966;7;10;2022;14:50;1;11;1;1;1;3;"43;1927000000";"3;0301000000"
202200001967;24;11;2022;18:05;5;972;1;1;1;2;"14;6146600000";" -61;0485900000"
202200001968;2;6;2022;14:55;1;68;1;1;2;7;"47;4890880000";"7;3166690000"
202200001969;21;3;2022;09:50;1;75;2;1;1;3;"48;8162240000";"2;3639410000"
202200001970;25;10;2022;19:47;5;74;2;1;1;6;"46;1942000000";"6;2394200000"
202200001971;7;10;2022;17:10;1;02;2;1;1;6;"49;8536900000";"3;2870200000"
202200001972;25;11;2022;01:00;5;69;2;2;1;6;"45;7601200000";"4;8379600000"
202200001973;6;6;2022;16:15;1;68;2;1;1;1;"47;6815370000";"7;2718120000"
202200001974;23;3;2022;16:38;1;75;2;2;1;6;"48;8724150000";"2;3781240000"
202200001975;24;11;2022;20:30;5;69;2;1;1;3;"45;7645998655";"4;8290920257"
202200001976;19;10;2022;14:30;1;75;2;1;1;4;"48;8330990000";"2;4071660000"
202200001977;3;6;2022;15:57;1;22;1;1;1;1;"48;3258800000";" -2;8285670000"
202200001978;24;10;2022;07:40;2;74;2;6;2;3;"45;9055900000";"6;1260500000"
202200001979;23;3;2022;19:15;2;75;2;3;1;6;"48;8468560000";"2;3609610000"
202200001980;3;6;2022;17:30;1;39;1;1;7;7;"46;8190190000";"5;7156800000"
202200001981;19;10;2022;08:00;1;75;2;1;1;4;"48;8257910000";"2;3865890000"
202200001982;24;11;2022;17:45;5;69;2;1;1;3;"45;7729621773";"4;8210740089"
202200001983;13;10;2022;05:15;5;74;2;1;1;1;"45;8909000000";"6;1219000000"
202200001984;29;5;2022;15:35;1;39;1;1;1;7;"46;8627070000";"5;8996050000"
202200001985;23;3;2022;13:30;1;75;2;2;1;6;"48;8763570000";"2;3931300000"
202200001986;19;10;2022;15:20;1;75;2;5;1;6;"48;8683080000";"2;4014220000"
202200001987;4;6;2022;17:17;1;25;1;1;1;7;"47;0253270000";"6;3048600000"
202200001988;24;11;2022;08:05;1;2B;1;1;1;2;"42;6869400000";"9;4463600000"
202200001989;23;3;2022;06:30;1;75;2;2;1;2;"48;8772100000";"2;4069130000"
202200001990;9;10;2022;20:20;3;74;1;1;2;5;"45;9009900000";"6;1085700000"
202200001991;5;6;2022;21:00;1;25;1;1;1;6;"47;1312650000";"6;5846940000"
202200001992;19;10;2022;14:30;1;75;2;3;1;3;"48;8817110000";"2;3810820000"
202200001993;24;11;2022;18:35;1;971;2;1;1;6;"16;0053000000";" -61;7393500000"
202200001994;23;3;2022;14:30;1;75;2;1;1;2;"48;8301330000";"2;4183730000"
202200001995;5;6;2022;02:10;3;25;1;1;3;7;"47;1628310000";"6;3777030000"
202200001996;19;10;2022;14:10;1;75;2;1;1;6;"48;8775580000";"2;3946130000"
202200001997;17;1;2022;19:40;5;59;2;1;1;2;"50;3541620000";"3;5089930000"
202200001998;24;11;2022;09:00;1;2A;2;1;1;3;"41;9422233369";"8;7502343059"
202200001999;3;6;2022;10:00;1;25;1;1;1;6;"47;1744360000";"6;0720920000"
202200002000;23;3;2022;11:10;1;75;2;1;1;3;"48;8708490000";"2;3060120000"
202200002001;25;11;2022;21:17;3;974;2;1;1;6;" -20;9589200000";"55;3200000000"
202200002002;19;10;2022;10:20;1;75;2;2;1;3;"48;8843000000";"2;3675670000"
202200002003;4;6;2022;18:35;1;44;1;1;1;7;"46;9478800000";" -1;5928100000"
202200002004;23;3;2022;00:30;5;75;2;5;1;7;"48;8748110000";"2;3059810000"
202200002005;19;10;2022;21:35;5;75;2;2;1;1;"48;8444270000";"2;3177010000"
202200002006;5;6;2022;02:54;3;44;2;3;1;6;"47;5301690000";" -1;9495800000"
202200002007;29;8;2022;15:03;1;69;2;2;1;3;"45;7537400000";"4;8955600000"
202200002008;22;3;2022;22:55;5;75;2;4;1;7;"48;8747832406";"2;3050039262"
202200002009;24;11;2022;18:30;5;91;2;3;1;1;"48;6264100000";"2;2644800000"
202200002010;19;10;2022;07:56;2;75;2;3;1;6;"48;8245350000";"2;3192460000"
202200002011;3;6;2022;19:30;1;44;2;1;1;3;"47;7163810000";" -1;3813220000"
202200002012;23;3;2022;18:50;1;75;2;5;1;2;"48;8576660000";"2;3002450000"
202200002013;24;11;2022;18:21;5;32;2;1;2;1;"43;6311700000";"0;5879700000"
202200002014;23;11;2022;16:08;1;87;2;3;2;3;"45;8346900000";"1;3111300000"
202200002015;19;10;2022;12:20;1;75;2;2;1;2;"48;8303420000";"2;3458910000"
202200002016;3;6;2022;18:30;1;29;1;3;1;3;"48;0406172500";" -4;5252715940"
202200002017;23;3;2022;03:20;5;75;2;3;1;6;"48;8595620000";"2;3293030000"
202200002018;2;10;2022;21:10;5;13;2;1;1;3;"43;4019200000";"5;0586700000"
202200002019;19;10;2022;17:50;1;75;2;7;1;1;"48;8521350000";"2;3696080000"
202200002020;22;3;2022;17:55;1;75;2;4;1;3;"48;8623050000";"2;3197930000"
202200002021;4;6;2022;21:57;3;02;1;1;2;6;"49;2239070000";"3;2001170000"
202200002022;2;3;2022;19:05;3;92;1;1;1;7;"48;8256717265";"2;2217026207"
202200002023;19;10;2022;17:15;1;75;2;7;1;6;"48;8533280000";"2;3697580000"
202200002024;23;11;2022;18:30;3;83;1;1;1;3;"43;1235000000";"6;0968000000"
202200002025;24;7;2022;20:20;2;11;2;8;1;6;"43;1825630000";"2;5582270000"
202200002026;23;3;2022;13:05;1;75;2;3;1;6;"48;8569560000";"2;3598470000"
202200002027;19;10;2022;19:30;2;75;2;3;1;6;"48;8555730000";"2;3901220000"
202200002028;1;6;2022;21:15;2;02;1;3;1;3;"49;3075430000";"3;1034070000"
202200002029;24;11;2022;15:51;1;78;1;4;1;3;"49;0158590000";"1;9104080000"
202200002030;28;12;2022;19:35;5;971;1;1;1;3;"16;0854440000";" -61;5774680000"
202200002031;2;6;2022;20:50;1;02;2;1;1;6;"49;5260570000";"3;1324380000"
202200002032;19;10;2022;15:15;1;75;2;6;1;6;"48;8584200000";"2;3800180000"
202200002033;24;11;2022;07:10;3;78;1;9;1;2;"48;9917730000";"2;0812710000"
202200002034;3;6;2022;20:30;2;02;1;9;1;6;"49;6832350000";"3;6175490000"
202200002035;24;9;2022;00:04;5;74;2;1;1;2;"45;8977700000";"6;1108100000"
202200002036;19;10;2022;07:50;1;75;2;1;8;3;"48;8569000000";"2;3816180000"
202200002037;3;6;2022;17:45;1;03;1;1;1;6;"46;6497450000";"2;5883420000"
202200002038;29;7;2022;23:55;4;74;1;1;1;1;"46;3799800000";"6;5071700000"
202200002039;19;10;2022;19:30;2;75;2;2;1;2;"48;8546870000";"2;2693600000"
202200002040;3;6;2022;23:40;3;01;1;1;3;7;"46;1593900000";"4;8175470000"
202200002041;13;4;2022;19:00;2;73;2;2;1;3;"45;5976120000";"5;9164540000"
202200002042;18;10;2022;23:30;5;75;2;4;1;3;"48;8722430000";"2;3124450000"
202200002043;22;3;2022;19:40;5;75;2;4;1;7;"48;8654587712";"2;3561181128"
202200002044;24;11;2022;11:05;1;77;2;1;1;3;"48;8477600000";"2;8162800000"
202200002045;3;6;2022;16:00;1;01;2;1;1;6;"45;7608640000";"5;6878070000"
202200002046;18;10;2022;09:48;1;75;2;7;1;2;"48;8710640000";"2;3164900000"
202200002047;24;11;2022;08:20;2;77;2;3;8;6;"48;8738940000";"2;7043100000"
202200002048;6;6;2022;18:20;1;01;1;1;1;6;"46;3325880000";"5;1130090000"
202200002049;19;10;2022;16:15;1;75;2;2;1;3;"48;8628260000";"2;3134680000"
202200002050;22;3;2022;19:00;5;75;2;7;1;2;"48;8702740000";"2;3325210000"
202200002051;24;11;2022;12:50;1;77;2;1;1;3;"48;4129700000";"2;7115000000"
202200002052;20;12;2022;19:15;3;33;1;1;2;6;"44;8895940000";" -0;2798510000"
202200002053;23;3;2022;18:40;2;94;2;1;1;6;"48;7757800000";"2;3571400000"
202200002054;19;10;2022;18:05;1;75;2;2;1;6;"48;8668430000";"2;3619150000"
202200002055;24;11;2022;07:50;1;76;2;6;1;1;"49;4209507954";"1;0513132811"
202200002056;23;3;2022;08:57;1;94;2;1;1;6;"48;7697100000";"2;3653100000"
202200002057;5;6;2022;23:30;3;70;1;2;1;5;"47;7236100000";"6;3072410000"
202200002058;19;10;2022;17:15;1;94;2;1;1;6;"48;8026000000";"2;3814400000"
202200002059;20;9;2022;13:40;1;25;2;1;1;2;"47;5049500000";"6;8112100000"
202200002060;19;10;2022;09:15;1;94;2;1;1;7;"48;8520140000";"2;4766390000"
202200002061;23;3;2022;17:43;1;94;2;7;7;6;"48;7245527749";"2;4187350448"
202200002062;26;10;2022;05:40;5;73;2;1;1;6;"45;6648200000";"6;3869800000"
202200002063;19;10;2022;11:00;1;94;2;1;1;6;"48;7652110000";"2;4080300000"
202200002064;5;6;2022;11:35;1;70;2;1;1;1;"47;6639130000";"5;9635480000"
202200002065;24;11;2022;20:10;5;69;2;2;1;3;"45;7655200000";"4;9010900000"
202200002066;23;3;2022;08:46;1;93;2;1;1;4;"48;8579600000";"2;5335900000"
202200002067;19;10;2022;08:45;1;94;2;1;1;6;"48;8178110000";"2;4213760000"
202200002068;3;6;2022;17:25;1;58;2;1;1;1;"46;8484316858";"3;9324346419"
202200002069;15;10;2022;08:00;1;73;1;1;5;1;"45;6968069903";"5;7999704604"
202200002070;19;10;2022;18:15;2;93;2;1;1;3;"48;9570600000";"2;5436800000"
202200002071;4;6;2022;17:30;1;54;1;2;1;1;"48;8492415666";"6;0949230196"
202200002072;24;11;2022;19:02;3;69;1;1;1;1;"45;9983400000";"4;7369600000"
202200002073;18;10;2022;19:35;5;93;2;9;1;6;"48;9563576884";"2;5415137601"
202200002074;22;3;2022;14:30;1;94;2;1;1;2;"48;8177800000";"2;4207600000"
202200002075;2;10;2022;07:30;2;59;2;2;2;6;"50;6620420000";"3;0500260000"
202200002076;23;3;2022;14:05;1;93;2;1;1;3;"48;9270691351";"2;5199466927"
202200002077;19;10;2022;21:05;5;93;2;3;1;1;"48;8898189215";"2;4100582144"
202200002078;24;11;2022;18:20;3;69;2;1;1;1;"45;7258143125";"4;9359208346"
202200002079;23;5;2022;07:30;2;69;1;1;1;2;"45;5751744940";"4;7185313702"
202200002080;5;6;2022;18:10;1;72;2;1;1;1;"48;0286836264";"0;3689467905"
202200002081;19;10;2022;11:50;1;93;2;1;7;3;"48;8921339498";"2;4075249493"
202200002082;24;11;2022;12:10;1;69;2;1;1;6;"45;7000672189";"4;8875498775"
202200002083;23;3;2022;18:00;1;93;2;1;1;6;"48;9198883109";"2;3270944508"
202200002084;4;6;2022;02:20;3;05;1;1;1;6;"44;5233553933";"6;1870193481"
202200002085;12;12;2022;14:41;1;13;2;1;8;1;"43;4123000000";"4;9963400000"
202200002086;3;6;2022;16:50;1;05;1;1;1;7;"44;5472980000";"6;1996360000"
202200002087;19;10;2022;20:30;5;93;2;6;1;1;"48;9319153848";"2;4906534885"
202200002088;22;3;2022;22:50;5;93;2;3;1;3;"48;8848100000";"2;5064600000"
202200002089;24;11;2022;19:39;5;69;2;6;1;3;"45;5855200000";"4;7690400000"
202200002090;22;9;2022;18:30;1;84;2;2;1;1;"43;9341400000";"4;8315300000"
202200002091;21;3;2022;18:21;1;93;2;1;1;6;"48;9020790000";"2;4613400000"
202200002092;4;6;2022;12:20;1;50;2;1;1;3;"49;4083970000";" -1;3124590000"
202200002093;19;10;2022;18:00;2;93;2;3;1;3;"48;9131460884";"2;3829018204"
202200002094;4;6;2022;20:20;1;50;1;1;1;6;"49;5121490000";" -1;7828270000"
202200002095;24;11;2022;12:05;1;67;2;1;8;6;"48;5263900000";"7;7073600000"
202200002096;18;10;2022;19:40;5;93;2;2;1;6;"48;9087799348";"2;3905567549"
202200002097;22;3;2022;23:00;5;93;2;3;1;2;"48;8733400000";"2;5296300000"
202200002098;20;11;2022;06:40;2;62;1;1;5;2;"50;4842300000";"2;8360500000"
202200002099;10;4;2022;07:45;2;60;2;1;1;6;"49;2159050000";"2;4184460000"
202200002100;17;10;2022;10:30;1;92;2;1;1;7;"48;8462950000";"2;2152380000"
202200002101;23;11;2022;17:20;5;67;1;6;2;6;"48;5273100000";"7;7350000000"
202200002102;5;6;2022;10:20;1;64;1;1;1;7;"43;0189410000";" -0;9327650000"
202200002103;22;3;2022;23:55;5;93;2;5;1;3;"48;9547300000";"2;3079500000"
202200002104;19;10;2022;08:08;1;92;2;3;1;3;"48;8673000000";"2;1981500000"
202200002105;17;12;2022;10:35;1;40;2;1;1;3;"43;8867700000";" -0;4978900000"
202200002106;27;5;2022;12:00;1;64;1;1;1;7;"43;0176470000";" -0;9592550000"
202200002107;23;3;2022;22:30;5;93;2;1;1;3;"48;9127714104";"2;4633981586"
202200002108;22;11;2022;17:50;2;67;2;1;1;2;"48;6102500000";"7;7771800000"
202200002109;2;6;2022;16:40;1;64;1;1;1;2;"43;3471950000";" -0;5198170000"
202200002110;19;10;2022;15:10;1;92;2;7;1;3;"48;8913582798";"2;2002992034"
202200002111;26;12;2022;17:30;2;35;2;6;1;6;"48;6261600000";" -1;9938900000"
202200002112;24;11;2022;12:30;1;64;2;6;1;3;"43;4937500000";" -1;4914600000"
202200002113;19;10;2022;05:50;5;92;2;1;5;2;"48;8140626725";"2;3029623627"
202200002114;2;6;2022;15:35;1;73;1;1;1;1;"45;3674940000";"6;2882290000"
202200002115;22;12;2022;18:10;3;01;1;1;3;2;"46;3363730000";"4;8643790000"
202200002116;23;3;2022;16:30;1;93;2;3;1;3;"48;9146700000";"2;3835500000"
202200002117;4;6;2022;11:15;1;18;1;1;1;6;"47;0605450000";"2;7225660000"
202200002118;23;11;2022;14:10;1;63;1;1;8;7;"45;9250000000";"3;0395000000"
202200002119;19;10;2022;07:25;5;92;2;2;1;6;"48;8991482105";"2;2786100507"
202200002120;22;3;2022;10:40;1;93;2;1;1;6;"48;9036600000";"2;5708600000"
202200002121;6;6;2022;02:00;3;36;2;1;1;6;"46;5765920000";"1;5393950000"
202200002122;27;11;2022;21:40;3;74;2;1;8;3;"46;1475570000";"6;5147410000"
202200002123;19;10;2022;00:44;5;92;2;1;1;6;"48;8205800000";"2;2802800000"
202200002124;9;11;2022;09:00;3;62;1;1;1;7;"50;4888020000";"2;7244400000"
202200002125;23;3;2022;21:30;3;93;2;1;1;6;"48;9547261800";"2;5024460491"
202200002126;5;6;2022;18:20;1;36;2;1;8;6;"46;5754340000";"1;5331290000"
202200002127;18;10;2022;19:25;1;92;2;1;1;6;"48;9200573657";"2;2952290177"
202200002128;27;11;2022;13:10;1;74;1;1;1;7;"45;8758030000";"6;7619350000"
202200002129;24;11;2022;19:50;5;59;2;1;1;6;"50;7040400000";"3;1856500000"
202200002130;22;3;2022;10:10;1;92;2;4;1;3;"48;8865832261";"2;2830858529"
202200002131;3;6;2022;10:56;1;16;1;1;2;7;"45;9869430000";"0;3844360000"
202200002132;19;10;2022;12:55;1;92;2;2;1;6;"48;8968610000";"2;2554560000"
202200002133;24;11;2022;23:55;5;59;2;1;2;6;"50;6533220247";"3;1156057119"
202200002134;23;3;2022;04:20;5;92;2;6;1;3;"48;9417397720";"2;2953439504"
202200002135;26;11;2022;14:00;1;74;1;4;1;1;"46;0019740000";"6;1835590000"
202200002136;19;10;2022;07:40;2;92;2;1;1;6;"48;8987630000";"2;2400780000"
202200002137;2;6;2022;23:18;3;16;1;1;1;1;"45;6724610000";" -0;0136900000"
202200002138;23;11;2022;17:15;5;59;2;1;2;6;"50;6373000000";"3;0515000000"
202200002139;26;11;2022;01:33;3;74;1;1;8;6;"46;1767900000";"6;2137000000"
202200002140;6;6;2022;15:30;1;07;1;1;1;6;"44;9072820000";"4;6915380000"
202200002141;19;10;2022;14:54;1;76;1;3;1;2;"49;6467570000";"0;6121870000"
202200002142;22;3;2022;17:30;1;92;2;3;1;3;"48;9426300000";"2;3029800000"
202200002143;25;11;2022;18:00;3;74;1;1;2;6;"46;0424530000";"6;2232180000"
202200002144;4;6;2022;02:27;3;07;2;1;1;6;"44;2947090000";"4;2601200000"
202200002145;24;11;2022;16:05;1;59;2;2;1;6;"50;6015900000";"3;0793800000"
202200002146;25;11;2022;06:00;5;74;2;2;1;3;"46;1904000000";"6;2344000000"
202200002147;22;3;2022;22:35;5;92;2;2;1;3;"48;9011583608";"2;3052752316"
202200002148;4;6;2022;07:40;1;21;1;1;1;7;"47;8286000000";"4;5679000000"
202200002149;23;11;2022;07:45;2;74;2;1;1;6;"46;0645630000";"6;5721060000"
202200002150;21;3;2022;22:40;5;92;2;1;1;3;"48;9002038117";"2;3174665421"
202200002151;24;11;2022;12:50;1;59;2;3;1;6;"50;6358600000";"3;0277000000"
202200002152;5;6;2022;17:30;1;40;2;1;1;7;"43;5496940000";" -1;3999490000"
202200002153;18;11;2022;23:00;5;74;2;1;1;7;"45;8851850000";"6;1004030000"
202200002154;22;3;2022;14:58;1;92;2;1;1;6;"48;9305228474";"2;2752645314"