Accident_Id;jour;mois;an;hrmn;lum;dep;agg;int;atm;col;lat;long
202200002461;6;6;2022;17:00;1;26;1;3;1;2;"44;3814850000";"4;7202160000"
202200002462;17;10;2022;13:25;1;65;2;1;1;1;"43;1029500000";" -0;0300400000"
202200002463;5;6;2022;06:25;2;01;2;1;1;6;"46;2568740000";"6;1123040000"
202200002464;14;5;2022;03:00;3;69;2;1;1;6;"45;8939633979";"4;6729820967"
202200002465;18;10;2022;21:30;5;64;2;2;1;3;"43;3861900000";" -1;6555400000"
202200002466;17;10;2022;17:10;1;64;2;1;1;2;"43;3099900000";" -0;3696100000"
202200002467;4;6;2022;07:10;2;81;1;4;1;1;"43;6177600000";"2;0927300000"
202200002468;3;6;2022;20:30;1;81;2;1;1;6;"43;8549630000";"1;9771490000"
202200002469;18;10;2022;18:30;1;64;2;1;1;3;"43;4952900000";" -1;4697200000"
202200002470;4;10;2022;08:30;1;59;2;1;1;7;"50;6629370857";"3;0502939224"
202200002471;3;6;2022;15:50;1;81;2;2;1;5;"43;8930320000";"1;8765146000"
202200002472;5;6;2022;16:50;1;09;2;1;1;6;"43;2452930000";"1;5694680000"
202200002473;17;10;2022;07:40;4;59;2;1;2;6;"50;6794216183";"3;0477994680"
202200002474;17;10;2022;22:13;3;56;1;1;1;3;"47;7742340000";" -3;3685230000"
202200002475;3;6;2022;15:50;1;09;1;2;1;3;"43;1806620000";"1;6523640000"
202200002476;17;10;2022;08:30;1;55;2;1;1;6;"48;7690900000";"5;1723000000"
202200002477;2;6;2022;18:45;1;31;2;1;1;2;"43;4546998352";"1;4115232229"
202200002478;17;10;2022;15:15;1;54;2;1;1;7;"48;9034300000";"6;0561400000"
202200002479;2;6;2022;22:10;3;31;1;1;1;6;"43;4041670000";"1;2613680000"
202200002480;3;6;2022;21:05;1;86;1;1;1;6;"46;6705880000";"0;3747960000"
202200002481;18;10;2022;19:45;5;54;2;2;1;3;"48;6951300000";"6;1381800000"
202200002482;28;5;2022;06:15;2;33;1;1;1;6;"45;1975030000";" -0;4486910000"
202200002483;18;10;2022;15:45;1;54;2;2;1;6;"48;6984000000";"6;1668000000"
202200002484;11;5;2022;18:45;1;33;1;3;1;3;"44;6228540000";" -0;9025630000"
202200002485;13;10;2022;11:50;1;54;2;1;1;7;"48;7084000000";"6;2451200000"
202200002486;1;6;2022;23:59;3;49;1;1;1;2;"47;4399570000";" -0;5808810000"
202200002487;18;10;2022;14:00;1;54;2;2;1;1;"48;6628900000";"6;1624100000"
202200002488;6;6;2022;20:30;1;14;1;1;2;1;"49;2391140000";" -0;7497070000"
202200002489;3;6;2022;19:55;1;29;1;1;1;6;"48;6070080000";" -4;3689640000"
202200002490;5;6;2022;10:15;1;29;1;1;1;6;"48;4594689225";" -4;2306053637"
202200002491;18;10;2022;07:43;2;54;2;2;1;3;"48;6700900000";"6;1584900000"
202200002492;30;5;2022;15:45;1;29;1;1;1;1;"48;0712420000";" -4;4041220000"
202200002493;18;10;2022;21:50;5;51;2;2;1;7;"49;2797000000";"4;0138940000"
202200002494;3;6;2022;11:45;1;22;2;3;1;3;"48;2270380000";" -2;7334660000"
202200002495;17;10;2022;09:35;1;51;1;2;1;1;"49;2578880506";"4;0561960638"
202200002496;4;6;2022;11:30;1;35;1;1;1;6;"48;2330600000";" -1;3140140000"
202200002497;18;10;2022;06:40;5;51;2;2;2;7;"49;2368768800";"4;0141779184"
202200002498;5;6;2022;22:40;5;27;2;1;2;6;"49;0827940000";"1;2063040000"
202200002499;15;10;2022;12:10;1;50;2;3;1;3;"49;0631400000";" -1;4335400000"
202200002500;4;6;2022;15:45;1;60;2;3;1;3;"49;3577290000";"2;3297020000"
202200002501;17;10;2022;16:35;1;49;2;3;1;3;"47;0502370073";" -0;8847749233"
202200002502;18;10;2022;07:51;2;49;2;2;1;3;"47;4801200000";" -0;5259900000"
202200002503;17;10;2022;12:35;1;47;2;1;1;3;"44;4065380000";"0;7124480000"
202200002504;4;6;2022;19:30;2;60;1;2;3;3;"49;2506780000";"2;0392670000"
202200002505;17;10;2022;19:45;5;45;2;1;1;6;"47;9978490000";"2;7075930000"
202200002506;18;10;2022;07:15;5;44;2;1;1;3;"47;2149040000";" -1;5460430000"
202200002507;10;10;2022;17:00;1;40;1;1;1;2;"43;8665300000";" -0;4897400000"
202200002508;18;10;2022;23:20;5;38;2;2;1;3;"45;1811000000";"5;7136900000"
202200002509;18;10;2022;07:50;2;37;2;3;8;3;"47;3540700000";"0;6938400000"
202200002510;18;10;2022;08:15;1;37;2;6;5;3;"47;3491458234";"0;6653326750"
202200002511;4;10;2022;10:45;1;34;2;2;1;1;"43;4093100000";"3;6731000000"
202200002512;18;10;2022;07:55;1;33;2;3;1;3;"44;8857900000";" -0;6366600000"
202200002513;18;10;2022;07:15;2;33;2;3;1;3;"44;7636300000";" -0;5603200000"
202200002514;10;10;2022;10:00;1;33;2;2;1;3;"44;8796100000";" -0;6267800000"
202200002515;18;10;2022;17:16;1;29;2;1;1;2;"47;9830500000";" -4;0630900000"
202200002516;17;10;2022;07:35;3;29;1;1;2;5;"48;0163620530";" -4;0801539407"
202200002517;17;10;2022;13:00;1;29;2;6;1;2;"48;4142200000";" -4;4802600000"
202200002518;18;10;2022;11:30;1;25;2;1;1;6;"47;2669100000";"6;0546100000"
202200002519;18;10;2022;20:00;4;22;2;6;1;6;"48;7340750000";" -3;4438550000"
202200002520;16;10;2022;18:00;1;21;2;3;1;3;"47;3081580000";"5;0183160000"
202200002521;18;10;2022;16:05;1;17;2;1;1;3;"46;1658480000";" -1;1019820000"
202200002522;18;10;2022;07:15;3;13;1;4;1;3;"43;4162700000";"5;2782600000"
202200002523;17;10;2022;16:00;1;13;2;9;1;3;"43;4103400000";"5;0396800000"
202200002524;17;10;2022;07:20;1;13;1;1;1;3;"43;3269500000";"5;3589000000"
202200002525;18;10;2022;09:00;1;13;2;1;1;3;"43;2845700000";"5;5358400000"
202200002526;18;10;2022;08:55;1;13;2;1;1;3;"43;2916800000";"5;5914300000"
202200002527;17;10;2022;16:35;1;10;2;1;1;3;"48;3047000000";"4;0762000000"
202200002528;18;10;2022;17:20;1;04;1;1;1;2;"43;8395400000";"5;8064000000"
202200002529;17;6;2022;16:48;1;06;2;1;1;6;"43;7024000000";"7;2717600000"
202200002530;28;6;2022;08:51;1;06;2;1;1;6;"43;7277300000";"7;2821800000"
202200002531;26;6;2022;10:25;1;06;2;9;1;3;"43;6942000000";"7;2383000000"
202200002532;26;6;2022;13:00;1;06;2;9;1;6;"43;7137400000";"7;2587100000"
202200002533;22;6;2022;08:15;1;06;2;1;2;1;"43;6951700000";"7;2740000000"
202200002534;24;6;2022;09:54;1;06;2;1;1;6;"43;6695900000";"7;2035200000"
202200002535;17;9;2022;14:30;1;92;2;1;1;6;"48;8662796389";"2;2018076777"
202200002536;17;9;2022;18:26;1;92;2;1;1;7;"48;8139775393";"2;3201639056"
202200002537;17;9;2022;11:20;1;92;2;1;1;7;"48;8210172309";"2;2353591621"
202200002538;17;9;2022;10:00;1;974;1;9;1;3;" -20;9660540000";"55;2938390000"
202200002539;17;9;2022;11:15;1;47;2;1;1;3;"44;1137840000";"0;5314620000"
202200002540;18;9;2022;14:10;1;08;1;1;1;7;"49;5021370000";"4;3340370000"
202200002541;18;9;2022;17:40;1;2A;2;1;1;6;"41;6793830000";"8;9115210000"
202200002542;17;9;2022;11:45;1;01;1;2;1;3;"45;9587880000";"4;8908690000"
202200002543;17;9;2022;06:20;2;01;1;1;1;6;"46;0302190000";"5;2006100000"
202200002544;17;9;2022;15:15;1;24;1;3;1;1;"45;1400810000";"0;3209320000"
202200002545;18;9;2022;05:15;3;43;1;1;1;7;"45;3059080000";"3;2354580000"
202200002546;17;9;2022;15:10;1;18;1;1;1;7;"47;4067760000";"2;6735940000"
202200002547;17;9;2022;01:05;5;77;1;9;1;6;"49;0098900000";"3;1445820000"
202200002548;18;9;2022;15:50;1;91;2;1;1;2;"48;6554940000";"2;2741590000"
202200002549;17;9;2022;07:00;2;06;1;1;1;7;"43;6794650000";"6;8945650000"
202200002550;18;9;2022;06:20;3;58;1;1;1;6;"47;2708430000";"2;9787110000"
202200002551;18;9;2022;11:45;1;50;1;1;1;1;"49;0739680000";" -1;2034000000"
202200002552;17;9;2022;17:30;1;56;1;6;1;3;"47;6202630000";" -3;1352450000"
202200002553;17;9;2022;18:40;1;2B;2;1;1;1;"42;4835590000";"9;5025520000"
202200002554;18;9;2022;16:25;1;89;1;1;1;6;"47;7216640000";"3;9668970000"
202200002555;17;9;2022;15:00;1;61;1;1;1;6;"48;5061140000";"0;3200470000"
202200002556;17;9;2022;14:40;1;55;1;1;1;6;"48;6408920000";"5;0583030000"
202200002557;16;9;2022;13:15;1;25;1;1;1;6;"47;1802110000";"5;8412020000"
202200002558;18;9;2022;17:20;1;25;1;1;1;1;"47;0077160000";"6;1884250000"
202200002559;18;9;2022;12:15;1;35;1;2;1;3;"48;5342830000";" -1;8077770000"
202200002560;18;9;2022;09:00;1;35;1;1;1;6;"48;2064237714";" -2;0394524932"
202200002561;17;9;2022;16:50;1;29;2;1;1;1;"48;5459220000";" -4;1791230000"
202200002562;16;9;2022;12:15;1;29;2;2;1;3;"48;5074110000";" -4;4251780000"
202200002563;17;9;2022;17:00;1;38;2;9;1;6;"45;4332630000";"5;5137420000"
202200002564;18;9;2022;01:15;3;02;1;1;1;7;"49;6967280000";"4;1727550000"
202200002565;18;9;2022;02:00;3;15;1;1;1;6;"44;8885820000";"3;2013560000"
202200002566;17;9;2022;14:30;1;01;1;1;1;6;"46;3227520000";"5;6507220000"
202200002567;18;9;2022;10:55;1;58;2;1;1;6;"47;0544820000";"3;9276820000"
202200002568;18;9;2022;05:30;5;06;1;1;1;1;"43;6127950000";"6;9177440000"
202200002569;17;9;2022;19:15;2;14;1;1;1;6;"49;2644350000";"0;1457110000"
202200002570;18;9;2022;10:35;1;50;2;1;7;6;"48;6465087000";" -0;9402138000"
202200002571;18;9;2022;07:00;2;45;1;1;1;7;"47;9920762221";"2;0758830849"
202200002572;17;9;2022;11:00;1;43;1;1;1;6;"44;9659630000";"3;9747470000"
202200002573;18;9;2022;15:30;1;04;1;1;1;1;"43;9327560000";"6;1548170000"
202200002574;18;9;2022;01:00;3;17;1;1;1;7;"46;0337090000";" -0;3471420000"
202200002575;17;9;2022;19:00;1;37;1;1;1;1;"47;4478880000";"0;6322530000"
202200002576;8;9;2022;19:15;1;37;1;1;1;2;"47;5367250000";"0;5378790000"
202200002577;17;9;2022;22:40;3;30;1;1;1;6;"44;1627080000";"4;1417710000"
202200002578;12;9;2022;17:15;1;88;1;1;1;1;"48;2503550000";"5;8998730000"
202200002579;18;9;2022;17:00;1;80;1;1;1;2;"49;8757530000";"2;2111720000"
202200002580;16;9;2022;15:50;1;63;1;1;1;7;"45;8745030000";"3;6416670000"
202200002581;17;9;2022;15:21;1;49;1;1;1;7;"47;4359580000";" -0;7801900000"
202200002582;16;9;2022;18:49;2;83;1;1;1;7;"43;4354753563";"5;9298305511"
202200002583;18;9;2022;04:25;3;974;2;1;1;1;" -21;0646880000";"55;2236260000"
202200002584;17;9;2022;08:45;1;33;2;6;1;2;"44;6232200000";" -1;0247760000"
202200002585;17;9;2022;18:13;1;78;1;9;1;3;"48;7197380000";"2;0878270000"
202200002586;17;9;2022;18:35;1;13;1;1;1;7;"43;2500670000";"5;6052960000"
202200002587;18;9;2022;03:30;3;13;1;1;1;5;"43;8191160000";"4;8971880000"
202200002588;18;9;2022;10:17;1;89;1;3;1;3;"47;7332300000";"3;6031130000"
202200002589;18;9;2022;14:55;1;68;1;1;1;7;"47;8580940000";"7;1486230000"
202200002590;16;9;2022;18:50;1;57;1;1;2;1;"49;1176050000";"6;8117590000"
202200002591;17;9;2022;15:50;1;63;1;1;1;6;"45;5839810000";"2;9003050000"
202200002592;18;9;2022;12:00;1;42;1;2;1;5;"45;7993960000";"4;1468240000"
202200002593;17;9;2022;17:30;1;42;1;2;1;3;"45;7020430000";"4;2454650000"
202200002594;6;9;2022;18:00;1;38;2;2;1;3;"45;2811830000";"5;6462000000"
202200002595;18;9;2022;16:15;1;81;1;1;1;3;"43;5809580000";"2;0298800000"
202200002596;17;9;2022;18:40;1;64;2;1;1;3;"43;4740380000";" -1;4320310000"
202200002597;17;9;2022;18:35;1;24;2;1;1;6;"44;8510660000";"0;7783610000"
202200002598;17;9;2022;22:05;4;29;2;1;1;6;"48;5344250000";" -4;3096880000"
202200002599;18;9;2022;13:45;1;22;1;1;1;7;"48;6466530000";" -2;4215060000"
202200002600;17;9;2022;18:05;1;27;2;9;1;3;"49;1747330000";"1;1743180000"
202200002601;17;9;2022;18:45;1;60;2;1;1;3;"49;3906650000";"2;4203680000"
202200002602;17;9;2022;04:30;3;33;1;1;1;2;"44;7634500000";" -0;6747180000"
202200002603;17;9;2022;13:15;1;91;1;1;1;2;"48;7146200000";"2;2902600000"
202200002604;16;9;2022;20:30;3;91;1;1;1;7;"48;7158100000";"2;1732100000"
202200002605;17;9;2022;11:30;1;92;1;1;1;4;"48;9354016608";"2;2654496814"
202200002606;17;9;2022;16:10;1;93;1;1;1;4;"48;9185524531";"2;4787098169"
202200002607;17;9;2022;06:35;3;93;1;1;1;6;"48;8990668193";"2;4697556169"
202200002608;17;9;2022;00:05;3;93;1;1;1;4;"48;9184700000";"2;3571700000"
202200002609;2;5;2022;11:00;1;29;2;9;2;6;"47;9916512500";" -4;0763923227"
202200002610;17;9;2022;07:30;1;988;2;1;1;1;" -22;2899000000";"166;4423700000"
202200002611;17;9;2022;07:40;1;973;1;1;1;1;"4;9033760040";" -52;3048433661"
202200002612;16;9;2022;22:00;5;69;2;2;1;7;"45;7578600000";"4;8487300000"
202200002613;16;9;2022;07:30;1;972;1;6;1;5;"14;6185400000";" -61;0047400000"
202200002614;16;9;2022;10:25;1;972;1;1;3;4;"14;6166400000";" -61;0424900000"
202200002615;16;9;2022;19:00;1;69;2;1;8;2;"45;7772268403";"4;8106042296"
202200002616;14;9;2022;22:25;5;69;2;3;2;1;"45;7270290778";"4;8134467006"
202200002617;16;9;2022;12:15;1;971;1;1;2;6;"16;2140000000";" -61;4948300000"
202200002618;17;9;2022;00:10;5;95;2;1;1;6;"48;9409472597";"2;2539031506"
202200002619;16;9;2022;13:21;1;91;2;3;1;4;"48;7055900000";"2;3569700000"
202200002620;15;9;2022;20:36;5;87;2;3;1;7;"45;8221900000";"1;2398000000"
202200002621;15;9;2022;17:04;1;87;1;1;1;1;"45;8907900000";"1;2739600000"
202200002622;16;9;2022;05:30;5;83;2;1;1;6;"43;1262000000";"6;1500600000"
202200002623;16;9;2022;18:05;1;81;1;1;1;4;"43;9431500000";"2;1656500000"
202200002624;16;9;2022;17:30;1;76;2;4;1;6;"49;2818835369";"1;0077095030"
202200002625;16;9;2022;16:10;1;76;2;1;1;2;"49;4153880000";"1;0524160000"
202200002626;16;9;2022;11:35;1;76;2;2;1;4;"49;5217200000";"0;1174200000"
202200002627;16;9;2022;09:30;1;71;2;1;8;7;"46;7940000000";"4;4330000000"
202200002628;16;9;2022;19:35;1;69;2;1;1;1;"45;7812000000";"4;8719000000"
202200002629;16;9;2022;11:20;1;69;2;3;1;6;"45;7645900000";"4;8904700000"
202200002630;16;9;2022;19:15;1;69;2;3;1;1;"45;7142000000";"4;8792200000"
202200002631;16;9;2022;13:00;1;69;2;1;1;3;"45;7376300000";"4;8963700000"
202200002632;16;9;2022;05:45;3;68;1;9;1;2;"47;7328629579";"7;2858345509"
202200002633;16;9;2022;13:51;1;66;2;3;1;6;"42;7005100000";"2;8907300000"
202200002634;15;9;2022;21:57;3;66;1;1;1;2;"42;7111700000";"2;9206800000"
202200002635;15;9;2022;23:46;5;64;2;1;8;5;"43;3024500000";" -0;3607400000"
202200002636;15;9;2022;10:20;1;64;1;1;1;2;"43;2802580765";" -0;3827404976"
202200002637;15;9;2022;11:45;1;64;2;1;1;1;"43;4929600000";" -1;5286700000"
202200002638;13;9;2022;04:30;3;62;2;6;1;3;"50;5558850000";"2;4971870000"
202200002639;16;9;2022;08:40;1;59;2;1;1;6;"50;1970933146";"3;8526794314"
202200002640;12;9;2022;19:00;1;59;2;1;1;6;"50;6794790000";"3;1143630000"
202200002641;16;9;2022;00:20;5;59;2;9;8;4;"50;6431410000";"3;1451400000"
202200002642;15;9;2022;17:45;1;59;2;1;1;3;"50;6151020000";"3;0166810000"
202200002643;15;9;2022;07:30;1;59;1;3;1;3;"50;6244854500";"2;9570442438"
202200002644;12;9;2022;19:11;1;57;2;1;1;6;"49;3178200000";"6;1120300000"
202200002645;15;9;2022;07:25;2;56;2;6;1;3;"47;7782287600";" -3;3452028000"
202200002646;16;9;2022;18:55;1;54;1;1;1;2;"48;7119990000";"6;2428990000"
202200002647;16;9;2022;11:22;1;54;2;1;1;6;"48;6889400000";"6;1628100000"
202200002648;16;9;2022;08:15;2;54;2;1;8;4;"48;7024400000";"6;1709500000"
202200002649;16;9;2022;08:15;1;54;1;2;1;1;"49;1759800000";"5;9681900000"
202200002650;16;9;2022;17:20;1;51;2;2;1;3;"49;2493000000";"4;0369200000"
202200002651;16;9;2022;13:30;1;51;2;1;1;3;"49;2725800000";"4;0405800000"
202200002652;16;9;2022;09:35;1;51;2;9;1;2;"49;2320200000";"4;0670100000"
202200002653;16;9;2022;18:30;1;49;2;1;1;6;"47;4804300000";" -0;5662800000"
202200002654;16;9;2022;17:05;1;49;2;1;1;3;"47;4828500000";" -0;5353300000"
202200002655;16;9;2022;16:59;1;49;2;3;1;3;"47;4414500000";" -0;5451700000"
202200002656;16;9;2022;10:45;1;45;2;1;1;2;"47;8831500000";"1;9095600000"
202200002657;12;9;2022;08:20;1;44;2;1;7;3;"47;2095800000";" -1;5469500000"
202200002658;14;9;2022;11:10;1;43;2;3;1;2;"45;0495800000";"3;8948800000"
202200002659;16;9;2022;16:40;1;37;2;1;1;6;"47;4189284072";"0;6897300482"
202200002660;16;9;2022;16:19;1;37;2;1;1;7;"47;3883000000";"0;6966600000"
202200002661;15;9;2022;02:45;4;34;2;1;1;7;"43;6088800000";"3;8921600000"
202200002662;16;9;2022;20:15;5;33;2;3;1;2;"44;8789600000";" -0;6831500000"
202200002663;16;9;2022;08:40;1;33;2;3;1;3;"44;8253400000";" -0;5890600000"
202200002664;16;9;2022;00:10;5;33;2;1;1;1;"44;8728200000";" -0;5372600000"
202200002665;15;9;2022;19:40;1;33;2;1;1;6;"44;8758700000";" -0;6795400000"
202200002666;16;9;2022;22:45;5;31;2;1;1;3;"43;6095000000";"1;4544000000"
202200002667;16;9;2022;05:40;5;31;2;3;1;3;"43;5805800000";"1;4819100000"
202200002668;16;9;2022;15:30;1;31;2;8;1;3;"43;0907800000";"0;7066450000"
202200002669;9;9;2022;08:30;1;30;2;2;1;6;"43;8264500000";"4;3539000000"
202200002670;16;9;2022;20:10;3;28;2;1;1;3;"48;7459900000";"1;3716000000"
202200002671;16;9;2022;16:00;1;27;2;9;1;7;"49;1282300000";"1;4328600000"
202200002672;16;9;2022;08:53;1;27;2;3;1;3;"49;0767200000";"1;4639800000"
202200002673;17;9;2022;01:10;5;27;2;6;2;7;"49;2750800000";"1;1958200000"
202200002674;16;9;2022;07:45;1;25;1;1;2;6;"47;2637700000";"6;0060300000"
202200002675;16;9;2022;10:10;1;17;1;1;1;4;"45;6355700000";" -1;0153400000"
202200002676;14;9;2022;14:05;1;14;2;1;1;3;"49;1876468707";"0;2268773317"
202200002677;9;9;2022;16:35;1;14;2;1;2;6;"49;1563530000";"0;2275530000"
202200002678;16;9;2022;20:49;5;14;2;2;2;3;"49;1830910000";" -0;3845420000"
202200002679;28;7;2022;11:10;1;13;2;3;1;6;"43;4010100000";"5;0561000000"
202200002680;16;9;2022;18:15;1;13;2;2;1;1;"43;3144942436";"5;3705334663"
202200002681;16;9;2022;17:50;1;13;2;1;1;1;"43;3038800000";"5;4207300000"
202200002682;16;9;2022;16:00;1;13;2;1;1;3;"43;3159904060";"5;3695844952"
202200002683;16;9;2022;09:00;1;13;2;1;1;1;"43;2687793933";"5;4199021624"
202200002684;16;9;2022;02:40;5;13;2;1;1;1;"43;3062041872";"5;3848599474"
202200002685;15;9;2022;20:05;5;13;2;1;1;4;"43;2974600000";"5;3810400000"
202200002686;14;9;2022;17:50;1;11;2;1;1;3;"43;1994300000";"2;3583200000"
202200002687;15;9;2022;18:50;1;06;2;1;1;5;"43;6826800000";"7;1495100000"
202200002688;15;9;2022;16:15;1;75;2;1;1;3;"48;8931720000";"2;3035210000"
202200002689;16;9;2022;14:30;1;75;2;3;8;3;"48;8393220000";"2;3301050000"
202200002690;15;9;2022;19:15;2;75;2;1;1;3;"48;8235200000";"2;3103580000"
202200002691;16;9;2022;12:50;1;75;2;2;1;3;"48;8441300000";"2;4117220000"
202200002692;16;9;2022;07:30;1;75;2;2;1;2;"48;8546970000";"2;3853250000"
202200002693;16;9;2022;01:29;5;75;2;1;1;6;"48;8759390000";"2;3311780000"
202200002694;16;9;2022;09:55;1;75;2;3;1;3;"48;8714350000";"2;3024220000"
202200002695;16;9;2022;02:40;5;75;2;1;1;6;"48;8771310000";"2;3069650000"
202200002696;16;9;2022;10:02;1;75;2;1;8;6;"48;8657520000";"2;3352760000"
202200002697;16;9;2022;16:30;1;94;2;2;1;3;"48;7850000000";"2;4920000000"
202200002698;15;9;2022;19:45;1;94;2;1;1;7;"48;7850100000";"2;4973300000"
202200002699;16;9;2022;18:50;1;94;2;2;1;3;"48;8100000000";"2;4340000000"
202200002700;16;9;2022;12:00;1;94;2;1;1;1;"48;8120000000";"2;3867900000"
202200002701;16;9;2022;08:20;1;94;2;1;1;6;"48;8210600000";"2;4158400000"
202200002702;16;9;2022;14:30;1;93;2;3;1;6;"48;8952612161";"2;4621596325"
202200002703;16;9;2022;17:30;1;93;2;3;8;1;"48;8641500000";"2;4448600000"
202200002704;15;9;2022;18:30;1;93;2;1;1;6;"48;9174638054";"2;4560834441"
202200002705;17;9;2022;21:20;5;93;2;1;1;3;"48;9151288602";"2;4840430755"
202200002706;16;9;2022;20:00;5;93;2;3;1;1;"48;9441700254";"2;4724173546"
202200002707;16;9;2022;13:40;1;92;2;1;1;7;"48;8142900000";"2;2788300000"
202200002708;16;9;2022;05:00;5;92;2;3;1;6;"48;8391876020";"2;2057473063"
202200002709;16;9;2022;21:45;5;92;2;2;1;3;"48;8968768532";"2;2240231410"
202200002710;15;9;2022;18:25;1;92;2;3;1;6;"48;9131260000";"2;2258450000"
202200002711;15;9;2022;14:40;1;92;2;1;1;3;"48;9186860000";"2;2526860000"
202200002712;16;9;2022;18:56;2;92;2;2;1;2;"48;8979540000";"2;3112750000"
202200002713;16;9;2022;18:50;1;92;1;1;1;5;"48;9125352432";"2;3113312572"
202200002714;16;9;2022;08:15;1;92;1;1;1;3;"48;9081984949";"2;2926326394"
202200002715;17;9;2022;05:30;3;47;1;1;1;6;"44;6347400000";"0;7337970000"
202200002716;17;9;2022;16:00;1;47;1;1;1;6;"44;1322106572";"0;6740008711"
202200002717;6;7;2022;18:10;1;10;1;1;7;5;"48;2039688033";"4;7579383850"
202200002718;16;9;2022;21:40;4;66;1;1;1;6;"42;7044572800";"2;8655219078"
202200002719;17;9;2022;02:30;3;84;1;1;1;6;"43;9950950000";"4;9562420000"
202200002720;6;7;2022;00:00;3;07;1;1;1;7;"44;8633220000";"4;5657740000"
202200002721;16;9;2022;14:46;1;84;1;1;1;3;"44;1606260000";"5;1468800000"
202200002722;17;9;2022;09:15;1;77;1;1;1;5;"48;8752300000";"2;8736330000"
202200002723;5;7;2022;15:00;1;53;1;1;1;7;"48;3560090000";" -0;7656320000"
202200002724;17;9;2022;10:15;1;71;1;1;8;3;"46;7129290000";"4;8403570000"
202200002725;5;7;2022;21:45;3;53;1;1;1;3;"48;2028960000";" -0;8156810000"
202200002726;17;9;2022;18:50;1;85;1;1;1;1;"46;8251570000";" -1;1365490000"
202200002727;6;7;2022;18:38;1;04;2;1;1;7;"44;0436740000";"5;6333260000"
202200002728;17;9;2022;10:35;1;87;2;3;1;1;"45;9292630000";"1;1659080000"
202200002729;17;9;2022;10:25;1;87;2;8;1;7;"45;7783510000";"1;2052610000"
202200002730;5;7;2022;02:05;5;04;2;1;1;6;"43;7545120000";"5;8907750000"
202200002731;16;9;2022;22:19;3;37;1;1;1;6;"47;3139230000";"0;7570270000"
202200002732;15;9;2022;16:30;1;62;2;1;1;6;"50;3097290000";"2;6811980000"
202200002733;16;9;2022;21:25;3;66;1;4;6;3;"42;6560230000";"2;9259900000"
202200002734;17;9;2022;14:42;1;57;2;1;1;6;"48;6459850000";"7;2771660000"
202200002735;3;7;2022;19:15;1;85;2;4;1;3;"46;6907600000";" -1;1308360000"
202200002736;17;9;2022;06:10;2;62;2;4;9;6;"50;1105300000";"3;0366790000"
202200002737;6;7;2022;07:00;1;08;2;1;7;6;"49;6316500000";"5;1680400000"
202200002738;6;7;2022;09:55;1;06;1;1;1;1;"43;6270070000";"7;0529760000"
202200002739;6;7;2022;08:45;1;72;1;1;1;6;"48;0323762274";"0;0030434129"
202200002740;6;7;2022;07:10;1;76;1;1;1;2;"49;3443760000";"1;0492590000"
202200002741;4;7;2022;16:30;1;77;1;1;1;2;"48;4258330000";"2;5402880000"
202200002742;2;7;2022;14:47;1;988;1;1;1;7;" -20;8282300000";"167;2341660000"
202200002743;30;6;2022;18:00;2;973;1;1;2;2;"5;5984500000";" -53;7063870000"
202200002744;5;7;2022;19:30;5;973;2;1;1;3;"5;4844645363";" -54;0281935036"
202200002745;6;7;2022;02:00;3;977;2;1;8;3;"17;9045810000";" -62;8320110000"
202200002746;5;7;2022;19:10;1;45;2;1;1;6;"48;1181880480";"2;2105184197"
202200002747;3;7;2022;01:00;3;78;1;1;1;7;"48;6010130000";"1;8654760000"
202200002748;6;7;2022;15:30;1;34;1;1;1;5;"43;4157330000";"3;5457350000"
202200002749;6;7;2022;09:30;1;83;2;3;1;3;"43;4454140000";"6;6375610000"
202200002750;4;7;2022;12:10;1;06;2;1;1;3;"43;6793640000";"7;3333790000"
202200002751;5;7;2022;18:30;1;13;1;3;1;3;"43;7871670000";"4;9455210000"
202200002752;6;7;2022;06:15;1;13;2;1;1;3;"43;7813660000";"4;8317740000"
202200002753;6;7;2022;13:15;1;13;1;1;1;1;"43;5948220000";"4;6494910000"
202200002754;6;7;2022;16:00;1;13;1;1;1;1;"43;4440000000";"5;4376210000"
202200002755;5;7;2022;15:15;1;71;1;1;1;7;"46;2724840000";"4;1133610000"
202200002756;5;7;2022;13:30;1;71;1;9;1;3;"46;6469910000";"4;8997200000"
202200002757;5;7;2022;17:45;1;21;1;1;1;1;"47;0800520000";"4;7825830000"
202200002758;5;7;2022;13:45;1;03;1;1;1;6;"46;5423330000";"3;6980040000"
202200002759;5;7;2022;17:15;1;63;2;1;1;3;"45;7990540000";"3;2556410000"
202200002760;5;7;2022;18:50;1;73;2;2;1;3;"45;6250460000";"5;9003020000"
202200002761;6;7;2022;07:30;1;26;1;3;1;3;"45;0278900000";"5;1968340000"
202200002762;5;7;2022;15:45;1;69;2;1;1;3;"45;8556470000";"4;6926200000"
202200002763;5;7;2022;17:30;1;33;2;2;1;3;"44;6076940000";" -0;7708450000"
202200002764;5;7;2022;11:30;1;50;1;5;1;3;"49;6788440000";" -1;9088960000"
202200002765;6;7;2022;15:10;1;35;2;3;1;6;"47;7221560000";" -1;7326690000"
202200002766;3;7;2022;19:30;1;27;1;1;1;2;"48;9372720000";"0;9768120000"
202200002767;5;7;2022;20:27;1;60;2;1;7;2;"49;3866890000";"2;3841190000"