Accident_Id;jour;mois;an;hrmn;lum;dep;agg;int;atm;col;lat;long
202200002768;5;7;2022;21:45;2;60;1;1;1;1;"49;2066020000";"2;0628210000"
202200002769;5;7;2022;17:00;1;60;2;3;1;7;"49;2977450000";"1;8716240000"
202200002770;5;7;2022;12:00;1;62;2;7;7;6;"50;6354480000";"1;5796390000"
202200002771;5;7;2022;21:30;1;59;2;1;1;6;"50;0588730000";"3;1227140000"
202200002772;6;7;2022;21:00;1;59;2;6;1;3;"50;5768260000";"3;1941410000"
202200002773;5;7;2022;20:26;1;13;1;1;1;2;"43;2777000000";"5;5864000000"
202200002774;4;7;2022;16:21;1;13;1;1;1;2;"43;2888436964";"5;4247172177"
202200002775;4;7;2022;08:20;1;13;1;1;1;7;"43;2890940860";"5;5596121908"
202200002776;3;7;2022;23:15;3;13;1;1;1;4;"43;2927900000";"5;4544500000"
202200002777;5;7;2022;10:15;1;91;1;1;1;6;"48;5962000000";"2;4421700000"
202200002778;4;7;2022;18:30;1;91;1;1;1;3;"48;5874300000";"2;4498500000"
202200002779;4;7;2022;20:15;1;94;1;1;1;4;"48;7722202322";"2;3457574536"
202200002780;5;7;2022;09:50;1;91;1;1;1;4;"48;7258500000";"2;3131400000"
202200002781;5;7;2022;07:50;1;91;1;1;1;2;"48;6715500000";"2;3460100000"
202200002782;5;7;2022;07:20;1;94;1;1;1;4;"48;7571668131";"2;3355898841"
202200002783;4;7;2022;17:00;1;91;1;1;1;4;"48;7399300000";"2;3202500000"
202200002784;5;7;2022;18:40;1;92;1;1;1;4;"48;8484428933";"2;2412597537"
202200002785;5;7;2022;08:15;1;78;1;1;1;2;"48;9219050000";"2;0020070000"
202200002786;5;7;2022;17:45;1;95;1;1;1;4;"49;0377100000";"2;1231200000"
202200002787;5;7;2022;15:50;1;92;1;1;1;3;"48;9309792515";"2;3233129103"
202200002788;5;7;2022;00:10;3;93;1;1;1;3;"48;9581900000";"2;5273000000"
202200002789;5;7;2022;19:45;1;77;1;1;1;3;"48;9689100000";"2;6011500000"
202200002790;5;7;2022;15:20;1;77;1;1;1;5;"48;8366222215";"2;6649838163"
202200002791;5;7;2022;09:50;1;77;1;1;1;3;"48;8322724632";"2;5993101225"
202200002792;4;7;2022;16:40;1;94;1;1;1;2;"48;8179097928";"2;4115495449"
202200002793;4;7;2022;07:00;1;77;1;1;1;6;"48;8299562502";"2;6210469540"
202200002794;3;7;2022;11:50;1;83;2;1;1;3;"43;1141700000";"5;9393800000"
202200002795;4;7;2022;19:10;1;77;2;9;7;6;"48;8545300000";"2;7828900000"
202200002796;4;7;2022;14:00;1;94;2;2;1;3;"48;8368300000";"2;4203400000"
202200002797;4;7;2022;09:00;1;93;2;1;1;6;"48;9072712740";"2;3322574497"
202200002798;5;5;2022;21:35;1;78;2;6;1;3;"48;9334360000";"2;0430760000"
202200002799;30;4;2022;17:30;1;63;2;1;1;6;"45;7651200000";"3;0891700000"
202200002800;22;4;2022;12:54;1;92;2;2;1;6;"48;9030957461";"2;3093700260"
202200002801;3;7;2022;18:49;5;987;2;2;1;3;" -17;5318070000";" -149;5431540000"
202200002802;4;7;2022;11:55;1;973;2;1;1;7;"4;9345700000";" -52;3139700000"
202200002803;4;7;2022;12:30;1;69;2;1;1;6;"45;7297028258";"4;8683273792"
202200002804;4;7;2022;14:15;1;69;2;2;1;2;"45;7699000000";"4;8570000000"
202200002805;4;7;2022;12:50;1;69;2;1;1;6;"45;7741687245";"4;8480309714"
202200002806;4;7;2022;16:50;1;972;1;1;1;7;"14;5959500000";" -61;0593000000"
202200002807;4;7;2022;18:30;1;2B;2;1;1;3;"42;6856000000";"9;4464300000"
202200002808;4;7;2022;19:30;5;971;2;1;1;6;"16;2512300000";" -61;5277400000"
202200002809;4;7;2022;05:40;1;971;1;1;1;1;"16;2176900000";" -61;4308000000"
202200002810;13;6;2022;13:40;1;95;2;2;7;3;"49;0118200000";"2;3050200000"
202200002811;4;7;2022;10:55;1;91;2;1;1;6;"48;6974000000";"2;2934900000"
202200002812;4;7;2022;18:00;1;91;2;1;1;6;"48;4410100000";"2;1472600000"
202200002813;4;7;2022;08:50;1;91;1;9;1;7;"48;4341060000";"2;1879050000"
202200002814;1;7;2022;18:37;1;87;2;1;1;3;"45;8479200000";"1;2620200000"
202200002815;1;7;2022;16:22;1;87;2;3;1;3;"45;8101600000";"1;2568800000"
202200002816;3;7;2022;16:00;1;83;2;1;1;1;"43;4922560000";"6;4855610000"
202200002817;4;7;2022;17:55;1;81;2;1;1;6;"43;5960300000";"2;2261000000"
202200002818;1;7;2022;20:00;1;80;2;1;1;3;"49;9105800000";"2;3136300000"
202200002819;4;7;2022;17:00;1;78;2;2;1;6;"48;9261900000";"2;0483600000"
202200002820;4;7;2022;15:40;1;76;2;2;1;6;"49;4466100000";"1;1056900000"
202200002821;4;7;2022;14:55;1;76;2;1;1;2;"49;4540300000";"1;1049800000"
202200002822;3;7;2022;19:18;1;76;2;2;1;3;"49;5133390000";"0;1694200000"
202200002823;3;7;2022;06:30;2;72;2;9;1;6;"48;0240675023";"0;1821398733"
202200002824;4;7;2022;13:45;1;71;2;6;1;3;"46;6436700000";"4;3328500000"
202200002825;3;7;2022;08:15;1;71;2;3;1;6;"46;6767460000";"4;3644120000"
202200002826;4;7;2022;12:15;1;69;1;2;1;2;"45;7150600000";"4;9255500000"
202200002827;4;7;2022;10:30;1;69;2;3;1;1;"45;9879373999";"4;7355231643"
202200002828;3;7;2022;22:52;5;67;2;1;1;2;"48;6012200000";"7;7544700000"
202200002829;2;7;2022;21:00;1;67;2;3;1;3;"48;5950600000";"7;7101100000"
202200002830;1;7;2022;22:00;5;67;2;3;1;3;"48;5775500000";"7;7531300000"
202200002831;1;7;2022;19:00;1;67;2;3;1;3;"48;5564900000";"7;6811700000"
202200002832;1;7;2022;17:54;1;66;2;3;1;3;"42;7012000000";"2;9433300000"
202200002833;3;7;2022;02:20;5;64;2;2;1;3;"43;4807600000";" -1;5453500000"
202200002834;5;7;2022;03:05;5;64;2;1;1;7;"43;5070680000";" -1;4859410000"
202200002835;2;7;2022;13:10;1;64;2;1;1;2;"43;5264300000";" -1;5118600000"
202200002836;1;7;2022;14:09;1;63;2;2;1;3;"45;7929500000";"3;1162500000"
202200002837;16;6;2022;16:00;1;62;2;3;1;6;"50;2877200000";"2;7792300000"
202200002838;4;7;2022;17:40;1;59;2;4;1;6;"50;6159650000";"3;0368160000"
202200002839;4;7;2022;08:40;1;59;2;1;1;3;"50;6559600000";"3;1331600000"
202200002840;3;7;2022;05:30;2;59;2;1;1;1;"50;3770085701";"3;0570852757"
202200002841;3;7;2022;01:20;3;56;1;1;1;6;"47;7330100000";" -3;4039500000"
202200002842;2;7;2022;18:25;1;56;2;1;1;2;"47;7279700000";" -3;3844600000"
202200002843;4;7;2022;22:25;5;54;2;1;1;6;"48;6666243043";"6;1766391993"
202200002844;4;7;2022;07:20;1;54;2;1;1;6;"48;6770200000";"6;2080100000"
202200002845;3;7;2022;22:20;2;51;1;9;1;3;"49;0691800000";"3;9318700000"
202200002846;1;7;2022;14:15;1;44;2;1;1;2;"47;2540000000";" -2;2603100000"
202200002847;4;7;2022;22:50;5;44;2;1;1;3;"47;2035490000";" -1;4903630000"
202200002848;4;7;2022;12:40;1;35;2;1;1;2;"48;1045700000";" -1;7189800000"
202200002849;4;7;2022;08:00;1;35;2;6;1;2;"48;0814454608";" -1;6756014526"
202200002850;1;7;2022;18:20;1;34;1;1;1;7;"43;3089600000";"3;2101500000"
202200002851;4;7;2022;21:25;5;33;2;8;1;3;"44;8375962478";" -0;5737969279"
202200002852;4;7;2022;08:40;1;33;2;1;2;6;"44;6131700000";" -1;1281050000"
202200002853;4;7;2022;21:35;1;31;2;1;1;6;"43;6087500000";"1;4532000000"
202200002854;4;7;2022;11:00;1;13;2;1;1;4;"43;4236300000";"5;2416600000"
202200002855;4;7;2022;07:40;1;13;1;1;1;2;"43;6218818686";"5;0988181636"
202200002856;4;7;2022;16:30;1;13;2;2;1;5;"43;2690000000";"5;4210000000"
202200002857;4;7;2022;07:25;1;13;2;1;1;2;"43;3380000000";"5;4790000000"
202200002858;2;5;2022;15:34;1;13;2;1;1;1;"43;3784116037";"5;3604059725"
202200002859;1;7;2022;21:14;1;03;2;1;1;6;"46;1149100000";"3;4152500000"
202200002860;4;7;2022;09:10;1;75;2;1;1;3;"48;8642390000";"2;2666410000"
202200002861;3;7;2022;23:19;5;75;2;1;1;5;"48;8237130000";"2;3089650000"
202200002862;4;7;2022;12:30;1;75;2;3;1;3;"48;8890130000";"2;3042240000"
202200002863;3;7;2022;04:30;2;75;2;1;1;6;"48;8841400000";"2;3184090000"
202200002864;30;6;2022;19:20;1;75;2;1;1;3;"48;8870350000";"2;2902900000"
202200002865;4;7;2022;09:45;1;75;2;2;1;6;"48;8505070000";"2;4064080000"
202200002866;3;7;2022;22:45;5;75;2;2;1;3;"48;8645560000";"2;4073410000"
202200002867;4;7;2022;08:20;1;75;2;1;1;3;"48;8806030000";"2;3747140000"
202200002868;4;7;2022;07:55;1;75;2;7;1;3;"48;8875510000";"2;3044830000"
202200002869;4;7;2022;11:00;1;75;2;4;1;6;"48;8481110000";"2;2706290000"
202200002870;4;7;2022;02:20;5;75;2;3;1;6;"48;8432420000";"2;3205000000"
202200002871;4;7;2022;07:20;1;75;2;2;1;3;"48;8375400000";"2;3229380000"
202200002872;3;7;2022;18:00;1;75;2;1;1;3;"48;8349740000";"2;3330050000"
202200002873;4;7;2022;14:21;1;75;2;3;1;3;"48;8360520000";"2;3495450000"
202200002874;4;7;2022;07:30;1;75;2;4;1;3;"48;8317120000";"2;3443750000"
202200002875;3;7;2022;23:50;5;75;2;2;1;6;"48;8303260000";"2;3704310000"
202200002876;4;7;2022;11:10;1;75;2;2;1;3;"48;8547000000";"2;3853210000"
202200002877;4;7;2022;08:27;1;75;2;3;1;6;"48;8761560000";"2;3721460000"
202200002878;4;7;2022;09:45;1;75;2;2;1;3;"48;8616960000";"2;3054570000"
202200002879;4;7;2022;16:30;1;75;2;2;1;3;"48;8670310000";"2;3529740000"
202200002880;4;7;2022;10:42;1;94;2;1;1;3;"48;7958630000";"2;4110490000"
202200002881;4;7;2022;01:50;5;94;2;2;1;3;"48;7949700000";"2;3545300000"
202200002882;4;7;2022;13:50;1;93;1;1;1;6;"49;0090300000";"2;5614400000"
202200002883;4;7;2022;08:30;1;93;2;2;1;1;"48;9600800000";"2;5531200000"
202200002884;4;7;2022;11:25;1;93;2;3;1;2;"48;9141800000";"2;3365000000"
202200002885;4;7;2022;12:45;1;93;2;9;1;2;"48;9114508152";"2;3584105967"
202200002886;4;7;2022;18:50;1;93;2;1;1;6;"48;8852000000";"2;5034600000"
202200002887;4;7;2022;09:00;1;93;2;9;1;3;"48;9486400000";"2;3348300000"
202200002888;4;7;2022;06:33;2;93;2;3;1;3;"48;9278737695";"2;4396794206"
202200002889;4;7;2022;11:30;1;93;2;3;1;6;"48;9268900000";"2;4718800000"
202200002890;4;7;2022;17:00;1;93;2;2;7;2;"48;9532380000";"2;5025720000"
202200002891;1;7;2022;19:20;1;92;2;1;1;6;"48;8130514636";"2;2985630706"
202200002892;4;7;2022;09:50;1;92;2;6;1;3;"48;8616337394";"2;2123766541"
202200002893;4;7;2022;07:45;1;92;2;6;1;3;"48;8548171793";"2;2197578251"
202200002894;4;7;2022;06:45;1;92;2;2;1;3;"48;8864900000";"2;1940500000"
202200002895;4;7;2022;18:55;1;92;2;1;7;6;"48;8161210150";"2;3104253411"
202200002896;4;7;2022;16:20;1;92;2;1;1;7;"48;8116754440";"2;3234686553"
202200002897;3;7;2022;10:00;1;92;2;1;1;1;"48;8073426664";"2;2941822857"
202200002898;4;7;2022;07:36;1;92;2;2;1;2;"48;8315821096";"2;2672103941"
202200002899;4;7;2022;10:40;1;92;2;1;1;7;"48;9376867574";"2;2771509290"
202200002900;4;7;2022;05:40;5;92;2;1;1;1;"48;9432700000";"2;3008600000"
202200002901;2;7;2022;12:40;1;92;2;1;1;2;"48;9133408252";"2;2980285734"
202200002902;1;7;2022;12:35;1;92;2;2;1;2;"48;9384601981";"2;2804345563"
202200002903;4;7;2022;08:20;1;92;2;3;1;3;"48;8950580134";"2;2500520348"
202200002904;4;7;2022;17:30;1;92;2;1;1;6;"48;9044017958";"2;3162502944"
202200002905;3;7;2022;15:35;1;92;2;1;1;4;"48;8346079992";"2;2465446442"
202200002906;3;7;2022;00:07;5;92;1;1;1;6;"48;9080400000";"2;2925400000"
202200002907;5;7;2022;19:30;2;80;1;1;1;7;"50;0453570000";"2;5452700000"
202200002908;5;7;2022;07:10;1;38;2;4;1;3;"45;5080990000";"4;9178140000"
202200002909;3;7;2022;16:30;1;17;1;9;1;6;"46;1064280000";" -1;0974610000"
202200002910;4;7;2022;20:30;1;40;2;6;1;7;"43;6700560000";" -1;3824270000"
202200002911;2;7;2022;17:45;1;40;2;3;1;3;"43;6585190000";" -1;3714720000"
202200002912;5;7;2022;12:05;1;84;2;1;1;6;"44;1783553424";"4;7601681084"
202200002913;3;7;2022;12:04;1;68;1;9;1;3;"47;8265250000";"7;5459000000"
202200002914;30;6;2022;08:50;1;84;1;6;1;2;"44;1573050000";"4;8637570000"
202200002915;5;7;2022;09:00;1;50;1;2;1;7;"49;0509690000";" -1;0983220000"
202200002916;5;7;2022;06:42;2;62;2;1;1;6;"50;3146050000";"2;5364500000"
202200002917;7;8;2022;09:30;1;988;1;9;1;6;" -20;9371200000";"165;3657400000"
202200002918;5;8;2022;23:30;3;971;1;1;3;6;"16;2556310000";" -61;2441020000"
202200002919;7;8;2022;06:30;1;66;1;1;1;6;"42;7717180000";"2;8473990000"
202200002920;5;8;2022;12:25;1;30;1;1;1;7;"44;1242400000";"3;4579250000"
202200002921;6;8;2022;07:50;2;34;1;1;1;7;"43;3760440000";"2;7776530000"
202200002922;2;8;2022;19:15;1;34;1;1;1;2;"43;8828950000";"3;7030600000"
202200002923;7;8;2022;18:30;1;71;1;1;1;1;"46;6642560000";"4;9458270000"
202200002924;8;8;2022;18:30;1;68;1;1;1;7;"48;2132420000";"7;3383840000"
202200002925;6;8;2022;19:30;1;74;2;1;1;6;"46;0659660000";"6;3137000000"
202200002926;8;8;2022;15:00;1;42;2;1;1;5;"45;7424830000";"4;2119800000"
202200002927;8;8;2022;10:55;1;65;1;1;1;7;"42;9242200000";"0;2033110000"
202200002928;7;8;2022;17:10;1;31;2;1;1;6;"43;4657450000";"1;3363360000"
202200002929;7;8;2022;07:10;2;31;2;6;1;2;"43;4764360000";"1;3193570000"
202200002930;6;8;2022;11:55;1;17;2;1;1;3;"45;7621380000";" -0;6142040000"
202200002931;7;8;2022;16:30;1;17;2;9;1;3;"45;8135890000";" -1;1330080000"
202200002932;7;8;2022;01:00;5;33;2;1;1;7;"44;7478000000";" -0;5912390000"
202200002933;8;8;2022;16:30;1;44;2;1;1;7;"47;2356260000";" -1;4767650000"
202200002934;7;8;2022;19:00;2;56;1;3;1;1;"48;0251040000";" -2;8410230000"
202200002935;8;8;2022;18:30;1;76;2;1;1;6;"49;5363710000";"0;9605100000"
202200002936;5;8;2022;19:00;1;59;2;1;1;6;"50;6988910000";"2;7789460000"
202200002937;7;8;2022;06:30;2;13;2;1;1;2;"43;2962100000";"5;4248100000"
202200002938;7;8;2022;06:35;2;13;1;1;1;2;"43;3987438854";"5;0861862301"
202200002939;6;8;2022;11:55;1;13;1;1;1;2;"43;3615400000";"5;3615600000"
202200002940;7;8;2022;11:20;1;91;1;1;1;4;"48;7143400000";"2;2739900000"
202200002941;6;8;2022;03:23;3;91;1;1;1;6;"48;6251200000";"2;3655900000"
202200002942;6;8;2022;22:43;5;92;1;1;1;6;"48;8843014277";"2;1656397422"
202200002943;7;8;2022;12:25;1;93;1;1;1;2;"48;9279701620";"2;4181916762"
202200002944;7;8;2022;05:30;3;95;1;1;1;6;"49;0685147303";"2;3858517408"
202200002945;7;8;2022;02:35;3;92;1;1;1;2;"48;9378886633";"2;2976672190"
202200002946;13;2;2022;18:34;5;60;2;6;1;6;"49;3839360000";"2;4136140000"
202200002947;6;8;2022;10:50;1;32;1;1;1;6;"43;6356600000";"0;5926300000"
202200002948;5;8;2022;07:35;1;52;2;4;1;6;"48;1086200000";"5;1362400000"
202200002949;5;8;2022;21:05;1;29;2;1;1;6;"48;3996400000";" -4;4891700000"
202200002950;5;8;2022;17:00;1;976;2;1;1;6;" -12;7742300000";"45;2227100000"
202200002951;5;8;2022;16:00;1;974;1;1;1;6;" -21;2966300000";"55;4172400000"
202200002952;5;8;2022;16:45;1;974;2;3;1;5;" -20;9482800000";"55;3031600000"
202200002953;6;8;2022;02:15;5;69;2;1;1;1;"45;7461300000";"4;8498000000"
202200002954;6;8;2022;05:30;2;972;1;1;3;6;"14;6145000000";" -61;0499800000"
202200002955;6;8;2022;13:15;1;971;1;1;2;3;"16;2761236870";" -61;5017223358"
202200002956;6;8;2022;13:55;1;2A;2;1;1;2;"41;9365067816";"8;7426071763"
202200002957;7;8;2022;01:03;5;91;2;1;1;7;"48;7132800000";"2;3964200000"
202200002958;6;8;2022;19:17;1;91;2;1;1;6;"48;6545000000";"2;3937700000"
202200002959;6;8;2022;19:00;1;91;2;1;1;3;"48;6918500000";"2;3634800000"
202200002960;6;8;2022;14:55;1;91;2;1;1;4;"48;6992200000";"2;3718600000"
202200002961;5;8;2022;14:30;1;86;2;2;1;3;"46;5921800000";"0;3824700000"
202200002962;6;8;2022;03:00;5;83;2;1;1;7;"43;1499800000";"5;9811000000"
202200002963;6;8;2022;04:00;3;83;1;1;1;2;"43;1379100000";"6;0244400000"
202200002964;2;8;2022;14:10;1;83;2;1;1;3;"43;0863700000";"5;8809200000"
202200002965;6;8;2022;09:05;1;83;2;1;1;3;"43;1106060000";"6;1241910000"
202200002966;6;8;2022;17:35;1;82;2;3;1;3;"44;0027000000";"1;3666700000"
202200002967;6;8;2022;19:40;1;69;2;9;1;6;"45;7010118189";"4;9188512565"
202200002968;5;8;2022;11:55;1;64;2;2;1;3;"43;3148100000";" -0;3545000000"
202200002969;5;8;2022;18:20;1;61;2;1;1;1;"48;4123000000";"0;0867500000"
202200002970;6;8;2022;01:15;3;60;1;9;1;3;"49;2469600000";"2;4565200000"
202200002971;6;8;2022;08:00;1;59;2;1;7;6;"50;7359291233";"3;1536481976"
202200002972;6;8;2022;11:30;1;59;2;6;1;3;"50;6016000000";"3;0793200000"
202200002973;6;8;2022;09:30;1;54;2;1;1;6;"48;6630090000";"6;1681900000"
202200002974;6;8;2022;03:15;5;51;2;6;1;7;"48;9626600000";"4;3894600000"
202200002975;5;8;2022;20:01;1;49;2;1;1;7;"47;4343400000";" -0;5261700000"
202200002976;6;8;2022;18:23;1;49;2;1;1;6;"47;4514000000";" -0;5019000000"
202200002977;6;8;2022;17:05;1;49;2;1;1;6;"47;4503000000";" -0;5556100000"
202200002978;6;8;2022;02:40;5;44;2;1;1;7;"47;2096300000";" -1;5980200000"
202200002979;6;8;2022;15:30;1;43;1;1;1;7;"45;0297700000";"3;9056900000"
202200002980;5;8;2022;11:25;1;39;1;1;1;5;"47;1079420000";"5;4841690000"
202200002981;6;8;2022;20:10;1;35;2;1;1;6;"48;0862260623";" -1;6750663519"
202200002982;6;8;2022;15:25;1;33;2;3;1;3;"44;6224900000";" -1;2018400000"
202200002983;6;8;2022;23:20;5;30;2;6;1;2;"44;1434600000";"4;1033100000"
202200002984;5;8;2022;11:25;1;29;1;1;1;7;"47;9322651000";" -3;9053828000"
202200002985;5;8;2022;12:25;1;29;2;2;1;3;"48;3997680000";" -4;4860940000"
202200002986;5;8;2022;12:00;1;29;2;3;1;2;"48;3922920000";" -4;4797070000"
202200002987;6;8;2022;19:00;1;28;2;1;1;4;"48;4414200000";"1;4829100000"
202200002988;6;8;2022;16:40;1;27;2;1;1;1;"49;0175982571";"1;1297464371"
202200002989;6;8;2022;12:10;1;26;1;4;1;3;"44;8973000000";"4;9150800000"
202200002990;6;8;2022;16:35;1;13;2;1;1;1;"43;3285443945";"5;4101165961"
202200002991;6;8;2022;00:40;5;13;2;1;1;1;"43;2351037021";"5;3603558555"
202200002992;6;8;2022;02:45;5;10;2;1;1;6;"48;3048100000";"4;0647200000"
202200002993;5;8;2022;18:45;1;10;2;3;1;3;"48;3200657884";"4;1037958860"
202200002994;6;8;2022;10:20;1;08;2;9;7;6;"49;7735486540";"4;7178549170"
202200002995;4;8;2022;13:30;1;75;2;1;1;2;"48;8918430000";"2;3957800000"
202200002996;5;8;2022;20:28;2;75;2;5;1;3;"48;8258130000";"2;3503650000"
202200002997;6;8;2022;21:40;5;75;2;2;1;7;"48;8922600000";"2;3010190000"
202200002998;6;8;2022;14:25;1;75;2;2;1;6;"48;8873490000";"2;3141350000"
202200002999;6;8;2022;05:30;5;75;2;1;1;2;"48;8666750000";"2;2302470000"
202200003000;6;8;2022;22:15;5;75;2;7;1;3;"48;8491520000";"2;2818960000"
202200003001;6;8;2022;00:35;5;75;2;2;1;3;"48;8322280000";"2;3797870000"
202200003002;6;8;2022;22:05;5;75;2;1;1;6;"48;8479030000";"2;3917330000"
202200003003;6;8;2022;15:00;1;75;2;2;1;6;"48;8513250000";"2;3761390000"
202200003004;6;8;2022;09:45;1;75;2;1;1;6;"48;8709050000";"2;3042960000"
202200003005;6;8;2022;02:25;5;75;2;1;1;3;"48;8770220000";"2;3028320000"
202200003006;5;8;2022;22:40;5;75;2;1;1;5;"48;8831280000";"2;3261890000"
202200003007;5;8;2022;05:05;5;75;2;2;2;3;"48;8654600000";"2;3561180000"
202200003008;6;8;2022;10:07;1;94;2;1;1;2;"48;7910300000";"2;3944300000"
202200003009;6;8;2022;14:30;1;94;2;1;1;3;"48;7564400000";"2;4834700000"
202200003010;6;8;2022;06:45;2;94;2;6;1;3;"48;7651030000";"2;3533800000"
202200003011;6;8;2022;04:10;5;94;2;2;1;3;"48;7739400000";"2;3518460000"
202200003012;6;8;2022;19:00;1;94;2;3;1;1;"48;8583160000";"2;4797080000"
202200003013;6;8;2022;09:35;1;94;2;2;1;3;"48;8307500000";"2;5484700000"
202200003014;6;8;2022;11:55;1;93;2;2;1;3;"48;9248000000";"2;4150000000"
202200003015;31;7;2022;17:20;1;93;2;1;1;6;"48;9106398725";"2;5011125341"
202200003016;6;8;2022;19:30;1;93;2;3;1;3;"48;9110616219";"2;3882203979"
202200003017;6;8;2022;07:25;1;92;2;1;7;6;"48;8312124736";"2;2360315919"
202200003018;6;8;2022;18:50;1;51;1;2;1;3;"48;6094900000";"4;5552710000"
202200003019;6;8;2022;15:10;1;22;1;1;1;1;"48;6238820000";" -2;9722850000"
202200003020;6;8;2022;23:20;3;45;1;9;1;1;"47;9090502312";"2;6437354088"
202200003021;7;8;2022;12:00;1;33;1;4;1;3;"44;5757460000";" -0;0121930000"
202200003022;15;7;2022;11:55;1;31;1;4;1;1;"43;6126010000";"1;5468290000"
202200003023;6;8;2022;03:35;5;974;2;1;1;7;" -21;3515480000";"55;6119340000"
202200003024;7;8;2022;12:25;1;28;1;2;1;3;"48;3755730000";"1;4947950000"
202200003025;6;8;2022;15:45;1;74;2;1;1;7;"45;9132220000";"6;0806680000"
202200003026;7;8;2022;17:30;1;71;1;4;1;6;"46;7479480000";"4;8327830000"
202200003027;6;8;2022;12:35;1;974;2;3;1;3;" -21;2882310000";"55;4123070000"
202200003028;7;8;2022;03:00;3;79;1;1;1;7;"46;1309800000";" -0;2541230000"
202200003029;5;8;2022;20:15;1;65;2;1;1;6;"43;1708590000";"0;2556920000"
202200003030;7;8;2022;06:30;2;51;1;1;1;7;"49;0450883752";"4;3073487282"
202200003031;6;8;2022;18:05;1;56;1;2;1;3;"48;0974300000";" -2;5535900000"
202200003032;7;8;2022;14:55;1;65;1;1;1;7;"42;8010690000";"0;4411700000"
202200003033;7;8;2022;16:20;1;65;1;1;1;3;"43;1049450000";"0;4014450000"
202200003034;7;8;2022;15:03;1;33;1;1;1;1;"45;5264010000";" -1;0991590000"
202200003035;7;8;2022;12:50;1;71;1;1;1;6;"46;5365620000";"4;0203740000"
202200003036;6;8;2022;20:15;2;71;1;1;1;7;"46;3966440000";"4;7932360000"
202200003037;6;8;2022;18:19;1;61;1;1;1;3;"48;5816080000";" -0;4298190000"
202200003038;6;8;2022;20:25;1;46;1;1;1;1;"44;7019570000";"1;5457790000"
202200003039;6;8;2022;09:35;1;47;1;1;1;3;"44;2060500000";"0;4434010000"
202200003040;6;8;2022;19:55;1;22;1;1;1;1;"48;6121430000";" -3;3496930000"
202200003041;3;8;2022;08:00;1;39;2;3;7;2;"47;0753170000";"5;4081650000"
202200003042;7;8;2022;15:25;1;39;1;3;1;3;"46;4525740000";"5;3468820000"
202200003043;6;8;2022;19:20;2;44;2;1;1;6;"47;4289620000";" -2;3940480000"
202200003044;6;8;2022;13:20;1;35;1;1;1;2;"48;6532385167";" -1;8733821809"
202200003045;7;8;2022;08:00;1;02;2;2;7;2;"49;3960070000";"3;1142870000"
202200003046;7;8;2022;14:05;1;02;2;1;1;7;"49;4748480000";"3;5912900000"
202200003047;6;8;2022;18:07;1;01;1;4;7;1;"46;1657010000";"5;3606370000"
202200003048;6;8;2022;21:25;2;70;1;1;1;6;"47;6344100000";"5;9795240000"
202200003049;5;8;2022;10:15;1;72;1;1;1;6;"47;7743630000";"0;4807380000"
202200003050;6;8;2022;18:30;2;50;2;2;1;6;"49;5062530000";" -1;4646710000"
202200003051;7;8;2022;12:15;1;64;1;1;1;6;"42;9972897732";" -0;7551491261"
202200003052;7;8;2022;18:30;1;43;2;1;1;6;"45;3019210000";"4;2680590000"
202200003053;6;8;2022;10:00;1;10;1;1;1;7;"48;0142335431";"4;1680455208"
202200003054;6;8;2022;15:20;1;36;1;1;1;6;"46;5059347538";"1;6980984807"
202200003055;7;8;2022;19:00;1;16;2;1;1;6;"46;0232040000";"0;2242640000"
202200003056;7;8;2022;02:30;3;21;2;1;1;6;"47;2574977577";"4;5724062560"
202200003057;6;8;2022;11:28;1;24;1;1;1;1;"45;0685500000";"0;7265190000"
202200003058;6;8;2022;10:40;1;85;1;1;1;7;"46;4917650000";" -1;4005840000"
202200003059;7;8;2022;10:45;1;85;1;1;1;2;"46;8291800000";" -0;7600790000"
202200003060;7;8;2022;10:40;1;85;1;1;1;6;"46;4347175000";" -1;2635926900"
202200003061;7;8;2022;10:35;1;87;1;1;1;4;"46;2372970000";"0;8946350000"
202200003062;7;8;2022;03:30;3;48;1;1;1;6;"44;7033140000";"3;8662430000"
202200003063;7;8;2022;09:00;1;973;2;1;1;3;"4;8875480000";" -52;2822400000"
202200003064;6;8;2022;22:45;5;987;1;9;1;-1;" -17;5589640000";" -149;6065930000"
202200003065;6;8;2022;05:20;2;28;1;1;1;7;"48;2102660000";"1;8477980000"
202200003066;6;8;2022;21:29;2;45;1;1;1;6;"47;8982395152";"1;7946636800"
202200003067;7;8;2022;17:45;1;34;1;1;1;6;"43;5902450000";"3;8059470000"
202200003068;7;8;2022;06:30;1;988;1;1;1;7;" -20;7122700000";"164;9403620000"
202200003069;6;8;2022;22:15;3;974;1;1;1;1;" -21;1228910000";"55;2635130000"
202200003070;6;8;2022;10:45;1;973;2;1;1;1;"4;7107082603";" -52;3909664154"
202200003071;24;7;2022;08:00;1;971;2;1;1;2;"16;0174840956";" -61;7467582226"
202200003072;7;8;2022;03:45;3;45;1;1;1;6;"47;7798581847";"2;3176603680"
202200003073;7;8;2022;10:40;1;45;2;8;1;3;"47;6863120000";"2;6542070000"
202200003074;6;8;2022;19:14;1;77;1;4;7;3;"48;2090100000";"2;9495070000"
202200003075;5;8;2022;07:50;1;77;1;1;1;1;"48;7717610000";"2;7752070000"
202200003076;7;8;2022;07:45;1;2B;1;1;1;3;"42;5369710000";"9;4725220000"
202200003077;5;8;2022;05:00;3;66;1;1;1;6;"42;7232799525";"3;0297414958"
202200003078;6;8;2022;19:10;1;11;1;3;1;3;"43;2616440000";"1;9968130000"