Accident_Id;jour;mois;an;hrmn;lum;dep;agg;int;atm;col;lat;long
202200003079;8;7;2022;09:55;1;84;2;1;1;3;"44;2787570000";"4;7776030000"
202200003080;6;8;2022;22:50;5;67;2;1;1;3;"48;6748770000";"7;8476720000"
202200003081;7;8;2022;16:45;1;88;1;1;1;7;"48;1521580000";"6;3885280000"
202200003082;6;8;2022;10:21;1;57;1;1;1;7;"49;0766490000";"7;2106360000"
202200003083;7;8;2022;08:30;1;57;1;1;1;2;"49;1441410000";"7;0151461000"
202200003084;7;8;2022;06:22;2;74;1;1;8;6;"46;1485760000";"6;2191060000"
202200003085;6;8;2022;18:15;1;74;1;1;1;7;"45;8559820000";"6;3288120000"
202200003086;7;8;2022;14:50;1;26;1;1;1;7;"44;9003710000";"5;1130630000"
202200003087;25;11;2022;17:30;2;52;1;1;1;7;"48;2572410000";"4;9284520000"
202200003088;25;11;2022;16:05;1;73;1;1;8;6;"45;7426053963";"5;7895357715"
202200003089;25;11;2022;22:45;3;69;1;1;1;6;"45;7707860000";"5;0653520000"
202200003090;26;11;2022;08:00;2;52;1;1;5;6;"48;0428070000";"5;0594190000"
202200003091;25;11;2022;15:00;1;35;2;1;1;6;"47;9405110000";" -1;2291280000"
202200003092;7;8;2022;11:50;1;69;1;3;1;1;"45;8725160000";"4;7641660000"
202200003093;25;11;2022;09:30;1;06;1;1;1;7;"43;7817490000";"7;1959750000"
202200003094;14;11;2022;09:35;1;57;1;6;2;7;"48;9474370000";"6;6620590000"
202200003095;6;8;2022;20:30;1;72;1;1;1;6;"47;6605530000";" -0;1821650000"
202200003096;24;11;2022;14:15;1;77;1;2;1;3;"48;4517910000";"3;3813700000"
202200003097;6;8;2022;09:00;1;27;1;1;1;6;"49;2202320000";"1;4491870000"
202200003098;24;11;2022;18:10;3;76;1;3;3;2;"49;6428070000";"0;2556150000"
202200003099;6;8;2022;10:15;1;60;2;6;1;3;"49;2332780000";"2;4596390000"
202200003100;7;8;2022;01:15;3;60;1;1;1;6;"49;3300200000";"2;4350780000"
202200003101;25;11;2022;10:30;1;79;1;2;2;3;"46;5975620000";" -0;1155400000"
202200003102;6;8;2022;16:15;1;60;2;3;1;6;"49;3715460000";"2;4160050000"
202200003103;7;8;2022;11:45;1;60;2;1;7;6;"49;2854189901";"1;8210030555"
202200003104;26;11;2022;05:14;5;33;2;2;2;3;"45;5105250000";" -1;1250340000"
202200003105;7;8;2022;10:45;1;02;1;1;1;3;"49;0135900000";"3;1861960000"
202200003106;25;11;2022;22:20;3;81;2;1;8;6;"43;4576593013";"2;0769910812"
202200003107;6;8;2022;23:47;3;59;1;1;1;1;"50;2882207700";"3;6294659972"
202200003108;5;8;2022;13:45;1;13;1;1;1;2;"43;3041885753";"5;4255527258"
202200003109;3;6;2022;17:20;1;60;1;1;2;6;"49;2464190000";"1;8130870000"
202200003110;26;11;2022;19:00;3;12;1;1;1;1;"44;4572410000";"2;9769840000"
202200003111;4;6;2022;08:30;1;80;1;1;1;6;"49;7126140000";"2;7556690000"
202200003112;18;7;2022;17:35;1;69;1;1;1;4;"45;7272700000";"4;9108200000"
202200003113;6;8;2022;18:30;1;33;1;1;1;6;"44;8106200000";" -0;5233100000"
202200003114;2;5;2022;17:55;1;03;2;3;2;6;"46;1244100000";"3;4296000000"
202200003115;5;8;2022;19:10;1;33;1;1;1;3;"44;7767540000";" -0;6476180000"
202200003116;25;11;2022;12:05;1;68;1;1;2;1;"47;6761720000";"7;1779240000"
202200003117;12;1;2022;07:50;2;83;2;1;1;6;"43;1181800000";"6;1190700000"
202200003118;28;2;2022;13:45;1;02;2;3;1;3;"49;8628400000";"3;3076400000"
202200003119;6;5;2022;10:45;1;77;1;1;1;5;"48;6447680000";"2;5435930000"
202200003120;21;11;2022;13:30;1;31;1;1;3;1;"43;8670110000";"1;5097890000"
202200003121;5;6;2022;04:10;5;974;1;1;1;7;" -21;3118800000";"55;4963200000"
202200003122;5;8;2022;18:35;1;77;1;1;1;6;"48;5987213793";"2;6065129475"
202200003123;25;11;2022;13:45;1;03;1;2;1;3;"46;2070940000";"3;2799450000"
202200003124;5;6;2022;00:18;5;974;1;1;1;3;" -21;3326000000";"55;5234400000"
202200003125;5;8;2022;18:35;1;78;1;1;1;3;"48;9529020000";"1;9408080000"
202200003126;3;6;2022;09:50;1;974;2;1;1;6;" -21;2871930000";"55;4821480000"
202200003127;25;11;2022;18:25;3;54;1;1;1;6;"48;6469140000";"5;8353060000"
202200003128;5;8;2022;15:05;1;78;1;1;1;4;"48;7871420000";"2;1484990000"
202200003129;2;6;2022;16:30;1;974;1;4;1;3;" -21;2769400000";"55;4702500000"
202200003130;6;8;2022;15:20;1;93;1;1;1;2;"48;9461510301";"2;4408797622"
202200003131;26;11;2022;01:10;3;05;1;2;9;3;"44;6334590000";"6;1364440000"
202200003132;4;6;2022;15:00;1;974;2;2;1;3;" -20;8903000000";"55;4529000000"
202200003133;26;11;2022;11:25;1;50;1;1;1;6;"49;2919230000";" -1;5262310000"
202200003134;25;11;2022;21:00;5;50;2;1;2;6;"49;1867610000";" -1;4081340000"
202200003135;3;6;2022;16:50;1;974;2;1;1;3;" -20;9210000000";"55;4032700000"
202200003136;5;8;2022;16:35;1;59;2;1;1;2;"50;7378357817";"3;1635662913"
202200003137;2;6;2022;07:40;1;974;2;9;1;3;" -20;8880030000";"55;4898910000"
202200003138;1;6;2022;09:30;1;974;2;1;1;3;" -20;8840700000";"55;4499000000"
202200003139;25;11;2022;19:30;3;50;2;1;1;4;"48;5806390000";" -1;1064380000"
202200003140;26;11;2022;14:45;1;83;1;9;1;3;"43;4926888960";"6;1409249454"
202200003141;30;5;2022;11:30;1;974;2;1;1;6;" -20;9637600000";"55;6196400000"
202200003142;6;8;2022;02:15;3;988;2;1;1;6;" -22;2626800000";"166;3968000000"
202200003143;3;6;2022;19:35;5;974;2;3;1;3;" -20;9416900000";"55;3024700000"
202200003144;25;11;2022;18:34;2;17;1;1;1;1;"45;5066480000";" -0;3315640000"
202200003145;5;8;2022;21:35;5;974;2;3;1;3;" -20;8724500000";"55;4496600000"
202200003146;27;4;2022;13:25;1;76;2;1;1;3;"49;4160100000";"1;0957300000"
202200003147;3;6;2022;06:30;2;974;2;2;1;3;" -20;9367200000";"55;2909500000"
202200003148;25;11;2022;16:45;2;87;1;1;2;7;"45;7547240000";"0;7652880000"
202200003149;5;8;2022;07:00;2;974;2;2;1;3;" -20;8841340000";"55;4533680000"
202200003150;25;4;2022;17:10;1;76;1;1;1;4;"49;3345900000";"1;0118500000"
202200003151;1;6;2022;07:20;1;974;2;2;1;5;" -20;9492300000";"55;2939500000"
202200003152;25;11;2022;20:45;3;48;1;1;2;6;"44;7760400000";"3;3679100000"
202200003153;4;6;2022;12:20;1;973;2;1;1;7;"4;9340900000";" -52;3330400000"
202200003154;5;8;2022;18:15;1;973;2;1;1;3;"4;9341585860";" -52;2990551591"
202200003155;16;4;2022;16:30;1;76;1;1;1;2;"49;4346200000";"1;0692900000"
202200003156;6;9;2022;00:45;3;35;1;1;1;6;"48;1184649985";" -1;7430979013"
202200003157;4;6;2022;10:20;1;973;1;1;1;5;"4;9053300000";" -52;3233500000"
202200003158;2;5;2022;09:15;1;74;2;1;1;6;"46;1858400000";"6;2235500000"
202200003159;2;5;2022;19:00;1;73;2;2;1;3;"45;5730900000";"5;9141500000"
202200003160;4;6;2022;08:30;1;973;1;6;2;3;"4;9211200000";" -52;3294200000"
202200003161;2;6;2022;09:55;1;973;2;1;1;6;"4;9405800181";" -52;3242598772"
202200003162;25;11;2022;19:00;3;34;1;1;1;2;"43;5927620000";"3;9032680000"
202200003163;27;4;2022;08:15;1;72;2;2;1;6;"48;0150000000";"0;1828400000"
202200003164;29;4;2022;18:05;1;72;2;1;1;6;"47;9749500000";"0;2397100000"
202200003165;4;6;2022;15:40;1;69;1;1;1;1;"45;6805844609";"4;8461884260"
202200003166;26;11;2022;05:45;3;13;1;1;1;6;"43;5459020000";"5;3334700000"
202200003167;1;5;2022;03:05;3;71;1;1;1;7;"46;8263700000";"4;4692000000"
202200003168;8;5;2022;10:35;1;69;2;2;1;3;"45;7131000000";"4;8768700000"
202200003169;25;11;2022;06:55;2;971;2;1;1;6;"16;2415660000";" -61;5642070000"
202200003170;2;5;2022;07:45;1;69;2;3;1;3;"45;7382700000";"4;9047100000"
202200003171;3;6;2022;18:20;1;69;2;1;1;3;"45;7594809896";"4;8552824728"
202200003172;2;5;2022;07:00;2;69;2;2;1;3;"45;7680518382";"4;8658114672"
202200003173;26;11;2022;11:30;1;976;1;1;1;7;" -12;8619810000";"45;1094770000"
202200003174;3;6;2022;17:20;1;69;2;1;1;2;"45;6852166641";"4;8471432924"
202200003175;2;5;2022;16:10;1;69;1;1;1;2;"46;0078869177";"4;7292579567"
202200003176;2;6;2022;16:20;1;69;2;1;1;1;"45;7605000000";"4;8629900000"
202200003177;25;11;2022;18:10;3;971;1;1;1;1;"16;0678980000";" -61;5682630000"
202200003178;26;4;2022;22:12;4;68;2;1;1;3;"48;0743590000";"7;3432180000"
202200003179;3;6;2022;17:50;1;972;2;1;1;4;"14;6158100000";" -61;0146400000"
202200003180;28;4;2022;22:10;5;67;2;3;1;6;"48;5753000000";"7;7548800000"
202200003181;24;11;2022;08:30;2;77;1;1;1;2;"49;0651370000";"2;7082530000"
202200003182;3;6;2022;04:15;3;972;1;1;2;1;"14;6593900000";" -60;9714100000"
202200003183;25;11;2022;19:00;3;91;2;1;8;7;"48;5125840000";"2;2702590000"
202200003184;28;4;2022;08:40;1;67;2;6;1;3;"48;5838700000";"7;7146400000"
202200003185;2;6;2022;21:00;5;972;1;1;1;6;"14;6201000000";" -61;0215700000"
202200003186;25;11;2022;12:05;1;2B;1;1;3;6;"42;4706090000";"9;2265630000"
202200003187;1;5;2022;04:55;3;66;1;1;1;6;"42;7085700000";"2;8784700000"
202200003188;5;6;2022;14:40;1;972;2;1;1;3;"14;6057400000";" -61;0725800000"
202200003189;30;4;2022;18:40;1;66;2;1;1;2;"42;6865000000";"2;8996300000"
202200003190;25;11;2022;15:34;1;2B;1;1;2;5;"42;4737750000";"9;2568830000"
202200003191;4;6;2022;09:10;1;972;1;1;1;3;"14;6167100000";" -61;0718300000"
202200003192;27;4;2022;18:10;1;64;2;1;1;4;"43;3140600000";" -0;4185300000"
202200003193;3;6;2022;20:10;5;972;1;1;1;6;"14;6440000000";" -61;0447200000"
202200003194;25;11;2022;21:30;3;34;1;1;8;6;"43;6957220000";"4;0374330000"
202200003195;11;4;2022;17:55;1;62;2;2;1;6;"50;4067210000";"1;5624300000"
202200003196;3;6;2022;16:30;1;972;1;1;1;5;"14;6183000000";" -61;0370000000"
202200003197;25;11;2022;19:00;3;83;1;1;1;1;"43;1313290000";"6;0453240000"
202200003198;1;5;2022;18:15;1;60;2;3;1;3;"49;4035540656";"2;8168422282"
202200003199;3;6;2022;09:35;1;972;2;2;1;-1;"14;6048500000";" -61;0677300000"
202200003200;26;4;2022;17:20;1;60;1;3;1;3;"49;4239151826";"2;7977414130"
202200003201;3;6;2022;15:50;1;69;2;1;1;3;"45;7137100000";"4;8194900000"
202200003202;2;5;2022;11:45;1;59;2;3;1;3;"50;7344300000";"3;1578700000"
202200003203;3;6;2022;14:45;1;69;2;3;1;3;"45;7560800000";"4;8191000000"
202200003204;25;4;2022;11:30;1;59;2;3;1;3;"50;6120994477";"3;0750333667"
202200003205;26;11;2022;05:00;3;01;1;1;5;5;"45;8601370000";"4;9110600000"
202200003206;3;6;2022;08:00;1;69;2;1;1;2;"45;7884200000";"4;8397300000"
202200003207;1;5;2022;00:01;3;59;2;1;1;6;"50;3473700000";"3;2856100000"
202200003208;2;6;2022;07:50;1;69;2;1;2;6;"45;7735900000";"4;8156500000"
202200003209;24;4;2022;16:45;1;59;2;2;1;3;"50;6870454282";"2;8815990686"
202200003210;26;11;2022;02:15;3;16;1;1;8;6;"45;7416780000";"0;0835670000"
202200003211;3;6;2022;16:45;1;2B;2;1;1;4;"42;6735900000";"9;4438000000"
202200003212;29;4;2022;15:40;1;54;2;1;1;2;"48;6872325174";"6;1826795340"
202200003213;26;11;2022;14:45;1;86;1;2;1;2;"47;0424820000";"0;1309560000"
202200003214;3;6;2022;14:00;1;2B;2;1;1;4;"42;6906300000";"9;4473200000"
202200003215;25;11;2022;17:00;2;33;2;6;1;3;"44;6140490000";" -0;7772240000"
202200003216;20;4;2022;16:10;1;54;2;1;1;4;"48;6940500000";"6;1332600000"
202200003217;3;6;2022;23:57;4;971;1;9;1;6;"16;2516486669";" -61;5182769299"
202200003218;1;5;2022;18:50;1;50;2;1;1;6;"49;6511900000";" -1;5788500000"
202200003219;25;11;2022;19:30;5;59;2;4;1;6;"50;4756940000";"3;2433650000"
202200003220;28;5;2022;10:15;1;971;2;9;1;4;"16;0047100000";" -61;7297300000"
202200003221;25;11;2022;08:34;1;13;1;1;1;3;"43;3021201534";"5;3643679995"
202200003222;4;6;2022;13:15;1;2A;2;3;8;3;"41;9419600000";"8;7499900000"
202200003223;2;5;2022;13:15;1;45;2;2;1;3;"47;9140820000";"1;9330940000"
202200003224;24;11;2022;17:40;3;13;1;1;1;2;"43;2847386436";"5;4173684120"
202200003225;3;5;2022;00:57;5;44;2;1;1;6;"47;2081240000";" -1;5449720000"
202200003226;3;6;2022;18:00;1;2A;1;6;1;2;"41;9315810582";"8;8020187513"
202200003227;25;11;2022;14:14;1;33;1;1;8;2;"44;7841100000";" -0;5903000000"
202200003228;25;11;2022;08:20;1;78;1;1;1;3;"48;7795500000";"2;2226750000"
202200003229;3;6;2022;14:55;1;2A;2;3;1;3;"41;9151608325";"8;7286801836"
202200003230;10;4;2022;18:00;1;42;2;1;1;6;"45;5475469060";"4;5962411016"
202200003231;25;11;2022;07:05;5;78;1;1;2;2;"48;7965710000";"1;9073410000"
202200003232;24;11;2022;14:50;1;78;1;1;1;3;"48;8419520000";"2;1014760000"
202200003233;3;6;2022;13:35;1;95;2;2;1;2;"49;0249600000";"2;4639700000"
202200003234;24;11;2022;13:50;1;92;1;1;1;3;"48;9389446324";"2;3050124924"
202200003235;2;5;2022;18:30;1;42;2;3;1;5;"45;3894800000";"4;3101500000"
202200003236;23;11;2022;17:20;5;95;1;1;1;2;"49;0309188745";"2;1212960669"
202200003237;2;6;2022;16:20;1;95;2;2;1;6;"49;0309653600";"2;4751800299"
202200003238;31;5;2022;17:55;1;95;2;1;1;6;"48;9870800000";"2;2955400000"
202200003239;24;11;2022;07:50;2;93;2;7;8;6;"48;9300500000";"2;3851500000"
202200003240;26;4;2022;08:35;1;41;2;3;1;6;"47;6019800000";"1;3282600000"
202200003241;24;11;2022;09:39;1;92;2;1;1;7;"48;9055237081";"2;2392749190"
202200003242;3;6;2022;17:30;1;95;2;1;1;2;"48;9769220000";"2;3647480000"
202200003243;29;6;2022;20:20;5;94;2;6;1;7;"48;7531500000";"2;3500500000"
202200003244;17;5;2022;18:00;1;95;2;1;1;3;"48;9666610000";"2;2763630000"
202200003245;24;11;2022;16:10;1;75;2;1;1;3;"48;8698870000";"2;2715100000"
202200003246;2;5;2022;07:15;1;37;2;3;1;3;"47;3757600000";"0;6438900000"
202200003247;1;6;2022;19:20;1;95;2;1;1;6;"48;9754010000";"2;3342610000"
202200003248;24;11;2022;08:30;1;75;2;1;1;5;"48;8175220000";"2;3495590000"
202200003249;17;5;2022;19:36;1;91;2;6;7;3;"48;7360800000";"2;2383300000"
202200003250;2;5;2022;21:50;5;35;2;3;1;3;"48;1062500000";" -1;6930500000"
202200003251;24;11;2022;17:40;2;75;2;1;1;5;"48;8177870000";"2;3533780000"
202200003252;24;11;2022;10:35;1;75;2;1;1;3;"48;8844130000";"2;3764450000"
202200003253;3;6;2022;03:55;5;91;2;3;1;3;"48;6974300000";"2;2955100000"
202200003254;23;11;2022;16:45;1;75;2;2;1;3;"48;8833210000";"2;2989450000"
202200003255;2;5;2022;20:45;1;35;2;3;1;3;"48;0923280000";" -1;6292720000"
202200003256;2;6;2022;18:00;1;91;2;6;1;3;"48;6966200000";"2;2894800000"
202200003257;23;11;2022;12:00;1;75;2;2;3;3;"48;8918290000";"2;3015990000"
202200003258;26;4;2022;12:35;1;33;2;1;1;6;"44;8548137257";" -0;5288339853"
202200003259;3;6;2022;20:20;1;91;2;1;1;3;"48;7023900000";"2;4409800000"
202200003260;23;11;2022;11:10;1;75;2;3;2;3;"48;8733580000";"2;2861110000"
202200003261;3;6;2022;14:45;1;91;2;1;2;3;"48;6688100000";"2;4152700000"
202200003262;2;5;2022;20:45;5;31;2;1;1;6;"43;6130110000";"1;4781200000"
202200003263;24;11;2022;06:05;5;75;2;2;1;1;"48;8372207146";"2;2964309156"
202200003264;3;6;2022;08:10;1;91;2;1;1;6;"48;6103240000";"2;4897100000"
202200003265;24;11;2022;14:10;1;75;2;3;8;6;"48;8441450000";"2;3229640000"
202200003266;1;5;2022;23:00;5;31;1;1;1;7;"43;6476570000";"1;4210550000"
202200003267;3;6;2022;18:00;1;91;2;1;8;3;"48;4355280000";"2;1665440000"
202200003268;24;11;2022;12:50;1;75;2;2;1;3;"48;8222350000";"2;3303900000"
202200003269;1;5;2022;07:25;1;31;2;1;1;6;"43;6033000000";"1;4509000000"
202200003270;4;6;2022;14:36;1;90;2;1;1;3;"47;6440600000";"6;8595900000"
202200003271;23;11;2022;23:11;5;75;2;2;1;3;"48;8811000000";"2;3651610000"
202200003272;29;4;2022;17:20;1;28;2;3;7;6;"48;4476600000";"1;4818800000"
202200003273;3;6;2022;16:10;1;86;1;1;1;3;"46;6229060000";"0;3526990000"
202200003274;23;11;2022;16:55;1;75;2;2;1;6;"48;8533560000";"2;3264150000"
202200003275;1;5;2022;06:46;2;17;2;1;1;7;"45;6444700000";" -1;0412400000"
202200003276;23;11;2022;12:20;1;75;2;4;2;3;"48;8611390000";"2;3206670000"
202200003277;24;2;2022;22:18;3;31;2;1;1;6;"43;6834730000";"1;4032450000"
202200003278;28;4;2022;15:35;1;16;2;2;1;3;"45;6807800000";" -0;3358800000"
202200003279;2;6;2022;17:15;1;86;2;1;1;7;"46;5895210000";"0;3297400000"
202200003280;27;10;2022;01:10;5;75;2;3;1;7;"48;8592650000";"2;3302150000"
202200003281;23;3;2022;16:00;1;26;1;1;1;6;"44;3065300000";"5;3856660000"
202200003282;24;11;2022;16:00;1;75;2;4;1;6;"48;8550740000";"2;3616320000"
202200003283;24;3;2022;11:15;1;50;2;1;1;6;"49;1846510000";" -1;4076370000"
202200003284;24;11;2022;08:50;1;75;2;3;1;2;"48;8558350000";"2;3508450000"
202200003285;8;4;2022;11:20;1;13;1;1;1;3;"43;3762000000";"5;0645900000"
202200003286;3;6;2022;06:24;2;86;1;2;8;3;"46;5985620000";"0;2952060000"
202200003287;24;11;2022;02:25;5;75;2;2;8;2;"48;8637630000";"2;3548670000"
202200003288;2;6;2022;19:50;1;86;1;3;1;3;"46;5846980000";"0;3747840000"
202200003289;16;3;2022;13:30;1;21;2;1;8;6;"47;5828510000";"4;2703450000"
202200003290;24;11;2022;17:20;2;94;2;9;1;6;"48;7513100000";"2;4923400000"
202200003291;2;5;2022;15:00;1;13;2;4;1;2;"43;3197500000";"5;3782600000"
202200003292;24;3;2022;01:30;3;04;1;1;1;6;"43;8892000000";"6;1321410000"
202200003293;24;11;2022;08:55;1;94;2;9;1;6;"48;7511040000";"2;4962830000"
202200003294;22;3;2022;09:45;1;85;2;1;1;7;"46;9114130000";" -2;0359790000"
202200003295;23;11;2022;10:10;1;94;2;3;2;6;"48;8050000000";"2;5088000000"
202200003296;30;5;2022;18:15;1;84;2;2;1;3;"44;1448300000";"4;8036100000"
202200003297;28;4;2022;17:45;1;13;2;2;1;3;"43;2794202331";"5;3992847241"
202200003298;23;3;2022;17:40;1;17;1;1;1;7;"45;8956680000";" -1;2441800000"
202200003299;2;5;2022;16:00;1;07;1;1;1;7;"44;9370300000";"4;8284270000"
202200003300;24;11;2022;20:45;5;94;2;5;1;3;"48;8202500000";"2;4671900000"
202200003301;24;3;2022;05:00;3;37;1;1;1;6;"47;4050591557";"0;7331657410"
202200003302;5;6;2022;11:40;1;83;2;6;1;3;"43;1353473512";"5;9778124094"
202200003303;1;5;2022;03:38;3;07;1;1;1;7;"44;9435300000";"4;7849100000"
202200003304;24;11;2022;12:25;1;94;2;7;1;6;"48;8202676900";"2;4735686984"
202200003305;3;6;2022;15:30;1;83;2;9;1;6;"43;1238607374";"5;9472942352"
202200003306;24;11;2022;19:30;5;94;2;1;1;3;"48;7901300000";"2;3688000000"
202200003307;23;3;2022;18:10;1;30;1;1;1;3;"43;9436570000";"3;9773080000"
202200003308;3;5;2022;00:30;5;06;2;4;2;3;"43;7087200000";"7;2713300000"
202200003309;3;6;2022;10:25;1;83;1;3;2;1;"43;1452900000";"5;8477400000"
202200003310;23;11;2022;18:20;5;94;2;1;1;2;"48;7782498018";"2;4383724002"
202200003311;23;3;2022;12:40;1;44;1;1;1;2;"47;3698600000";" -1;2909420000"
202200003312;2;6;2022;21:00;2;83;2;1;1;6;"43;0944022435";"5;8888006210"
202200003313;24;11;2022;07:35;1;94;2;2;1;3;"48;7822500000";"2;5321600000"
202200003314;2;5;2022;10:30;1;06;2;1;1;3;"43;7180000000";"7;2944100000"
202200003315;21;3;2022;14:25;1;973;2;9;1;3;"5;1646180000";" -52;6468380000"
202200003316;4;6;2022;19:19;1;83;2;1;1;6;"43;0411200000";"6;1433400000"
202200003317;28;11;2022;09:15;1;94;2;1;2;4;"48;8273377192";"2;5119705498"
202200003318;2;5;2022;09:35;1;01;2;1;7;6;"46;2126600000";"5;2311300000"
202200003319;23;3;2022;18:00;1;83;2;4;1;1;"43;5257320000";"6;8329330000"
202200003320;24;11;2022;12:50;1;93;2;1;1;6;"48;9695400000";"2;3676000000"
202200003321;2;6;2022;11:00;1;83;1;1;1;2;"43;1102630000";"6;0491490000"
202200003322;22;11;2022;11:25;1;93;2;1;2;2;"48;9322480000";"2;3489640000"
202200003323;3;6;2022;16:15;1;82;2;3;7;6;"44;0135840000";"1;3508540000"
202200003324;21;3;2022;07:20;1;06;2;1;7;5;"43;7169410000";"7;1298290000"
202200003325;27;4;2022;12:50;1;75;2;1;1;2;"48;8396370000";"2;2541650000"
202200003326;22;11;2022;05:30;5;93;2;2;2;3;"48;9393350000";"2;3690780000"
202200003327;23;3;2022;23:20;5;08;2;1;1;3;"50;1396600000";"4;8228000000"
202200003328;2;5;2022;13:18;1;75;2;2;1;6;"48;8421090000";"2;3413010000"
202200003329;24;11;2022;08:20;1;93;2;3;1;3;"48;8438800000";"2;5544200000"
202200003330;4;6;2022;14:25;1;82;1;1;1;7;"44;0308242099";"1;1503458021"
202200003331;23;3;2022;17:00;1;68;2;3;7;3;"47;7667340000";"7;3647720000"
202200003332;2;5;2022;17:20;1;75;2;1;1;6;"48;8490960000";"2;2420590000"
202200003333;24;11;2022;13:12;1;93;2;2;1;1;"48;8711730000";"2;4708280000"
202200003334;5;6;2022;20:30;1;81;2;2;1;3;"43;6077500000";"2;2341980000"
202200003335;1;5;2022;15:50;1;75;2;1;1;6;"48;8648790000";"2;2925400000"
202200003336;23;11;2022;21:45;5;93;2;1;2;6;"48;8808400000";"2;4244300000"
202200003337;24;3;2022;11:15;1;88;2;1;7;6;"48;3436430000";"6;6350610000"
202200003338;28;5;2022;10:30;1;78;1;1;1;2;"48;8587400000";"2;0656100000"
202200003339;24;11;2022;16:35;1;93;2;1;8;3;"48;9560365747";"2;3084821250"
202200003340;2;5;2022;14:10;1;75;2;3;1;3;"48;8606850000";"2;3752990000"
202200003341;19;3;2022;14:50;1;38;1;2;1;3;"45;5373320000";"5;4631070000"
202200003342;1;6;2022;11:50;1;78;2;1;1;3;"48;8985800000";"2;0805800000"
202200003343;24;11;2022;11:20;1;93;2;1;1;6;"48;9317250000";"2;4940750000"
202200003344;23;3;2022;11:52;1;01;1;1;1;7;"45;8560910000";"5;0177000000"
202200003345;2;5;2022;04:50;5;75;2;1;1;6;"48;8829577331";"2;3453462056"
202200003346;2;6;2022;14:45;1;78;2;1;1;3;"48;9960400000";"1;8754000000"
202200003347;1;5;2022;20:40;2;94;2;1;1;6;"48;7737700000";"2;4812200000"
202200003348;24;11;2022;19:40;5;92;2;1;1;4;"48;8946200000";"2;1931700000"
202200003349;22;3;2022;11:10;1;69;1;3;1;3;"45;9319310000";"4;7659690000"
202200003350;2;5;2022;20:45;5;93;2;1;1;2;"48;9053660000";"2;3940630000"
202200003351;24;11;2022;14:35;1;92;2;4;1;3;"48;8127012305";"2;3053302169"
202200003352;23;3;2022;13:45;1;31;2;1;1;6;"43;5039860000";"1;3909350000"
202200003353;2;5;2022;12:10;1;93;2;2;1;6;"48;8629100000";"2;4663500000"
202200003354;24;11;2022;20:10;5;92;2;1;1;3;"48;8294400000";"2;2834500000"
202200003355;20;3;2022;11:10;1;17;1;1;1;3;"45;5253970000";" -0;5476430000"
202200003356;24;11;2022;06:52;5;92;2;2;1;7;"48;8208100000";"2;2603000000"
202200003357;2;6;2022;18:11;1;78;2;4;1;3;"48;9344290000";"2;0416310000"
202200003358;2;5;2022;10:00;1;93;2;3;1;6;"48;9089700000";"2;5222900000"
202200003359;23;3;2022;18:40;2;24;1;2;7;3;"44;8516930000";"0;8790030000"
202200003360;23;11;2022;13:50;1;92;2;2;1;3;"48;9233300000";"2;3213600000"
202200003361;2;5;2022;11:15;1;93;2;7;1;6;"48;8999900000";"2;5568500000"
202200003362;20;3;2022;15:00;1;33;2;1;1;7;"44;8914360000";" -0;1503160000"
202200003363;23;11;2022;16:30;1;92;2;1;1;6;"48;9197000000";"2;3157200000"
202200003364;23;3;2022;20:25;3;85;1;1;1;6;"46;9943190000";" -1;0591080000"
202200003365;24;11;2022;20:22;3;95;1;1;1;2;"49;0878190000";"2;3135070000"
202200003366;2;5;2022;10:00;1;92;2;3;1;3;"48;9374180000";"2;3243140000"
202200003367;23;3;2022;17:00;1;50;1;1;1;3;"49;2779900000";" -1;2756850000"
202200003368;25;11;2022;12:05;1;02;1;1;1;2;"49;7277670000";"3;4092380000"
202200003369;5;4;2022;22:30;3;92;2;9;1;6;"48;9399710000";"2;3335800000"
202200003370;5;6;2022;06:45;1;77;1;1;9;1;"48;7864100000";"2;6359600000"
202200003371;24;3;2022;15:00;1;60;1;1;1;3;"49;4179810000";"2;2466830000"
202200003372;25;11;2022;08:03;2;43;2;1;8;6;"45;1814020000";"3;7248750000"
202200003373;24;3;2022;09:15;1;59;2;1;7;6;"50;0155290000";"4;0634330000"
202200003374;3;6;2022;09:00;1;77;2;1;1;6;"48;6650200000";"2;5582700000"
202200003375;18;11;2022;10:15;1;36;1;1;1;6;"47;1284820000";"1;7033850000"
202200003376;2;5;2022;09:35;1;92;2;3;1;3;"48;9310120000";"2;3321700000"
202200003377;5;3;2022;01:35;5;33;1;1;2;2;"44;8318140000";" -0;5009350000"
202200003378;23;3;2022;00:55;4;91;1;1;1;6;"48;6980000000";"2;3142000000"
202200003379;2;6;2022;07:40;1;77;2;1;1;3;"48;6286300000";"2;5638200000"
202200003380;1;5;2022;21:06;2;92;2;1;1;3;"48;9184880000";"2;2396040000"
202200003381;22;11;2022;08:50;1;974;2;6;1;2;" -21;2684410000";"55;3373320000"
202200003382;5;6;2022;16:10;1;77;2;1;1;6;"48;2674800000";"2;6868000000"
202200003383;23;3;2022;14:30;1;78;1;1;1;2;"48;8004830000";"1;9775590000"
202200003384;24;11;2022;22:30;3;29;1;1;2;6;"48;1646193400";" -4;0464325801"
202200003385;2;5;2022;01:30;5;92;2;1;1;6;"48;7855060000";"2;2518230000"