Accident_Id;jour;mois;an;hrmn;lum;dep;agg;int;atm;col;lat;long
202200003386;23;11;2022;22:15;5;01;2;1;2;7;"46;1261100000";"5;8147560000"
202200003387;4;6;2022;13:45;1;77;1;1;1;7;"48;4722980000";"2;7407360000"
202200003388;23;3;2022;16:30;1;93;1;1;1;2;"48;9444500000";"2;4380900000"
202200003389;1;5;2022;01:45;3;50;1;1;1;7;"48;8210710000";" -1;4991990000"
202200003390;22;11;2022;13:00;1;85;1;1;3;6;"46;8802300000";" -0;9157060000"
202200003391;22;3;2022;22:30;5;93;1;1;1;6;"48;9065300000";"2;4732800000"
202200003392;24;11;2022;17:35;3;15;1;1;1;2;"45;1544467020";"3;1452816729"
202200003393;22;3;2022;08:40;1;27;2;1;7;6;"49;0232600000";"1;1369500000"
202200003394;4;5;2022;13:20;1;54;1;2;7;3;"48;5477794433";"6;3009703154"
202200003395;1;6;2022;18:50;1;77;1;2;7;6;"48;4807900000";"2;6669700000"
202200003396;25;11;2022;07:05;2;03;1;1;9;6;"46;5405030000";"3;6618170000"
202200003397;24;11;2022;18:47;3;57;1;1;5;3;"48;6711830000";"7;2548390000"
202200003398;5;6;2022;18:35;1;76;2;2;2;7;"49;4158100000";"1;1074100000"
202200003399;21;3;2022;11:10;1;76;2;1;1;6;"49;5159800000";"0;1701000000"
202200003400;24;11;2022;10:30;1;91;2;1;1;7;"48;5728320000";"2;4910090000"
202200003401;3;5;2022;14:10;1;62;2;8;1;2;"50;3846420000";"1;9847430000"
202200003402;21;3;2022;19:00;5;59;2;1;1;6;"50;6416800000";"3;0179700000"
202200003403;25;11;2022;10:10;1;56;2;1;1;3;"47;7668630000";" -2;1373504400"
202200003404;5;6;2022;09:05;1;76;2;3;8;3;"49;4588900000";"1;0554600000"
202200003405;3;5;2022;17:15;1;76;2;1;1;7;"49;8793780000";"1;2278720000"
202200003406;23;11;2022;13:00;1;63;1;1;2;6;"45;4792054172";"3;4882487730"
202200003407;18;3;2022;12:35;1;06;2;1;1;6;"43;6380830000";"6;9507040000"
202200003408;3;6;2022;19:50;1;76;2;1;1;1;"49;4933000000";"1;0487500000"
202200003409;25;11;2022;10:40;1;63;1;1;2;1;"45;7729813020";"3;4128092757"
202200003410;3;5;2022;16:15;1;10;2;1;1;1;"48;2230930000";"3;7335600000"
202200003411;21;3;2022;07:00;1;988;2;3;1;3;" -22;2478500000";"166;4657900000"
202200003412;30;10;2022;12:30;1;49;1;1;2;7;"47;6116351913";" -0;4744759428"
202200003413;3;6;2022;18:15;1;76;2;1;2;3;"49;2857537370";"1;0111096501"
202200003414;18;4;2022;23:25;4;01;2;1;1;3;"46;0010720000";"4;7510991000"
202200003415;25;11;2022;09:15;1;42;2;2;2;6;"46;1443100000";"4;1084550000"
202200003416;22;3;2022;15:00;1;976;2;1;1;6;" -12;8017000000";"45;2117100000"
202200003417;3;6;2022;12:00;1;76;2;2;1;6;"49;4899100000";"0;1075700000"
202200003418;25;11;2022;15:45;1;47;1;1;3;1;"44;2602257205";"0;3510951642"
202200003419;22;3;2022;17:30;1;974;1;1;1;7;" -21;2799200000";"55;4655900000"
202200003420;24;11;2022;19:35;3;29;1;1;1;3;"48;5363527004";" -4;0829830169"
202200003421;3;6;2022;10:40;1;76;2;2;1;6;"49;5127000000";"0;1041800000"
202200003422;22;3;2022;07:30;1;69;2;1;1;6;"45;7660734781";"4;8465853930"
202200003423;4;5;2022;05:45;3;17;1;1;1;6;"46;2005860000";" -1;0287880000"
202200003424;24;11;2022;08:20;1;31;2;1;1;6;"43;1339830000";"0;9740900000"
202200003425;4;6;2022;12:20;1;74;2;1;1;3;"46;1847500000";"6;2418900000"
202200003426;4;5;2022;12:45;1;974;2;1;1;6;" -21;2879900000";"55;4091440000"
202200003427;22;3;2022;08:30;1;69;2;6;1;3;"45;6765400000";"4;8704300000"
202200003428;25;11;2022;09:20;2;02;1;1;7;1;"49;3912280000";"3;3744760000"
202200003429;1;5;2022;19:00;1;83;1;1;1;1;"43;4586550000";"5;8802500000"
202200003430;22;3;2022;18:40;1;69;2;1;1;6;"45;7222000000";"4;7868600000"
202200003431;5;6;2022;17:35;1;72;2;1;1;7;"47;9738800000";"0;2061000000"
202200003432;21;11;2022;21:10;3;72;1;9;2;1;"48;0840850000";"0;4354830000"
202200003433;3;5;2022;20:00;1;19;2;1;3;6;"45;1685718459";"1;5574353933"
202200003434;25;11;2022;12:20;1;06;2;1;1;2;"43;5386860000";"6;9326690000"
202200003435;22;3;2022;15:30;1;69;2;1;1;3;"45;7881100000";"4;8607200000"
202200003436;4;6;2022;17:10;1;72;2;6;1;3;"47;9768109949";"0;1694977281"
202200003437;25;11;2022;16:15;1;14;2;1;1;2;"49;0330860000";" -0;0886650000"
202200003438;2;5;2022;20:50;1;79;2;4;1;7;"47;0333770000";" -0;5093880000"
202200003439;1;6;2022;19:45;1;72;2;1;1;6;"48;0125500000";"0;2056100000"
202200003440;5;3;2022;11:45;1;89;2;1;1;2;"48;2046470000";"3;2738930000"
202200003441;25;11;2022;15:30;1;14;1;3;7;3;"49;2897750000";"0;0786910000"
202200003442;22;3;2022;12:38;1;87;2;2;1;7;"45;8636800000";"1;2993700000"
202200003443;3;6;2022;17:15;1;71;1;1;1;2;"46;7025190000";"4;4128672000"
202200003444;4;5;2022;17:00;1;79;1;3;1;2;"46;8923520000";" -0;5427600000"
202200003445;22;3;2022;23:00;5;85;2;6;1;1;"46;6681800000";" -1;4254700000"
202200003446;24;11;2022;16:30;1;45;1;1;1;1;"48;2611630000";"2;0939360000"
202200003447;3;6;2022;18:35;1;71;2;2;1;3;"46;6902424271";"4;3479609042"
202200003448;4;5;2022;18:40;1;79;2;4;1;3;"46;4839370000";" -0;3951430000"
202200003449;23;11;2022;18:20;3;16;1;4;1;2;"45;6501480000";"0;5318280000"
202200003450;22;3;2022;08:45;1;82;1;2;1;3;"44;0338100000";"1;4243200000"
202200003451;11;4;2022;17:00;1;71;2;2;1;3;"46;6619900000";"4;2888800000"
202200003452;4;5;2022;06:15;2;49;1;1;1;2;"47;1801060000";" -0;2688860000"
202200003453;24;11;2022;12:24;1;04;2;3;1;3;"44;2003070000";"5;9437110000"
202200003454;21;3;2022;09:30;1;80;2;1;1;3;"49;9037600000";"2;3203900000"
202200003455;1;6;2022;05:30;2;71;2;6;1;3;"46;3259200000";"4;8311100000"
202200003456;25;11;2022;18:00;3;85;1;3;1;3;"46;9872790000";" -1;3593010000"
202200003457;17;3;2022;09:05;1;80;2;1;1;3;"49;9025640746";"2;3304256797"
202200003458;4;5;2022;16:20;1;34;1;1;1;1;"43;4168610000";"3;3206020000"
202200003459;5;6;2022;00:05;5;69;2;2;1;3;"45;7582100000";"4;8852100000"
202200003460;3;11;2022;16:35;1;27;1;1;1;1;"49;2295930000";"1;6242380000"
202200003461;4;5;2022;06:20;2;25;2;1;1;6;"47;0364600000";"6;0709330000"
202200003462;19;3;2022;15:50;1;80;2;2;1;3;"49;8957700000";"2;2809200000"
202200003463;3;6;2022;12:25;1;69;2;1;1;3;"45;7259400000";"4;9692200000"
202200003464;25;11;2022;11:30;1;24;1;1;1;3;"44;8972090000";"0;2076460000"
202200003465;4;5;2022;16:10;1;35;1;1;1;2;"48;2425360000";" -2;1297050000"
202200003466;23;11;2022;14:47;1;67;1;1;1;2;"48;6676540000";"7;7642010000"
202200003467;3;6;2022;10:00;1;69;2;3;1;3;"45;7270900000";"4;9278900000"
202200003468;24;11;2022;22:30;3;77;1;1;1;7;"48;2765380000";"2;7086880000"
202200003469;30;4;2022;12:49;1;38;1;1;1;2;"45;2185810000";"5;8226470000"
202200003470;19;3;2022;14:45;1;76;1;1;1;5;"49;4990000000";"0;2029100000"
202200003471;24;11;2022;02:00;3;988;1;1;1;6;" -20;9817910000";"165;4000870000"
202200003472;4;6;2022;20:00;1;69;2;1;1;4;"45;9825200000";"4;6932700000"
202200003473;25;11;2022;10:30;1;974;2;9;1;7;" -21;1033390000";"55;2481520000"
202200003474;3;5;2022;09:15;1;03;1;1;1;7;"46;3531260000";"2;7235790000"
202200003475;22;3;2022;12:40;1;69;2;3;7;3;"45;7822200000";"4;9129600000"
202200003476;23;11;2022;12:34;1;971;1;2;1;3;"16;3777710000";" -61;4547090000"
202200003477;3;6;2022;12:35;1;69;2;6;1;4;"45;9977200000";"4;7337400000"
202200003478;22;3;2022;08:55;1;69;2;1;1;6;"45;7686700000";"4;9421200000"
202200003479;24;11;2022;16:40;1;971;1;1;1;6;"16;2126610000";" -61;7804200000"
202200003480;17;3;2022;17:00;1;67;2;3;1;3;"48;5756300000";"7;7637000000"
202200003481;3;6;2022;06:09;1;67;2;3;1;6;"48;5775800000";"7;7646000000"
202200003482;25;11;2022;13:55;1;45;1;2;1;3;"47;8253440000";"2;0977450000"
202200003483;27;4;2022;16:41;1;45;1;1;1;4;"47;8152510000";"1;9275430000"
202200003484;17;3;2022;09:20;1;67;2;3;1;3;"48;5952300000";"7;7917700000"
202200003485;23;11;2022;23:45;3;45;1;1;2;1;"47;9247748004";"2;3284166280"
202200003486;2;6;2022;08:50;1;67;2;3;1;5;"48;5786000000";"7;7810700000"
202200003487;26;4;2022;17:30;1;43;2;1;1;3;"45;1200641973";"3;9140778780"
202200003488;2;6;2022;16:20;1;67;2;1;1;6;"48;5504971659";"7;7502590000"
202200003489;21;3;2022;09:00;1;64;1;1;1;3;"43;3191441769";" -0;3491860628"
202200003490;24;11;2022;19:30;3;77;1;1;1;5;"48;9535530000";"2;7753290000"
202200003491;3;5;2022;10:00;1;07;1;1;2;7;"45;0721380000";"4;3704560000"
202200003492;22;3;2022;19:45;5;62;1;1;1;6;"50;4504500000";"2;5801520000"
202200003493;24;11;2022;18:30;3;34;2;1;1;6;"43;4534880000";"3;4135140000"
202200003494;25;11;2022;09:00;1;55;1;1;1;3;"48;7325590000";"5;5478810000"
202200003495;11;3;2022;11:54;1;61;2;1;2;7;"48;7696400000";" -0;5738200000"
202200003496;2;6;2022;01:03;5;67;2;3;1;3;"48;5785900000";"7;7721100000"
202200003497;16;10;2022;14:45;1;73;1;6;1;2;"45;6373800000";"5;8922770000"
202200003498;22;3;2022;14:00;1;57;2;1;1;1;"49;2177900000";"6;8592500000"
202200003499;29;4;2022;03:15;3;53;1;1;1;6;"48;3279090070";" -0;6461845230"
202200003500;1;6;2022;15:30;1;67;2;3;1;3;"48;5824000000";"7;7074900000"
202200003501;25;11;2022;07:20;2;38;2;1;1;6;"45;6387070000";"5;1322890000"
202200003502;1;6;2022;17:39;1;66;1;1;1;6;"42;6996800000";"2;9184000000"
202200003503;22;3;2022;16:38;1;54;2;3;1;6;"48;7000400000";"6;2200100000"
202200003504;25;11;2022;00:15;3;38;1;1;1;6;"45;1059850000";"5;7908460000"
202200003505;22;3;2022;14:26;1;54;2;1;1;6;"48;6897900000";"6;1760600000"
202200003506;1;6;2022;15:35;1;66;2;1;1;2;"42;7197586491";"2;8865987062"
202200003507;3;5;2022;17:00;1;40;1;1;1;6;"43;8081920000";" -0;6795430000"
202200003508;24;11;2022;17:30;3;26;1;2;1;3;"45;0353880000";"4;8675470000"
202200003509;22;3;2022;08:35;1;54;2;2;1;3;"48;6143200000";"6;1675900000"
202200003510;24;11;2022;07:30;2;07;2;3;8;6;"45;0677510000";"4;8346170000"
202200003511;18;10;2022;21:00;3;01;2;1;1;6;"46;2496470000";"6;1193660000"
202200003512;3;6;2022;12:25;1;65;2;1;1;5;"43;2162410000";"0;0547500000"
202200003513;22;3;2022;17:15;1;51;2;1;1;2;"49;2345400000";"4;0406300000"
202200003514;8;11;2022;15:02;1;69;2;2;1;6;"45;7298710000";"4;7439080000"
202200003515;3;5;2022;18:45;1;85;1;1;1;5;"46;3836500000";" -0;6152000000"
202200003516;2;6;2022;13:55;1;65;2;2;1;6;"43;2325100000";"0;0818660000"
202200003517;21;11;2022;10:45;1;24;2;1;1;6;"44;8337760000";"0;7096120000"
202200003518;22;3;2022;14:59;1;51;2;6;1;3;"49;2422075601";"4;0245848894"
202200003519;3;6;2022;16:45;1;64;1;1;1;2;"43;3286000000";" -0;3409000000"
202200003520;23;11;2022;08:30;1;33;2;1;3;3;"44;8509970000";" -0;4777180000"
202200003521;20;4;2022;17:52;1;27;1;9;1;1;"49;3800330000";"0;6980500000"
202200003522;3;6;2022;10:30;1;64;2;1;1;4;"43;3111600000";" -0;3580700000"
202200003523;22;3;2022;08:30;1;51;2;3;1;7;"49;2254500549";"4;0070432425"
202200003524;21;11;2022;20:30;3;62;2;1;1;6;"50;3731340000";"2;6720520000"
202200003525;3;5;2022;22:45;3;27;2;1;1;6;"49;2461640000";"1;6573660000"
202200003526;2;6;2022;18:37;1;64;2;1;1;3;"43;2921100000";" -0;3683400000"
202200003527;21;3;2022;11:20;1;51;2;6;1;2;"49;2874846143";"4;0259796381"
202200003528;2;6;2022;08:05;1;64;2;6;1;3;"43;3203300000";" -0;3274400000"
202200003529;4;5;2022;16:15;1;28;1;1;1;2;"48;4464220000";"1;2556550000"
202200003530;3;5;2022;20:45;2;17;1;1;1;7;"45;1547530000";" -0;0275730000"
202200003531;4;6;2022;21:00;1;64;2;1;2;1;"43;4996200000";" -1;4614500000"
202200003532;21;3;2022;16:53;1;49;2;2;1;3;"47;4745200000";" -0;5603400000"
202200003533;2;5;2022;22:30;3;23;1;1;1;6;"45;8852290000";"2;4430850000"
202200003534;4;6;2022;19:00;1;64;2;1;1;6;"43;4935700000";" -1;4923100000"
202200003535;4;5;2022;15:45;1;90;1;1;8;2;"47;6158370000";"6;8570510000"
202200003536;24;11;2022;07:40;2;59;1;1;9;5;"50;0524680000";"3;9292220000"
202200003537;22;3;2022;07:48;1;45;2;3;1;3;"47;9159460000";"1;8817870000"
202200003538;4;6;2022;02:55;5;64;2;1;1;2;"43;4864098518";" -1;4646001160"
202200003539;4;5;2022;08:15;1;976;1;1;2;6;" -12;8685650000";"45;2046950000"
202200003540;23;11;2022;19:30;3;13;1;1;1;2;"43;2837790000";"5;5740560000"
202200003541;21;3;2022;15:00;1;44;2;1;1;6;"47;1734350000";" -1;5362330000"
202200003542;17;4;2022;05:45;2;974;1;1;1;7;" -21;0364220000";"55;5359750000"
202200003543;19;11;2022;06:50;3;13;1;1;1;2;"43;3346200000";"5;3771500000"
202200003544;21;5;2022;14:30;1;62;2;3;1;1;"50;4172920000";"2;9469550000"
202200003545;21;3;2022;14:02;1;38;2;3;1;6;"45;3693700000";"5;5872900000"
202200003546;24;11;2022;18:35;5;33;1;1;1;6;"44;7938760603";" -0;5395746231"
202200003547;10;5;2022;12:55;1;62;2;1;1;2;"50;4850340000";"2;9602060000"
202200003548;30;4;2022;19:00;1;45;1;3;1;3;"47;7718030000";"2;3626400000"
202200003549;24;11;2022;07:00;3;33;1;1;1;2;"44;7279000000";" -0;5282700000"
202200003550;22;3;2022;16:50;1;38;2;7;1;6;"45;1903900000";"5;7269000000"
202200003551;5;6;2022;19:20;1;62;2;1;8;3;"50;5180600000";"2;7827000000"
202200003552;22;3;2022;18:10;2;37;2;1;1;6;"47;4089892385";"0;6638386846"
202200003553;4;5;2022;05:00;3;77;1;1;1;1;"48;5529500000";"2;9978080000"
202200003554;24;11;2022;17:30;3;94;1;1;1;3;"48;7753718554";"2;3461481062"
202200003555;3;5;2022;09:10;1;34;1;1;1;1;"43;6516450000";"4;0102230000"
202200003556;3;6;2022;16:00;1;61;2;1;1;4;"48;4242810000";"0;0794950000"
202200003557;2;6;2022;18:07;1;60;2;9;1;6;"49;4093000000";"2;1104200000"
202200003558;4;5;2022;02:40;3;13;1;1;1;6;"43;5117280000";"5;5124650000"
202200003559;22;3;2022;21:30;5;35;2;2;1;3;"48;0888800000";" -1;6743100000"
202200003560;24;11;2022;09:20;1;91;1;1;1;5;"48;5846900000";"2;4540600000"
202200003561;4;5;2022;01:10;3;68;1;1;1;6;"47;9863530000";"7;5353390000"
202200003562;3;6;2022;18:10;2;59;2;9;8;3;"50;6947121748";"3;1961497664"
202200003563;24;11;2022;07:50;2;91;1;1;1;3;"48;7129500000";"2;3084800000"
202200003564;28;4;2022;15:40;1;81;1;1;1;7;"43;7386000000";"1;9002700000"
202200003565;22;3;2022;08:50;1;35;1;1;1;2;"48;0953684590";" -1;7113598596"
202200003566;28;10;2022;21:00;5;13;2;4;1;3;"43;4143700000";"5;0379200000"
202200003567;24;5;2022;13:25;1;59;2;2;1;1;"50;6052100000";"3;1508500000"
202200003568;24;11;2022;12:50;1;78;1;1;1;2;"48;8314640000";"2;1468290000"
202200003569;3;5;2022;16:35;1;46;1;1;1;1;"44;5069600000";"1;8639950000"
202200003570;21;3;2022;21:05;5;34;2;4;1;2;"43;6024104580";"3;8860286405"
202200003571;24;11;2022;08:15;2;75;1;1;1;3;"48;8500134566";"2;2523260117"
202200003572;25;12;2022;12:00;1;33;2;3;1;3;"44;8546860000";" -0;0390260000"
202200003573;1;6;2022;17:35;1;58;2;3;1;3;"46;9899800000";"3;1685000000"
202200003574;3;5;2022;13:55;1;19;1;1;1;1;"45;2084420000";"1;7743720000"
202200003575;7;11;2022;17:15;1;43;1;1;7;2;"45;3060430000";"4;1827450000"
202200003576;23;11;2022;17:47;3;78;1;1;1;2;"48;7765990000";"2;2222640000"
202200003577;18;3;2022;23:22;4;34;2;2;2;3;"43;3553200000";"3;2220000000"
202200003578;5;6;2022;06:35;2;56;2;1;1;6;"47;7755950000";" -3;3539244000"
202200003579;17;11;2022;02:53;3;27;1;1;6;1;"48;8495547945";"1;1808346510"
202200003580;3;5;2022;22:55;5;33;1;3;1;3;"44;7695140000";" -0;4933570000"
202200003581;23;11;2022;09:30;1;92;1;1;2;3;"48;8000383686";"2;2159557149"
202200003582;22;3;2022;21:40;5;33;2;1;1;6;"44;8342700000";" -0;5747200000"
202200003583;9;10;2022;03:45;5;59;1;1;1;6;"50;4639781200";"3;2364922873"
202200003584;2;6;2022;18:50;1;56;2;6;7;3;"47;7358500000";" -3;3739600000"
202200003585;3;5;2022;17:15;1;22;1;1;1;2;"48;7664860000";" -3;0674600000"
202200003586;16;9;2022;07:50;1;44;2;1;1;1;"47;0857650000";" -1;5584980000"
202200003587;24;11;2022;19:00;3;93;1;1;1;5;"48;8919650120";"2;4728797224"
202200003588;21;3;2022;16:50;1;33;2;1;1;3;"44;8480800000";" -0;6852500000"
202200003589;2;11;2022;09:55;1;92;2;1;1;7;"48;8328922783";"2;1476313472"
202200003590;3;5;2022;18:20;1;27;1;1;1;7;"49;2465221180";"1;4945483208"
202200003591;1;6;2022;18:15;1;56;2;2;1;1;"47;7331500000";" -3;3752800000"
202200003592;7;11;2022;06:44;5;92;2;1;1;7;"48;7862800000";"2;2226400000"
202200003593;23;11;2022;18:00;3;77;1;1;8;2;"48;5734310000";"2;6397710000"
202200003594;22;3;2022;21:50;5;31;2;1;1;6;"43;5930100000";"1;4584900000"
202200003595;5;6;2022;20:53;2;54;2;1;1;3;"48;6834100000";"6;1860900000"
202200003596;15;12;2022;17:40;3;31;1;3;2;3;"43;5992430000";"1;6260410000"
202200003597;16;11;2022;19:45;1;63;2;1;1;6;"45;7686700000";"3;0840600000"
202200003598;3;5;2022;14:55;1;62;1;1;1;6;"50;5732280000";"1;6466220000"
202200003599;22;3;2022;16:30;1;31;2;1;1;1;"43;6177600000";"1;4549500000"
202200003600;7;12;2022;10:45;1;29;1;1;1;1;"47;9701790000";" -4;2738750000"
202200003601;23;11;2022;21:20;5;91;2;1;1;7;"48;6690710000";"2;3766180000"
202200003602;22;3;2022;16:25;1;31;2;1;1;6;"43;6367100000";"1;4433300000"
202200003603;27;12;2022;11:52;1;17;2;6;1;3;"45;8681720000";" -0;3237560000"
202200003604;22;11;2022;11:11;1;63;2;1;1;6;"45;7639183314";"3;1156580150"
202200003605;2;5;2022;17:00;1;13;1;1;1;3;"43;3242000000";"5;3784200000"
202200003606;30;12;2022;10:30;1;69;2;1;8;6;"45;7488620000";"4;7604600000"
202200003607;22;3;2022;15:18;1;31;2;1;1;2;"43;6277300000";"1;4335000000"
202200003608;23;3;2022;19:45;5;91;2;1;1;6;"48;6496200000";"2;4097000000"
202200003609;8;8;2022;18:10;1;61;2;1;1;7;"48;7528300000";" -0;5347000000"
202200003610;5;6;2022;17:00;1;51;1;1;2;7;"49;2288800000";"4;0677400000"
202200003611;22;3;2022;06:30;2;27;1;1;1;2;"49;2272400000";"1;1828500000"
202200003612;9;11;2022;09:25;1;74;2;2;2;6;"46;1904500000";"6;2344400000"
202200003613;4;6;2022;06:45;1;51;2;1;1;7;"49;2529162146";"4;0266555548"
202200003614;17;3;2022;10:50;1;91;2;1;1;3;"48;6510200000";"2;4041500000"
202200003615;10;11;2022;07:00;2;74;2;1;5;6;"45;8866030000";"6;1017040000"
202200003616;22;3;2022;17:40;1;27;2;1;1;2;"49;0274900000";"1;1554600000"
202200003617;25;4;2022;13:56;1;59;1;1;1;4;"50;3818913211";"3;2221019267"
202200003618;3;6;2022;14:50;1;51;2;1;1;3;"49;2582000000";"4;0416200000"
202200003619;9;11;2022;14:25;1;74;1;1;3;1;"45;9185570000";"6;1852170000"
202200003620;16;3;2022;22:30;5;91;2;2;1;3;"48;6088000000";"2;4746300000"
202200003621;30;4;2022;19:10;1;59;1;1;1;7;"50;6485607244";"3;1449700445"
202200003622;10;11;2022;06:35;5;74;2;6;8;6;"46;1829600000";"6;2462400000"
202200003623;3;6;2022;07:40;1;51;2;1;1;7;"49;2245400000";"4;0460150000"
202200003624;13;3;2022;12:00;1;91;2;1;2;2;"48;6398800000";"2;4355000000"
202200003625;2;5;2022;13:52;1;91;1;1;1;2;"48;7361810000";"2;3179470000"
202200003626;8;11;2022;08:20;1;74;2;3;1;1;"46;1857100000";"6;2516100000"
202200003627;22;3;2022;17:20;1;26;2;1;1;2;"44;5536000000";"4;7448000000"
202200003628;8;3;2022;14:30;1;91;2;1;1;6;"48;6094000000";"2;4741900000"
202200003629;3;6;2022;04:56;5;51;2;6;1;3;"49;2870400000";"4;0275300000"
202200003630;4;11;2022;16:40;1;74;2;6;1;3;"46;2048400000";"6;2811100000"
202200003631;2;5;2022;03:02;3;91;1;1;1;2;"48;7122300000";"2;3079500000"
202200003632;21;3;2022;16:00;1;25;2;1;1;3;"46;8995500000";"6;3515600000"
202200003633;13;12;2022;13:31;1;11;2;1;1;6;"43;1850583000";"2;9997088000"
202200003634;4;3;2022;16:45;1;91;2;1;1;5;"48;6090800000";"2;4639000000"
202200003635;4;6;2022;22:40;5;51;2;6;1;3;"49;0436800000";"3;9568200000"
202200003636;1;5;2022;03:08;3;91;1;1;1;2;"48;6129110000";"2;4500940000"
202200003637;18;3;2022;13:35;1;22;2;1;1;7;"48;4996080000";" -2;7094620000"
202200003638;27;7;2022;22:10;5;67;2;1;1;6;"48;5971400000";"7;6993700000"
202200003639;22;11;2022;22:00;3;974;2;1;1;7;" -20;9344600000";"55;3059600000"
202200003640;2;6;2022;17:25;1;51;2;1;1;7;"49;0367402446";"3;9641641080"
202200003641;2;5;2022;17:55;1;92;1;1;1;4;"48;8393556642";"2;2156693339"
202200003642;18;3;2022;14:30;1;19;2;5;1;3;"45;1651400000";"1;5320600000"
202200003643;23;11;2022;06:50;1;973;1;1;3;6;"4;8985200000";" -52;3271700000"
202200003644;2;5;2022;10:25;1;93;1;1;1;7;"48;9133400000";"2;4771900000"
202200003645;4;6;2022;09:40;1;50;1;9;1;3;"48;8592600000";" -1;5746000000"
202200003646;6;12;2022;17:15;2;60;2;1;1;3;"49;3977382691";"2;7873655557"
202200003647;22;3;2022;19:40;5;13;2;1;1;6;"43;3195810832";"5;4331701173"
202200003648;2;5;2022;07:30;1;93;1;1;9;3;"48;9085900000";"2;4499300000"
202200003649;22;12;2022;13:00;1;13;1;6;1;7;"43;4484243660";"4;8380053008"
202200003650;24;5;2022;08:00;1;50;1;1;1;1;"48;8270200000";" -1;5615700000"
202200003651;1;5;2022;03:00;3;93;1;1;1;6;"48;9709300000";"2;4999200000"
202200003652;7;11;2022;20:42;5;75;2;2;1;3;"48;8605710000";"2;3493890000"
202200003653;22;3;2022;17:10;1;13;2;1;1;2;"43;3616700000";"5;3026200000"
202200003654;2;6;2022;11:40;1;50;2;1;1;2;"49;6337600000";" -1;6203100000"
202200003655;23;11;2022;15:35;1;69;2;2;2;3;"45;7450693328";"4;8664122820"
202200003656;12;3;2022;06:46;1;93;2;1;1;1;"48;9237830000";"2;4140150000"
202200003657;2;5;2022;13:50;1;94;1;1;1;2;"48;8270100000";"2;5110500000"
202200003658;21;3;2022;23:40;3;11;2;1;1;6;"43;2287100000";"2;3384100000"
202200003659;1;6;2022;17:05;1;50;2;2;1;3;"49;6674100000";" -1;6966800000"
202200003660;23;11;2022;10:00;1;69;2;2;2;3;"45;7439400000";"4;8632200000"
202200003661;2;5;2022;00:30;3;77;1;1;1;2;"48;7775361133";"2;6141757140"
202200003662;22;3;2022;17:15;1;06;2;1;1;3;"43;6813660000";"6;9671830000"
202200003663;3;6;2022;16:31;1;49;2;1;1;3;"47;4486600000";" -0;5384500000"
202200003664;5;1;2022;23:00;5;59;2;1;1;3;"50;6366680000";"3;0617680000"
202200003665;23;11;2022;08:45;1;69;2;4;8;3;"45;7737300000";"4;8496200000"
202200003666;22;3;2022;08:40;1;06;2;1;1;6;"43;6579600000";"6;9215400000"
202200003667;5;1;2022;15:45;1;59;2;1;1;6;"50;7743955970";"3;1280538440"
202200003668;2;6;2022;17:14;1;49;2;1;1;3;"47;4729200000";" -0;5907500000"
202200003669;21;3;2022;09:10;1;06;2;1;1;6;"43;5730300000";"7;0032400000"
202200003670;10;11;2022;19:10;4;972;1;6;1;3;"14;6185000000";" -61;0315400000"
202200003671;30;10;2022;19:25;3;38;1;1;1;4;"45;1978257723";"5;7007551830"
202200003672;4;6;2022;17:30;1;47;2;2;1;3;"44;1921100000";"0;6154000000"
202200003673;27;4;2022;16:40;1;94;1;1;1;5;"48;8354458972";"2;5387118132"
202200003674;5;6;2022;06:05;2;46;2;1;8;-1;"44;4525360000";"1;4410930000"
202200003675;19;11;2022;04:26;4;972;2;1;1;6;"14;6102900000";" -61;0486100000"
202200003676;21;3;2022;16:15;1;06;2;3;1;3;"43;6655920000";"7;1865990000"
202200003677;1;5;2022;21:05;5;974;2;9;9;7;" -20;9123300000";"55;4856100000"
202200003678;24;9;2022;15:00;1;14;1;3;8;3;"49;2443930000";" -0;4603590000"
202200003679;4;6;2022;12:10;1;45;2;1;1;6;"47;9128500000";"1;9128500000"
202200003680;23;11;2022;07:10;2;69;2;1;1;2;"45;7547051727";"4;8325493932"
202200003681;21;3;2022;10:40;1;05;2;1;1;2;"44;5640000000";"6;0939500000"
202200003682;1;5;2022;13:50;1;974;1;1;1;3;" -20;8942400000";"55;4716700000"
202200003683;7;11;2022;19:17;5;75;2;2;1;3;"48;8976470000";"2;3290430000"
202200003684;7;11;2022;18:40;5;75;2;1;1;6;"48;8976330000";"2;3594590000"
202200003685;23;11;2022;01:20;5;69;2;1;2;6;"45;7710700000";"4;8076800000"
202200003686;3;6;2022;02:50;5;45;2;3;1;3;"47;8984600000";"1;9092500000"
202200003687;1;5;2022;16:25;1;973;2;1;1;3;"4;9326701305";" -52;3186138272"
202200003688;7;11;2022;12:40;1;75;2;3;1;2;"48;8755230000";"2;3642660000"
202200003689;12;12;2022;17:25;5;62;2;1;1;1;"50;7750350000";"2;0239420000"
202200003690;2;6;2022;20:12;1;45;2;6;1;3;"47;8567066447";"1;9029972553"
202200003691;1;5;2022;05:30;5;973;2;3;2;3;"4;9280100000";" -52;3138300000"
202200003692;22;12;2022;14:15;1;68;2;1;1;3;"48;0851970000";"7;3085220000"