Accident_Id;jour;mois;an;hrmn;lum;dep;agg;int;atm;col;lat;long
202200004304;17;10;2022;09:15;1;64;2;1;2;3;"43;4934700000";" -1;5182200000"
202200004305;14;9;2022;15:36;1;49;2;1;1;3;"47;4713800000";" -0;5190000000"
202200004306;14;9;2022;06:36;3;49;2;2;8;3;"47;4517500000";" -0;5357200000"
202200004307;12;9;2022;18:15;1;44;2;7;1;3;"47;2252410000";" -1;6277240000"
202200004308;16;10;2022;04:07;5;59;2;6;1;6;"50;7062860000";"3;1798790000"
202200004309;15;9;2022;17:00;1;41;2;1;1;4;"47;5837000000";"1;3213100000"
202200004310;15;9;2022;04:50;3;34;1;1;8;5;"43;4511041485";"3;7637293339"
202200004311;13;10;2022;08:15;2;59;2;2;1;3;"50;6813370000";"2;8764520000"
202200004312;14;9;2022;18:45;2;34;1;9;1;3;"43;3201000000";"3;2935800000"
202200004313;15;10;2022;16:35;1;56;2;1;8;6;"47;8188600000";" -3;2970100000"
202200004314;15;9;2022;18:25;1;33;2;2;1;3;"44;8412200000";" -0;5866800000"
202200004315;15;10;2022;03:25;3;56;1;1;2;2;"47;7779546000";" -3;3557940000"
202200004316;15;9;2022;09:52;1;33;2;6;1;6;"44;8078500000";" -0;5606900000"
202200004317;15;9;2022;08:30;1;33;2;6;1;3;"44;7613200000";" -0;6125800000"
202200004318;16;10;2022;15:10;1;56;2;6;2;3;"47;8106700000";" -3;2736200000"
202200004319;14;9;2022;20:44;5;33;2;2;1;6;"44;8059200000";" -0;6323200000"
202200004320;17;10;2022;21:32;5;54;2;1;8;6;"48;6971500000";"6;1747500000"
202200004321;15;9;2022;08:25;1;31;2;9;1;3;"43;6088400000";"1;4298200000"
202200004322;15;9;2022;14:15;1;30;2;1;1;3;"44;1599100000";"4;6210300000"
202200004323;17;10;2022;15:25;1;54;2;3;1;3;"48;6617467517";"6;1780473590"
202200004324;5;9;2022;07:00;1;28;2;3;1;1;"48;4356970000";"1;5061670000"
202200004325;17;10;2022;13:50;1;54;2;1;1;6;"48;6860154706";"6;1730155349"
202200004326;15;9;2022;11:05;1;27;2;1;1;6;"49;0917800000";"1;4720000000"
202200004327;15;9;2022;17:45;1;25;2;1;2;2;"46;9139300000";"6;3461500000"
202200004328;17;10;2022;12:30;1;51;2;2;1;3;"49;2456300000";"4;0177800000"
202200004329;14;9;2022;17:50;1;15;2;1;1;6;"44;8954600000";"2;4613600000"
202200004330;8;10;2022;14:15;1;50;2;3;1;3;"49;1131900000";" -1;0807600000"
202200004331;17;10;2022;13:35;1;49;2;1;2;7;"47;4550100000";" -0;5153100000"
202200004332;14;10;2022;19:45;5;44;2;1;2;6;"47;2668400000";" -2;2544300000"
202200004333;15;9;2022;11:30;1;14;1;1;1;5;"49;1514700000";" -0;4166800000"
202200004334;17;10;2022;08:50;1;43;2;1;1;2;"45;0489500000";"3;8915400000"
202200004335;15;9;2022;18:40;2;13;2;1;1;3;"43;3840037258";"5;2194004588"
202200004336;15;9;2022;10:40;1;13;2;1;1;6;"43;6404300000";"5;0951300000"
202200004337;17;10;2022;05:49;5;42;2;1;1;6;"45;4596100000";"4;4849200000"
202200004338;15;9;2022;19:25;2;13;2;1;1;6;"43;3707100000";"5;3562000000"
202200004339;15;9;2022;14:00;1;13;2;1;1;5;"43;2422422621";"5;3691502915"
202200004340;14;9;2022;15:00;1;13;2;1;1;3;"43;2543597380";"5;3793294700"
202200004341;16;10;2022;22:58;5;37;2;2;1;3;"47;3790600000";"0;6438200000"
202200004342;14;9;2022;16:40;1;13;2;9;1;6;"43;2817401367";"5;5137956142"
202200004343;17;10;2022;16:50;1;35;2;1;1;6;"48;0886400000";" -1;6937000000"
202200004344;14;9;2022;21:00;5;10;2;1;8;1;"48;2936100000";"4;0837100000"
202200004345;17;10;2022;08:00;2;35;2;1;8;6;"48;1123100000";" -1;6691500000"
202200004346;14;9;2022;07:10;1;10;2;1;1;1;"48;2852600000";"4;0986700000"
202200004347;13;10;2022;07:00;5;35;2;1;1;6;"48;3480000000";" -1;1826700000"
202200004348;15;9;2022;17:25;1;06;2;3;1;2;"43;7236400000";"7;2660600000"
202200004349;17;10;2022;11:10;1;31;2;1;1;3;"43;6076800000";"1;3979800000"
202200004350;15;9;2022;17:39;1;06;2;1;1;1;"43;7070400000";"7;2816000000"
202200004351;17;10;2022;17:10;1;26;2;6;1;3;"44;9410560000";"4;8936880000"
202200004352;15;9;2022;16:20;1;06;2;8;1;6;"43;6905200000";"7;2429500000"
202200004353;17;10;2022;09:30;1;25;2;6;1;3;"47;2451380000";"5;9962440000"
202200004354;15;9;2022;16:05;1;06;2;9;1;6;"43;6829940000";"7;2328370000"
202200004355;12;10;2022;12:20;1;21;2;2;1;3;"47;3404160000";"5;0494280000"
202200004356;15;9;2022;13:27;1;06;2;1;1;1;"43;7001400000";"7;2499100000"
202200004357;15;9;2022;12:30;1;06;2;1;1;3;"43;5540800000";"7;0242100000"
202200004358;12;10;2022;06:10;4;21;2;3;1;3;"47;3265780000";"5;0295320000"
202200004359;9;9;2022;10:30;1;05;2;1;8;2;"44;5673094171";"6;0971009731"
202200004360;17;10;2022;19:52;2;13;2;1;1;6;"43;2803300000";"5;4081600000"
202200004361;13;9;2022;23:48;5;75;2;1;1;7;"48;8168800000";"2;3483260000"
202200004362;17;10;2022;12:56;1;13;2;3;1;3;"43;2047900000";"5;6036000000"
202200004363;15;9;2022;18:00;1;75;2;3;1;6;"48;8896150000";"2;3385020000"
202200004364;15;9;2022;11:10;1;75;2;1;1;3;"48;8976680000";"2;3316190000"
202200004365;13;10;2022;10:10;1;11;2;1;1;5;"43;1859000000";"3;0016000000"
202200004366;14;9;2022;10:00;1;75;2;2;2;6;"48;8883530000";"2;3495990000"
202200004367;14;9;2022;08:00;1;75;2;7;2;3;"48;8743260000";"2;2954390000"
202200004368;17;10;2022;15:10;1;06;2;3;1;3;"43;6383100000";"6;9110000000"
202200004369;15;9;2022;08:50;1;75;2;2;1;2;"48;8758540000";"2;2622040000"
202200004370;16;10;2022;12:30;1;974;2;3;1;3;" -21;3416500000";"55;4724700000"
202200004371;14;9;2022;11:13;1;75;2;3;1;6;"48;8576320000";"2;2775520000"
202200004372;15;10;2022;12:25;1;971;2;1;1;6;"16;0541410106";" -61;5619915724"
202200004373;15;10;2022;13:10;1;91;2;1;1;7;"48;5954700000";"2;2699700000"
202200004374;15;9;2022;15:10;1;75;2;3;1;3;"48;8492600000";"2;2981970000"
202200004375;14;9;2022;11:50;1;75;2;2;1;2;"48;8392550000";"2;2919660000"
202200004376;16;10;2022;15:00;1;91;1;1;1;4;"48;6900000000";"2;4700000000"
202200004377;15;9;2022;17:45;1;75;2;2;1;6;"48;8256530000";"2;3472030000"
202200004378;10;10;2022;18:05;1;83;2;9;1;3;"43;4270000000";"6;7560000000"
202200004379;15;9;2022;20:15;5;75;2;2;1;3;"48;8466840000";"2;4138220000"
202200004380;15;9;2022;19:20;2;75;2;7;1;7;"48;8684880000";"2;3629450000"
202200004381;16;10;2022;05:35;3;77;1;6;2;6;"48;3906800000";"2;7548300000"
202200004382;15;9;2022;14:50;1;75;2;3;1;3;"48;8726210000";"2;3576960000"
202200004383;16;10;2022;22:30;3;76;1;4;1;7;"49;3445500000";"1;0112200000"
202200004384;14;9;2022;23:40;5;75;2;7;1;3;"48;8761710000";"2;3311330000"
202200004385;14;10;2022;20:20;5;76;2;9;2;1;"49;5162100000";"0;5309200000"
202200004386;15;9;2022;00:02;5;75;2;2;1;7;"48;8760560000";"2;3371530000"
202200004387;16;10;2022;01:40;5;71;1;3;1;3;"46;8190394812";"4;4737850045"
202200004388;15;9;2022;18:29;1;94;2;1;1;6;"48;7982800000";"2;3468000000"
202200004389;15;10;2022;01:20;5;69;2;1;1;1;"45;9833700000";"4;7484700000"
202200004390;15;9;2022;07:35;1;94;2;1;1;3;"48;8181400000";"2;4097800000"
202200004391;16;10;2022;01:10;5;69;2;1;1;2;"45;7160200000";"4;8547600000"
202200004392;15;9;2022;11:45;1;94;2;1;1;3;"48;8148700000";"2;5065400000"
202200004393;16;10;2022;18:25;1;69;2;1;1;2;"45;6896923862";"4;8859521747"
202200004394;15;9;2022;18:45;1;93;2;1;1;6;"48;9433303107";"2;3569221390"
202200004395;16;10;2022;15:03;1;59;2;1;1;3;"50;6931600000";"3;1692800000"
202200004396;15;9;2022;20:55;5;93;2;2;1;2;"48;8781191964";"2;5249122853"
202200004397;15;10;2022;15:00;1;59;1;1;1;6;"50;2246150000";"3;8299930000"
202200004398;14;9;2022;23:45;3;93;2;5;1;3;"48;8791900000";"2;5240300000"
202200004399;16;10;2022;12:00;1;59;2;3;1;3;"50;6177500000";"3;1734900000"
202200004400;15;9;2022;18:20;1;93;2;3;1;1;"48;8627000000";"2;5302500000"
202200004401;15;10;2022;19:15;1;59;2;2;1;3;"50;1787578244";"3;2535785437"
202200004402;15;9;2022;09:40;1;93;2;2;1;6;"48;8684001408";"2;4468301316"
202200004403;15;10;2022;20:10;5;54;2;2;2;3;"48;6993758461";"6;1372563243"
202200004404;14;9;2022;23:05;5;93;2;3;1;2;"48;9571700000";"2;3097200000"
202200004405;15;9;2022;08:45;1;93;2;3;1;3;"48;9218253732";"2;4554775437"
202200004406;16;10;2022;04:18;5;38;2;3;1;2;"45;1740800000";"5;7454200000"
202200004407;15;9;2022;07:40;1;93;2;2;1;2;"48;9309200000";"2;4835100000"
202200004408;16;10;2022;21:30;5;33;2;2;1;3;"44;8510777180";" -0;6446539163"
202200004409;15;9;2022;18:25;1;92;2;1;1;6;"48;8813800000";"2;2173400000"
202200004410;15;9;2022;11:40;1;92;2;1;1;3;"48;8871066427";"2;1867962927"
202200004411;16;10;2022;11:50;1;33;2;2;1;2;"44;8301800000";" -0;5272300000"
202200004412;16;10;2022;10:37;1;33;2;1;1;1;"44;7989700000";" -0;6385200000"
202200004413;15;9;2022;18:40;1;92;2;1;1;7;"48;8180710000";"2;3193490000"
202200004414;15;9;2022;18:15;1;92;2;1;1;6;"48;8059815277";"2;2949546277"
202200004415;16;10;2022;08:45;1;33;2;1;1;2;"44;7775500000";" -0;6104200000"
202200004416;16;10;2022;05:10;5;30;2;1;9;1;"44;1301400000";"4;0737200000"
202200004417;15;9;2022;12:14;1;92;2;1;1;3;"48;8285981058";"2;2628464401"
202200004418;15;9;2022;09:00;1;92;2;1;1;7;"48;8242684242";"2;2566577792"
202200004419;13;9;2022;23:00;5;92;2;1;2;2;"48;8244850000";"2;2620560000"
202200004420;15;10;2022;14:55;1;15;2;2;1;3;"44;9123210000";"2;4380790000"
202200004421;15;9;2022;03:43;5;92;2;1;1;6;"48;9022500000";"2;2913600000"
202200004422;15;9;2022;12:00;1;35;1;1;1;1;"47;9124230000";" -1;4980240000"
202200004423;16;9;2022;11:25;1;2A;1;1;1;5;"41;6317230000";"8;9579990000"
202200004424;15;9;2022;17:10;1;69;1;1;2;3;"45;6470930000";"4;7460940000"
202200004425;15;9;2022;16:10;1;41;2;1;1;6;"47;4780000000";"1;1900100000"
202200004426;16;9;2022;00:15;3;83;2;1;1;5;"43;4745130000";"6;5706290000"
202200004427;16;9;2022;15:12;1;26;1;1;1;5;"44;3777820000";"4;7324360000"
202200004428;28;8;2022;18:30;1;63;1;1;1;3;"45;9406160000";"3;0085160000"
202200004429;15;9;2022;18:00;1;59;2;9;1;6;"51;0689220000";"2;5089490000"
202200004430;16;9;2022;12:11;1;44;1;1;1;7;"47;3694200000";" -1;9160630000"
202200004431;8;9;2022;19:35;1;35;1;2;1;2;"48;2305286412";" -1;7064401507"
202200004432;16;9;2022;12:30;1;59;2;1;1;1;"50;1505590754";"3;7887221575"
202200004433;15;9;2022;11:00;1;56;1;1;1;7;"47;5362070000";" -2;7417060000"
202200004434;16;9;2022;07:30;1;79;1;1;1;7;"46;9206220000";" -0;0913670000"
202200004435;12;9;2022;14:30;1;2B;1;1;1;3;"42;2255060000";"9;2273140000"
202200004436;15;9;2022;07:10;2;80;1;1;5;1;"49;9469910000";"2;3621180000"
202200004437;16;9;2022;14:00;1;33;2;3;1;6;"44;7692530000";" -1;1282870000"
202200004438;15;9;2022;12:40;1;11;1;1;1;7;"43;1849020000";"1;9964220000"
202200004439;15;9;2022;21:45;3;55;1;1;1;1;"49;1105650000";"5;6047600000"
202200004440;25;8;2022;13:00;1;34;2;1;1;3;"43;7322320000";"3;5535780000"
202200004441;16;9;2022;07:30;1;25;2;1;1;1;"47;1059710000";"6;1298350000"
202200004442;16;9;2022;06:40;2;25;1;1;1;5;"47;2180380000";"6;0678430000"
202200004443;11;9;2022;16:00;1;84;1;1;1;7;"43;6809940000";"5;5118640000"
202200004444;16;9;2022;15:50;1;72;1;1;1;6;"48;3703770000";"0;0690350000"
202200004445;14;9;2022;18:25;1;06;1;1;8;6;"43;7250490000";"7;3477400000"
202200004446;5;7;2022;17:20;1;57;1;1;1;5;"49;4757860000";"5;9504160000"
202200004447;1;7;2022;20:40;2;89;2;1;1;3;"48;1354550000";"3;2863350000"
202200004448;4;7;2022;20:05;2;56;1;9;1;3;"48;0239240000";" -3;2139090000"
202200004449;5;7;2022;17:30;1;59;1;1;1;7;"50;8700482955";"2;1993470192"
202200004450;5;7;2022;17:20;1;76;2;1;1;4;"49;4417260000";"1;1840650000"
202200004451;4;7;2022;21:10;3;2B;1;1;1;3;"41;8760560000";"9;3960680000"
202200004452;5;7;2022;12:40;1;2B;2;1;1;6;"42;7761210000";"9;4751340000"
202200004453;2;7;2022;17:00;1;69;1;1;7;1;"46;2666770000";"4;5439410000"
202200004454;3;7;2022;07:45;1;63;2;9;1;6;"45;5879669036";"3;1290918589"
202200004455;4;7;2022;15:50;1;61;1;1;1;2;"48;7999880000";"0;3383540000"
202200004456;4;7;2022;09:50;1;68;2;1;1;7;"48;0847350000";"7;3132420000"
202200004457;1;7;2022;01:00;3;22;1;1;1;6;"48;6685790000";" -2;9798320000"
202200004458;4;7;2022;14:00;1;39;1;1;1;6;"46;3825410000";"5;7706570000"
202200004459;4;7;2022;17:00;1;44;2;6;1;3;"47;3509340000";" -2;5084560000"
202200004460;5;7;2022;11:20;1;38;1;2;1;3;"45;6653400000";"5;4559620000"
202200004461;27;6;2022;17:30;1;03;1;6;7;7;"46;0761710000";"3;4417730000"
202200004462;4;7;2022;21:35;1;15;2;3;1;1;"45;3429840000";"2;5201610000"
202200004463;5;7;2022;10:20;1;72;1;1;1;6;"48;1972900000";"0;5024310000"
202200004464;4;7;2022;18:53;1;72;1;1;1;7;"48;4126697708";"0;1402258871"
202200004465;5;7;2022;01:30;3;72;1;1;1;6;"47;9676800000";"0;5097800000"
202200004466;27;6;2022;19:30;2;45;1;1;1;3;"47;8231970000";"1;8594670000"
202200004467;5;7;2022;11:30;1;10;1;1;1;6;"48;4438070000";"4;4292710000"
202200004468;5;7;2022;18:47;1;40;1;2;1;3;"43;9892560000";" -0;1548920000"
202200004469;4;7;2022;15:45;1;24;1;1;1;6;"45;0313480000";"1;1275150000"
202200004470;2;7;2022;19:00;1;04;2;1;1;6;"43;8383500000";"5;9908590000"
202200004471;4;7;2022;17:45;1;17;2;1;1;2;"45;2128560000";" -0;1822940000"
202200004472;30;6;2022;23:00;3;17;1;6;1;7;"46;2527370000";" -1;0664170000"
202200004473;4;7;2022;18:45;1;37;1;2;1;3;"47;1536680000";"1;1699210000"
202200004474;21;6;2022;10:15;1;13;1;1;1;2;"43;5184620000";"5;4291340000"
202200004475;4;7;2022;21:30;2;60;1;1;1;6;"49;1498820000";"2;5828710000"
202200004476;4;7;2022;19:20;1;2B;1;1;1;1;"42;5470730000";"9;1806220000"
202200004477;5;7;2022;01:36;3;34;2;1;1;7;"43;4790281428";"3;6932578265"
202200004478;5;7;2022;08:40;1;71;2;1;7;3;"46;5008880000";"4;0098330000"
202200004479;3;7;2022;01:20;3;67;1;1;1;1;"48;6885560000";"7;7802410000"
202200004480;4;7;2022;17:00;1;67;2;3;1;2;"48;7092140000";"7;7593650000"
202200004481;3;7;2022;19:00;1;88;1;1;1;6;"48;2256090000";"6;3814690000"
202200004482;4;7;2022;11:26;1;57;2;1;1;7;"49;0667647049";"6;5948923587"
202200004483;4;7;2022;11:30;1;63;1;1;1;3;"45;8390520000";"3;0538080000"
202200004484;5;7;2022;08:15;1;38;2;3;1;3;"45;1369300000";"5;7952500000"
202200004485;2;7;2022;19:00;1;26;2;1;1;1;"44;3865960000";"4;6982650000"
202200004486;5;7;2022;07:55;1;01;2;1;1;4;"45;8761438517";"4;9110066891"
202200004487;5;7;2022;07:30;1;01;1;1;1;6;"45;9074200000";"5;2825520000"
202200004488;4;7;2022;15:50;1;69;2;6;1;3;"45;8172100000";"4;6649030000"
202200004489;5;7;2022;02:00;3;17;1;1;1;7;"45;6954870000";" -1;0450530000"
202200004490;6;6;2022;17:15;1;33;1;1;1;6;"44;9594230000";" -0;3337530000"
202200004491;4;7;2022;17:50;1;33;2;6;1;3;"44;8278154549";" -0;4483446479"
202200004492;4;7;2022;18:00;1;49;2;9;1;3;"47;4703780000";" -0;6208940000"
202200004493;4;7;2022;20:05;1;56;2;1;1;6;"48;1289900000";" -2;9835930000"
202200004494;4;7;2022;10:50;1;22;1;1;1;6;"48;2256450000";" -2;7558620000"
202200004495;5;7;2022;20:40;1;60;1;1;1;6;"49;1703970000";"2;8258040000"
202200004496;5;7;2022;08:20;1;60;1;9;1;3;"49;4539190000";"2;0991770000"
202200004497;4;7;2022;12:23;1;69;1;1;1;3;"45;7167200000";"4;8536900000"
202200004498;3;7;2022;05:40;1;59;1;1;1;2;"50;5860613830";"3;0931878090"
202200004499;2;7;2022;02:30;5;59;1;1;1;7;"50;6178919916";"2;9982975125"
202200004500;30;6;2022;23:45;3;59;1;1;1;7;"50;4372722574";"3;6636614799"
202200004501;4;7;2022;19:40;1;91;1;1;1;3;"48;6033700000";"2;4371100000"
202200004502;4;7;2022;07:45;1;94;1;1;1;3;"48;7644631439";"2;3426462846"
202200004503;4;7;2022;09:00;1;78;1;1;1;4;"48;9703050000";"1;9037480000"
202200004504;4;7;2022;04:35;3;78;1;1;1;6;"48;8592800000";"2;0499000000"
202200004505;4;7;2022;15:40;1;94;1;1;1;2;"48;8071293380";"2;4487169744"
202200004506;4;7;2022;00:24;4;77;1;1;1;7;"48;6519783645";"2;6132687632"
202200004507;3;7;2022;09:55;1;64;2;1;1;3;"43;5022700000";" -1;4779400000"
202200004508;2;7;2022;07:30;1;13;2;1;1;1;"43;5768200000";"5;0133300000"
202200004509;2;7;2022;19:05;1;07;2;4;1;3;"44;6248250000";"4;3825590000"
202200004510;1;3;2022;13:45;1;14;1;1;8;1;"48;8762300000";" -0;8120300000"
202200004511;2;7;2022;20:50;3;974;2;1;1;3;" -21;2907700000";"55;4730000000"
202200004512;3;7;2022;10:40;1;974;2;1;1;3;" -20;8923000000";"55;4882100000"
202200004513;3;7;2022;20:36;5;973;2;1;2;1;"4;9266000000";" -52;3138700000"
202200004514;3;7;2022;20:00;5;973;2;1;1;6;"4;9228685978";" -52;3236228526"
202200004515;3;7;2022;02:40;5;973;2;1;1;7;"4;9427000000";" -52;3177000000"
202200004516;3;7;2022;23:45;5;2A;2;6;1;3;"41;9499880089";"8;7712794542"
202200004517;2;7;2022;18:10;1;90;1;1;1;2;"47;6415500000";"6;8002100000"
202200004518;3;7;2022;01:10;5;78;2;9;1;2;"48;9357200000";"2;0608500000"
202200004519;2;7;2022;12:47;1;77;2;1;1;3;"48;8066300000";"2;6175310000"
202200004520;2;7;2022;11:45;1;77;1;1;1;1;"48;4270100000";"2;9062700000"
202200004521;3;7;2022;21:05;1;69;2;3;1;3;"45;7745100000";"4;8845900000"
202200004522;2;7;2022;04:10;5;69;2;1;1;2;"45;7650000000";"4;9240000000"
202200004523;1;7;2022;09:15;1;67;1;1;1;5;"48;8392700000";"7;8045400000"
202200004524;3;7;2022;17:40;1;64;1;1;2;2;"43;2685200000";" -0;3893200000"
202200004525;3;7;2022;09:00;1;62;2;4;1;6;"50;5499670000";"2;6543700000"
202200004526;3;7;2022;18:56;1;54;2;3;1;1;"48;6942600000";"6;2105500000"
202200004527;3;7;2022;14:42;1;51;2;1;1;7;"49;2156932427";"4;0037575364"
202200004528;3;7;2022;09:10;1;49;2;4;1;5;"47;0645155046";" -0;8935859799"
202200004529;3;7;2022;08:45;1;47;2;3;1;6;"44;3799400000";"0;6977300000"
202200004530;2;7;2022;17:45;1;45;2;1;1;3;"47;8816954169";"1;9035353065"
202200004531;3;7;2022;16:15;1;37;2;2;1;6;"47;3844182316";"0;6722152233"
202200004532;3;7;2022;23:33;5;37;2;1;1;5;"47;3870228509";"0;7277530432"
202200004533;2;7;2022;17:00;1;37;2;1;1;6;"47;4039699353";"0;6730037928"
202200004534;3;7;2022;18:45;1;33;1;1;1;6;"44;8499102292";" -0;5697233230"
202200004535;3;7;2022;10:00;1;29;1;1;1;7;"47;8731297700";" -3;9180974120"
202200004536;3;7;2022;18:10;1;25;2;1;1;3;"47;2501360000";"6;0190540000"
202200004537;3;7;2022;06:50;2;25;2;1;1;6;"47;2443000000";"6;0187900000"
202200004538;2;7;2022;09:00;1;22;1;3;1;2;"48;7111090000";" -3;4021270000"
202200004539;3;7;2022;19:23;1;17;2;1;1;6;"46;1534930000";" -1;1462650000"
202200004540;1;7;2022;15:40;1;16;2;3;1;3;"45;6833100000";" -0;3287930000"
202200004541;2;7;2022;10:33;1;10;2;9;1;6;"48;2741737249";"4;0846207738"
202200004542;3;7;2022;21:25;5;06;2;9;1;3;"43;7196300000";"7;2842200000"
202200004543;3;7;2022;12:25;1;06;2;2;1;3;"43;6995800000";"7;2529200000"
202200004544;2;7;2022;18:15;1;03;2;2;1;1;"46;3470800000";"2;5821000000"
202200004545;2;7;2022;20:40;1;75;2;1;1;3;"48;8770500000";"2;2793560000"
202200004546;3;7;2022;03:45;5;75;2;1;1;6;"48;8628120000";"2;3999280000"
202200004547;3;7;2022;17:20;1;75;2;7;1;3;"48;8737360000";"2;2941380000"
202200004548;2;7;2022;09:45;1;75;2;1;1;2;"48;8572280000";"2;2374120000"
202200004549;3;7;2022;20:50;2;75;2;5;1;3;"48;8409040000";"2;4335780000"
202200004550;3;7;2022;18:02;1;75;2;3;1;1;"48;8610820000";"2;3241560000"
202200004551;2;7;2022;12:30;1;75;2;1;1;1;"48;8591550000";"2;2934030000"
202200004552;3;7;2022;03:00;4;94;2;1;1;1;"48;8212700000";"2;3944500000"
202200004553;3;7;2022;20:50;1;93;2;2;1;3;"48;9582900000";"2;5585100000"
202200004554;3;7;2022;18:40;1;93;2;1;1;6;"48;9190500000";"2;3324100000"
202200004555;3;7;2022;18:30;1;93;2;1;1;2;"48;9519200000";"2;3382700000"
202200004556;2;7;2022;23:05;5;93;2;1;1;6;"48;9482130000";"2;3575800000"
202200004557;3;7;2022;12:30;1;93;2;8;1;7;"48;9331700000";"2;3722400000"
202200004558;2;7;2022;22:45;3;93;2;1;1;3;"48;9300800000";"2;3870800000"
202200004559;3;7;2022;15:28;1;93;2;1;1;3;"48;9142300000";"2;4397930000"
202200004560;3;7;2022;11:01;1;92;2;1;1;7;"48;8430288605";"2;1728199050"
202200004561;2;7;2022;17:48;1;92;2;1;1;3;"48;8522341350";"2;2291981280"
202200004562;3;7;2022;18:13;1;92;2;1;1;6;"48;7985445828";"2;3176209032"
202200004563;3;7;2022;20:00;1;92;2;6;1;2;"48;7406616575";"2;2812948078"
202200004564;3;7;2022;18:53;1;92;2;1;1;3;"48;7632300000";"2;3114800000"
202200004565;4;7;2022;06:30;1;95;1;1;1;2;"49;1001295882";"2;2810283303"
202200004566;3;7;2022;05:40;2;37;1;1;1;6;"47;3409670000";"0;4417450000"
202200004567;4;7;2022;08:55;1;71;1;1;1;6;"46;5993790000";"4;4710810000"
202200004568;3;7;2022;10:50;1;68;1;4;7;3;"48;0954370000";"7;2040060000"
202200004569;3;7;2022;19:35;1;64;1;1;1;7;"43;4312288789";" -0;6576323990"
202200004570;4;7;2022;02:35;3;25;1;1;1;5;"47;5308420000";"6;8593600000"
202200004571;4;7;2022;01:30;3;974;2;1;1;7;" -21;2851860000";"55;4305320000"
202200004572;3;7;2022;12:30;1;79;1;4;1;7;"46;1424930000";" -0;1855390000"
202200004573;3;7;2022;13:30;1;14;1;1;1;4;"49;0359130000";" -0;8145980000"
202200004574;4;7;2022;00:55;3;2B;1;1;1;1;"42;0886850000";"9;5035820000"
202200004575;3;7;2022;20:30;2;2B;1;1;1;1;"42;1440040000";"9;4530170000"
202200004576;2;7;2022;18:30;1;34;1;3;1;1;"43;7237930000";"3;9117010000"
202200004577;3;7;2022;16:50;1;89;2;1;1;2;"48;1514350000";"3;3094600000"
202200004578;3;7;2022;07:15;1;79;1;1;1;7;"46;7300300000";" -0;5349600000"
202200004579;4;7;2022;09:40;1;79;2;1;7;7;"46;8287350000";" -0;1342870000"
202200004580;30;6;2022;14:32;1;69;1;3;2;6;"45;9809980000";"4;3743930000"
202200004581;28;6;2022;19:30;1;32;1;1;1;3;"43;8574110000";"0;0779400000"
202200004582;2;7;2022;18:14;1;71;2;3;1;6;"46;2073000000";"4;3379020000"
202200004583;3;7;2022;18:00;2;63;1;1;1;7;"46;1396200000";"2;9280100000"
202200004584;3;7;2022;12:30;1;61;1;1;1;6;"48;8475970000";" -0;4082970000"
202200004585;3;7;2022;18:30;1;55;1;1;1;7;"49;0290330000";"5;6159130000"
202200004586;3;7;2022;05:40;2;42;1;1;1;6;"45;7382220000";"4;0804770000"
202200004587;3;7;2022;23:35;3;22;1;1;1;6;"48;4583450000";" -3;5407520000"
202200004588;3;7;2022;18:26;1;44;2;6;1;7;"47;3368700000";" -2;4283000000"
202200004589;3;7;2022;11:10;1;29;2;3;1;3;"48;5303230815";" -4;4519096017"
202200004590;4;7;2022;14:54;1;31;2;3;1;3;"43;4329610000";"1;4300250000"
202200004591;4;7;2022;13:25;1;38;1;1;1;6;"45;1580740000";"5;3643110000"
202200004592;3;7;2022;18:45;1;54;1;1;1;7;"48;8693445010";"6;0931956776"
202200004593;3;7;2022;15:30;1;72;1;1;1;3;"47;9041350000";"0;0213240000"
202200004594;1;7;2022;23:50;3;14;2;1;1;6;"49;1404090000";" -0;1640490000"
202200004595;1;7;2022;12:34;1;64;2;1;1;7;"43;4596330000";" -1;3299620000"
202200004596;3;7;2022;17:40;1;73;2;1;1;7;"45;6001022761";"6;4384371936"
202200004597;3;7;2022;11:00;1;07;1;1;1;7;"45;0413410000";"4;6499200000"
202200004598;1;7;2022;22:40;3;21;1;1;1;6;"47;8529600000";"4;5850700000"
202200004599;3;7;2022;20:45;1;85;1;1;1;6;"46;8466600000";" -2;1239590000"
202200004600;3;7;2022;17:10;1;27;1;4;1;3;"49;3954180000";"1;4710310000"
202200004601;4;7;2022;09:40;1;17;2;2;1;6;"45;8396050000";" -1;2048110000"
202200004602;3;7;2022;07:50;1;87;1;3;1;3;"45;7273790000";"1;7541220000"
202200004603;3;7;2022;19:10;1;37;2;6;1;2;"47;2752440000";"0;8309380000"
202200004604;1;7;2022;13:45;1;37;2;1;1;6;"47;3353620000";"0;6909480000"
202200004605;4;7;2022;09:50;1;88;1;1;1;2;"48;4022340000";"7;0180960000"
202200004606;3;7;2022;18:45;1;19;1;9;1;3;"45;6230950000";"2;4573650000"
202200004607;2;7;2022;08:45;1;67;1;1;1;7;"48;7448560000";"7;9108210000"
202200004608;16;6;2022;08:00;1;67;2;2;1;3;"48;6554800000";"7;7221660000"
202200004609;4;7;2022;16:00;1;42;1;1;1;4;"45;8452570000";"3;7492900000"
202200004610;4;7;2022;05:30;3;01;1;1;1;6;"46;1049820000";"5;3891780000"
202200004611;29;6;2022;17:55;1;06;1;1;1;1;"43;6196560000";"7;0964960000"
202200004612;3;7;2022;19:33;1;33;1;1;1;2;"44;4821190000";" -0;8329430000"