Accident_Id;jour;mois;an;hrmn;lum;dep;agg;int;atm;col;lat;long
202200004613;4;7;2022;16:45;1;64;1;9;2;3;"43;4773540000";" -1;4510320000"
202200004614;3;7;2022;15:40;1;78;1;1;1;2;"48;5524390000";"1;9261900000"
202200004615;3;7;2022;03:30;5;987;1;1;1;3;" -16;4816410000";" -151;7476490000"
202200004616;3;7;2022;17:50;1;971;2;4;1;1;"16;1422790000";" -61;7672560000"
202200004617;3;7;2022;13:00;1;28;2;1;1;6;"48;6479310000";"1;5341750000"
202200004618;4;7;2022;08:45;1;06;1;1;1;1;"43;9373070000";"7;1711110000"
202200004619;4;7;2022;08:45;1;13;2;4;1;6;"43;4897280000";"5;2194710000"
202200004620;3;7;2022;18:20;1;13;2;1;1;2;"43;4811380000";"5;2254850000"
202200004621;4;7;2022;08:10;1;89;1;1;7;7;"47;8351250000";"3;5065630000"
202200004622;4;7;2022;15:30;1;71;2;2;1;3;"46;3487181844";"4;0282651260"
202200004623;3;7;2022;15:50;1;71;2;1;1;7;"46;2246070000";"4;7624070000"
202200004624;3;7;2022;22:30;3;52;1;1;1;6;"48;1030750000";"5;3513560000"
202200004625;3;7;2022;17:30;1;68;2;1;1;1;"47;7768645962";"7;3542167991"
202200004626;1;7;2022;10:00;1;67;1;1;1;1;"48;8082520000";"7;6894430000"
202200004627;3;7;2022;17:45;1;54;1;3;7;2;"48;7351205350";"5;9710961588"
202200004628;1;7;2022;15:00;1;42;1;2;1;1;"45;6620470000";"4;0738680000"
202200004629;2;7;2022;17:30;1;42;1;1;1;3;"45;8125110000";"3;8004380000"
202200004630;3;7;2022;00:50;5;38;2;3;1;3;"45;3185780000";"4;7728300000"
202200004631;1;7;2022;21:30;1;64;2;1;1;6;"43;4891710000";" -1;3517690000"
202200004632;2;7;2022;05:45;2;33;1;6;1;6;"44;7929260000";" -0;8747540000"
202200004633;3;7;2022;11:30;1;60;2;2;1;3;"49;2201930000";"2;6111630000"
202200004634;5;8;2022;12:15;1;973;2;2;1;3;"4;9333007870";" -52;2992107272"
202200004635;5;8;2022;09:45;1;69;2;2;1;3;"45;7653000000";"4;8549400000"
202200004636;5;8;2022;16:00;1;95;1;1;1;1;"48;9655500000";"2;4176050000"
202200004637;6;8;2022;02:10;3;95;2;1;1;7;"48;9568200000";"2;2834160000"
202200004638;5;8;2022;16:22;1;91;2;6;1;2;"48;6238270000";"2;3421940000"
202200004639;5;8;2022;19:30;1;91;2;1;1;6;"48;6700000000";"2;5300000000"
202200004640;4;8;2022;17:50;1;91;1;3;1;3;"48;6861300000";"2;5115500000"
202200004641;5;8;2022;15:25;1;91;2;3;1;7;"48;4335800000";"2;1727900000"
202200004642;4;8;2022;12:07;1;87;2;1;1;7;"45;8442400000";"1;2367600000"
202200004643;5;8;2022;09:00;1;85;2;2;1;6;"46;4914990000";" -1;7568390000"
202200004644;2;8;2022;12:00;1;83;1;1;1;5;"43;1492700000";"5;7506200000"
202200004645;3;8;2022;10:10;1;83;2;1;1;4;"43;0591900000";"6;1469900000"
202200004646;4;8;2022;23:20;3;81;1;6;1;7;"43;5688230000";"2;2593510000"
202200004647;3;8;2022;23:00;5;81;2;2;1;3;"43;6022000000";"2;2436600000"
202200004648;5;8;2022;17:22;1;76;2;1;1;3;"49;3070500000";"1;0023210000"
202200004649;5;8;2022;10:15;1;74;2;1;1;2;"46;1935060000";"6;2558700000"
202200004650;5;8;2022;14:40;1;74;2;3;1;3;"45;9032600000";"6;1277900000"
202200004651;5;8;2022;18:20;1;72;2;1;1;6;"47;9700000000";"0;2100000000"
202200004652;5;8;2022;20:40;1;71;2;1;1;6;"46;6777520000";"4;3677770000"
202200004653;5;8;2022;08:00;1;69;2;2;1;3;"45;7804800000";"4;8830700000"
202200004654;5;8;2022;19:15;1;64;2;1;7;6;"43;3032700000";" -0;3296300000"
202200004655;5;8;2022;07:30;1;64;2;1;1;3;"43;2927000000";" -0;4041200000"
202200004656;5;8;2022;21:00;2;64;2;1;1;6;"43;5144900000";" -1;5007800000"
202200004657;5;8;2022;09:50;1;64;2;6;1;6;"43;4934800000";" -1;5280000000"
202200004658;4;8;2022;23:06;5;63;2;1;1;7;"45;7639000000";"3;0866500000"
202200004659;1;8;2022;19:00;1;62;1;3;1;3;"50;7252300000";"1;6492880000"
202200004660;5;8;2022;02:10;5;59;2;2;1;3;"50;7339353556";"3;1447251141"
202200004661;4;8;2022;22:41;3;56;2;2;1;3;"47;7522600000";" -3;3706100000"
202200004662;20;7;2022;18:25;1;55;2;1;1;7;"49;1525700000";"5;3962600000"
202200004663;4;8;2022;12:40;1;54;2;5;1;3;"48;6899590000";"6;2028900000"
202200004664;4;8;2022;16:50;1;54;2;3;1;6;"48;6881700000";"6;2078800000"
202200004665;4;8;2022;07:30;1;50;1;1;1;6;"49;6421100000";" -1;6990200000"
202200004666;4;8;2022;17:15;1;49;2;2;7;6;"47;4721900000";" -0;5485900000"
202200004667;5;8;2022;10:15;1;47;2;1;1;1;"44;1948900000";"0;6127000000"
202200004668;4;8;2022;18:15;1;44;2;1;1;1;"47;2758500000";" -2;2629000000"
202200004669;6;8;2022;00:40;5;44;2;1;1;3;"47;2099000000";" -1;5908000000"
202200004670;5;8;2022;11:05;1;43;2;1;1;2;"45;0379500000";"3;8856100000"
202200004671;5;8;2022;04:15;5;42;2;1;1;3;"45;4554202532";"4;4131366610"
202200004672;5;8;2022;15:30;1;42;2;3;1;1;"45;3878266918";"4;2966748774"
202200004673;5;8;2022;18:35;1;35;2;1;1;2;"48;0874796722";" -1;7072340846"
202200004674;5;8;2022;18:55;1;35;2;1;1;7;"48;1257021868";" -1;6660192609"
202200004675;5;8;2022;11:45;1;35;2;6;1;3;"48;1144037049";" -1;6102722287"
202200004676;5;7;2022;10:55;1;30;2;1;1;6;"43;8335000000";"4;3670000000"
202200004677;30;6;2022;11:50;1;30;2;1;1;3;"43;8104000000";"4;3293000000"
202200004678;6;8;2022;00:20;3;28;1;1;1;7;"48;4779100000";"1;4719700000"
202200004679;5;8;2022;09:30;1;25;2;3;1;3;"46;9057900000";"6;3586400000"
202200004680;4;8;2022;18:40;1;19;2;1;1;6;"45;2920900000";"1;7678100000"
202200004681;5;8;2022;17:18;1;17;2;1;1;6;"45;7487290000";" -0;6441290000"
202200004682;3;8;2022;22:40;5;13;2;1;1;3;"43;4121600000";"5;0472300000"
202200004683;5;8;2022;09:30;1;13;2;1;1;1;"43;3248994881";"5;4157071290"
202200004684;5;8;2022;10:45;1;13;2;2;1;3;"43;3676000000";"5;3631200000"
202200004685;4;8;2022;23:29;5;13;2;5;1;3;"43;2844500000";"5;3805800000"
202200004686;4;8;2022;08:44;1;10;2;6;1;3;"48;2821000000";"4;0599000000"
202200004687;4;8;2022;08:20;1;09;2;1;1;6;"42;9639600000";"1;6090720000"
202200004688;3;8;2022;07:42;1;06;2;2;1;3;"43;6943730000";"7;2585460000"
202200004689;5;8;2022;14:05;1;75;2;1;1;5;"48;8481510000";"2;2535690000"
202200004690;4;8;2022;11:30;1;75;2;1;8;3;"48;8500380000";"2;4153270000"
202200004691;4;8;2022;01:45;5;75;2;1;1;3;"48;8164100000";"2;3459170000"
202200004692;5;8;2022;18:01;1;75;2;2;1;3;"48;8840480000";"2;3688460000"
202200004693;5;8;2022;11:30;1;75;2;2;1;2;"48;8896350000";"2;3957470000"
202200004694;5;8;2022;10:20;5;75;2;1;1;7;"48;8975040000";"2;3892540000"
202200004695;5;8;2022;15:30;1;75;2;3;1;3;"48;8708510000";"2;2850420000"
202200004696;4;8;2022;11:30;1;75;2;1;1;2;"48;8685420000";"2;2356750000"
202200004697;5;8;2022;12:45;1;75;2;2;1;6;"48;8286120000";"2;3220810000"
202200004698;5;8;2022;11:05;1;75;2;2;1;7;"48;8233680000";"2;3701920000"
202200004699;5;8;2022;14:45;1;75;2;2;1;3;"48;8543240000";"2;4152800000"
202200004700;5;8;2022;12:25;1;75;2;3;1;2;"48;8172250000";"2;4590720000"
202200004701;5;8;2022;11:10;1;75;2;5;1;2;"48;8341980000";"2;4107720000"
202200004702;5;8;2022;03:10;4;75;2;2;3;7;"48;8621820000";"2;3196320000"
202200004703;5;8;2022;16:00;1;94;2;2;1;3;"48;7825900000";"2;3939700000"
202200004704;5;8;2022;13:45;1;94;2;1;1;3;"48;7973400000";"2;3992400000"
202200004705;12;8;2022;09:50;1;94;2;2;1;3;"48;7918000000";"2;5133100000"
202200004706;4;8;2022;08:10;1;94;1;2;1;3;"48;8502700000";"2;4954300000"
202200004707;5;8;2022;17:50;1;94;2;1;1;1;"48;8217500000";"2;3933200000"
202200004708;4;8;2022;15:00;1;94;2;1;1;3;"48;8068800000";"2;3750300000"
202200004709;5;8;2022;08:30;1;94;2;9;1;6;"48;7544400000";"2;3226500000"
202200004710;5;8;2022;02:15;3;94;2;1;3;6;"48;7790600000";"2;3314300000"
202200004711;4;8;2022;22:32;5;94;2;1;1;2;"48;7715209939";"2;4399358034"
202200004712;4;8;2022;08:30;1;94;2;1;1;6;"48;7672400000";"2;4558300000"
202200004713;5;8;2022;21:30;2;93;2;1;1;3;"48;9482302588";"2;3783971272"
202200004714;20;6;2022;13:14;1;93;2;1;1;6;"48;9100500000";"2;3441600000"
202200004715;5;8;2022;07:45;1;93;2;1;1;6;"48;8923907863";"2;4692768643"
202200004716;5;8;2022;10:30;1;93;2;1;1;3;"48;9066818305";"2;4361326502"
202200004717;5;8;2022;21:00;1;93;2;2;1;3;"48;9199295835";"2;3777514696"
202200004718;5;8;2022;19:00;5;92;2;9;1;3;"48;9253678789";"2;3267803788"
202200004719;5;8;2022;20:30;1;92;2;1;1;6;"48;8802400000";"2;2660300000"
202200004720;5;8;2022;14:15;1;92;2;3;1;3;"48;8822707273";"2;2675293088"
202200004721;5;8;2022;20:00;1;92;2;2;1;3;"48;9085300000";"2;3001000000"
202200004722;1;8;2022;11:45;1;49;2;2;1;3;"47;3138460000";" -0;8160780000"
202200004723;5;8;2022;13:50;1;35;1;1;1;2;"48;2641340237";" -1;7793881893"
202200004724;6;8;2022;07:15;2;06;2;1;1;7;"43;6328910000";"7;1259430000"
202200004725;6;8;2022;12:02;1;68;2;1;1;7;"48;1166700000";"7;1679640000"
202200004726;6;8;2022;01:25;3;41;1;1;1;7;"47;5966230000";"1;9819670000"
202200004727;5;8;2022;21:45;3;74;1;1;1;7;"45;9784560000";"6;0273960000"
202200004728;5;8;2022;13:00;1;76;1;2;1;3;"49;6992510000";"1;3619080000"
202200004729;1;8;2022;23:15;3;85;2;6;1;6;"46;8448400000";" -1;0051400000"
202200004730;6;8;2022;15:00;1;62;1;1;1;6;"50;2964030000";"2;5072730000"
202200004731;5;8;2022;18:30;1;66;1;1;1;2;"42;6813620000";"2;9945470000"
202200004732;30;7;2022;17:00;1;51;2;3;1;3;"49;3490150000";"4;2131230000"
202200004733;6;8;2022;01:30;3;59;2;1;1;7;"50;0543830000";"3;5312580000"
202200004734;5;7;2022;11:30;1;76;1;3;1;3;"49;7284530000";"0;5124200000"
202200004735;21;11;2022;18:13;3;66;2;1;3;6;"42;7052600000";"2;9075400000"
202200004736;5;8;2022;08:45;1;89;1;2;1;3;"47;6353610000";"3;3380920000"
202200004737;21;11;2022;11:29;1;66;2;1;3;2;"42;6962300000";"2;8526600000"
202200004738;6;8;2022;10:40;1;49;1;2;7;3;"47;2567180000";" -0;4751160000"
202200004739;21;11;2022;16:00;1;64;2;2;3;6;"43;3034136644";" -0;3571307659"
202200004740;5;8;2022;19:55;1;44;1;1;1;1;"47;4307870000";" -2;2462530000"
202200004741;30;7;2022;06:30;1;35;1;1;1;6;"48;1026441994";" -1;4557448030"
202200004742;23;11;2022;14:55;1;64;2;1;1;1;"43;4599320000";" -1;5441520000"
202200004743;5;8;2022;18:35;1;35;2;3;1;6;"48;4828653717";" -1;1239086092"
202200004744;6;8;2022;01:00;3;02;1;1;1;6;"49;3068960000";"3;3371400000"
202200004745;21;11;2022;09:34;1;63;2;3;1;3;"45;7832363662";"3;1233224273"
202200004746;5;8;2022;11:15;1;15;1;1;1;7;"45;2187370000";"3;0179350000"
202200004747;20;5;2022;08:30;1;01;1;1;1;3;"46;2765620000";"5;1662140000"
202200004748;21;11;2022;12:33;1;63;2;8;1;3;"45;7623600000";"3;1233400000"
202200004749;5;8;2022;16:45;1;85;1;1;1;6;"46;6280700000";" -1;4153030000"
202200004750;20;11;2022;17:34;1;63;2;2;1;3;"45;7613700000";"3;0951600000"
202200004751;5;8;2022;20:30;2;72;1;1;1;6;"47;5957600000";"0;3288600000"
202200004752;18;11;2022;08:19;5;63;2;2;1;3;"45;7719000000";"3;0938200000"
202200004753;13;2;2022;01:12;5;33;2;1;1;6;"44;8978400000";" -0;5723300000"
202200004754;6;8;2022;13:45;1;14;1;3;1;3;"49;2698094298";"0;1988815069"
202200004755;18;11;2022;16:31;1;63;2;1;1;2;"45;7743300000";"3;0939600000"
202200004756;10;2;2022;15:20;1;33;2;3;1;1;"44;8068200000";" -0;5730100000"
202200004757;6;8;2022;16:35;1;50;1;2;1;3;"49;0633810000";" -1;5978950000"
202200004758;16;11;2022;09:01;1;63;2;1;1;1;"45;7468953464";"3;0634340644"
202200004759;6;8;2022;06:00;1;73;2;1;1;7;"45;6204424904";"6;3424901068"
202200004760;12;2;2022;19:15;5;31;1;1;1;2;"43;6253000000";"1;4796600000"
202200004761;6;8;2022;14:15;1;43;2;1;1;6;"45;1135190000";"4;3022850000"
202200004762;15;11;2022;12:47;1;63;2;6;1;3;"45;7880917521";"3;1396946311"
202200004763;12;2;2022;17:05;1;31;2;6;1;3;"43;6069500000";"1;3351200000"
202200004764;5;8;2022;15:30;1;43;2;1;3;6;"45;1877390000";"4;1831250000"
202200004765;15;11;2022;11:44;1;63;2;5;1;3;"45;7921800531";"3;1179660559"
202200004766;5;8;2022;23:00;3;36;1;1;1;6;"46;5410176561";"1;5825019777"
202200004767;12;2;2022;11:35;1;31;2;9;1;3;"43;6067100000";"1;3249300000"
202200004768;14;11;2022;10:51;1;63;2;9;1;3;"45;7859500000";"3;0810500000"
202200004769;11;2;2022;14:10;1;29;2;1;1;2;"48;4014010000";" -4;5012560000"
202200004770;5;8;2022;18:00;1;07;2;1;1;6;"44;3917060000";"4;3774990000"
202200004771;10;2;2022;08:50;1;19;2;1;1;6;"45;5484500000";"2;3089300000"
202200004772;5;8;2022;17:00;1;40;1;1;1;2;"43;9168690000";" -0;5329440000"
202200004773;14;11;2022;10:24;1;63;2;1;1;6;"45;7664200000";"3;0809600000"
202200004774;12;2;2022;07:10;3;14;1;1;1;6;"49;3058500000";"0;0394100000"
202200004775;1;8;2022;17:30;1;04;1;1;1;7;"44;1758180000";"5;6548260000"
202200004776;12;2;2022;19:50;5;13;2;1;1;1;"43;2798600000";"5;3871500000"
202200004777;23;11;2022;14:35;1;61;2;9;1;6;"48;4264670000";"0;0924370000"
202200004778;5;8;2022;22:15;5;85;2;1;1;6;"46;8548430000";" -1;8708250000"
202200004779;12;2;2022;18:30;1;13;2;3;1;3;"43;2724960085";"5;4112846648"
202200004780;5;8;2022;20:05;1;28;1;2;1;3;"48;1070870000";"1;5333010000"
202200004781;20;11;2022;10:45;1;59;2;9;2;3;"50;6538200000";"3;0014000000"
202200004782;12;2;2022;15:05;1;13;2;1;1;2;"43;3235200000";"5;3929600000"
202200004783;21;11;2022;23:25;5;57;2;1;2;7;"49;1151450000";"6;7077360000"
202200004784;12;2;2022;06:30;5;13;2;1;1;1;"43;2871149625";"5;4000715194"
202200004785;22;11;2022;18:35;5;56;2;2;1;3;"47;7522700000";" -3;3629800000"
202200004786;5;8;2022;12:30;1;35;1;1;1;3;"48;0735634267";" -1;6634926200"
202200004787;12;2;2022;00:45;5;13;1;9;1;6;"43;4396247844";"5;0353582237"
202200004788;22;11;2022;12:20;1;56;2;1;7;3;"47;7571100000";" -3;3553200000"
202200004789;5;8;2022;21:00;5;978;2;1;1;1;"18;0995130000";" -63;0586750000"
202200004790;12;2;2022;09:45;1;13;2;1;7;1;"43;6747400000";"4;6271300000"
202200004791;6;8;2022;00:20;3;78;2;1;1;6;"48;8552680000";"2;0229920000"
202200004792;22;11;2022;08:45;1;54;2;2;2;6;"48;6817194377";"6;1625978351"
202200004793;12;2;2022;15:32;1;01;2;3;1;6;"46;2598790000";"5;6577340000"
202200004794;5;8;2022;06:00;2;49;1;1;1;2;"47;4414040000";" -0;7514800000"
202200004795;23;11;2022;13:25;1;51;2;1;2;2;"49;2335400000";"4;0391300000"
202200004796;12;2;2022;00:39;5;75;2;5;1;1;"48;8384760000";"2;3506970000"
202200004797;5;8;2022;01:55;3;34;1;1;1;6;"43;3041320000";"3;2245730000"
202200004798;20;11;2022;18:30;5;50;2;3;8;3;"49;6467800000";" -1;5938900000"
202200004799;6;8;2022;08:46;1;30;1;1;1;7;"43;9029680000";"4;5429080000"
202200004800;23;11;2022;18:45;5;47;2;3;1;3;"44;1806300000";"0;6047500000"
202200004801;11;2;2022;20:05;5;75;2;2;1;3;"48;8316070000";"2;3059950000"
202200004802;12;2;2022;19:20;5;75;2;1;1;7;"48;8522660000";"2;3396230000"
202200004803;6;8;2022;06:05;2;78;1;1;1;7;"48;5404100000";"1;8945550000"
202200004804;12;2;2022;11:40;1;75;2;3;1;6;"48;8710890000";"2;4002990000"
202200004805;23;11;2022;11:50;1;37;2;1;1;3;"47;3485200000";"0;6612500000"
202200004806;3;8;2022;15:45;1;987;1;1;1;7;" -9;4100000000";" -140;0750000000"
202200004807;11;2;2022;21:40;5;75;2;1;1;2;"48;8761748079";"2;3804967105"
202200004808;22;11;2022;12:45;1;37;2;3;1;3;"47;3485097735";"0;6612610817"
202200004809;6;8;2022;01:25;3;77;2;1;1;6;"48;9064620000";"2;8142310000"
202200004810;12;2;2022;13:30;1;75;2;1;1;3;"48;8885430000";"2;3342130000"
202200004811;20;10;2022;11:09;1;36;2;6;1;3;"46;8142787460";"1;6964837909"
202200004812;5;8;2022;19:00;1;66;2;6;1;3;"42;6760860000";"2;6157980000"
202200004813;12;2;2022;13:30;1;75;2;2;1;6;"48;8884160000";"2;3172600000"
202200004814;2;10;2022;06:40;1;36;2;1;1;6;"46;8203897601";"1;6780811548"
202200004815;11;2;2022;22:55;5;75;2;2;1;6;"48;8822710000";"2;3140970000"
202200004816;5;8;2022;17:15;1;66;1;1;1;1;"42;6566870000";"2;6113560000"
202200004817;6;8;2022;18:30;1;34;2;9;1;6;"43;3945660000";"3;4134310000"
202200004818;11;2;2022;19:00;2;75;2;1;1;1;"48;8923680039";"2;3244036734"
202200004819;23;11;2022;13:40;1;35;2;1;1;4;"48;0926500000";" -1;6301500000"
202200004820;12;2;2022;16:00;1;75;2;1;1;6;"48;8630380000";"2;2764590000"
202200004821;6;8;2022;12:40;1;05;1;1;1;3;"44;4232990000";"5;7084170000"
202200004822;23;11;2022;13:35;1;35;2;6;1;2;"48;0819788508";" -1;7116007209"
202200004823;5;8;2022;23:45;3;25;2;1;1;6;"47;4789020000";"6;7685530000"
202200004824;12;2;2022;06:40;2;75;2;5;1;3;"48;8773220000";"2;2792010000"
202200004825;23;11;2022;10:35;1;35;2;1;1;2;"48;1282100000";" -1;6374700000"
202200004826;23;11;2022;13:45;1;33;2;1;1;6;"44;8726600000";" -0;5910500000"
202200004827;12;2;2022;20:07;5;75;2;2;1;6;"48;8327930000";"2;3620050000"
202200004828;6;8;2022;09:55;1;71;1;1;1;5;"46;4704500000";"4;0145370000"
202200004829;12;2;2022;17:09;1;75;2;1;1;6;"48;8427820000";"2;3640510000"
202200004830;23;11;2022;07:30;-1;32;2;3;1;3;"43;6491200000";"0;5961300000"
202200004831;12;2;2022;12:39;1;75;2;1;1;6;"48;8303820000";"2;3643860000"
202200004832;4;8;2022;11:59;1;21;1;1;1;7;"47;2548494329";"5;1631358044"
202200004833;22;11;2022;07:46;5;29;2;2;1;3;"48;3885700000";" -4;4884900000"
202200004834;12;2;2022;10:00;1;75;2;3;1;3;"48;8641820000";"2;3001320000"
202200004835;6;8;2022;16:10;1;74;2;1;1;7;"46;0723930000";"6;3320410000"
202200004836;21;11;2022;07:35;5;29;2;1;3;6;"48;3913601517";" -4;4880704283"
202200004837;12;2;2022;20:10;5;75;2;1;1;3;"48;8575520000";"2;2993710000"
202200004838;5;8;2022;20:45;5;74;2;1;3;7;"45;9079948780";"6;8419075006"
202200004839;6;8;2022;00:00;3;42;1;4;9;6;"45;6635828288";"4;2612745464"
202200004840;23;11;2022;12:15;1;28;2;3;2;3;"48;7511100000";"1;3499200000"
202200004841;11;2;2022;14:00;1;75;2;2;1;3;"48;8494320000";"2;3037920000"
202200004842;5;8;2022;12:45;1;26;1;1;1;3;"44;2851200000";"5;1057670000"
202200004843;10;2;2022;20:20;5;75;2;1;2;6;"48;8622500000";"2;3031860000"
202200004844;6;8;2022;12:15;1;17;1;1;1;2;"45;7189350000";" -0;4950150000"
202200004845;22;11;2022;07:40;2;27;2;2;2;3;"49;0908018021";"1;4610467165"
202200004846;12;2;2022;22:10;5;75;2;1;1;6;"48;8614000000";"2;3584030000"
202200004847;6;8;2022;11:20;1;64;1;1;1;3;"43;5645180000";" -0;7803190000"
202200004848;12;2;2022;14:47;1;94;2;1;1;6;"48;8109832435";"2;3893933295"
202200004849;22;11;2022;10:15;1;27;2;2;2;3;"49;0860393663";"1;4817361546"
202200004850;5;8;2022;23:09;3;22;1;1;1;6;"48;7185600000";" -3;0236760000"
202200004851;10;11;2022;17:55;2;16;2;1;1;6;"45;6892210000";" -0;3085020000"
202200004852;11;2;2022;22:30;5;94;2;1;1;1;"48;7957000000";"2;4100000000"
202200004853;6;8;2022;17:50;1;27;2;3;1;2;"49;1946983792";"1;1110814541"
202200004854;23;11;2022;18:55;5;13;2;9;1;3;"43;6393200000";"5;0907900000"
202200004855;12;2;2022;00:00;5;94;2;1;1;3;"48;8200300000";"2;4769400000"
202200004856;5;8;2022;16:30;1;60;2;1;1;6;"49;4189380000";"2;3618320000"
202200004857;20;11;2022;13:20;1;13;2;1;1;1;"43;3330000000";"5;0476100000"
202200004858;6;8;2022;03:20;3;60;2;1;1;7;"49;5932990000";"2;1652510000"
202200004859;12;2;2022;22:30;5;94;2;1;1;2;"48;7928400000";"2;3693400000"
202200004860;23;11;2022;07:40;2;09;2;1;3;6;"43;1201400000";"1;6111300000"
202200004861;12;2;2022;16:50;1;94;2;2;1;6;"48;7936600000";"2;3632300000"
202200004862;23;11;2022;18:40;5;06;2;1;1;3;"43;7076540000";"7;2313210000"
202200004863;5;8;2022;09:45;1;13;1;1;1;3;"43;3281000000";"5;4166800000"
202200004864;12;2;2022;13:50;1;94;2;1;1;6;"48;8156500000";"2;3510400000"
202200004865;3;8;2022;09:00;1;13;1;1;1;2;"43;4182836325";"5;2734754979"
202200004866;11;2;2022;23:55;5;94;2;1;1;2;"48;8173902312";"2;3807179927"
202200004867;21;11;2022;18:15;5;05;2;3;1;3;"44;5689700000";"6;1012700000"
202200004868;5;8;2022;21:55;3;33;1;1;1;2;"44;8877928827";" -0;5804246664"
202200004869;22;11;2022;13:00;1;01;2;1;2;6;"46;2840470000";"5;6795320000"
202200004870;12;2;2022;00:05;5;94;2;1;1;6;"48;8151300000";"2;3752600000"
202200004871;5;8;2022;16:30;1;91;1;1;1;2;"48;6192700000";"2;4265800000"
202200004872;22;11;2022;07:20;5;69;2;2;1;6;"45;9870900000";"4;7214200000"
202200004873;12;2;2022;18:25;5;94;2;1;1;3;"48;7593700000";"2;3966000000"
202200004874;5;8;2022;06:20;2;91;1;1;2;3;"48;7106300000";"2;2875800000"
202200004875;22;11;2022;11:32;1;60;2;1;2;6;"49;4320300000";"2;0896500000"
202200004876;12;2;2022;06:10;5;94;2;3;1;3;"48;7588800000";"2;5004600000"
202200004877;5;8;2022;19:25;1;78;1;1;1;2;"48;8457150000";"2;0843000000"
202200004878;22;11;2022;11:45;1;44;2;1;1;6;"47;1809270000";" -1;5450970000"
202200004879;12;2;2022;05:25;3;93;1;1;1;6;"48;9949691858";"2;5461637974"
202200004880;4;8;2022;07:10;1;78;1;1;1;6;"48;9162690000";"2;0222630000"
202200004881;12;2;2022;11:40;1;93;2;1;1;2;"48;9327800000";"2;3421200000"
202200004882;21;9;2022;17:20;1;59;1;1;1;2;"50;6065700000";"3;0970500000"
202200004883;5;8;2022;09:00;1;93;1;1;1;3;"48;9618400000";"2;5238000000"
202200004884;12;2;2022;17:10;1;93;2;1;1;3;"48;8849900000";"2;5053300000"
202200004885;20;9;2022;14:40;1;59;1;2;1;2;"50;7100440000";"3;0283700000"
202200004886;12;2;2022;17:25;1;93;2;1;1;3;"48;8921890000";"2;3985230000"
202200004887;5;8;2022;05:20;3;93;1;1;1;5;"48;9224400000";"2;3795700000"
202200004888;12;2;2022;17:55;2;93;2;1;8;6;"48;8597000000";"2;4368500000"
202200004889;5;8;2022;03:00;3;92;1;1;3;6;"48;9389684263";"2;2957362235"
202200004890;20;9;2022;13:55;1;59;1;4;1;3;"50;2680732887";"3;3321484923"
202200004891;5;8;2022;09:30;1;94;1;1;1;2;"48;7761106967";"2;4250518150"
202200004892;11;2;2022;22:15;5;93;2;2;1;2;"48;9226009881";"2;5437846130"
202200004893;19;9;2022;20:25;3;59;1;1;1;2;"50;9235540247";"2;4751800299"
202200004894;12;2;2022;07:40;5;93;2;1;1;6;"48;9226050000";"2;4269330000"
202200004895;18;9;2022;05:15;5;59;1;1;1;6;"50;6209720000";"3;0821260000"
202200004896;4;8;2022;05:45;5;17;2;1;1;1;"45;6181900000";" -0;9995600000"
202200004897;3;8;2022;22:40;5;75;2;1;1;6;"48;8582100000";"2;2550280000"
202200004898;11;2;2022;17:05;1;93;2;9;1;3;"48;8900600000";"2;5536700000"
202200004899;22;9;2022;14:45;1;59;1;1;1;2;"50;9510250815";"2;1502920985"
202200004900;4;8;2022;13:30;1;974;2;2;1;3;" -20;8817800000";"55;4510600000"
202200004901;22;9;2022;08:30;2;69;2;3;1;3;"46;1046420000";"4;7437980000"
202200004902;11;2;2022;06:20;5;93;2;3;1;6;"48;9323583615";"2;4949686447"
202200004903;22;9;2022;00:10;3;95;1;1;1;6;"49;0617464540";"2;4158629775"
202200004904;4;8;2022;10:00;1;974;2;1;1;4;" -20;8888200000";"55;4902700000"
202200004905;12;2;2022;13:40;1;92;2;1;1;3;"48;8844678103";"2;1750775874"
202200004906;20;9;2022;00:50;3;95;1;1;1;6;"49;1041299301";"2;2627007961"
202200004907;3;8;2022;08:00;1;974;2;1;1;3;" -20;9524000000";"55;2951000000"
202200004908;12;2;2022;15:30;1;92;2;1;1;6;"48;9021560225";"2;2391043976"
202200004909;20;9;2022;22:30;3;95;1;1;1;3;"49;0198791261";"2;1385225654"
202200004910;4;8;2022;15:50;1;69;2;2;1;1;"45;7312500000";"4;8385200000"
202200004911;17;9;2022;17:30;1;95;2;1;1;6;"49;0734992567";"2;3090520501"
202200004912;12;2;2022;18:55;5;92;2;1;1;6;"48;9341369114";"2;2693871409"
202200004913;4;8;2022;08:00;1;69;2;2;1;3;"45;7517500000";"4;8454900000"
202200004914;15;9;2022;11:20;1;95;2;1;1;3;"49;1544034643";"1;7869600654"
202200004915;12;2;2022;18:00;2;92;2;1;1;3;"48;9072454466";"2;3129476905"
202200004916;2;8;2022;20:00;3;972;1;1;1;3;"14;6214700000";" -60;9914800000"
202200004917;12;9;2022;14:40;1;95;1;1;7;6;"49;0472613318";"2;3315960169"
202200004918;12;2;2022;03:51;5;92;2;3;1;6;"48;7673830000";"2;2538410000"
202200004919;23;11;2022;14:50;1;75;2;1;1;7;"48;8648790000";"2;4129690000"
202200004920;12;2;2022;13:20;1;92;2;1;1;6;"48;9248022582";"2;2748144567"
202200004921;3;8;2022;02:00;5;2A;2;2;1;3;"41;9293000000";"8;7374000000"