Accident_Id;jour;mois;an;hrmn;lum;dep;agg;int;atm;col;lat;long
202200005844;28;4;2022;08:30;1;56;1;1;8;7;"47;7527310000";" -3;2724770000"
202200005845;18;3;2022;15:35;1;75;2;2;1;3;"48;8840254265";"2;3224315792"
202200005846;1;5;2022;20:55;3;77;1;1;1;3;"48;6077310000";"3;2003260000"
202200005847;31;12;2022;16:02;1;49;1;1;1;1;"47;3435920000";" -0;7103350000"
202200005848;2;5;2022;14:00;1;47;1;1;1;1;"44;3890910000";"0;5625990000"
202200005849;30;12;2022;19:30;3;54;1;1;2;6;"48;5840598940";"6;3468360902"
202200005850;20;3;2022;18:15;2;75;2;3;1;2;"48;8518480000";"2;3433890000"
202200005851;30;4;2022;18:00;1;47;1;2;1;3;"44;6250380000";"0;2050070000"
202200005852;20;3;2022;18:45;2;75;2;3;1;3;"48;8889530000";"2;3937350000"
202200005853;29;12;2022;18:20;3;22;1;1;1;7;"48;5367340084";" -2;9848838747"
202200005854;29;4;2022;13:00;1;29;2;1;1;1;"48;6819189962";" -3;9871609211"
202200005855;2;5;2022;13:00;1;29;1;1;1;6;"47;8159070000";" -4;2286800000"
202200005856;20;3;2022;14:15;1;75;2;1;1;6;"48;9014080000";"2;3701360000"
202200005857;30;12;2022;22:40;5;31;2;1;1;6;"43;6141590000";"1;4893390000"
202200005858;30;4;2022;13:40;1;31;1;1;1;6;"43;7349960000";"1;1070230000"
202200005859;29;4;2022;18:45;1;02;1;1;1;7;"49;4120060000";"3;8300010000"
202200005860;20;3;2022;06:52;1;75;2;3;1;3;"48;8845544280";"2;3292444812"
202200005861;31;12;2022;17:25;2;81;1;1;1;7;"43;6351710000";"2;0970530000"
202200005862;1;5;2022;15:35;1;03;1;1;1;7;"46;2784980000";"3;3296730000"
202200005863;1;5;2022;19:50;2;70;1;1;1;7;"47;8982940000";"6;6361020000"
202200005864;20;3;2022;14:45;1;75;2;1;1;2;"48;8960150000";"2;3088730000"
202200005865;2;5;2022;11:30;1;26;2;1;1;2;"44;7273950000";"5;0221680000"
202200005866;19;3;2022;15:00;1;75;2;1;1;2;"48;8768320000";"2;2960910000"
202200005867;2;5;2022;11:31;1;58;2;1;1;6;"47;0644290000";"3;9296240000"
202200005868;20;3;2022;11:30;1;75;2;1;1;6;"48;8580180000";"2;2531820000"
202200005869;30;4;2022;03:50;3;54;1;1;1;6;"48;9604544901";"6;0344660277"
202200005870;20;3;2022;10:10;1;75;2;3;1;3;"48;8393859695";"2;3162443936"
202200005871;1;5;2022;19:10;1;72;2;7;1;7;"47;6965890000";"0;4205150000"
202200005872;30;12;2022;22:50;3;22;1;1;3;5;"48;4471736541";" -2;4814569386"
202200005873;1;5;2022;06:55;2;64;1;1;1;6;"43;3493680000";" -0;2804680000"
202200005874;19;3;2022;13:50;1;75;2;3;1;3;"48;8498420000";"2;2828940000"
202200005875;31;12;2022;18:45;3;68;1;1;1;6;"47;8919600000";"7;2563570000"
202200005876;1;5;2022;16:00;1;18;1;1;1;2;"46;9855520000";"3;0460670000"
202200005877;20;3;2022;05:49;5;75;2;2;1;3;"48;8468505115";"2;3169216514"
202200005878;2;5;2022;17:50;1;16;1;1;1;5;"45;9111426431";"0;4923033714"
202200005879;31;12;2022;07:55;4;56;2;1;2;6;"47;7139620000";" -3;3154034000"
202200005880;19;3;2022;19:25;5;75;2;5;1;6;"48;8675180000";"2;3336800000"
202200005881;1;5;2022;02:37;3;21;1;1;1;6;"47;4016297297";"4;3060054778"
202200005882;20;3;2022;14:41;1;94;2;1;1;2;"48;7270000000";"2;4451500000"
202200005883;30;4;2022;18:25;1;40;2;1;1;7;"43;6896769110";" -0;2753913403"
202200005884;31;12;2022;03:00;3;56;1;1;6;6;"48;0083430000";" -3;1323800000"
202200005885;1;5;2022;21:13;2;24;1;1;1;7;"45;2963580000";"0;2799310000"
202200005886;29;12;2022;03:16;3;67;1;1;8;6;"48;9955720000";"7;0557550000"
202200005887;19;3;2022;12:20;1;94;2;3;1;3;"48;7951700000";"2;4268300000"
202200005888;1;5;2022;14:05;1;17;2;1;1;7;"46;1356010000";" -0;8137820000"
202200005889;31;12;2022;16:20;1;82;1;1;1;6;"43;8730860000";"1;1261950000"
202200005890;19;3;2022;23:30;5;93;2;3;1;6;"48;9015100000";"2;3302500000"
202200005891;1;5;2022;16:45;1;973;2;1;1;7;"4;8875320000";" -52;2823100000"
202200005892;21;12;2022;05:15;3;11;1;1;1;6;"43;1858570000";"2;4904630000"
202200005893;20;3;2022;15:02;1;93;2;3;1;6;"48;9607200000";"2;2935300000"
202200005894;1;5;2022;18:25;1;74;1;1;1;1;"45;8807030000";"6;0297130000"
202200005895;31;12;2022;04:00;3;89;1;1;8;6;"48;2456400000";"3;1531830000"
202200005896;20;3;2022;16:45;1;93;2;1;1;6;"48;9203600000";"2;4100700000"
202200005897;30;12;2022;22:47;3;89;1;2;1;7;"47;8906240000";"3;7115200000"
202200005898;1;5;2022;15:50;1;49;1;9;1;2;"47;4914280000";" -0;5333520000"
202200005899;29;12;2022;18:00;2;61;2;1;1;6;"48;5759110000";" -0;3711750000"
202200005900;6;4;2022;05:00;3;33;1;1;1;2;"44;6372080000";" -0;4233170000"
202200005901;31;12;2022;16:40;1;68;2;1;1;7;"48;1005170000";"7;3151400000"
202200005902;30;4;2022;06:50;2;28;1;1;1;5;"48;1281170000";"1;8528430000"
202200005903;31;12;2022;14:10;1;44;1;1;1;1;"47;1408360000";" -2;0025320000"
202200005904;1;5;2022;14:40;1;69;1;1;1;2;"45;5491440000";"4;7532180000"
202200005905;1;5;2022;18:45;3;988;1;1;1;7;" -21;2916800000";"165;6380900000"
202200005906;29;12;2022;07:45;2;29;1;1;2;5;"48;4330322482";" -4;4521665573"
202200005907;1;5;2022;19:45;2;973;2;2;1;2;"5;4930770000";" -54;0314380000"
202200005908;30;12;2022;17:10;5;54;2;9;2;6;"49;3119914540";"5;7821734231"
202200005909;1;5;2022;23:54;3;77;1;1;1;6;"48;9272360000";"2;9388860000"
202200005910;2;5;2022;14:30;1;77;1;1;1;3;"48;8019150000";"2;7432280000"
202200005911;30;12;2022;16:00;1;64;1;1;6;1;"43;3379220000";" -1;6157630000"
202200005912;1;5;2022;22:40;3;83;1;1;1;1;"43;2382310000";"6;5695560000"
202200005913;30;12;2022;11:44;1;18;2;1;2;3;"46;9533130000";"2;9510360000"
202200005914;2;5;2022;14:40;1;13;1;1;1;3;"43;2495320000";"5;6117500000"
202200005915;31;12;2022;13:35;1;53;2;1;1;1;"48;1593080000";" -0;3960070000"
202200005916;1;5;2022;18:22;1;13;1;1;1;7;"43;8095860000";"4;7869280000"
202200005917;30;4;2022;16:20;1;13;2;1;1;2;"43;4561080000";"5;4028380000"
202200005918;29;12;2022;20:45;4;40;2;3;3;3;"43;6585040000";" -1;3107100000"
202200005919;17;3;2022;18:30;1;67;2;1;1;3;"48;4720610000";"7;4997250000"
202200005920;29;12;2022;18:40;4;40;2;3;3;6;"43;6585810000";" -1;3108010000"
202200005921;17;3;2022;22:10;5;67;2;3;2;3;"48;4710110000";"7;4942960000"
202200005922;1;5;2022;10:00;1;42;1;4;7;2;"45;8159130000";"4;1121640000"
202200005923;30;12;2022;16:30;1;24;1;1;1;1;"44;8736480000";"1;2370880000"
202200005924;31;12;2022;16:50;1;85;2;1;7;1;"46;3626100000";" -0;6125980000"
202200005925;2;5;2022;16:25;1;69;1;1;1;1;"46;0896620000";"4;7289280000"
202200005926;1;5;2022;15:15;1;85;1;1;1;2;"46;7200200000";" -1;9712410000"
202200005927;30;12;2022;17:30;5;08;2;7;2;6;"49;8880880000";"4;7381680000"
202200005928;1;5;2022;16:30;1;22;1;1;1;6;"48;6666760000";" -2;3411180000"
202200005929;1;5;2022;18:39;1;76;1;1;1;7;"49;5901830000";"0;7991270000"
202200005930;30;12;2022;15:30;1;88;2;1;2;7;"48;3050280000";"7;0957300000"
202200005931;29;4;2022;15:30;1;13;1;1;1;3;"43;2865291834";"5;5363694407"
202200005932;29;4;2022;13:57;1;13;1;1;1;2;"43;3300500000";"5;3997700000"
202200005933;16;10;2022;22:39;5;13;2;2;1;3;"43;2831800000";"5;3811200000"
202200005934;16;10;2022;17:00;1;13;2;3;1;3;"43;3245200000";"5;4154200000"
202200005935;29;4;2022;21:00;5;69;1;1;1;5;"45;7355600000";"4;9024700000"
202200005936;17;4;2022;16:10;1;69;1;1;1;3;"45;7966200000";"4;9430200000"
202200005937;16;10;2022;12:05;1;13;2;1;1;3;"43;2722800000";"5;4008600000"
202200005938;30;4;2022;18:45;1;92;1;1;1;3;"48;7767318611";"2;2319235205"
202200005939;16;10;2022;02:10;5;13;1;1;1;1;"43;3289300000";"5;3756300000"
202200005940;30;4;2022;16:50;1;92;1;1;1;2;"48;8405956350";"2;2203449607"
202200005941;15;10;2022;05:35;5;13;2;1;1;1;"43;5009200000";"4;9811300000"
202200005942;15;10;2022;13:45;1;13;2;1;1;3;"43;6895000000";"4;6438100000"
202200005943;16;10;2022;13:54;1;10;2;9;1;3;"48;3053400000";"4;0897900000"
202200005944;14;10;2022;11:25;1;10;2;1;2;6;"48;2956713161";"4;1378221056"
202200005945;16;10;2022;17:00;1;09;2;1;1;3;"43;1058300000";"1;6192400000"
202200005946;16;10;2022;09:20;1;09;1;1;1;6;"43;1390200000";"1;5948500000"
202200005947;16;10;2022;17:50;1;04;1;1;1;7;"43;8280000000";"5;8215700000"
202200005948;17;10;2022;18:50;2;75;2;1;2;7;"48;8572460000";"2;2584890000"
202200005949;17;10;2022;11:02;1;75;2;4;2;2;"48;8545180000";"2;3368810000"
202200005950;16;10;2022;23:40;5;75;2;2;1;6;"48;8878970000";"2;3799440000"
202200005951;17;10;2022;09:00;1;75;2;7;2;3;"48;8896520000";"2;3957390000"
202200005952;17;10;2022;20:55;5;75;2;3;3;3;"48;8885950000";"2;3236050000"
202200005953;17;10;2022;10:00;1;75;2;7;8;3;"48;8886340000";"2;3156530000"
202200005954;17;10;2022;08:32;1;75;2;2;2;6;"48;8496290000";"2;3742970000"
202200005955;17;10;2022;06:21;2;75;2;2;1;3;"48;8640050000";"2;3706970000"
202200005956;17;10;2022;18:45;2;75;2;3;2;6;"48;8758970000";"2;2965950000"
202200005957;17;10;2022;08:50;1;75;2;5;1;3;"48;8700640000";"2;3010050000"
202200005958;17;10;2022;13:30;1;75;2;7;3;3;"48;8538300000";"2;3048050000"
202200005959;16;10;2022;18:55;2;75;2;2;1;7;"48;8670260000";"2;3580010000"
202200005960;17;10;2022;15:45;1;94;2;1;2;2;"48;7829400000";"2;3550030000"
202200005961;17;10;2022;08:45;2;94;2;1;8;3;"48;8200000000";"2;3900000000"
202200005962;17;10;2022;17:20;1;94;2;2;2;1;"48;7170600000";"2;5269700000"
202200005963;16;10;2022;00:20;5;93;2;2;1;3;"48;9534800000";"2;5627700000"
202200005964;17;10;2022;17:50;1;93;2;1;2;2;"48;9422300000";"2;3649800000"
202200005965;16;10;2022;10:50;1;93;2;1;1;2;"48;9311900232";"2;3586568669"
202200005966;17;10;2022;10:25;1;93;2;3;2;3;"48;8585400000";"2;4317400000"
202200005967;17;10;2022;17:35;1;93;2;9;3;2;"48;9381800000";"2;3884700000"
202200005968;17;10;2022;17:50;1;93;2;1;2;6;"48;9001800000";"2;4800900000"
202200005969;17;10;2022;07:40;2;92;2;1;2;1;"48;8881500000";"2;1913300000"
202200005970;17;10;2022;18:25;2;92;2;3;2;6;"48;8944697423";"2;2893946767"
202200005971;13;9;2022;16:50;1;64;2;2;1;2;"43;3639918151";" -0;2120658895"
202200005972;16;9;2022;12:36;1;07;1;1;1;6;"44;3818380000";"4;4437660000"
202200005973;17;10;2022;18:02;2;92;2;2;2;6;"48;8909851170";"2;2947719693"
202200005974;15;9;2022;15:15;1;04;1;1;1;7;"44;0191140000";"5;9289690000"
202200005975;14;9;2022;16:20;1;87;2;3;1;6;"46;1211580000";"1;0503530000"
202200005976;17;10;2022;08:05;1;92;2;1;2;3;"48;9034877277";"2;2678200602"
202200005977;15;9;2022;13:20;1;37;2;1;1;2;"47;3484092164";"0;8407330513"
202200005978;16;10;2022;06:30;5;92;2;2;1;3;"48;9055100000";"2;3018400000"
202200005979;12;9;2022;14:50;1;30;1;1;1;3;"44;1579710000";"4;1142400000"
202200005980;16;9;2022;15:45;1;88;1;1;8;3;"47;8611930000";"6;7449130000"
202200005981;17;10;2022;18:50;5;92;2;1;2;2;"48;8300093499";"2;2296844125"
202200005982;14;9;2022;13:45;1;69;1;1;1;3;"45;8100020000";"4;8419670000"
202200005983;15;10;2022;16:10;1;92;2;1;1;3;"48;9308187099";"2;2827430665"
202200005984;16;9;2022;12:50;1;974;2;3;1;3;" -21;0491553047";"55;2223947644"
202200005985;16;10;2022;17:00;1;09;1;3;1;1;"42;9906470000";"1;1336140000"
202200005986;17;10;2022;13:15;1;34;1;1;1;6;"43;8091370000";"3;9305310000"
202200005987;16;9;2022;11:00;1;33;2;1;5;4;"44;8786150000";" -0;9422520000"
202200005988;18;10;2022;12:05;1;07;1;1;1;1;"44;7209350000";"4;5352120000"
202200005989;16;9;2022;07:55;1;2B;2;9;1;6;"42;5628280000";"9;4450800000"
202200005990;15;9;2022;19:15;1;34;2;1;1;6;"43;4379230000";"3;6761470000"
202200005991;17;10;2022;07:15;1;974;2;4;1;1;" -21;2797370000";"55;4128930000"
202200005992;16;9;2022;16:20;1;06;1;1;1;1;"43;9665130000";"7;0082540000"
202200005993;15;9;2022;14:45;1;74;1;1;2;1;"46;3006870000";"6;6737970000"
202200005994;6;9;2022;16:25;1;69;1;3;1;7;"45;8475080000";"4;7331660000"
202200005995;17;10;2022;15:30;1;41;1;1;2;2;"47;3190430000";"1;4450130000"
202200005996;8;9;2022;12:15;1;53;1;3;3;3;"48;0020440000";" -0;9269550000"
202200005997;15;9;2022;13:30;1;76;2;1;1;7;"49;4948350000";"0;2845180000"
202200005998;17;10;2022;17:30;1;69;1;1;1;1;"46;1469216616";"4;6580448747"
202200005999;17;10;2022;15:30;1;32;1;1;1;7;"43;6377870000";"1;1434150000"
202200006000;15;9;2022;17:20;1;59;2;3;1;3;"50;1322680000";"3;4235480000"
202200006001;14;10;2022;13:49;1;63;1;1;2;3;"46;1102400000";"2;9083300000"
202200006002;14;9;2022;17:25;1;67;1;1;1;2;"48;5444000000";"7;7256200000"
202200006003;17;10;2022;15:10;1;63;1;1;1;7;"45;6660510000";"3;6465600000"
202200006004;14;9;2022;22:05;3;59;1;1;8;2;"50;6899931051";"3;1418296695"
202200006005;15;10;2022;12:00;1;12;1;1;7;6;"43;8964470000";"2;9313860000"
202200006006;15;9;2022;16:43;1;91;1;1;1;5;"48;6323600000";"2;4006700000"
202200006007;18;10;2022;10:55;1;42;2;1;1;1;"45;9180120000";"3;8405530000"
202200006008;15;9;2022;07:56;1;92;1;1;1;3;"48;7628308663";"2;3120726521"
202200006009;18;10;2022;11:55;1;42;2;4;7;6;"45;4822430000";"4;3889520000"
202200006010;15;9;2022;21:05;3;78;1;1;1;4;"48;9649020000";"1;8014380000"
202200006011;15;9;2022;19:35;1;78;1;1;8;6;"48;9726430000";"1;7305720000"
202200006012;18;10;2022;11:45;1;47;2;1;1;3;"44;3201020000";"0;0777250000"
202200006013;18;10;2022;06:15;2;41;1;1;5;6;"47;4103310000";"1;3967660000"
202200006014;15;9;2022;17:55;1;78;1;1;1;5;"48;7791940000";"2;1998090000"
202200006015;18;10;2022;10:20;1;25;1;1;1;3;"47;3849340000";"6;7183760000"
202200006016;15;9;2022;11:30;1;92;1;1;1;5;"48;9353674804";"2;2648550687"
202200006017;16;10;2022;21:30;3;44;1;1;1;6;"47;3997730000";" -2;1473340000"
202200006018;15;9;2022;08:30;1;92;1;1;1;4;"48;8900037324";"2;2441999034"
202200006019;17;10;2022;19:30;3;03;1;1;1;6;"46;2328990000";"3;5168250000"
202200006020;17;10;2022;15:15;1;03;2;1;1;6;"46;4051300000";"3;0504120000"
202200006021;15;9;2022;01:00;5;78;1;1;1;4;"48;8396000000";"2;1188300000"
202200006022;17;10;2022;06:15;2;03;1;1;1;6;"46;7034490000";"3;0536200000"
202200006023;15;9;2022;21:00;3;95;1;1;1;6;"49;0456029080";"2;4454048276"
202200006024;15;9;2022;11:30;1;93;1;1;1;2;"48;9385744444";"2;4155606321"
202200006025;17;10;2022;00:36;3;58;1;1;1;6;"46;9763510000";"3;1679280000"
202200006026;15;9;2022;18:00;1;94;1;1;1;2;"48;7990912310";"2;4453273879"
202200006027;18;10;2022;12:35;1;58;1;1;1;1;"47;0542180000";"3;2093600000"
202200006028;15;9;2022;07:25;1;94;1;1;1;3;"48;8173109429";"2;4424371778"
202200006029;17;10;2022;17:45;1;66;1;1;1;1;"42;8005110000";"2;6366810000"
202200006030;20;6;2022;06:30;1;59;2;1;1;7;"50;6413340000";"3;0707370000"
202200006031;15;6;2022;18:40;1;38;2;1;1;3;"45;5166600000";"4;8888000000"
202200006032;17;10;2022;14:05;1;90;2;1;1;1;"47;6750040000";"6;9280920000"
202200006033;14;9;2022;00:15;3;92;2;1;1;6;"48;9263600000";"2;2531050000"
202200006034;13;9;2022;07:25;2;93;2;1;1;3;"48;9485573996";"2;3430754962"
202200006035;16;10;2022;00:18;3;43;1;1;1;4;"45;3424940000";"3;9903550000"
202200006036;17;10;2022;17:30;1;04;1;1;1;6;"43;8790260000";"6;4434710000"
202200006037;14;9;2022;15:00;1;69;2;2;1;3;"45;7635800000";"4;8471400000"
202200006038;15;10;2022;16:45;1;17;1;1;2;1;"45;9238450000";" -0;8437990000"
202200006039;14;9;2022;12:35;1;28;2;1;1;1;"48;4529000000";"1;4560000000"
202200006040;18;10;2022;07:30;3;77;1;1;5;1;"48;7506800000";"2;9475250000"
202200006041;1;7;2022;09:00;1;59;2;1;1;3;"50;6451291930";"3;0281388760"
202200006042;18;10;2022;16:53;1;69;2;1;1;1;"45;7647240000";"4;7736350000"
202200006043;14;4;2022;09:45;1;57;2;1;1;3;"49;1972706907";"6;9249174188"
202200006044;15;4;2022;08:00;1;22;2;9;1;7;"48;5340600000";" -2;7591700000"
202200006045;17;10;2022;13:20;1;33;1;1;1;2;"44;6385260000";" -0;8427300000"
202200006046;14;9;2022;14:00;1;976;2;9;1;3;" -12;7796300000";"45;2327400000"
202200006047;17;10;2022;20:30;3;33;1;1;1;2;"44;6117950122";" -1;0120139629"
202200006048;14;9;2022;19:30;1;69;2;1;3;3;"45;7631400000";"4;8686600000"
202200006049;15;10;2022;11:00;1;988;1;1;1;6;" -20;9367000000";"165;3808100000"
202200006050;14;9;2022;20:30;5;69;2;1;3;6;"45;7355689808";"4;8532050848"
202200006051;14;10;2022;19:15;2;78;2;1;2;6;"48;7152450000";"2;0856030000"
202200006052;14;9;2022;19:40;5;69;2;1;3;6;"45;7552001527";"4;8431414366"
202200006053;17;10;2022;20:40;3;34;2;1;1;2;"43;6221980000";"3;9924890000"
202200006054;14;9;2022;17:00;1;69;2;2;1;3;"45;7718200000";"4;8444300000"
202200006055;14;9;2022;07:40;1;972;1;1;1;3;"14;6045300000";" -61;0806000000"
202200006056;17;10;2022;08:15;2;83;1;1;7;4;"43;4651490000";"6;6202870000"
202200006057;14;9;2022;14:04;1;2B;2;1;1;2;"42;7016000000";"9;4524100000"
202200006058;12;9;2022;18:10;1;91;2;1;1;3;"48;7269370000";"2;3237640000"
202200006059;17;10;2022;18:40;2;21;2;3;1;3;"47;2568860000";"5;0420590000"
202200006060;14;9;2022;12:19;1;91;2;2;1;3;"48;7073300000";"2;4386400000"
202200006061;17;10;2022;22:03;3;21;1;1;1;7;"47;1923990000";"5;1289090000"
202200006062;13;9;2022;16:47;1;87;2;3;1;3;"45;8321300000";"1;2638600000"
202200006063;1;10;2022;12:08;1;69;2;1;2;6;"45;8906220000";"4;4459280000"
202200006064;17;10;2022;21:45;3;76;1;1;1;6;"49;6982480000";"1;5171330000"
202200006065;12;9;2022;16:55;1;80;2;5;1;3;"49;8865600000";"2;2787200000"
202200006066;17;10;2022;13:22;1;60;1;1;2;7;"49;4149677382";"2;2938036917"
202200006067;14;9;2022;09:45;1;79;2;6;8;3;"46;9817800000";" -0;2165100000"
202200006068;14;9;2022;09:36;1;78;2;2;2;6;"48;9372300000";"2;0549600000"
202200006069;16;10;2022;21:30;3;59;1;1;1;2;"50;1092840000";"3;9450350000"
202200006070;14;9;2022;17:30;1;77;1;1;1;3;"48;5427750000";"2;7066960000"
202200006071;17;10;2022;22:14;5;13;1;1;1;6;"43;2819829153";"5;3939748472"
202200006072;13;9;2022;13:50;1;76;2;1;1;6;"49;4892500000";"0;1231000000"
202200006073;16;10;2022;07:45;2;59;1;1;1;6;"50;6144513322";"3;0851704723"
202200006074;6;9;2022;13:30;1;76;2;1;1;6;"49;5435400000";"0;1892400000"
202200006075;11;10;2022;14:48;1;62;1;1;1;2;"50;4322900000";"2;9379600000"
202200006076;13;9;2022;20:45;5;72;2;9;1;6;"47;9990000000";"0;2113800000"
202200006077;13;9;2022;08:09;1;66;1;1;1;2;"42;6941100000";"2;8501900000"
202200006078;17;10;2022;13:50;1;92;1;1;2;5;"48;7718530000";"2;2433130000"
202200006079;13;9;2022;17:50;1;64;2;6;1;3;"43;5259600000";" -1;5169100000"
202200006080;17;10;2022;12:24;1;91;1;1;2;7;"48;6186700000";"2;4272500000"
202200006081;17;10;2022;10:30;1;91;1;1;2;2;"48;6222000000";"2;4222000000"
202200006082;12;9;2022;21:30;5;63;2;2;1;3;"45;8095800000";"3;1071100000"
202200006083;13;9;2022;12:20;1;59;2;1;1;6;"50;5686786549";"3;0556261539"
202200006084;17;10;2022;09:20;1;94;1;1;2;2;"48;7572338490";"2;3295475991"
202200006085;12;9;2022;12:25;1;59;2;9;1;6;"50;6331491685";"3;1352448463"
202200006086;13;9;2022;08:52;1;56;2;8;1;6;"47;7595100000";" -3;3463300000"
202200006087;17;10;2022;10:00;1;92;1;1;2;4;"48;7605490000";"2;2883710000"
202200006088;12;9;2022;13:50;1;55;2;1;1;3;"48;7619400000";"5;1874200000"
202200006089;17;10;2022;08:14;1;91;1;1;8;2;"48;6985100000";"2;2429200000"
202200006090;13;9;2022;18:45;1;54;2;1;1;6;"48;6923100000";"6;1464700000"
202200006091;17;10;2022;12:05;1;78;1;1;2;6;"48;8316010000";"2;1472330000"
202200006092;13;9;2022;15:20;1;54;2;1;1;6;"48;6716400000";"6;1560200000"
202200006093;17;10;2022;08:10;2;78;1;1;2;2;"48;7781540000";"2;2138480000"
202200006094;13;9;2022;13:15;1;54;2;1;1;3;"48;6216800000";"6;1772400000"
202200006095;17;10;2022;17:15;1;95;1;1;2;7;"48;9864060000";"2;5064620000"
202200006096;14;9;2022;18:39;1;51;2;1;2;5;"49;2163400000";"3;9914900000"
202200006097;17;10;2022;14:45;1;94;1;1;2;4;"48;8302008945";"2;4957669959"
202200006098;14;9;2022;05:27;5;51;2;1;1;7;"49;2319300000";"4;0780900000"
202200006099;16;10;2022;20:55;3;77;1;1;1;6;"48;7708750349";"2;6119812069"
202200006100;13;9;2022;17:32;1;49;2;1;1;7;"47;5016900000";" -0;5922500000"
202200006101;30;7;2022;09:50;1;55;1;1;1;2;"48;6402640000";"5;1173920000"
202200006102;11;9;2022;13:00;1;44;2;1;1;7;"47;2784530000";" -2;2101910000"
202200006103;3;6;2022;18:25;1;14;1;1;1;6;"49;3298086570";" -0;8898023304"
202200006104;4;9;2022;22:00;5;44;2;1;1;3;"47;2090540000";" -1;5529940000"
202200006105;24;6;2022;20:10;1;69;2;9;1;2;"45;7307286809";"4;8872101307"
202200006106;14;9;2022;15:50;1;44;1;1;1;3;"47;2556400000";" -1;6431500000"
202200006107;8;6;2022;12:05;1;69;2;3;2;3;"45;7288600000";"4;8658000000"
202200006108;30;8;2022;19:55;2;42;2;9;1;3;"45;4639400000";"4;3982200000"
202200006109;13;9;2022;20:00;2;42;2;1;1;6;"45;4203700000";"4;3910600000"
202200006110;20;5;2022;18:50;1;69;2;1;1;3;"45;7003200000";"4;8862100000"
202200006111;14;9;2022;21:50;3;37;2;1;8;1;"47;4019600000";"0;7490400000"
202200006112;18;5;2022;01:05;5;69;2;2;1;3;"45;7482000000";"4;8436000000"
202200006113;14;9;2022;07:30;1;37;2;2;1;6;"47;4089800000";"0;7035200000"
202200006114;17;5;2022;19:35;1;69;2;1;1;2;"45;7557362978";"4;8625327632"
202200006115;13;9;2022;09:09;1;37;2;3;1;3;"47;3678000000";"0;7232800000"
202200006116;14;9;2022;18:40;1;35;2;3;8;2;"48;0999100000";" -1;6580700000"
202200006117;14;9;2022;17:00;1;35;2;1;2;6;"48;1537400000";" -1;6875700000"
202200006118;16;10;2022;20:00;5;75;2;4;1;2;"48;8669620000";"2;4134350000"
202200006119;14;9;2022;20:15;3;34;2;1;1;2;"43;6026900000";"3;9031000000"
202200006120;14;9;2022;12:00;1;32;1;1;1;1;"43;6894400000";"0;6045200000"
202200006121;15;10;2022;02:10;5;75;2;4;2;4;"48;9006730000";"2;3663030000"
202200006122;14;9;2022;13:15;1;29;1;1;1;2;"47;9947900000";" -4;0723100000"
202200006123;14;10;2022;15:10;1;75;2;1;2;2;"48;8628190000";"2;2649750000"
202200006124;14;9;2022;17:00;1;29;2;2;1;7;"47;8742492800";" -3;9052568070"
202200006125;16;10;2022;16:20;1;75;2;3;1;3;"48;8691160000";"2;3911448000"
202200006126;13;9;2022;15:10;1;29;2;3;1;5;"48;4300257672";" -4;5006877184"
202200006127;14;9;2022;19:45;1;28;2;1;1;1;"48;7306400000";"1;3398300000"
202200006128;16;10;2022;15:35;1;75;2;2;1;6;"48;8860250000";"2;3981210000"
202200006129;13;9;2022;13:15;1;25;2;9;1;6;"47;4740020000";"6;8606230000"
202200006130;16;10;2022;10:10;1;75;2;2;1;3;"48;8762670000";"2;2872100000"
202200006131;13;9;2022;17:00;1;21;2;6;1;3;"47;3151628998";"5;0295893368"
202200006132;16;10;2022;12:40;1;75;2;4;1;3;"48;8551280000";"2;2894300000"
202200006133;8;9;2022;09:45;1;21;2;3;1;3;"47;3316447522";"5;0500405493"
202200006134;16;10;2022;17:25;1;75;2;2;1;3;"48;8480390000";"2;3928530000"
202200006135;14;9;2022;00:35;5;21;2;6;8;7;"47;0153500000";"4;8377600000"
202200006136;12;9;2022;18:20;1;19;2;2;1;3;"45;1552200000";"1;5299900000"
202200006137;15;10;2022;23:50;5;94;2;1;2;3;"48;8235300000";"2;4105800000"
202200006138;15;9;2022;00:15;5;14;2;1;1;6;"49;1485100000";" -0;3451900000"
202200006139;16;10;2022;00:30;5;94;2;1;2;3;"48;7936000000";"2;3691000000"
202200006140;14;9;2022;09:00;1;13;2;1;2;3;"43;2867030817";"5;4149633676"
202200006141;13;9;2022;12:20;1;03;2;1;1;3;"46;1352100000";"3;4527800000"
202200006142;16;10;2022;21:20;5;94;2;2;1;3;"48;8116300000";"2;4030850000"
202200006143;14;9;2022;10:45;1;75;2;3;1;3;"48;8499860000";"2;4128970000"
202200006144;16;10;2022;10:40;1;93;2;2;1;3;"48;8317800000";"2;5840800000"
202200006145;16;10;2022;02:10;5;93;2;1;1;6;"48;9566376325";"2;3200386238"
202200006146;14;9;2022;21:05;5;75;2;2;1;3;"48;8860960000";"2;3898550000"
202200006147;16;10;2022;14:10;1;93;2;1;1;6;"48;9104702561";"2;4536612479"
202200006148;14;9;2022;08:15;1;75;2;2;1;3;"48;8841770000";"2;3685980000"
202200006149;16;10;2022;18:30;2;92;2;2;1;3;"48;9249301160";"2;3254435658"