Accident_Id;jour;mois;an;hrmn;lum;dep;agg;int;atm;col;lat;long
202200006150;14;9;2022;11:45;1;75;2;5;1;7;"48;8812480000";"2;2955460000"
202200006151;16;10;2022;10:25;1;92;2;3;1;3;"48;8242600000";"2;2109800000"
202200006152;13;9;2022;16:47;1;75;2;3;1;6;"48;8712730000";"2;2932310000"
202200006153;15;10;2022;15:30;1;54;1;1;3;3;"48;7883188380";"6;2792873382"
202200006154;12;9;2022;18:23;1;75;2;1;1;2;"48;8591490000";"2;2869960000"
202200006155;16;10;2022;00:10;5;40;2;2;1;6;"43;6613910000";" -1;3723090000"
202200006156;13;9;2022;00:30;5;75;2;2;1;3;"48;8404070000";"2;3042470000"
202200006157;17;10;2022;07:00;3;86;1;1;2;1;"46;6213280000";"0;7047170000"
202200006158;14;9;2022;17:00;1;75;2;2;1;3;"48;8304910000";"2;3765960000"
202200006159;14;10;2022;08:00;2;17;1;6;2;7;"46;1803210000";" -1;0904040000"
202200006160;14;9;2022;14:50;1;75;2;1;1;2;"48;8728580000";"2;3699540000"
202200006161;17;10;2022;06:10;2;26;1;1;1;3;"45;2688160000";"4;8471590000"
202200006162;13;9;2022;12:17;1;75;2;3;1;3;"48;8707210000";"2;3229080000"
202200006163;17;10;2022;16:00;1;50;1;1;1;3;"49;0885850000";" -1;1289310000"
202200006164;14;9;2022;22:57;5;75;2;2;1;3;"48;8685470000";"2;3419080000"
202200006165;14;10;2022;17:35;2;57;1;3;3;3;"48;9560020000";"6;3012810000"
202200006166;14;9;2022;12:20;1;94;2;9;1;6;"48;8084940000";"2;3316990000"
202200006167;16;10;2022;00:20;5;56;1;2;3;6;"48;0112200000";" -3;3996170000"
202200006168;17;10;2022;17:25;1;56;1;1;2;7;"47;8493240000";" -2;8671260000"
202200006169;14;9;2022;10:30;1;94;2;1;1;7;"48;7947300000";"2;3624000000"
202200006170;16;10;2022;16:00;1;59;1;1;1;7;"50;8003656917";"2;5797486305"
202200006171;14;9;2022;08:45;1;94;2;9;1;5;"48;8058130000";"2;3257690000"
202200006172;13;10;2022;19:12;2;65;2;4;1;3;"43;3715520000";"0;0346490000"
202200006173;14;9;2022;14:35;1;94;2;1;1;7;"48;8145700000";"2;4093400000"
202200006174;15;10;2022;11:15;1;63;1;1;8;1;"45;5009077495";"3;0335837603"
202200006175;14;9;2022;07:40;1;94;2;1;1;3;"48;7672670000";"2;3892070000"
202200006176;17;10;2022;13:30;1;34;1;1;2;7;"43;6975410000";"3;3381700000"
202200006177;14;9;2022;02:32;5;94;2;3;1;3;"48;7749100000";"2;5127400000"
202200006178;14;10;2022;08:15;2;22;1;1;2;1;"48;6451520000";" -3;0963210000"
202200006179;14;9;2022;07:50;1;93;2;1;8;3;"48;8793836326";"2;4781861217"
202200006180;14;9;2022;16:15;1;93;2;1;1;6;"48;8968046368";"2;5058538180"
202200006181;15;10;2022;18:35;2;25;2;3;1;3;"47;5034570000";"6;9393900000"
202200006182;14;9;2022;20:11;5;93;2;1;1;6;"48;9101800000";"2;3992500000"
202200006183;12;10;2022;15:00;1;29;1;1;1;5;"48;5224140000";" -4;5886700000"
202200006184;14;9;2022;16:30;1;93;2;2;1;6;"48;8496900000";"2;5578800000"
202200006185;15;10;2022;09:35;1;84;2;3;1;-1;"43;6882610000";"5;5250900000"
202200006186;14;9;2022;21:03;5;93;2;3;1;3;"48;8687902792";"2;5286728152"
202200006187;14;10;2022;07:50;2;03;1;1;2;3;"46;4068240000";"3;3532660000"
202200006188;14;9;2022;07:00;1;93;2;6;1;6;"48;9434600000";"2;4191500000"
202200006189;14;9;2022;10:49;1;93;2;1;1;3;"48;9034701000";"2;3779164310"
202200006190;16;10;2022;21:30;3;01;1;1;1;3;"46;3126790000";"5;3045030000"
202200006191;14;9;2022;09:22;1;93;2;1;7;6;"48;9187923611";"2;3690892704"
202200006192;14;9;2022;13:40;1;92;2;1;1;6;"48;8737400000";"2;1828300000"
202200006193;14;9;2022;12:40;1;92;2;1;1;3;"48;8804700000";"2;2538600000"
202200006194;15;10;2022;18:45;3;58;1;1;2;7;"47;0728050561";"3;2803075338"
202200006195;14;10;2022;17:50;1;66;1;1;1;7;"42;4982070000";"2;7105760000"
202200006196;14;9;2022;10:30;1;92;2;1;1;6;"48;8863360000";"2;2617740000"
202200006197;17;10;2022;11:48;1;54;2;1;1;6;"48;9332210000";"6;1033610000"
202200006198;14;9;2022;20:30;5;92;2;3;1;3;"48;8854268487";"2;1960505843"
202200006199;15;10;2022;16:30;1;50;1;1;1;6;"49;1119310000";" -1;4662560000"
202200006200;14;9;2022;12:15;1;92;2;1;1;2;"48;8171880000";"2;3257050000"
202200006201;14;9;2022;09:50;1;92;2;2;1;7;"48;9004494705";"2;2864882350"
202200006202;13;9;2022;13:50;1;92;2;6;1;3;"48;9331493373";"2;3026801944"
202200006203;15;10;2022;16:20;1;64;2;1;1;4;"43;5309480000";" -0;9224440000"
202200006204;13;10;2022;07:35;2;18;1;1;1;7;"46;7619730000";"2;1258970000"
202200006205;14;9;2022;09:20;1;92;2;1;2;3;"48;8888056920";"2;2483654618"
202200006206;16;10;2022;18:15;1;43;1;1;1;6;"44;9925970000";"3;6938310000"
202200006207;14;9;2022;17:57;1;92;2;1;1;4;"48;9073630000";"2;3129380000"
202200006208;17;10;2022;06:50;3;40;1;2;2;3;"44;1450310000";" -0;8967800000"
202200006209;12;9;2022;18:15;1;92;2;1;1;6;"48;9323068949";"2;2765227556"
202200006210;8;10;2022;11:00;1;24;2;1;1;7;"44;8741930000";"0;3733180000"
202200006211;14;9;2022;16:48;1;67;1;3;8;3;"48;8045700000";"7;5307100000"
202200006212;16;10;2022;08:20;1;87;1;9;1;7;"46;0440310000";"0;9498020000"
202200006213;13;9;2022;13:45;1;42;1;1;1;1;"45;5226840000";"4;4970020000"
202200006214;16;10;2022;18:10;1;87;1;6;1;7;"46;1257350000";"1;0745390000"
202200006215;14;9;2022;15:25;1;61;1;1;1;2;"48;7842810000";"0;3194460000"
202200006216;16;10;2022;06:45;3;52;1;1;1;7;"47;8095587826";"5;5473725588"
202200006217;14;9;2022;18:12;1;57;2;1;1;7;"49;3355400000";"6;2619280000"
202200006218;16;10;2022;00:45;4;52;2;1;1;6;"47;7813290000";"5;6005490000"
202200006219;15;9;2022;10:10;1;74;1;1;8;6;"45;9070990000";"6;6461060000"
202200006220;15;10;2022;19:26;5;987;1;1;1;6;" -17;6180000000";" -149;5490000000"
202200006221;16;8;2022;16:40;1;74;2;1;1;1;"45;9476700000";"6;6447330000"
202200006222;16;10;2022;07:10;3;33;1;1;1;6;"45;0952140000";" -0;4748070000"
202200006223;15;9;2022;04:05;3;76;1;1;5;6;"49;7105640000";"1;0963150000"
202200006224;17;10;2022;16:35;1;57;1;1;1;2;"48;7658070000";"7;2339820000"
202200006225;14;9;2022;21:00;3;63;1;1;2;3;"45;8266286279";"3;4527379274"
202200006226;16;10;2022;03:25;3;38;1;1;1;2;"45;6121240000";"5;2166070000"
202200006227;13;9;2022;15:55;1;61;1;1;1;6;"48;2667800000";"0;6000530000"
202200006228;14;9;2022;20:50;3;61;1;1;2;6;"48;3416530000";"0;7562320000"
202200006229;15;9;2022;18:13;1;61;1;1;1;7;"48;6607660000";"0;5842390000"
202200006230;16;10;2022;22:49;3;60;1;1;1;2;"49;1293020000";"2;5588270000"
202200006231;15;9;2022;06:10;3;61;2;1;5;6;"48;6791920000";"0;1221690000"
202200006232;16;10;2022;20:45;3;987;2;1;1;-1;" -17;5770000000";" -150;2020000000"
202200006233;14;9;2022;18:50;1;49;2;3;1;3;"47;7193300000";" -0;9858080000"
202200006234;16;10;2022;08:40;1;987;2;1;1;1;" -17;7560000000";" -148;7360000000"
202200006235;29;8;2022;16:30;1;49;1;6;1;7;"47;5550870000";" -1;0483630000"
202200006236;17;10;2022;14:37;1;83;2;1;1;6;"43;4510220000";"6;6925350000"
202200006237;9;6;2022;13:15;1;34;1;1;1;6;"43;5284320000";"3;1856920000"
202200006238;14;10;2022;07:00;2;70;2;1;1;6;"47;7506750000";"6;4594890000"
202200006239;8;9;2022;18:00;1;44;1;1;1;6;"47;1193810000";" -2;0908060000"
202200006240;17;10;2022;08:00;1;71;2;6;1;3;"46;2766480000";"4;0335810000"
202200006241;14;9;2022;21:02;3;31;1;1;1;6;"43;1988250000";"0;7332090000"
202200006242;16;10;2022;16:40;1;71;2;1;1;6;"46;2352420000";"4;7788410000"
202200006243;14;9;2022;11:49;1;01;1;1;1;2;"45;8191400000";"5;6242280000"
202200006244;17;10;2022;07:40;2;26;1;3;1;3;"45;0275680000";"4;9234840000"
202200006245;13;9;2022;19:50;2;01;2;2;1;3;"46;3329580000";"4;8893770000"
202200006246;17;10;2022;08:30;1;26;1;9;1;3;"44;8399520000";"4;9918540000"
202200006247;14;9;2022;18:24;1;72;1;1;1;6;"48;1620580000";"0;6413460000"
202200006248;15;9;2022;10:15;1;72;2;9;1;2;"47;8248180000";"0;0733160000"
202200006249;14;9;2022;17:15;1;50;1;1;1;1;"48;5512170000";" -1;1823820000"
202200006250;14;9;2022;13:15;1;83;1;1;2;1;"43;5461450000";"6;5349180000"
202200006251;16;10;2022;11:30;1;33;1;1;1;6;"44;9439000000";" -0;6787650000"
202200006252;15;9;2022;13:15;1;09;1;1;1;7;"43;0309880000";"1;0186600000"
202200006253;14;9;2022;08:09;1;45;1;1;1;7;"47;9191071604";"1;6980385320"
202200006254;16;10;2022;18:20;1;85;1;1;1;7;"46;7222016000";" -1;4301323000"
202200006255;15;10;2022;17:45;1;50;2;6;1;3;"49;3027500000";" -1;2315540000"
202200006256;15;9;2022;18:25;1;43;1;1;8;1;"45;2365950000";"3;9931650000"
202200006257;8;9;2022;16:00;1;43;1;1;1;2;"45;3795089869";"4;2211688197"
202200006258;15;9;2022;10:05;1;43;1;2;7;3;"45;1563720000";"3;7617120000"
202200006259;15;10;2022;17:35;1;14;1;2;1;5;"49;2266300000";" -0;2162830000"
202200006260;14;9;2022;10:30;1;10;1;1;1;3;"48;4958480000";"3;5321360000"
202200006261;11;9;2022;15:00;1;07;2;1;1;6;"44;2942130000";"4;2605500000"
202200006262;17;10;2022;14:40;1;56;1;1;2;6;"48;1013560000";" -2;9804710000"
202200006263;14;9;2022;19:40;1;87;2;1;1;6;"45;8891180000";"0;9022250000"
202200006264;15;10;2022;18:19;2;22;2;1;1;3;"48;5180770000";" -2;6424180000"
202200006265;11;10;2022;17:30;1;60;1;1;1;4;"49;2438940000";"2;4746650000"
202200006266;14;9;2022;19:00;3;973;1;1;1;3;"4;7899710000";" -52;3540580000"
202200006267;15;9;2022;17:10;1;988;1;1;1;1;" -22;1125100000";"166;3250100000"
202200006268;15;9;2022;09:15;1;06;1;1;1;2;"43;6028950000";"7;0745300000"
202200006269;16;10;2022;11:15;1;59;2;2;1;3;"50;5790670000";"3;1378090000"
202200006270;15;9;2022;07:45;1;38;1;1;8;2;"45;6210310000";"5;1838090000"
202200006271;14;9;2022;12:15;1;988;1;1;1;6;" -20;8840200000";"164;6545500000"
202200006272;15;9;2022;02:00;3;77;1;1;1;6;"48;5509900000";"2;9125680000"
202200006273;14;9;2022;21:15;3;66;2;1;1;6;"42;5382980000";"3;0510610000"
202200006274;16;10;2022;16:00;1;13;1;1;1;4;"43;2917000000";"5;4801000000"
202200006275;14;9;2022;18:15;1;11;1;1;1;6;"43;2793850000";"2;3584660000"
202200006276;14;10;2022;15:50;1;13;1;1;1;2;"43;2909000000";"5;4499000000"
202200006277;14;9;2022;06:00;3;26;1;1;3;5;"44;8125930000";"4;8555280000"
202200006278;15;9;2022;15:40;1;38;1;1;2;6;"45;4764130000";"4;8335660000"
202200006279;16;10;2022;20:05;3;69;1;1;1;5;"45;7089600000";"4;8436600000"
202200006280;14;9;2022;07:00;1;67;1;1;8;1;"48;9339180000";"7;8475640000"
202200006281;16;10;2022;05:10;3;69;1;1;1;2;"45;7106900000";"4;9682800000"
202200006282;9;9;2022;18:30;1;01;2;3;2;1;"46;2458680000";"5;1246980000"
202200006283;15;10;2022;23:55;5;69;1;1;1;2;"45;7007500000";"4;8454300000"
202200006284;14;9;2022;16:20;1;69;2;6;1;2;"45;6909080000";"4;7939180000"
202200006285;14;9;2022;17:50;1;86;2;1;3;3;"46;5771400000";"0;2735770000"
202200006286;14;10;2022;22:50;3;69;1;1;1;2;"45;6810500000";"4;7983100000"
202200006287;16;10;2022;22:15;3;33;1;1;1;7;"44;7151884402";" -0;5181276798"
202200006288;15;9;2022;07:30;2;85;1;3;1;1;"46;5283930000";" -1;6860660000"
202200006289;14;9;2022;11:10;1;13;1;1;2;7;"43;3385900000";"5;3767800000"
202200006290;16;10;2022;02:05;5;33;1;1;1;2;"44;8600567471";" -0;5042767525"
202200006291;16;10;2022;02:05;3;94;1;1;1;7;"48;8159800000";"2;3366300000"
202200006292;9;9;2022;17:55;1;13;1;1;1;4;"43;2800000000";"5;4040000000"
202200006293;16;10;2022;20:50;5;92;1;1;1;2;"48;8867500000";"2;2539000000"
202200006294;5;6;2022;01:00;3;42;1;1;2;6;"45;5528980000";"4;6824510000"
202200006295;16;10;2022;02:25;3;95;1;1;1;2;"49;0739000000";"2;5519000000"
202200006296;14;9;2022;20:35;3;33;1;1;1;6;"44;7596900000";" -0;5463600000"
202200006297;15;10;2022;12:40;1;95;1;1;2;6;"49;0309188745";"2;1212960669"
202200006298;16;10;2022;05:30;3;77;1;1;2;6;"48;8022780000";"2;6262200000"
202200006299;13;9;2022;22:40;5;33;1;1;1;2;"44;8719500000";" -0;5059030000"
202200006300;14;9;2022;00:59;5;91;2;9;1;7;"48;6428400000";"2;3639700000"
202200006301;4;7;2022;08:45;1;60;1;1;1;5;"49;4262020000";"2;1336870000"
202200006302;14;9;2022;15:41;1;78;1;1;1;6;"48;9674400000";"1;7460110000"
202200006303;15;10;2022;18:00;1;94;1;1;1;4;"48;8272864270";"2;4692556276"
202200006304;3;7;2022;12:30;1;59;1;1;1;2;"50;2951650000";"3;6352730000"
202200006305;14;9;2022;08:10;1;92;1;1;2;1;"48;8066242514";"2;2126419686"
202200006306;3;7;2022;13:30;1;59;1;1;1;3;"50;2168520390";"3;5756313801"
202200006307;13;9;2022;08:50;1;78;1;1;1;2;"48;7781680000";"2;2134130000"
202200006308;15;10;2022;09:56;1;94;1;1;2;4;"48;8392376061";"2;4933950229"
202200006309;9;9;2022;20:00;2;93;1;1;2;3;"48;8783381284";"2;4768781620"
202200006310;2;7;2022;08:28;1;13;1;1;1;4;"43;3749000000";"5;1777000000"
202200006311;14;9;2022;10:00;1;93;1;1;1;3;"48;9286129942";"2;3584904121"
202200006312;27;7;2022;10:00;1;45;1;1;1;1;"47;8021440000";"1;9546650000"
202200006313;1;7;2022;04:20;5;13;2;1;1;3;"43;3175720000";"5;3640820000"
202200006314;21;7;2022;02:30;3;45;1;1;1;6;"47;9432420000";"2;1212410000"
202200006315;13;8;2022;02:00;3;93;1;1;1;2;"48;9337609403";"2;3832666278"
202200006316;13;9;2022;08:50;1;95;1;1;1;3;"48;9740529051";"2;2452074289"
202200006317;3;7;2022;03:10;3;33;1;1;1;2;"44;7741938891";" -0;6529623270"
202200006318;15;10;2022;06:13;5;75;2;2;2;3;"48;8693610000";"2;3542790000"
202200006319;3;7;2022;19:45;1;91;1;1;1;2;"48;6257600000";"2;3966300000"
202200006320;12;9;2022;19:10;1;93;1;1;1;4;"48;9669231229";"2;5606076717"
202200006321;3;7;2022;13:40;1;91;1;1;1;2;"48;5488400000";"2;4952400000"
202200006322;12;9;2022;18:30;1;93;1;1;1;4;"48;9162304301";"2;3575208466"
202200006323;15;10;2022;12:20;1;973;2;6;1;3;"4;9244600000";" -52;3243000000"
202200006324;14;9;2022;11:15;1;94;1;1;1;3;"48;8027232706";"2;4479364478"
202200006325;3;7;2022;19:45;1;78;1;1;1;2;"48;8378000000";"2;1243000000"
202200006326;15;10;2022;16:08;1;69;2;2;1;3;"45;7539700000";"4;8468400000"
202200006327;3;7;2022;09:15;1;78;1;1;1;6;"48;9654040000";"1;7560680000"
202200006328;15;10;2022;10:00;1;69;2;1;1;3;"45;7758121881";"4;8014599085"
202200006329;3;7;2022;07:30;1;78;1;1;1;6;"48;8391990000";"2;1203370000"
202200006330;15;10;2022;07:30;1;971;2;3;1;3;"16;2767819539";" -61;5081408620"
202200006331;2;7;2022;19:45;1;92;1;1;1;4;"48;8333531740";"2;1613108381"
202200006332;3;7;2022;18:50;1;94;1;1;1;6;"48;7894301040";"2;4404687895"
202200006333;14;10;2022;17:00;1;971;2;1;1;6;"16;2638600000";" -61;5126700000"
202200006334;3;7;2022;16:00;1;94;1;1;1;4;"48;8294535608";"2;5282723079"
202200006335;15;10;2022;14:30;1;95;2;1;2;6;"49;0008890205";"2;4249395728"
202200006336;2;7;2022;06:50;2;54;2;2;7;6;"48;6894981359";"6;1784668565"
202200006337;2;7;2022;14:10;1;47;2;2;1;3;"44;1921000000";"0;6153200000"
202200006338;2;7;2022;16:36;1;75;2;2;1;6;"48;8217000000";"2;3693650000"
202200006339;2;7;2022;17:25;1;93;2;3;1;6;"48;9182400000";"2;4654000000"
202200006340;1;7;2022;17:43;1;31;1;1;1;5;"43;5833234388";"1;4035436511"
202200006341;2;7;2022;06:50;1;988;2;3;1;6;" -22;2815800000";"166;4481300000"
202200006342;1;7;2022;14:35;1;976;2;1;1;1;" -12;7958320000";"45;2161040000"
202200006343;1;7;2022;16:40;1;974;1;1;1;4;" -21;2962100000";"55;4435000000"
202200006344;2;7;2022;18:30;1;973;2;1;1;7;"4;9273900000";" -52;3194200000"
202200006345;2;7;2022;01:58;5;973;1;9;2;2;"4;9032800000";" -52;3242000000"
202200006346;2;7;2022;17:55;1;69;2;1;1;3;"45;7373984683";"4;8424442092"
202200006347;2;7;2022;23:10;5;69;2;2;1;3;"45;7649400000";"4;8358900000"
202200006348;1;7;2022;19:30;1;95;2;1;1;3;"49;0169274618";"2;0915973186"
202200006349;3;7;2022;00:13;5;91;2;1;1;7;"48;6468850000";"2;3756600000"
202200006350;1;7;2022;17:55;1;83;2;1;1;6;"43;1283100000";"5;9085400000"
202200006351;2;7;2022;21:35;2;77;1;1;1;6;"48;5109900000";"2;5961300000"
202200006352;2;7;2022;17:30;1;76;2;1;1;6;"49;4511800000";"1;0874100000"
202200006353;1;7;2022;01:10;5;76;2;2;1;2;"49;5091300000";"0;1591300000"
202200006354;2;7;2022;23:49;5;72;2;1;1;2;"48;0037372910";"0;1913416383"
202200006355;2;7;2022;14:30;1;72;2;1;1;2;"47;9710194069";"0;2045631407"
202200006356;2;7;2022;11:05;1;71;1;1;1;6;"46;6472460000";"4;2980610000"
202200006357;2;7;2022;18:30;1;69;2;3;1;2;"45;7812000000";"4;9134500000"
202200006358;2;7;2022;07:25;1;69;2;1;1;3;"45;7757298409";"4;9002720597"
202200006359;2;7;2022;16:15;1;64;2;6;1;3;"43;3916300000";" -1;6549400000"
202200006360;2;7;2022;13:30;1;64;1;1;1;2;"43;3241162015";" -1;6863584518"
202200006361;2;7;2022;20:25;1;64;1;1;1;3;"43;2631710965";" -0;3901487589"
202200006362;1;7;2022;17:20;1;61;2;1;1;1;"48;4301000000";"0;0699500000"
202200006363;2;7;2022;18:10;1;59;2;2;1;6;"50;6902400000";"3;1615900000"
202200006364;29;6;2022;07:30;1;59;2;3;1;3;"50;5968547936";"3;0819332600"
202200006365;2;7;2022;17:00;1;54;2;2;1;3;"48;6932824534";"6;1281148195"
202200006366;1;7;2022;17:15;1;47;2;7;1;6;"44;4196100000";"0;7004000000"
202200006367;2;7;2022;19:55;1;47;1;1;7;6;"44;1949400000";"0;6559600000"
202200006368;2;7;2022;04:50;5;43;2;1;1;6;"45;0381441926";"3;9009538293"
202200006369;2;7;2022;23:00;5;42;2;2;1;3;"45;3968200000";"4;2964200000"
202200006370;3;7;2022;00:15;3;38;1;1;1;2;"45;1852800000";"5;7025900000"
202200006371;2;7;2022;09:38;1;37;2;3;7;6;"47;4269313776";"0;6923291087"
202200006372;2;7;2022;09:37;1;37;2;2;1;2;"47;3892469132";"0;6828233600"
202200006373;2;7;2022;10:45;1;35;2;1;1;2;"48;0917957030";" -1;6769841313"
202200006374;2;7;2022;13:40;1;33;2;1;1;6;"44;8667700000";" -0;5130900000"
202200006375;2;7;2022;07:15;1;33;2;1;1;4;"44;8350600000";" -0;5636200000"
202200006376;1;7;2022;17:40;1;31;1;1;1;4;"43;6423200000";"1;4733000000"
202200006377;2;7;2022;02:05;5;17;2;6;1;6;"45;6021400000";" -1;0021360000"
202200006378;2;7;2022;14:40;1;14;1;1;1;3;"49;1653100000";" -0;2904300000"
202200006379;2;7;2022;20:05;1;13;2;1;1;2;"43;2802500000";"5;3824800000"
202200006380;2;7;2022;01:00;5;13;2;1;1;3;"43;2954400000";"5;3744100000"
202200006381;2;7;2022;20:45;1;11;2;1;1;4;"43;2082700000";"2;3713700000"
202200006382;2;7;2022;14:35;1;11;2;1;1;6;"43;2114300000";"2;3611700000"
202200006383;2;7;2022;18:08;1;10;2;1;1;3;"48;3075898670";"4;0958833694"
202200006384;2;7;2022;18:20;1;06;2;1;1;6;"43;7058650000";"7;3103990000"
202200006385;1;7;2022;16:50;1;01;1;2;1;3;"46;2078971997";"5;1859250665"
202200006386;1;7;2022;11:30;5;75;2;1;1;5;"48;8705360000";"2;4132240000"
202200006387;1;7;2022;14:16;1;75;2;3;1;3;"48;8504990000";"2;3327800000"
202200006388;2;7;2022;16:40;1;75;2;2;1;3;"48;8839970000";"2;3087150000"
202200006389;2;7;2022;17:40;1;75;2;1;1;6;"48;8770520000";"2;2685650000"
202200006390;1;7;2022;20:00;1;75;2;2;1;2;"48;8725320000";"2;2644400000"
202200006391;1;7;2022;22:45;5;75;2;3;1;3;"48;8386400000";"2;3723590000"
202200006392;2;7;2022;16:00;1;75;2;1;1;2;"48;8643100000";"2;3752470000"
202200006393;2;7;2022;13:05;1;75;2;2;1;6;"48;8705770000";"2;3729000000"
202200006394;2;7;2022;17:05;1;75;2;1;1;6;"48;8807260000";"2;3578220000"
202200006395;2;7;2022;01:30;5;75;2;1;1;6;"48;8624240000";"2;3031920000"
202200006396;2;7;2022;02:05;4;75;2;2;1;6;"48;8599520000";"2;3607700000"
202200006397;2;7;2022;21:50;5;94;2;9;1;3;"48;8341800000";"2;4173200000"
202200006398;2;7;2022;15:15;1;94;2;1;1;1;"48;7988930000";"2;3480260000"
202200006399;1;7;2022;21:10;5;94;2;3;1;2;"48;7827700000";"2;3670100000"
202200006400;2;7;2022;15:55;1;94;2;3;7;3;"48;7671700000";"2;3191300000"
202200006401;2;7;2022;15:20;1;94;2;1;1;3;"48;7610300000";"2;3711400000"
202200006402;2;7;2022;01:40;5;94;2;1;1;3;"48;8401612735";"2;4664673179"
202200006403;1;7;2022;20:10;1;94;2;1;1;2;"48;8499300000";"2;4766500000"
202200006404;2;7;2022;08:00;1;94;2;2;1;1;"48;7758400000";"2;4900900000"
202200006405;2;7;2022;00:06;5;94;2;1;1;3;"48;7779500000";"2;4708000000"
202200006406;2;7;2022;20:30;1;93;2;1;1;1;"48;9867200000";"2;5241800000"
202200006407;2;7;2022;18:10;1;93;2;1;1;2;"48;9550200000";"2;5375200000"
202200006408;2;7;2022;19:30;1;93;2;1;1;6;"48;9391382676";"2;5263807178"
202200006409;2;7;2022;15:25;1;93;2;2;1;3;"48;8477500000";"2;5527600000"
202200006410;2;7;2022;14:36;1;93;2;6;1;3;"48;8372200000";"2;5470700000"
202200006411;2;7;2022;17:15;1;93;2;1;7;6;"48;8557679622";"2;4233125449"
202200006412;1;7;2022;23:10;3;93;2;3;1;3;"48;9450800000";"2;4352000000"
202200006413;2;7;2022;20:40;1;93;2;1;1;6;"48;9072898733";"2;4880889654"
202200006414;2;7;2022;01:45;5;93;2;3;1;6;"48;9147210000";"2;5018070000"
202200006415;1;7;2022;23:00;5;93;2;1;1;6;"48;9114288028";"2;3753508925"
202200006416;2;7;2022;20:00;1;92;2;1;1;3;"48;8161375729";"2;3100467473"
202200006417;2;7;2022;09:00;1;92;2;1;1;5;"48;9065459865";"2;2470836341"
202200006418;2;7;2022;15:00;1;92;1;1;1;3;"48;9155939618";"2;2826703787"
202200006419;1;7;2022;16:50;1;92;2;1;1;2;"48;7588814357";"2;3071482181"
202200006420;3;7;2022;01:40;3;60;1;1;1;7;"49;5464310000";"2;6375990000"
202200006421;21;6;2022;10:40;1;80;2;1;1;6;"50;0060120000";"2;6476380000"
202200006422;2;7;2022;22:00;3;37;2;4;1;1;"47;2924050000";"0;1892430000"
202200006423;3;7;2022;01:00;3;54;1;1;1;6;"48;7603900340";"6;2696743013"
202200006424;2;7;2022;02:15;3;24;1;1;1;6;"45;1270380000";"0;6528870000"
202200006425;3;7;2022;20:57;1;91;1;1;1;7;"48;3016560000";"2;0091460000"
202200006426;2;7;2022;13:13;1;95;1;1;1;6;"49;1266990000";"2;2824040000"
202200006427;2;7;2022;15:30;2;974;2;1;1;1;" -21;2499970000";"55;3536270000"
202200006428;3;7;2022;05:30;2;972;1;1;1;1;"14;6677020000";" -60;9635690000"
202200006429;30;6;2022;16:00;1;86;1;1;3;1;"46;5753950000";"0;6767160000"
202200006430;3;7;2022;11:05;1;21;1;1;1;2;"47;2576820000";"4;5300310000"
202200006431;2;7;2022;20:10;1;71;1;1;1;2;"46;6883090000";"4;8447560000"
202200006432;2;7;2022;19:00;1;62;2;4;1;3;"50;7881810000";"1;9307940000"
202200006433;2;7;2022;05:30;2;84;1;1;1;-1;"44;2129050000";"4;7255700000"
202200006434;3;7;2022;01:21;3;40;1;1;1;6;"44;1450780000";" -0;7415030000"
202200006435;2;7;2022;10:25;1;51;1;2;7;3;"48;7350780000";"4;3002250000"
202200006436;1;7;2022;18:05;1;56;2;1;1;2;"47;7844350000";" -3;4152490000"
202200006437;3;7;2022;07:00;1;76;1;1;1;6;"49;5458460000";"1;5123260000"
202200006438;3;7;2022;12:10;1;80;1;1;1;7;"49;9606700000";"2;9244450000"
202200006439;2;7;2022;20:10;1;89;1;1;1;1;"47;9261130000";"3;8523600000"
202200006440;2;7;2022;17:30;1;63;1;1;1;7;"45;5355185297";"3;7752143472"
202200006441;2;7;2022;15:00;1;63;1;9;1;6;"45;4684080000";"3;8024070000"
202200006442;3;7;2022;10:30;1;63;1;1;1;7;"45;5396620000";"3;7948430000"
202200006443;1;7;2022;14:45;1;76;2;1;1;6;"50;0554750000";"1;3659150000"
202200006444;3;7;2022;08:15;1;41;1;1;1;7;"47;3758190000";"1;5078390000"
202200006445;3;7;2022;02:40;3;34;1;1;1;7;"43;6295800000";"3;3191100000"
202200006446;2;7;2022;12:55;1;34;1;1;7;7;"43;6236730000";"3;1204500000"
202200006447;2;7;2022;13:50;1;44;1;3;1;3;"47;4595860000";" -2;0774780000"
202200006448;3;7;2022;11:45;1;29;1;1;1;1;"48;0564850000";" -3;8433770000"
202200006449;3;7;2022;01:30;3;38;2;1;1;7;"45;0713120000";"5;3150810000"
202200006450;3;7;2022;16:30;1;15;1;2;1;3;"44;8508340000";"2;2534310000"
202200006451;3;7;2022;09:35;1;70;1;3;1;3;"47;5491530000";"6;4450850000"
202200006452;2;7;2022;09:40;1;72;1;1;1;1;"48;0278920000";"0;0850370000"
202200006453;3;7;2022;16:30;1;05;1;1;1;7;"44;4995050000";"6;3456020000"
202200006454;3;7;2022;00:40;3;05;1;1;1;6;"44;6740360000";"5;9356800000"
202200006455;3;7;2022;16:45;1;83;2;1;1;6;"43;5664759780";"6;1830067635"
202200006456;3;7;2022;20:00;2;83;1;1;1;3;"43;4650580000";"6;1360360000"
202200006457;25;6;2022;12:25;1;60;2;4;1;3;"49;3247620992";"2;0133218763"