Accident_Id;jour;mois;an;hrmn;lum;dep;agg;int;atm;col;lat;long
202200006458;2;7;2022;19:25;1;64;1;1;1;3;"43;2077410000";" -1;2754120000"
202200006459;2;7;2022;22:30;5;64;2;4;1;7;"43;2410530000";" -0;8805400000"
202200006460;2;7;2022;02:30;3;64;1;1;1;6;"43;0215125382";" -0;9247923260"
202200006461;2;7;2022;23:45;3;10;1;1;1;6;"47;9644968094";"4;2978858948"
202200006462;3;7;2022;06:00;2;53;1;1;1;6;"48;2830650000";" -0;4557180000"
202200006463;2;7;2022;00:40;3;40;1;1;1;6;"43;6293620000";" -0;8200370000"
202200006464;3;7;2022;15:20;1;40;1;1;1;6;"44;3552170000";" -1;1289950000"
202200006465;2;7;2022;19:50;1;24;1;3;1;3;"44;8647820000";"1;2501450000"
202200006466;2;7;2022;22:45;3;85;1;1;1;2;"46;4363600000";" -1;4029700000"
202200006467;3;7;2022;11:45;1;85;2;6;1;3;"46;9401100000";" -1;5100400000"
202200006468;3;7;2022;16:30;1;48;1;1;1;6;"44;1958280000";"3;6450790000"
202200006469;2;7;2022;20:40;1;34;1;1;1;6;"43;6762530000";"3;8205600000"
202200006470;2;7;2022;19:30;1;06;1;1;1;1;"43;6159570000";"7;0827480000"
202200006471;2;7;2022;20:50;3;987;1;1;1;1;" -17;6175800000";" -149;5496960000"
202200006472;2;7;2022;19:45;1;06;1;1;1;3;"43;6708260000";"7;2015780000"
202200006473;3;7;2022;19:41;1;64;1;1;2;6;"43;4486310000";" -1;5531490000"
202200006474;3;7;2022;00:28;3;51;1;1;1;7;"48;7297000000";"4;2233470000"
202200006475;3;7;2022;05:15;3;988;1;1;2;1;" -21;0113650000";"164;9924180000"
202200006476;3;7;2022;02:55;3;974;1;1;2;7;" -20;9027180000";"55;5372620000"
202200006477;3;7;2022;15:20;1;973;1;9;1;7;"5;4645780000";" -54;0430680000"
202200006478;3;7;2022;11:30;1;95;1;1;1;3;"49;1194223817";"2;1891894937"
202200006479;2;7;2022;20:15;1;78;2;1;1;6;"48;5891840000";"1;7301630000"
202200006480;3;7;2022;12:25;1;78;1;1;1;1;"48;9354410000";"1;5582350000"
202200006481;2;7;2022;18:40;1;30;1;1;1;2;"43;7184200000";"4;4182040000"
202200006482;3;7;2022;02:20;3;34;2;1;1;6;"43;6614200000";"3;9662540000"
202200006483;3;7;2022;17:10;1;13;1;1;1;7;"43;3698910000";"5;6590020000"
202200006484;4;6;2022;16:50;1;38;1;1;1;2;"45;3395680000";"5;6155050000"
202200006485;2;7;2022;17:00;1;81;2;1;1;2;"43;7066510000";"1;8209730000"
202200006486;3;7;2022;11:40;1;09;1;1;1;7;"43;0219500000";"1;4645150000"
202200006487;3;7;2022;11:00;1;79;2;1;1;7;"46;8433920000";" -0;4977700000"
202200006488;2;7;2022;12:20;1;79;1;1;7;1;"46;8012930000";" -0;3682460000"
202200006489;2;7;2022;22:30;2;79;1;1;1;7;"46;8498050000";" -0;4722570000"
202200006490;2;7;2022;15:00;1;56;1;6;1;6;"47;6704020000";" -2;9490350000"
202200006491;2;7;2022;21:15;1;22;2;1;1;6;"48;8007350000";" -3;0314210000"
202200006492;2;7;2022;18:10;1;60;2;3;7;6;"49;2056510000";"2;5852140000"
202200006493;3;7;2022;02:45;3;59;1;1;1;6;"50;3130873915";"3;2237040997"
202200006494;2;7;2022;20:35;2;13;1;1;1;6;"43;3066900000";"5;5757400000"
202200006495;1;7;2022;16:30;1;13;1;1;1;2;"43;3870799756";"5;2422942996"
202200006496;1;7;2022;01:10;5;13;1;1;1;2;"43;3035109026";"5;4255553650"
202200006497;1;7;2022;19:40;1;78;1;1;1;6;"48;7999700000";"1;9851500000"
202200006498;2;7;2022;15:45;1;93;1;1;1;5;"48;9362200000";"2;4276097000"
202200006499;2;7;2022;09:35;1;93;1;1;1;4;"48;9248100000";"2;3917000000"
202200006500;1;7;2022;18:00;1;93;1;1;1;5;"48;9703300000";"2;5017700000"
202200006501;2;7;2022;06:45;2;77;1;1;1;2;"48;8164432683";"2;6214711348"
202200006502;1;7;2022;13:10;1;83;2;1;1;6;"43;1286000000";"5;9664300000"
202200006503;1;7;2022;17:10;1;54;2;2;1;6;"48;6883975876";"6;1732199192"
202200006504;1;7;2022;16:10;1;92;2;1;1;6;"48;9230293100";"2;2516224682"
202200006505;16;4;2022;14:20;1;84;2;1;1;2;"44;0662800000";"5;0667900000"
202200006506;1;5;2022;14:50;1;38;2;9;1;3;"45;1598700000";"5;7206400000"
202200006507;1;7;2022;22:25;3;974;1;1;1;2;" -21;3301100000";"55;4538000000"
202200006508;1;7;2022;07:30;1;974;2;1;7;3;" -20;8725000000";"55;4495000000"
202200006509;1;7;2022;15:10;1;973;2;1;1;6;"4;9409198381";" -52;3230864108"
202200006510;1;4;2022;12:13;1;973;2;1;1;3;"4;9447200000";" -52;3166200000"
202200006511;30;6;2022;08:00;1;973;1;6;1;7;"4;9072723412";" -52;3219370842"
202200006512;11;2;2022;19:00;5;33;2;1;1;3;"44;8905700000";" -0;6666400000"
202200006513;11;2;2022;03:00;5;33;2;2;2;6;"44;8599700000";" -0;5687500000"
202200006514;11;2;2022;19:40;5;31;2;2;1;3;"43;5883074664";"1;4112550020"
202200006515;11;2;2022;07:36;5;31;2;3;1;7;"43;6345200000";"1;4819900000"
202200006516;11;2;2022;00:20;5;31;2;1;1;3;"43;6261900000";"1;4371700000"
202200006517;9;2;2022;09:50;1;31;1;1;1;3;"43;6391700000";"1;4762700000"
202200006518;11;2;2022;05:30;3;30;1;1;1;6;"43;8717000000";"4;3203700000"
202200006519;11;2;2022;19:30;3;26;1;1;1;6;"44;8704100000";"4;8679750000"
202200006520;11;2;2022;17:45;2;26;2;1;1;6;"44;9339300000";"4;9038100000"
202200006521;11;2;2022;16:40;1;26;1;3;1;2;"44;5471300000";"4;7732700000"
202200006522;11;2;2022;11:30;1;26;2;3;1;5;"44;5472050000";"4;7733270000"
202200006523;11;2;2022;21:10;5;25;2;3;1;3;"47;2382370000";"6;0166650000"
202200006524;10;2;2022;22:15;5;25;2;1;3;5;"47;2310100000";"5;9822600000"
202200006525;10;2;2022;14:37;1;14;2;9;2;1;"49;1604600000";" -0;3617200000"
202200006526;11;2;2022;20:15;5;13;2;3;1;3;"43;3022900000";"5;3953700000"
202200006527;11;2;2022;14:12;1;13;2;1;1;3;"43;3017800000";"5;3727100000"
202200006528;11;2;2022;12:15;1;13;2;1;1;3;"43;2674095974";"5;3939362113"
202200006529;11;2;2022;10:05;1;13;2;1;1;5;"43;3383198389";"5;3932344077"
202200006530;11;2;2022;08:58;1;13;2;9;1;1;"43;2834200000";"5;4144500000"
202200006531;11;2;2022;15:30;1;11;1;1;1;4;"43;2244900000";"2;3284000000"
202200006532;11;2;2022;17:30;1;10;2;1;1;1;"48;2678954233";"4;0640991926"
202200006533;11;2;2022;11:25;1;10;2;9;1;6;"48;2930000000";"4;0473300000"
202200006534;11;2;2022;08:58;1;10;2;9;1;3;"48;2858900000";"4;0775800000"
202200006535;10;2;2022;17:43;1;10;2;9;1;6;"48;2982500000";"4;0739900000"
202200006536;10;2;2022;19:10;5;09;2;6;1;6;"42;9634090000";"1;6041900000"
202200006537;9;2;2022;09:45;1;06;2;3;1;5;"43;7706400000";"7;4949700000"
202200006538;11;2;2022;18:45;5;06;2;9;1;6;"43;6569730000";"6;9224000000"
202200006539;11;2;2022;20:45;5;01;1;2;1;3;"46;2099500000";"5;2042600000"
202200006540;10;2;2022;01:35;5;01;2;1;1;2;"46;2189840000";"5;2114830000"
202200006541;11;2;2022;18:00;5;75;2;4;1;2;"48;8610069012";"2;2637481987"
202200006542;10;2;2022;13:50;1;75;2;5;2;3;"48;8865620000";"2;2900770000"
202200006543;8;2;2022;09:40;1;75;2;2;1;3;"48;8550740000";"2;3502800000"
202200006544;11;2;2022;12:15;1;75;2;3;1;3;"48;8493709993";"2;3457017541"
202200006545;11;2;2022;09:05;1;75;2;1;1;3;"48;8799991397";"2;3743061721"
202200006546;11;2;2022;11:00;1;75;2;7;1;3;"48;8835260000";"2;3268650000"
202200006547;11;2;2022;10:30;1;75;2;2;1;3;"48;8622856265";"2;2383168340"
202200006548;10;2;2022;20:27;5;75;2;7;2;6;"48;8633070000";"2;2866570000"
202200006549;10;2;2022;14:36;1;75;2;3;1;3;"48;8385420000";"2;2522200000"
202200006550;11;2;2022;09:00;1;75;2;2;1;1;"48;8546010189";"2;2888885438"
202200006551;11;2;2022;17:35;5;75;2;4;1;6;"48;8302270000";"2;3258930000"
202200006552;11;2;2022;11:15;1;75;2;3;1;6;"48;8399370000";"2;3823410000"
202200006553;11;2;2022;10:00;1;75;2;4;1;3;"48;8369473662";"2;3915407062"
202200006554;11;2;2022;08:03;1;75;2;1;1;3;"48;8448382662";"2;3688974977"
202200006555;11;2;2022;11:00;1;75;2;3;7;3;"48;8761036575";"2;3605719209"
202200006556;11;2;2022;15:00;1;75;2;1;1;3;"48;8762380000";"2;3236090000"
202200006557;11;2;2022;12:05;1;75;2;2;1;3;"48;8533315098";"2;3578199744"
202200006558;10;2;2022;18:16;5;75;2;2;3;6;"48;8562850000";"2;3566020000"
202200006559;11;2;2022;15:55;1;94;2;3;1;3;"48;7508900000";"2;4845500000"
202200006560;10;2;2022;20:00;5;94;2;2;2;1;"48;7992900000";"2;4898300000"
202200006561;11;2;2022;15:25;1;94;2;1;1;3;"48;7959500000";"2;3683800000"
202200006562;10;2;2022;19:00;5;94;2;1;2;6;"48;7984100000";"2;3549550000"
202200006563;11;2;2022;17:45;2;94;2;3;1;6;"48;7576100000";"2;4027100000"
202200006564;11;2;2022;09:15;1;94;2;1;9;2;"48;7610000000";"2;3185800000"
202200006565;10;2;2022;19:00;5;94;2;2;3;3;"48;8476000000";"2;4878900000"
202200006566;10;2;2022;14:00;1;94;2;2;1;3;"48;7630200000";"2;4795400000"
202200006567;11;2;2022;16:45;2;94;2;1;1;6;"48;7637200000";"2;4033000000"
202200006568;10;2;2022;10:00;1;94;2;3;1;3;"48;7734300000";"2;4099600000"
202200006569;11;2;2022;09:56;1;94;2;1;1;7;"48;7263869113";"2;5675005911"
202200006570;11;2;2022;14:00;1;93;2;6;1;7;"48;9819200000";"2;5258400000"
202200006571;11;2;2022;10:30;1;93;2;1;1;6;"48;9733921470";"2;5614669391"
202200006572;11;2;2022;22:28;5;93;2;7;1;6;"48;9120000000";"2;3340600000"
202200006573;11;2;2022;16:55;1;93;2;5;1;3;"48;8762037678";"2;4231597036"
202200006574;11;2;2022;13:00;1;93;2;2;1;3;"48;8797715932";"2;4411374331"
202200006575;11;2;2022;00:20;5;93;2;7;2;2;"48;9208900000";"2;4105300000"
202200006576;11;2;2022;22:35;5;93;2;1;9;3;"48;9072253871";"2;4802791077"
202200006577;10;2;2022;22:45;5;93;2;3;1;3;"48;9001700000";"2;4862500000"
202200006578;11;2;2022;12:25;1;93;2;1;1;6;"48;9163337355";"2;4230006240"
202200006579;11;2;2022;10:05;1;93;2;2;1;6;"48;9291020424";"2;4953770638"
202200006580;11;2;2022;14:10;1;93;2;9;1;3;"48;9464249962";"2;5108408824"
202200006581;11;2;2022;12:20;1;92;2;2;1;6;"48;8717381519";"2;2253046334"
202200006582;11;2;2022;14:00;1;92;2;1;1;7;"48;8276373601";"2;1839680374"
202200006583;9;2;2022;22:50;5;92;2;3;1;6;"48;8271309349";"2;1860236823"
202200006584;11;2;2022;20:35;5;92;2;1;1;6;"48;8945519173";"2;2981054187"
202200006585;11;2;2022;16:45;1;92;2;3;1;3;"48;8277260000";"2;2754380000"
202200006586;11;2;2022;16:45;1;92;2;1;1;3;"48;9029787196";"2;2710918188"
202200006587;11;2;2022;09:20;1;92;2;1;1;4;"48;8999798394";"2;2730924785"
202200006588;11;2;2022;07:40;2;92;2;1;1;6;"48;9004104155";"2;2744217813"
202200006589;10;2;2022;16:55;1;92;2;2;1;3;"48;8320800000";"2;2530700000"
202200006590;11;2;2022;20:58;5;92;2;3;1;1;"48;8032008407";"2;3191092610"
202200006591;12;2;2022;13:00;1;54;2;1;1;7;"48;6161350223";"6;2541738133"
202200006592;11;2;2022;11:25;1;51;2;6;1;7;"48;7231710000";"4;5835040000"
202200006593;12;2;2022;08:40;3;49;1;1;1;7;"47;1774770000";" -0;6741730000"
202200006594;12;2;2022;05:15;3;76;1;1;1;1;"49;8845150000";"1;2886400000"
202200006595;11;2;2022;17:25;1;81;1;3;1;3;"43;9142220000";"2;0456300000"
202200006596;11;2;2022;17:00;1;10;2;9;1;1;"48;2058420000";"3;8954040000"
202200006597;11;2;2022;16:30;1;63;1;1;1;7;"46;0132444074";"2;7815781534"
202200006598;11;2;2022;18:10;3;74;1;1;1;2;"45;9256700000";"6;0873750000"
202200006599;12;2;2022;15:00;1;87;1;9;1;5;"45;7397050000";"1;3404610000"
202200006600;11;2;2022;09:00;1;38;1;6;2;1;"45;3438590000";"5;4830090000"
202200006601;11;2;2022;14:00;1;87;1;9;7;1;"45;7713100000";"1;1861160000"
202200006602;11;2;2022;15:40;1;74;1;1;1;1;"45;7939090000";"6;0557390000"
202200006603;12;2;2022;13:57;1;74;2;1;1;1;"45;8813260000";"5;9307830000"
202200006604;12;2;2022;09:50;1;55;2;1;1;6;"48;8902030000";"5;5408320000"
202200006605;11;2;2022;15:00;1;49;2;1;1;7;"47;3737508287";" -0;1092785597"
202200006606;9;2;2022;11:30;1;22;2;3;8;3;"48;3111550000";" -3;1616610000"
202200006607;11;2;2022;17:00;1;39;1;1;1;3;"46;4481370000";"6;0765860000"
202200006608;12;2;2022;14:35;1;25;1;1;1;2;"47;1723890000";"6;4799430000"
202200006609;12;2;2022;08:20;1;44;1;1;1;6;"47;1047260000";" -2;0497120000"
202200006610;12;2;2022;04:35;3;29;1;1;1;6;"48;2479830480";" -3;8658750056"
202200006611;3;8;2022;19:38;1;54;2;2;1;3;"48;9075490000";"6;0457100000"
202200006612;11;2;2022;19:35;5;31;2;1;1;6;"43;3077840000";"1;2224810000"
202200006613;11;2;2022;19:15;3;01;1;3;1;3;"46;0582270000";"5;3861440000"
202200006614;3;8;2022;18:30;1;50;2;1;1;2;"49;6422600000";" -1;6223600000"
202200006615;12;2;2022;15:45;1;01;1;3;1;3;"45;7169670000";"5;6666710000"
202200006616;11;2;2022;18:45;3;72;1;1;1;2;"48;0621420000";"0;2755920000"
202200006617;11;2;2022;04:00;3;14;1;1;8;6;"49;1312570000";" -0;2216360000"
202200006618;11;2;2022;14:35;1;05;1;1;1;7;"44;4964300000";"6;1485490000"
202200006619;29;6;2022;20:48;1;49;1;1;9;1;"47;0802700000";" -0;8283900000"
202200006620;11;2;2022;13:55;1;50;2;1;1;1;"49;2123690000";" -1;5260320000"
202200006621;12;2;2022;01:46;3;28;1;1;1;7;"48;0981740000";"1;8649720000"
202200006622;11;2;2022;16:55;1;17;2;2;1;3;"45;4783010000";" -0;5729410000"
202200006623;11;2;2022;12:50;1;08;1;1;1;1;"49;9657910000";"4;6597050000"
202200006624;3;8;2022;23:05;5;49;2;2;1;3;"47;4570100000";" -0;5540100000"
202200006625;11;2;2022;19:40;3;03;1;1;1;4;"46;3275060000";"2;9426840000"
202200006626;12;2;2022;00:55;3;45;1;1;1;6;"47;9474640000";"1;8487340000"
202200006627;12;2;2022;15:08;1;27;1;1;1;6;"49;3510040000";"0;4432620000"
202200006628;11;2;2022;22:27;3;988;1;1;2;6;" -21;2732300000";"165;6429900000"
202200006629;12;2;2022;06:40;2;95;1;1;8;1;"49;0407492101";"1;9443762302"
202200006630;3;8;2022;13:32;1;49;2;1;1;3;"47;4756800000";" -0;5201600000"
202200006631;12;2;2022;13:50;1;66;1;1;1;1;"42;7718150000";"2;7566300000"
202200006632;3;8;2022;13:20;1;47;2;4;1;3;"44;1790900000";"0;6053200000"
202200006633;12;2;2022;05:25;5;34;2;6;1;7;"43;6642950000";"4;1744530000"
202200006634;2;2;2022;11:35;1;71;1;4;2;4;"46;9190680000";"4;1884730000"
202200006635;4;8;2022;08:00;1;45;2;1;1;6;"47;8468920000";"1;9113830000"
202200006636;11;2;2022;16:15;1;51;2;1;7;7;"49;3100530000";"3;6721930000"
202200006637;4;8;2022;03:12;5;45;2;1;1;2;"47;8904500000";"1;9226000000"
202200006638;12;2;2022;08:30;1;63;2;1;1;6;"45;7800170000";"3;0111960000"
202200006639;12;2;2022;16:56;1;74;2;1;1;3;"46;1881500000";"6;3019860000"
202200006640;2;8;2022;01:15;3;44;1;1;1;6;"47;2554300000";" -1;5354700000"
202200006641;12;2;2022;15:55;1;42;1;1;1;6;"45;4821750000";"4;7245500000"
202200006642;30;7;2022;05:45;5;42;2;1;1;6;"45;5087000000";"4;5734200000"
202200006643;11;2;2022;16:30;1;47;1;1;1;1;"44;5223180000";"0;1558420000"
202200006644;17;7;2022;19:45;1;42;2;3;1;3;"45;4470400000";"4;4394500000"
202200006645;12;2;2022;15:40;1;85;1;1;1;3;"46;7220000000";" -1;6193570000"
202200006646;4;8;2022;19:40;1;42;2;1;1;6;"46;0523600000";"4;0654300000"
202200006647;11;2;2022;20:25;5;22;2;2;1;3;"48;8071920000";" -3;3744340000"
202200006648;3;8;2022;11:15;1;42;2;1;1;1;"45;3785200000";"4;2755100000"
202200006649;22;1;2022;12:45;1;22;1;1;1;2;"48;4961360000";" -2;8502660000"
202200006650;12;2;2022;02:50;4;60;1;1;1;7;"49;1160180000";"2;7973940000"
202200006651;4;8;2022;21:20;2;37;2;1;1;2;"47;3653000000";"0;7122700000"
202200006652;11;2;2022;16:30;1;80;1;1;1;2;"49;8435180000";"2;8664820000"
202200006653;4;8;2022;13:30;1;37;2;2;1;1;"47;3975300000";"0;6994700000"
202200006654;11;2;2022;19:05;5;33;1;1;1;3;"44;8243370000";" -0;5112800000"
202200006655;10;2;2022;08:50;1;33;1;1;1;6;"44;8035920000";" -0;5325410000"
202200006656;11;2;2022;15:15;1;94;1;1;1;2;"48;8010000000";"2;3420000000"
202200006657;4;8;2022;14:30;1;37;2;2;8;3;"47;3583000000";"0;7221400000"
202200006658;11;2;2022;04:15;3;94;1;1;2;6;"48;7765100000";"2;3458100000"
202200006659;4;8;2022;15:30;1;35;1;1;1;6;"48;0874324906";" -1;5896540880"
202200006660;11;2;2022;16:00;1;78;1;1;1;6;"48;7991760000";"1;9956230000"
202200006661;11;2;2022;10:10;1;92;1;1;1;7;"48;9116500516";"2;2168203970"
202200006662;11;2;2022;00:30;3;78;1;1;8;2;"48;9302400000";"1;9829400000"
202200006663;4;8;2022;17:42;1;32;2;3;1;7;"43;6486400000";"0;5836300000"
202200006664;11;2;2022;16:30;1;93;1;1;1;5;"48;8652500000";"2;4819900000"
202200006665;11;2;2022;09:00;1;95;1;1;1;2;"48;9846660000";"2;2416210000"
202200006666;4;8;2022;14:20;1;31;2;2;1;2;"43;6511100000";"1;3743300000"
202200006667;11;2;2022;19:15;3;75;1;1;1;2;"48;8231700000";"2;4629700000"
202200006668;11;2;2022;11:50;1;94;1;1;1;2;"48;8173300000";"2;4224700000"
202200006669;2;8;2022;21:45;1;19;2;1;1;1;"45;1457611211";"1;4904226938"
202200006670;11;2;2022;07:55;1;94;1;1;1;3;"48;8085628803";"2;4490578633"
202200006671;4;8;2022;01:30;5;13;2;9;1;3;"43;2870104626";"5;3877851063"
202200006672;10;2;2022;16:30;1;29;2;2;1;3;"47;9936800000";" -4;1064500000"
202200006673;4;8;2022;13:52;1;13;2;1;1;3;"43;3315984065";"5;3984345141"
202200006674;10;2;2022;20:45;5;93;2;2;3;6;"48;9040000000";"2;4713100000"
202200006675;10;2;2022;11:00;1;07;2;3;1;6;"44;7351800000";"4;5962500000"
202200006676;2;8;2022;10:20;1;12;1;1;1;5;"44;3647000000";"2;5498400000"
202200006677;9;2;2022;13:00;1;974;2;1;1;6;" -20;8897500000";"55;4516600000"
202200006678;3;8;2022;13:30;1;12;1;1;7;6;"44;5616800000";"2;2528300000"
202200006679;10;2;2022;16:20;2;974;2;1;1;3;" -21;3330600000";"55;4592800000"
202200006680;3;8;2022;10:53;1;11;2;1;1;3;"43;2157479755";"2;3487782478"
202200006681;10;2;2022;15:40;1;69;2;4;1;6;"45;7060000000";"4;8765100000"
202200006682;3;8;2022;14:10;1;07;2;6;1;3;"44;7054500000";"4;6503700000"
202200006683;10;2;2022;09:10;1;972;1;1;1;4;"14;6146700000";" -61;0126600000"
202200006684;4;8;2022;18:00;1;06;2;1;1;1;"43;6939500000";"7;2283700000"
202200006685;10;2;2022;19:50;4;972;2;1;1;6;"14;6059700000";" -61;0656700000"
202200006686;10;2;2022;19:15;5;69;2;1;1;7;"45;7481800000";"4;8157400000"
202200006687;3;8;2022;17:45;1;05;2;1;8;3;"44;9084500000";"6;6270300000"
202200006688;10;2;2022;11:55;1;69;2;1;1;7;"45;7827400000";"4;8354200000"
202200006689;3;8;2022;19:30;1;75;2;2;1;3;"48;8461670000";"2;3491170000"
202200006690;10;2;2022;08:25;1;69;2;3;1;6;"45;8159700000";"4;8987400000"
202200006691;3;8;2022;23:35;5;75;2;1;1;6;"48;8757300000";"2;4125360000"
202200006692;9;2;2022;20:15;5;69;2;3;1;1;"45;7794300000";"4;8403600000"
202200006693;3;8;2022;23:35;5;75;2;2;1;2;"48;8646610000";"2;4046480000"
202200006694;9;2;2022;15:45;1;69;2;1;1;2;"45;8018200000";"4;8420800000"
202200006695;10;2;2022;15:45;1;2A;2;1;1;6;"41;9266074417";"8;7389127017"
202200006696;4;8;2022;16:40;1;75;2;7;1;2;"48;8868490000";"2;3045480000"
202200006697;10;2;2022;14:50;1;91;2;1;1;6;"48;6378600000";"2;3330700000"
202200006698;2;8;2022;21:00;5;75;2;2;1;3;"48;8479140000";"2;2589310000"
202200006699;8;2;2022;14:54;1;87;2;6;1;3;"45;8795700000";"1;2382000000"
202200006700;3;8;2022;20:20;2;75;2;1;1;7;"48;8440710000";"2;2962510000"
202200006701;10;2;2022;16:45;1;83;2;9;1;6;"43;1087780000";"6;0355230000"
202200006702;2;8;2022;19:30;1;75;2;2;1;3;"48;8471030000";"2;2868060000"
202200006703;10;2;2022;11:20;1;83;2;1;1;3;"43;0839400000";"5;8814900000"
202200006704;4;8;2022;16:32;1;75;2;2;1;3;"48;8222810000";"2;3716450000"
202200006705;10;2;2022;07:10;2;83;2;3;1;3;"43;0809300000";"5;8878790000"
202200006706;4;8;2022;18:40;1;75;2;3;1;3;"48;8697360000";"2;3661860000"
202200006707;10;2;2022;17:10;1;83;1;9;1;2;"43;1086900000";"6;0469700000"
202200006708;9;2;2022;18:30;5;80;2;1;1;6;"50;1191250864";"1;8161730362"
202200006709;2;8;2022;19:30;1;75;2;2;1;3;"48;8794350000";"2;3142770000"
202200006710;3;8;2022;07:00;1;75;2;2;1;6;"48;8590170000";"2;3537130000"
202200006711;7;2;2022;16:30;1;77;2;1;1;6;"48;5400414246";"2;6259189332"
202200006712;10;2;2022;06:20;3;77;1;6;8;5;"48;4744907945";"2;6784163356"
202200006713;4;8;2022;02:45;5;94;2;2;1;3;"48;8194600000";"2;3978500000"
202200006714;10;2;2022;18:20;5;76;2;2;2;6;"49;4094900000";"1;0837900000"
202200006715;4;8;2022;10:40;1;94;2;3;2;6;"48;8051500000";"2;5088100000"
202200006716;8;2;2022;19:50;5;76;2;2;1;3;"49;4985400000";"0;1179600000"
202200006717;10;2;2022;18:30;3;76;1;1;2;7;"49;8740000000";"1;0990000000"
202200006718;4;8;2022;00:15;3;94;2;3;1;3;"48;7871300000";"2;4357700000"
202200006719;10;2;2022;07:40;2;69;2;6;1;3;"45;9775560348";"4;7078213096"
202200006720;2;8;2022;20:30;1;94;2;2;1;2;"48;7963200000";"2;4578000000"
202200006721;10;2;2022;05:27;5;69;2;1;1;3;"45;9843700000";"4;7204300000"
202200006722;2;8;2022;18:20;1;94;2;1;1;3;"48;7939800000";"2;5524600000"
202200006723;10;2;2022;12:00;1;67;2;1;1;6;"48;6098426275";"7;7512782000"
202200006724;4;8;2022;13:30;1;94;2;2;1;6;"48;8211200000";"2;5088540000"
202200006725;10;2;2022;02:10;5;67;2;2;1;1;"48;5629000000";"7;7006700000"
202200006726;4;8;2022;00:00;5;94;2;6;1;6;"48;8061500000";"2;5331700000"
202200006727;10;2;2022;22:20;3;64;2;1;1;3;"43;4895000000";" -1;4570100000"
202200006728;4;8;2022;07:35;1;93;2;2;1;3;"48;9200725086";"2;5393657356"
202200006729;9;2;2022;09:30;1;62;2;1;1;5;"50;7360700000";"2;2901100000"
202200006730;4;8;2022;07:10;1;93;2;1;1;1;"48;9441791688";"2;3466132704"
202200006731;4;8;2022;17:30;1;93;2;1;1;2;"48;8775226091";"2;4827537805"
202200006732;10;2;2022;18:20;5;62;2;2;1;2;"50;9461840000";"1;8890390000"
202200006733;2;2;2022;16:20;1;60;2;9;1;6;"49;2664100000";"2;4523200000"
202200006734;4;8;2022;09:00;1;93;2;2;1;3;"48;8846000000";"2;5115000000"
202200006735;10;2;2022;21:45;5;59;1;9;1;1;"50;5449174911";"3;0551326275"
202200006736;4;8;2022;18:30;1;93;2;1;2;3;"48;9499000000";"2;4632800000"
202200006737;7;2;2022;20:30;5;59;2;2;2;3;"50;6332100000";"3;0474400000"
202200006738;4;8;2022;10:30;1;93;2;2;8;3;"48;9494943849";"2;5196034856"
202200006739;9;2;2022;12:15;1;51;2;3;1;3;"49;2464900000";"4;0394400000"
202200006740;10;2;2022;08:50;1;48;2;6;1;7;"44;5348700000";"3;5013900000"
202200006741;10;2;2022;15:20;1;45;2;1;1;2;"47;9358800000";"1;8894300000"
202200006742;4;8;2022;01:37;5;92;2;2;1;3;"48;8247802642";"2;3020624816"
202200006743;9;2;2022;14:35;1;37;2;2;1;6;"47;3954469163";"0;6752474606"
202200006744;10;2;2022;12:50;1;35;2;1;1;6;"48;1202900000";" -1;6360300000"
202200006745;11;2;2022;00:10;5;33;2;3;1;3;"44;8528000000";" -0;5731500000"
202200006746;3;8;2022;21:00;1;92;2;1;1;6;"48;8210100000";"2;2605700000"
202200006747;10;2;2022;07:25;5;33;2;1;1;6;"44;8077000000";" -0;5592200000"
202200006748;9;2;2022;20:50;5;33;2;2;1;3;"44;8333600000";" -0;5987300000"
202200006749;9;2;2022;17:15;1;33;2;1;1;6;"44;8675217784";" -0;5070367455"
202200006750;4;8;2022;15:50;1;92;2;1;1;6;"48;8930940000";"2;2525490000"
202200006751;10;2;2022;11:30;1;30;2;3;1;6;"44;1620000000";"4;6235000000"
202200006752;8;2;2022;12:40;1;29;2;6;1;7;"47;9910900000";" -4;0737600000"
202200006753;10;2;2022;17:45;1;27;2;1;2;2;"49;0424923409";"1;1596986208"
202200006754;4;8;2022;08:08;1;92;2;1;1;6;"48;8997930000";"2;3025760000"
202200006755;9;2;2022;16:39;1;22;1;1;2;2;"48;5231067974";" -2;7498927721"
202200006756;8;2;2022;20:15;5;21;2;3;1;3;"47;3178940252";"5;0460213595"
202200006757;10;2;2022;17:00;1;19;2;1;1;6;"45;2505658642";"1;7659299374"
202200006758;9;2;2022;13:40;1;15;2;9;1;3;"44;9096420000";"2;4246290000"
202200006759;4;8;2022;10:15;1;83;1;3;7;3;"43;4648260000";"6;3963500000"
202200006760;5;8;2022;19:00;1;22;2;1;1;6;"48;5260798054";" -2;0804674923"
202200006761;10;2;2022;14:50;1;13;2;3;1;5;"43;3791900000";"5;3513500000"
202200006762;5;8;2022;07:00;1;972;1;1;1;1;"14;6099600000";" -60;8970880000"
202200006763;28;7;2022;15:30;1;84;2;1;1;2;"44;2011900000";"4;7274150000"
202200006764;5;8;2022;04:45;3;30;1;1;1;7;"43;9835000000";"4;4138400000"
202200006765;3;8;2022;18:10;1;66;2;1;7;6;"42;7212110000";"2;9339080000"
202200006766;4;8;2022;21:40;3;24;1;1;1;6;"45;0232200000";"0;3916030000"