Accident_Id;jour;mois;an;hrmn;lum;dep;agg;int;atm;col;lat;long
202200007075;23;11;2022;16:35;1;68;2;2;2;6;"47;8888320000";"7;2273380000"
202200007076;23;11;2022;11:15;1;30;1;1;1;6;"43;9935400000";"4;3474320000"
202200007077;4;6;2022;06:30;2;13;1;1;1;2;"43;3330000000";"5;3860000000"
202200007078;23;11;2022;02:40;3;50;1;1;8;7;"48;9255090000";" -1;0655830000"
202200007079;23;11;2022;07:45;1;95;1;1;2;6;"49;1177953987";"2;4038526783"
202200007080;5;6;2022;07:30;1;69;2;1;1;2;"45;7197000000";"4;8185700000"
202200007081;22;11;2022;19:50;4;56;1;2;1;6;"47;8823230000";" -2;4366580000"
202200007082;22;5;2022;20:35;5;42;1;1;1;6;"45;4198400000";"4;4100500000"
202200007083;30;12;2022;00:40;5;987;2;1;1;1;" -17;6180000000";" -149;5490000000"
202200007084;21;11;2022;15:30;1;2A;2;1;1;3;"41;9548949085";"8;7944807158"
202200007085;31;12;2022;09:00;1;06;1;1;1;6;"43;5603360000";"6;9663190000"
202200007086;20;11;2022;06:15;4;2A;1;6;1;6;"41;9530310000";"8;8115560000"
202200007087;5;6;2022;20:05;1;94;1;1;1;4;"48;8055355390";"2;3452217156"
202200007088;30;12;2022;20:40;3;51;1;1;2;7;"49;0401162371";"4;6370834112"
202200007089;7;11;2022;14:36;1;61;1;1;1;4;"48;5567420000";" -0;4007430000"
202200007090;5;6;2022;15:10;1;94;1;1;1;2;"48;7773036134";"2;3463835834"
202200007091;22;11;2022;16:00;1;68;2;6;1;3;"47;6079030000";"7;5036780000"
202200007092;30;12;2022;20:15;3;95;1;1;2;3;"49;0717794755";"2;5039690264"
202200007093;23;11;2022;17:00;2;39;1;1;1;6;"46;8161060000";"5;7753660000"
202200007094;5;6;2022;22:30;3;95;1;1;2;6;"48;9772000000";"2;2410600000"
202200007095;18;11;2022;09:05;1;25;2;6;2;3;"47;1547200000";"6;3287770000"
202200007096;5;6;2022;18:30;1;95;1;1;1;6;"49;0889510390";"2;5506520271"
202200007097;22;11;2022;19:55;5;01;2;1;2;6;"46;2539440000";"4;9574630000"
202200007098;5;6;2022;06:55;2;95;1;1;8;2;"48;9943500000";"2;5155700000"
202200007099;31;12;2022;09:40;1;976;1;1;1;2;" -12;8513640000";"45;1936100000"
202200007100;4;6;2022;21:10;2;95;1;1;2;6;"49;0334100000";"2;5423900000"
202200007101;9;12;2022;21:45;3;77;1;1;1;7;"48;8624720000";"2;9360840000"
202200007102;22;11;2022;12:25;1;70;2;2;1;3;"47;3476340000";"6;0205610000"
202200007103;23;11;2022;08:45;1;58;2;1;8;6;"46;8296570000";"3;4721090000"
202200007104;18;12;2022;11:30;1;66;1;3;1;3;"42;6409990000";"3;0328700000"
202200007105;4;6;2022;20:00;1;92;1;1;3;2;"48;9338406446";"2;2766638113"
202200007106;22;11;2022;22:00;3;50;1;1;8;3;"48;5884170000";" -1;4845280000"
202200007107;30;12;2022;20:50;3;11;2;1;1;6;"43;3015590000";"1;9723140000"
202200007108;4;6;2022;15:50;3;93;1;1;1;3;"48;9209454040";"2;3717513176"
202200007109;22;11;2022;18:15;3;85;1;1;1;4;"46;6840730000";" -1;0323870000"
202200007110;31;12;2022;10:30;1;84;1;1;1;7;"43;7750180000";"5;4043080000"
202200007111;22;11;2022;16:15;1;30;1;1;2;7;"43;9876240000";"3;9658500000"
202200007112;30;4;2022;13:30;1;93;1;1;1;7;"48;9476360000";"2;4438370000"
202200007113;31;12;2022;00:00;4;83;2;1;1;1;"43;7291540000";"5;8127280000"
202200007114;4;6;2022;06:00;1;93;1;1;1;7;"48;9212735683";"2;3755162197"
202200007115;23;11;2022;08:45;1;95;2;1;8;3;"49;0542116271";"2;1944370354"
202200007116;31;12;2022;16:15;2;70;1;1;1;2;"47;4643590000";"5;6070290000"
202200007117;5;6;2022;13:00;1;77;1;1;2;2;"48;7729790000";"2;6117200000"
202200007118;12;11;2022;17:00;1;35;1;1;1;1;"48;0651390000";" -1;7605590000"
202200007119;29;4;2022;18:10;1;93;1;1;1;4;"48;9462300000";"2;4411600000"
202200007120;31;12;2022;20:25;3;89;1;1;1;6;"47;9663210000";"3;3359600000"
202200007121;21;11;2022;22:44;3;95;1;1;2;6;"49;0284443192";"2;4997589695"
202200007122;29;4;2022;22:00;3;95;1;1;1;6;"49;0637400000";"2;3336200000"
202200007123;5;6;2022;04:45;3;77;1;1;1;2;"48;9265820000";"2;6288950000"
202200007124;30;12;2022;17:20;5;88;2;1;2;1;"48;3435360000";"6;3299700000"
202200007125;29;4;2022;18:00;1;93;1;1;1;3;"48;9373437166";"2;4799919128"
202200007126;20;11;2022;13:40;1;83;2;1;1;3;"43;5337759346";"6;8190920949"
202200007127;4;6;2022;03:20;3;94;1;1;1;3;"48;8264802908";"2;5222880130"
202200007128;30;12;2022;00:44;5;38;2;3;2;2;"45;2282610000";"5;6841050000"
202200007129;13;11;2022;11:00;1;13;1;3;1;3;"43;6662260000";"4;7251870000"
202200007130;29;4;2022;17:50;1;93;1;1;1;4;"48;9450884284";"2;4771487713"
202200007131;19;12;2022;07:25;3;33;1;1;1;6;"44;6957101621";" -0;4880185425"
202200007132;4;6;2022;01:20;3;94;1;1;1;4;"48;8205076244";"2;4018322324"
202200007133;23;11;2022;13:25;1;71;2;3;2;3;"46;1813010000";"4;7452030000"
202200007134;30;12;2022;16:38;2;94;1;1;2;2;"48;7603900000";"2;3192300000"
202200007135;29;4;2022;13:15;1;93;1;1;1;4;"48;9462300000";"2;4411600000"
202200007136;30;12;2022;10:37;1;91;1;1;2;3;"48;5785800000";"2;4630000000"
202200007137;16;10;2022;19:30;3;67;2;9;2;3;"48;5916570000";"7;6717720000"
202200007138;4;6;2022;14:05;1;59;2;3;1;3;"50;1194710000";"3;9254080000"
202200007139;30;12;2022;07:00;5;91;1;1;1;7;"48;6096800000";"2;4329900000"
202200007140;30;4;2022;16:45;1;77;1;1;1;2;"48;9587380000";"2;6231900000"
202200007141;17;11;2022;13:10;1;67;2;1;2;3;"48;5390610000";"7;4522060000"
202200007142;4;6;2022;02:45;3;13;1;1;1;2;"43;3915800000";"5;2625600000"
202200007143;27;4;2022;16:00;1;974;2;6;1;3;" -20;8892600000";"55;4233300000"
202200007144;30;12;2022;13:00;1;92;1;1;2;4;"48;8955649122";"2;2262703777"
202200007145;23;11;2022;17:50;5;54;2;3;2;6;"48;6205590030";"6;0818177469"
202200007146;29;4;2022;17:52;2;973;2;1;1;6;"4;9441700000";" -52;3093100000"
202200007147;3;6;2022;22:28;5;13;1;1;1;3;"43;3325710913";"5;3853964805"
202200007148;30;12;2022;08:59;1;78;1;1;3;2;"48;8207890000";"2;0689200000"
202200007149;22;11;2022;19:40;5;42;2;1;1;6;"45;4085360000";"4;7365450000"
202200007150;4;6;2022;21:35;1;33;1;1;1;6;"44;8129630000";" -0;6722840000"
202200007151;29;4;2022;21:36;5;69;2;1;1;6;"45;7234000000";"4;8282800000"
202200007152;30;12;2022;10:00;1;95;1;1;3;3;"48;9805970000";"2;2410660000"
202200007153;29;4;2022;12:30;1;69;2;3;1;6;"45;7405145129";"4;8318423308"
202200007154;4;6;2022;06:39;1;33;1;1;1;2;"44;8102900000";" -0;5237900000"
202200007155;29;12;2022;22:45;5;93;1;1;1;2;"48;8751781051";"2;4401664734"
202200007156;22;11;2022;08:00;1;69;2;1;8;3;"45;6843160000";"4;7835860000"
202200007157;29;4;2022;10:40;1;69;2;2;1;6;"45;7476137112";"4;8652507350"
202200007158;3;6;2022;23:26;3;33;1;1;1;6;"44;8230500000";" -0;5126300000"
202200007159;28;12;2022;22:35;3;77;1;1;2;6;"48;7610946050";"2;6158292368"
202200007160;17;10;2022;17:42;1;33;2;1;1;3;"44;9084330000";" -0;6287370000"
202200007161;29;12;2022;16:00;1;75;2;1;1;2;"48;8323730000";"2;2805420000"
202200007162;28;4;2022;22:25;5;972;2;6;1;3;"14;6072800000";" -61;0570100000"
202200007163;4;6;2022;03:50;3;93;1;1;1;2;"48;9450766843";"2;4770200253"
202200007164;10;11;2022;15:40;1;33;2;1;1;6;"44;6823320000";" -1;0141970000"
202200007165;29;12;2022;12:45;1;75;2;3;1;7;"48;8555190000";"2;2286720000"
202200007166;3;6;2022;10:45;1;93;1;1;1;2;"48;9296900000";"2;4811200000"
202200007167;29;4;2022;22:50;5;69;2;2;1;3;"45;7591400000";"4;8298000000"
202200007168;23;11;2022;11:13;1;85;1;2;1;3;"46;5346240000";" -1;7055900000"
202200007169;29;4;2022;22:00;5;69;2;1;1;6;"45;8039000000";"4;8622000000"
202200007170;28;12;2022;23:45;5;75;2;2;2;2;"48;8669680000";"2;2789810000"
202200007171;4;6;2022;13:50;1;94;1;1;1;4;"48;8232003361";"2;3958043224"
202200007172;29;12;2022;16:45;1;75;2;2;1;3;"48;8789710000";"2;3557500000"
202200007173;23;11;2022;00:03;3;60;1;1;1;5;"49;1122260000";"2;7705720000"
202200007174;29;4;2022;00:50;5;69;2;2;1;1;"45;7650100000";"4;8381000000"
202200007175;2;6;2022;08:47;1;13;1;1;1;2;"43;2849900000";"5;5168800000"
202200007176;29;12;2022;07:53;4;75;2;2;1;7;"48;8649900000";"2;3136860000"
202200007177;22;11;2022;08:00;2;60;1;1;1;4;"49;3210380000";"2;4393940000"
202200007178;29;12;2022;16:10;1;75;2;7;1;3;"48;8512510000";"2;3009430000"
202200007179;2;6;2022;08:10;1;83;1;1;1;2;"43;1222762978";"5;8687591553"
202200007180;28;4;2022;10:30;1;971;1;1;1;4;"16;2530855299";" -61;5469899774"
202200007181;23;11;2022;17:00;1;80;1;1;2;1;"49;6479120000";"2;6300760000"
202200007182;29;12;2022;03:50;5;75;2;3;3;6;"48;8611000000";"2;3241590000"
202200007183;25;5;2022;13:15;1;69;2;1;1;3;"45;7295300000";"4;8983200000"
202200007184;29;4;2022;04:50;5;2A;2;3;1;3;"41;9328000000";"8;7374200000"
202200007185;23;11;2022;08:05;1;59;2;1;1;6;"50;5308890000";"2;9402910000"
202200007186;29;12;2022;23:00;5;75;2;2;1;6;"48;8648053375";"2;3554542661"
202200007187;28;12;2022;10:01;1;94;2;1;1;6;"48;7217110000";"2;4502140000"
202200007188;25;4;2022;21:36;5;95;2;2;1;1;"48;9692849615";"2;3053009808"
202200007189;3;6;2022;19:45;1;33;1;1;1;4;"44;7751300000";" -0;5569600000"
202200007190;29;12;2022;14:40;2;94;2;3;1;3;"48;8052100000";"2;3463500000"
202200007191;21;11;2022;19:15;3;13;1;1;2;5;"43;4047200000";"5;3043600000"
202200007192;12;4;2022;20:45;3;91;1;2;8;3;"48;7104550000";"2;1769360000"
202200007193;28;12;2022;20:15;5;94;2;3;2;3;"48;7859300000";"2;3291270000"
202200007194;3;6;2022;17:20;1;33;1;1;1;4;"44;7666583655";" -0;6698119640"
202200007195;28;4;2022;23:06;5;87;2;1;1;7;"45;8702700000";"1;3272700000"
202200007196;21;11;2022;15:27;1;13;1;1;1;4;"43;3675100000";"5;3609400000"
202200007197;28;12;2022;23:30;5;94;2;1;3;2;"48;8524672157";"2;4837693813"
202200007198;13;4;2022;20:17;2;78;1;1;1;3;"48;8159500000";"2;0282100000"
202200007199;29;12;2022;19:50;5;94;2;1;1;6;"48;7800690000";"2;5770330000"
202200007200;1;6;2022;20:30;1;33;1;1;1;2;"44;8010330000";" -0;5347170000"
202200007201;17;4;2022;19:00;1;76;1;1;1;6;"49;4868030000";"1;0377100000"
202200007202;29;12;2022;18:00;5;93;2;2;1;6;"48;8905700000";"2;5155100000"
202200007203;17;4;2022;10:15;1;76;2;1;1;3;"49;2973220000";"1;0133330000"
202200007204;28;12;2022;17:35;5;92;2;1;2;6;"48;9182370000";"2;2389560000"
202200007205;3;6;2022;18:30;1;91;1;1;1;4;"48;6316900000";"2;5186600000"
202200007206;21;11;2022;17:22;2;13;1;1;3;7;"43;2510500000";"5;5958500000"
202200007207;29;12;2022;10:20;1;92;2;1;1;6;"48;9062200000";"2;3133600000"
202200007208;3;6;2022;16:30;1;92;1;1;2;2;"48;9107409163";"2;2159690170"
202200007209;29;12;2022;12:50;1;11;1;1;8;6;"43;3720280000";"2;3061310000"
202200007210;28;4;2022;23:07;5;76;2;9;1;3;"49;7591100000";"0;3756900000"
202200007211;22;11;2022;09:45;3;13;1;1;1;2;"43;3289950748";"5;3779922291"
202200007212;30;12;2022;13:30;1;37;1;1;2;7;"47;3319440000";"0;1965520000"
202200007213;21;11;2022;12:00;1;83;1;1;1;6;"43;1214000000";"5;8338200000"
202200007214;29;4;2022;17:30;1;71;2;1;8;1;"46;3522700000";"4;8304100000"
202200007215;3;6;2022;16:25;1;94;1;1;1;2;"48;8171389327";"2;4422619339"
202200007216;30;12;2022;12:25;1;38;1;1;2;1;"45;4963080000";"4;8379760000"
202200007217;28;4;2022;16:24;1;66;1;1;1;2;"42;7162760000";"2;8729790000"
202200007218;1;6;2022;00:20;5;91;2;9;1;3;"48;7161300000";"2;3709400000"
202200007219;30;12;2022;13:50;1;26;1;1;1;2;"44;5112120000";"4;7763170000"
202200007220;27;4;2022;15:15;1;64;2;1;1;2;"43;3122900000";" -0;3674000000"
202200007221;27;4;2022;12:50;1;64;2;1;1;7;"43;2934905487";" -0;3759424388"
202200007222;29;12;2022;15:05;1;52;1;1;2;4;"48;0263616511";"5;0896229769"
202200007223;1;6;2022;14:05;1;16;2;6;1;2;"45;6296960000";"0;1439400000"
202200007224;29;4;2022;21:15;5;64;2;3;1;3;"43;4905800000";" -1;4701100000"
202200007225;29;12;2022;15:15;1;79;2;1;2;7;"46;1317150000";"0;1711360000"
202200007226;31;5;2022;08:27;1;29;2;1;1;6;"48;3983640000";" -4;4615610000"
202200007227;29;12;2022;14:15;1;12;1;1;8;2;"44;2373500000";"3;0593640000"
202200007228;29;4;2022;19:00;1;60;2;9;1;3;"49;4498380000";"2;0972290000"
202200007229;29;12;2022;17:45;5;23;2;1;2;6;"45;8830640000";"2;1740350000"
202200007230;20;3;2022;00:00;5;93;2;3;1;3;"48;9089770000";"2;5011890000"
202200007231;30;5;2022;16:55;1;95;2;1;1;6;"49;0471440000";"2;0035670000"
202200007232;26;4;2022;17:00;1;59;2;1;1;6;"50;2752826123";"3;9685481787"
202200007233;19;3;2022;13:00;1;972;2;1;1;7;"14;5156730000";" -60;9659230000"
202200007234;30;5;2022;10:30;1;04;2;1;1;6;"43;8316300000";"5;7841300000"
202200007235;30;12;2022;11:30;1;41;1;1;2;1;"47;7667340000";"0;9054710000"
202200007236;29;4;2022;13:15;1;59;2;1;1;1;"50;6279800000";"2;9948300000"
202200007237;21;3;2022;17:50;2;01;2;1;1;6;"45;9838210000";"4;7578540000"
202200007238;29;5;2022;20:00;1;14;2;2;1;3;"49;1782300000";" -0;3534100000"
202200007239;25;12;2022;20:15;3;33;1;1;1;1;"44;4057110000";" -0;2259060000"
202200007240;29;4;2022;05:30;5;59;2;1;1;2;"50;6609800000";"3;0947700000"
202200007241;28;12;2022;13:50;1;61;1;1;2;7;"48;5465580000";"0;4893310000"
202200007242;21;3;2022;15:30;1;19;1;1;1;4;"45;4628843864";"1;5136198980"
202200007243;28;5;2022;16:30;1;29;2;1;1;1;"47;9840980000";" -4;1208190000"
202200007244;21;4;2022;15:15;1;59;2;1;1;3;"50;7003266373";"2;8494179249"
202200007245;30;12;2022;17:10;3;39;1;1;2;6;"46;3495730000";"5;6927780000"
202200007246;19;3;2022;04:00;3;50;1;1;1;6;"48;7034950000";" -1;3386530000"
202200007247;27;5;2022;16:05;1;38;2;3;1;6;"45;1763400000";"5;7318500000"
202200007248;30;12;2022;01:57;3;25;1;1;9;6;"46;9413040000";"6;1538300000"
202200007249;20;3;2022;04:50;5;30;1;6;1;7;"43;9878740000";"4;7474670000"
202200007250;29;4;2022;07:55;1;56;2;6;1;6;"47;7829700000";" -3;3380610000"
202200007251;27;5;2022;21:40;1;22;1;1;1;6;"48;5277700000";" -2;7770000000"
202200007252;30;12;2022;14:15;1;15;1;1;2;1;"44;6803540000";"2;1862850000"
202200007253;20;3;2022;15:55;1;57;2;1;1;6;"49;0478940000";"7;4635430000"
202200007254;29;4;2022;10:34;1;54;2;1;1;3;"48;9025200000";"6;0380600000"
202200007255;29;12;2022;12:45;1;14;1;1;8;6;"49;2464193990";" -1;0010594130"
202200007256;20;3;2022;11:50;1;51;1;1;1;7;"49;2651200000";"4;1249690000"
202200007257;26;5;2022;22:55;5;75;2;7;1;3;"48;8571958110";"2;3473451836"
202200007258;30;12;2022;01:30;3;14;1;1;1;6;"49;1731190000";" -0;5457970000"
202200007259;20;3;2022;05:45;5;51;2;1;1;7;"48;6137070000";"3;6134240000"
202200007260;24;5;2022;05:45;2;971;1;1;1;7;"16;2180192975";" -61;5095490217"
202200007261;28;4;2022;18:50;1;54;2;2;1;3;"48;6526400000";"6;1848600000"
202200007262;19;3;2022;19:57;3;74;1;1;1;7;"45;7491690000";"6;3155080000"
202200007263;29;12;2022;13:20;1;50;1;2;1;3;"48;7162590000";" -1;1772480000"
202200007264;23;5;2022;12:15;1;54;1;2;1;6;"48;6539120951";"6;1523196101"
202200007265;21;3;2022;00:40;3;79;1;1;1;7;"46;2882190000";" -0;1560200000"
202200007266;26;4;2022;08:45;1;54;2;2;1;3;"48;6794000000";"6;1426300000"
202200007267;29;12;2022;18:30;3;04;1;1;9;1;"44;2921550000";"5;8429880000"
202200007268;21;3;2022;19:20;3;12;1;1;1;6;"44;2126490000";"2;3122360000"
202200007269;29;12;2022;11:25;1;85;1;1;1;1;"46;9468350000";" -1;3629060000"
202200007270;23;5;2022;13:20;1;75;2;7;3;1;"48;8827820000";"2;3703590000"
202200007271;29;4;2022;16:20;1;51;2;1;1;2;"49;2835900000";"4;0146200000"
202200007272;28;12;2022;17:30;5;08;2;1;3;6;"49;6314750000";"5;1662830000"
202200007273;18;3;2022;16:40;1;42;1;1;1;3;"46;1506580000";"4;3127990000"
202200007274;21;5;2022;07:00;1;76;2;1;1;6;"49;4915500000";"0;1357500000"
202200007275;29;12;2022;18:00;3;08;1;1;8;6;"49;9360190000";"4;5387820000"
202200007276;21;3;2022;18:15;1;22;1;1;1;6;"48;3153136497";" -2;6720300317"
202200007277;29;4;2022;10:00;1;51;2;2;1;3;"49;2461400000";"4;0569500000"
202200007278;20;5;2022;12:15;1;27;2;4;3;6;"49;0236900000";"1;1550200000"
202200007279;29;12;2022;13:05;1;973;2;1;1;5;"4;8845407141";" -52;3357129097"
202200007280;21;3;2022;11:45;1;44;1;2;1;3;"47;2296810000";" -1;4361940000"
202200007281;19;5;2022;22:30;5;34;2;1;1;6;"43;6126600000";"3;8389300000"
202200007282;28;4;2022;15:20;1;50;2;3;1;3;"49;1102130000";" -1;0751140000"
202200007283;29;12;2022;12:28;1;78;1;1;1;2;"48;9362590000";"1;9486060000"
202200007284;20;3;2022;18:45;1;44;1;1;1;7;"47;1319360000";" -1;8639850000"
202200007285;19;5;2022;20:30;1;31;2;1;7;6;"43;6235310000";"1;3231400000"
202200007286;29;4;2022;13:25;1;45;2;1;1;3;"47;9015296268";"1;8550906778"
202200007287;19;5;2022;21:30;2;94;2;1;1;6;"48;7162900000";"2;5710500000"
202200007288;28;12;2022;19:15;3;62;1;1;2;2;"50;7537020000";"2;1231010000"
202200007289;20;3;2022;18:00;1;29;1;3;1;3;"47;7985770000";" -3;8138240000"
202200007290;29;4;2022;18:50;1;37;2;6;1;3;"47;4261000000";"0;6550600000"
202200007291;19;5;2022;08:01;1;92;2;2;1;3;"48;9111422345";"2;2988089621"
202200007292;30;12;2022;16:00;1;22;1;1;2;1;"48;1917705282";" -2;4399119442"
202200007293;20;3;2022;17:25;1;29;1;2;1;1;"48;4385470000";" -4;7320010000"
202200007294;19;5;2022;15:15;1;26;1;1;1;7;"44;5420220000";"5;2835010000"
202200007295;22;12;2022;17:45;5;73;1;1;1;6;"45;3706630000";"6;5131820000"
202200007296;21;3;2022;04:58;5;31;1;1;1;3;"43;6782620000";"1;4080740000"
202200007297;29;4;2022;12:20;1;37;2;3;1;3;"47;4016788683";"0;6840088964"
202200007298;29;12;2022;17:45;1;971;1;1;1;7;"16;3129520000";" -61;5039430000"
202200007299;10;5;2022;22:55;3;66;1;1;1;1;"42;5125070000";"3;1126930000"
202200007300;29;4;2022;07:19;1;37;2;1;1;6;"47;3282066691";"0;6632995605"
202200007301;18;3;2022;12:50;1;15;1;3;1;3;"44;8962020000";"2;3482150000"
202200007302;27;12;2022;17:10;5;45;2;2;1;6;"48;1853920000";"2;2498850000"
202200007303;17;5;2022;10:27;1;74;2;3;1;3;"46;0612960000";"6;5813710000"
202200007304;19;3;2022;04:00;3;01;2;1;1;6;"46;4901830000";"4;9777130000"
202200007305;30;12;2022;14:30;1;2B;1;1;1;1;"42;4888440000";"9;2845040000"
202200007306;29;4;2022;19:50;1;35;2;2;1;3;"48;0836494477";" -1;6744856536"
202200007307;29;5;2022;01:25;5;60;2;3;1;7;"49;2907900000";"2;4626970000"
202200007308;19;3;2022;09:10;1;70;2;1;1;6;"47;9180930000";"5;9910950000"
202200007309;29;12;2022;20:50;3;84;1;3;1;-1;"43;8804490000";"5;4471530000"
202200007310;2;6;2022;14:50;1;59;2;1;1;7;"50;4653240000";"3;0293730000"
202200007311;28;4;2022;17:45;1;35;2;1;1;2;"48;1080300000";" -1;7007700000"
202200007312;21;3;2022;12:30;1;72;1;1;1;2;"48;0896040000";"0;5621050000"
202200007313;29;12;2022;18:20;3;63;1;4;3;1;"45;8690500000";"3;0305740000"
202200007314;20;3;2022;17:30;2;50;1;1;7;6;"49;3813180000";" -1;2605260000"
202200007315;29;4;2022;21:00;4;34;2;6;1;5;"43;4415700000";"3;7466700000"
202200007316;20;3;2022;22:30;3;50;1;1;1;6;"48;7186910000";" -0;8437370000"
202200007317;29;12;2022;17:30;3;81;1;1;2;7;"43;7711400000";"1;7705480000"
202200007318;2;6;2022;15:15;1;13;1;1;1;5;"43;3900344691";"5;3509675797"
202200007319;20;3;2022;17:15;1;64;1;2;1;3;"43;3688695105";" -0;1871967316"
202200007320;29;4;2022;12:15;1;33;2;3;1;2;"44;8604400000";" -0;5541600000"
202200007321;1;6;2022;20:00;1;13;1;1;1;2;"43;3285405218";"5;4168284333"
202200007322;29;12;2022;19:25;5;29;2;1;2;1;"48;2476210000";" -4;4834510000"
202200007323;29;12;2022;16:10;1;27;2;1;1;7;"49;1468680000";"1;1499060000"
202200007324;20;3;2022;06:35;2;53;1;1;1;7;"48;4608390000";" -0;4135750000"
202200007325;2;6;2022;10:57;1;13;1;1;1;2;"43;3298314950";"5;4053487467"
202200007326;25;4;2022;14:40;1;33;2;3;1;3;"44;8570300000";" -0;5971900000"
202200007327;26;12;2022;14:10;1;60;1;1;1;6;"49;2038237578";"2;2674061566"
202200007328;1;6;2022;19:15;1;13;1;1;1;3;"43;3127881063";"5;3665532807"
202200007329;20;3;2022;15:00;1;21;2;4;1;1;"47;4004260000";"4;1257630000"
202200007330;24;4;2022;03:20;5;33;2;1;1;6;"44;8396100000";" -0;6049600000"
202200007331;30;12;2022;14:06;1;60;1;2;2;3;"49;5038467001";"2;0865182874"
202200007332;20;3;2022;13:15;1;85;1;1;1;7;"46;5061700000";" -0;6475300000"
202200007333;29;4;2022;02:35;5;31;2;1;1;7;"43;5998100000";"1;4539200000"
202200007334;1;6;2022;14:30;1;13;1;1;1;2;"43;3351700000";"5;3535500000"
202200007335;30;12;2022;17:15;3;80;1;1;2;1;"49;7592840000";"2;5011060000"
202200007336;20;3;2022;17:40;1;28;1;1;1;6;"48;6086530000";"1;2438370000"
202200007337;30;12;2022;14:30;1;80;1;1;6;3;"49;6897040000";"2;6405810000"
202200007338;18;4;2022;18:10;1;30;2;4;1;3;"44;1217100000";"4;0595900000"
202200007339;1;6;2022;11:45;1;13;1;1;1;2;"43;4097259219";"5;2855035702"
202200007340;20;3;2022;17:45;1;91;1;9;1;7;"48;5636860000";"2;2091320000"
202200007341;29;4;2022;04:50;5;29;2;3;1;6;"47;9776946900";" -4;1233943403"
202200007342;28;12;2022;23:10;5;13;1;1;1;7;"43;2871900000";"5;3729100000"
202200007343;21;3;2022;10:50;1;27;1;1;1;3;"49;2852685206";"1;1260442733"
202200007344;1;6;2022;07:00;1;13;1;1;1;5;"43;3346274028";"5;3827017545"
202200007345;25;4;2022;12:10;1;19;2;3;1;3;"45;1452470146";"1;4976865053"
202200007346;20;3;2022;14:00;1;987;1;1;1;3;" -17;7475830000";" -149;3228890000"
202200007347;28;4;2022;18:55;1;18;2;4;1;7;"47;0930730000";"2;4889800000"
202200007348;6;5;2022;22:44;5;13;1;1;1;6;"43;3300600000";"5;4108800000"
202200007349;17;3;2022;06:20;1;987;2;3;1;3;" -17;7138190000";" -149;5825800000"
202200007350;29;12;2022;23:00;5;33;1;1;1;3;"44;9553968576";" -0;4537707567"
202200007351;11;5;2022;03:15;3;54;1;1;1;2;"48;6648200000";"5;9132500000"
202200007352;29;4;2022;12:00;1;13;2;9;1;3;"43;3027700000";"5;5217000000"
202200007353;18;3;2022;18:05;1;987;1;9;1;1;" -17;7446500000";" -149;5678870000"
202200007354;29;12;2022;15:40;1;91;1;1;1;2;"48;6253500000";"2;4172400000"
202200007355;12;3;2022;15:00;1;971;2;1;1;6;"16;2288810000";" -61;3928030000"
202200007356;29;12;2022;09:00;1;91;1;1;1;7;"48;7500900000";"2;2215200000"
202200007357;20;4;2022;10:45;1;13;2;1;1;3;"43;2977000000";"5;4828900000"
202200007358;29;12;2022;07:10;3;91;1;1;1;7;"48;6333500000";"2;4007900000"
202200007359;29;4;2022;15:30;1;10;2;9;1;6;"48;2956900000";"4;0978090000"
202200007360;19;3;2022;14:00;1;77;1;3;1;2;"48;9577350000";"2;8018140000"
202200007361;29;12;2022;10:45;1;93;1;1;1;3;"48;8696602928";"2;4297243504"
202200007362;28;4;2022;20:40;2;10;2;6;1;3;"48;3004509030";"4;1085916758"
202200007363;29;12;2022;05:00;3;95;1;1;1;6;"49;0599700000";"2;2817100000"
202200007364;21;3;2022;08:30;1;91;2;6;1;3;"48;7029320000";"2;2832140000"
202200007365;2;6;2022;20:45;1;91;1;1;1;2;"48;6104900000";"2;4441500000"
202200007366;20;3;2022;23:00;5;83;2;1;1;6;"43;4100510000";"6;0542020000"
202200007367;29;12;2022;00:05;4;95;1;1;2;2;"48;9552880915";"2;2779641674"
202200007368;28;4;2022;20:37;2;10;2;6;1;3;"48;2948400000";"4;0670000000"
202200007369;2;6;2022;17:20;1;77;1;1;1;2;"48;6443880000";"2;5396370000"
202200007370;28;12;2022;23:00;3;93;1;1;2;2;"48;9657440033";"2;5168227811"
202200007371;27;4;2022;16:20;1;02;2;3;1;3;"49;6583340000";"3;2985890000"
202200007372;19;3;2022;13:00;1;74;1;4;1;1;"45;8717320000";"6;3843920000"
202200007373;2;6;2022;13:25;1;91;1;1;1;2;"48;6293700000";"2;4000700000"
202200007374;28;4;2022;18:10;1;75;2;1;1;7;"48;8602587082";"2;2635966539"
202200007375;29;12;2022;00:40;3;95;1;1;2;2;"48;9552880915";"2;2779641674"
202200007376;2;6;2022;10:45;1;91;1;1;1;3;"48;7159400000";"2;3095000000"
202200007377;20;3;2022;16:30;1;07;2;1;8;1;"45;0699590000";"4;8261710000"
202200007378;28;4;2022;13:00;1;75;2;4;1;3;"48;8491739069";"2;4151615798"
202200007379;28;12;2022;06:00;4;95;1;1;2;4;"48;9769700000";"2;4758800000"
202200007380;2;6;2022;00:37;3;94;1;1;1;6;"48;7930959416";"2;3450827925"