Accident_Id;jour;mois;an;hrmn;lum;dep;agg;int;atm;col;lat;long
202200007381;21;3;2022;14:07;1;01;2;1;1;7;"45;8524780000";"5;4142370000"
202200007382;29;12;2022;03:00;3;94;1;1;2;6;"48;8354458972";"2;5387118132"
202200007383;21;3;2022;08:01;1;69;1;1;1;3;"45;8604060000";"4;6177350000"
202200007384;1;6;2022;17:30;1;78;1;1;1;2;"48;9756100000";"1;7235700000"
202200007385;28;4;2022;10:00;1;75;2;1;1;4;"48;9010410000";"2;3507640000"
202200007386;28;12;2022;21:20;3;94;1;1;2;3;"48;8165048505";"2;4525248344"
202200007387;20;3;2022;20:50;5;31;1;6;1;6;"43;6425390000";"1;1598300000"
202200007388;2;6;2022;18:00;1;93;1;1;1;5;"48;9296800000";"2;3619700000"
202200007389;28;12;2022;18:30;3;77;1;1;2;6;"48;7664000000";"2;6139000000"
202200007390;29;4;2022;13:45;1;75;2;2;1;1;"48;8646640000";"2;4046310000"
202200007391;21;3;2022;06:10;3;79;1;1;1;3;"46;3501250000";" -0;3245540000"
202200007392;28;12;2022;15:10;1;77;1;1;2;2;"48;7820000000";"2;6160000000"
202200007393;2;6;2022;10:10;1;95;1;1;1;6;"49;0534800000";"2;4262500000"
202200007394;29;4;2022;14:40;1;75;2;2;1;6;"48;8860880000";"2;3898340000"
202200007395;28;12;2022;17:35;2;31;2;1;1;6;"43;1120000000";"0;7410000000"
202200007396;19;3;2022;22:10;5;64;2;3;1;1;"43;4778447070";" -1;4578664303"
202200007397;2;6;2022;07:46;1;93;1;1;1;3;"48;8992000000";"2;4694100000"
202200007398;25;12;2022;17:18;5;51;2;3;1;1;"48;9545000000";"4;3362400000"
202200007399;29;4;2022;17:40;1;75;2;5;1;3;"48;8918503033";"2;3335247221"
202200007400;21;3;2022;17:15;1;76;2;2;1;3;"49;5236900000";"0;3609070000"
202200007401;2;6;2022;08:36;1;93;1;1;1;5;"48;8902100000";"2;4736600000"
202200007402;27;10;2022;13:15;1;50;2;1;1;3;"48;8377300000";" -1;5898000000"
202200007403;19;3;2022;17:00;1;59;1;1;1;7;"50;4748610000";"3;1788310000"
202200007404;22;10;2022;03:45;5;50;2;6;1;6;"48;8332540000";" -1;5873730000"
202200007405;29;4;2022;09:30;1;75;2;4;1;3;"48;8895725451";"2;3039921888"
202200007406;1;6;2022;20:00;1;95;1;1;1;4;"48;9746585493";"2;4869227409"
202200007407;29;4;2022;02:35;5;75;2;1;1;6;"48;8701340000";"2;2578040000"
202200007408;20;3;2022;17:50;1;13;1;1;1;2;"43;3667300000";"5;3606340000"
202200007409;12;10;2022;15:40;1;50;2;3;1;6;"48;8384480000";" -1;5923650000"
202200007410;1;6;2022;19:15;1;93;1;1;1;7;"48;9202000000";"2;4790500000"
202200007411;1;6;2022;07:34;1;93;1;9;1;6;"48;9590400000";"2;4654700000"
202200007412;10;10;2022;13:30;1;50;2;1;2;6;"48;8378300000";" -1;5643100000"
202200007413;29;4;2022;19:15;1;75;2;7;1;2;"48;8757130000";"2;2889400000"
202200007414;20;3;2022;19:00;2;91;1;1;1;4;"48;7127500000";"2;2820800000"
202200007415;1;6;2022;09:40;1;95;1;1;1;3;"49;1002337861";"2;5502389669"
202200007416;28;12;2022;07:44;1;976;1;1;1;3;" -12;7565200000";"45;2327400000"
202200007417;29;4;2022;16:30;1;75;2;1;1;3;"48;8368209598";"2;2621497276"
202200007418;1;6;2022;09:00;1;95;1;1;1;2;"49;0698620000";"2;2206740000"
202200007419;28;12;2022;14:35;1;974;1;3;1;3;" -21;3213900000";"55;4445000000"
202200007420;20;3;2022;16:35;1;92;1;1;1;4;"48;7314488693";"2;3098661005"
202200007421;26;4;2022;18:45;1;75;2;7;1;3;"48;8770233126";"2;2831512988"
202200007422;1;6;2022;07:50;1;93;1;1;1;2;"48;9395660104";"2;4795413018"
202200007423;20;3;2022;14:20;1;94;1;1;1;6;"48;7903600000";"2;3448100000"
202200007424;28;12;2022;11:15;1;69;2;2;1;3;"45;7589700000";"4;8616500000"
202200007425;1;6;2022;08:25;1;93;1;1;1;2;"48;8658000000";"2;4183300000"
202200007426;20;3;2022;08:05;1;91;1;1;1;7;"48;6226700000";"2;2870100000"
202200007427;29;4;2022;12:05;1;75;2;3;1;3;"48;8324470000";"2;3205480000"
202200007428;28;12;2022;08:10;2;69;2;1;1;6;"45;7405400000";"4;8781100000"
202200007429;28;12;2022;01:53;5;972;1;1;3;6;"14;6006087800";" -61;0002929700"
202200007430;19;3;2022;21:45;3;91;1;1;1;6;"48;6741400000";"2;3424700000"
202200007431;1;6;2022;06:40;1;92;1;1;1;2;"48;9453289651";"2;2847409892"
202200007432;29;4;2022;10:20;1;75;2;7;1;2;"48;8280770000";"2;3270230000"
202200007433;28;12;2022;13:00;1;971;1;1;1;2;"16;2474800000";" -61;5265800000"
202200007434;20;3;2022;01:48;3;91;1;1;1;7;"48;6259500000";"2;3530800000"
202200007435;28;4;2022;19:15;1;75;2;2;1;6;"48;8517670000";"2;3138560000"
202200007436;2;6;2022;17:50;1;94;1;1;1;4;"48;8267148148";"2;4672374839"
202200007437;28;12;2022;19:38;3;2A;1;1;1;2;"41;9271820956";"8;7926087378"
202200007438;19;3;2022;13:30;1;94;1;1;1;6;"48;7593600000";"2;3232400000"
202200007439;28;12;2022;19:40;3;2A;1;1;1;7;"41;9343707230";"8;7191635966"
202200007440;28;4;2022;15:50;1;75;2;2;1;3;"48;8278050784";"2;3052272201"
202200007441;12;5;2022;19:15;5;974;1;3;1;6;" -21;3796970000";"55;6351900000"
202200007442;20;3;2022;15:10;1;92;1;1;1;6;"48;9354173550";"2;3198823491"
202200007443;28;12;2022;22:30;5;95;2;1;1;3;"49;0303050000";"2;0809610000"
202200007444;16;5;2022;15:45;1;51;2;1;1;7;"49;2915013220";"4;1164451838"
202200007445;29;4;2022;20:06;1;75;2;2;1;3;"48;8194860000";"2;3446000000"
202200007446;17;5;2022;17:15;1;61;2;1;1;6;"48;6020410000";"0;1715860000"
202200007447;20;3;2022;13:38;1;93;1;1;1;4;"48;9261806033";"2;3383789255"
202200007448;29;4;2022;18:15;1;75;2;5;1;2;"48;8367855339";"2;3518480361"
202200007449;17;5;2022;16:00;1;49;1;1;1;6;"47;6484840000";" -0;4520430000"
202200007450;19;3;2022;23:50;3;93;1;1;1;3;"48;9356000000";"2;4049600000"
202200007451;28;12;2022;19:20;5;91;2;1;2;4;"48;7057700000";"2;3715600000"
202200007452;17;5;2022;12:05;1;29;2;1;1;6;"48;0431960000";" -4;4899670000"
202200007453;29;4;2022;22:22;5;75;2;2;1;3;"48;8651830000";"2;3677320000"
202200007454;19;3;2022;07:30;1;94;1;1;1;6;"48;8194300000";"2;4048100000"
202200007455;23;12;2022;16:20;1;85;2;6;1;2;"46;5057900000";" -1;7754500000"
202200007456;17;5;2022;17:05;1;31;2;1;7;6;"43;4001800000";"1;7166030000"
202200007457;29;4;2022;08:30;1;75;2;7;1;3;"48;8789440000";"2;3236170000"
202200007458;18;3;2022;20:50;5;988;2;1;1;1;" -22;2204300000";"166;4816500000"
202200007459;15;12;2022;19:00;5;80;2;1;1;6;"49;9102400000";"2;3062200000"
202200007460;17;5;2022;17:10;1;02;1;5;1;3;"49;2976790000";"3;1077790000"
202200007461;19;3;2022;20:30;5;974;2;9;1;3;" -21;2970400000";"55;4567400000"
202200007462;29;4;2022;20:00;1;75;2;3;1;1;"48;8533860000";"2;3676540000"
202200007463;18;5;2022;16:30;1;60;1;1;1;7;"49;3443900000";"2;0347880000"
202200007464;27;12;2022;18:55;5;78;2;1;1;1;"48;9269300000";"2;1217500000"
202200007465;18;3;2022;17:20;1;974;2;1;2;6;" -21;3300000000";"55;4700000000"
202200007466;28;4;2022;20:10;2;94;2;1;1;3;"48;8453600000";"2;4278800000"
202200007467;17;5;2022;19:15;1;77;2;1;1;3;"48;9923480000";"2;9598610000"
202200007468;28;12;2022;05:55;5;78;2;3;2;3;"48;8668700000";"2;1008300000"
202200007469;19;3;2022;07:00;1;974;2;1;1;1;" -20;9330200000";"55;6521300000"
202200007470;16;5;2022;12:30;1;38;1;1;1;6;"45;0717020000";"5;4945370000"
202200007471;29;4;2022;15:10;1;94;2;3;1;2;"48;7911300000";"2;4965900000"
202200007472;28;12;2022;17:55;5;78;2;1;2;6;"48;9893800000";"1;9132800000"
202200007473;18;3;2022;23:30;5;973;1;1;1;6;"4;8997100000";" -52;3260800000"
202200007474;18;5;2022;12:20;1;50;2;2;1;6;"49;6434000000";" -1;6285800000"
202200007475;28;12;2022;20:00;5;77;2;1;2;1;"48;4119800000";"2;7089900000"
202200007476;19;3;2022;18:45;1;69;2;1;1;6;"45;7516362609";"4;8813752532"
202200007477;18;5;2022;07:45;1;25;2;1;1;6;"47;2204800000";"5;9780600000"
202200007478;27;4;2022;16:30;1;94;2;1;1;4;"48;7987855434";"2;4741978049"
202200007479;27;12;2022;22:14;5;72;2;3;1;3;"47;9745000000";"0;2015200000"
202200007480;19;3;2022;13:20;1;972;1;1;1;2;"14;6183400000";" -61;0201900000"
202200007481;28;4;2022;14:20;1;94;2;1;1;6;"48;8448349709";"2;5026040076"
202200007482;17;5;2022;08:00;1;60;2;6;1;6;"49;4237600000";"2;1052100000"
202200007483;20;3;2022;00:32;5;69;2;2;1;7;"45;7592200000";"4;8294000000"
202200007484;28;12;2022;13:50;1;69;2;2;1;1;"45;7819554063";"5;0054901838"
202200007485;29;4;2022;11:50;1;94;2;1;1;6;"48;8100500000";"2;4403000000"
202200007486;28;12;2022;17:35;5;69;1;1;1;3;"45;7192900000";"4;9352000000"
202200007487;20;3;2022;00:15;5;69;2;3;1;3;"45;7742526477";"4;8306564823"
202200007488;17;5;2022;14:10;1;30;1;4;1;2;"43;9494000000";"4;7845000000"
202200007489;29;4;2022;15:05;1;94;2;3;1;3;"48;8065900000";"2;3510300000"
202200007490;16;3;2022;08:20;1;971;2;1;1;6;"16;2471700000";" -61;5383000000"
202200007491;27;12;2022;15:00;1;67;2;3;1;3;"48;6037300000";"7;7875600000"
202200007492;17;5;2022;11:05;1;77;1;1;1;3;"48;9052190000";"2;8861910000"
202200007493;29;4;2022;14:30;1;94;2;2;1;3;"48;8127912526";"2;3615380525"
202200007494;19;3;2022;16:50;1;2A;2;9;1;6;"41;9271204000";"8;7384787202"
202200007495;28;12;2022;16:00;2;54;2;1;1;3;"48;7111800000";"6;2464700000"
202200007496;16;5;2022;17:15;1;71;2;4;1;1;"46;5626520000";"4;2250370000"
202200007497;29;4;2022;13:11;1;94;2;1;1;6;"48;8114354283";"2;3620219229"
202200007498;16;3;2022;11:20;1;2A;2;1;1;2;"41;9360500000";"8;7534400000"
202200007499;15;5;2022;13:45;1;71;1;1;1;6;"46;2859200000";"4;3454360000"
202200007500;27;12;2022;15:40;1;50;2;2;1;2;"49;6390200000";" -1;6190500000"
202200007501;15;5;2022;09:40;1;02;1;1;7;7;"49;1641640000";"3;4155200000"
202200007502;29;3;2022;13:50;1;94;2;9;1;3;"48;7812657481";"2;4648470877"
202200007503;25;12;2022;18:50;5;50;2;1;2;1;"49;6222500000";" -1;5845000000"
202200007504;15;5;2022;16:45;1;84;2;3;1;1;"43;6741420000";"5;5032870000"
202200007505;22;4;2022;21:00;2;94;2;3;1;7;"48;8292600000";"2;5178800000"
202200007506;18;3;2022;19:30;3;95;2;1;1;2;"49;0318657516";"2;4590438604"
202200007507;27;12;2022;10:04;1;49;2;2;1;3;"47;4710200000";" -0;5645700000"
202200007508;17;5;2022;13:45;1;66;1;9;1;1;"42;4959880000";"2;7066980000"
202200007509;29;4;2022;17:30;1;93;2;1;1;3;"48;9258931363";"2;3547483088"
202200007510;8;12;2022;08:15;5;35;2;6;2;6;"48;6438600000";" -2;0085300000"
202200007511;18;3;2022;17:30;1;91;2;6;1;6;"48;7010200000";"2;4864000000"
202200007512;16;5;2022;18:45;1;30;1;1;1;6;"43;6571610000";"4;2855910000"
202200007513;29;4;2022;02:30;5;93;2;3;1;6;"48;9042650534";"2;5276408130"
202200007514;28;12;2022;14:55;1;35;2;3;2;6;"48;1312600000";" -1;6565300000"
202200007515;16;5;2022;16:50;1;33;1;1;1;6;"45;0321520000";" -0;4899380000"
202200007516;28;12;2022;08:45;1;33;2;1;1;6;"44;8461800000";" -0;6560500000"
202200007517;29;4;2022;20:10;1;93;2;3;1;3;"48;9091870000";"2;3981930000"
202200007518;20;3;2022;00:20;5;83;2;9;1;7;"43;4250000000";"6;7460000000"
202200007519;28;12;2022;10:15;1;31;2;1;1;6;"43;5744400000";"1;4023500000"
202200007520;16;5;2022;17:40;1;46;2;3;1;3;"44;9156510000";"1;8387400000"
202200007521;19;3;2022;17:00;1;82;1;4;1;3;"44;0629900000";"1;3611900000"
202200007522;29;4;2022;16:30;1;93;2;1;1;2;"48;8732730000";"2;4402320000"
202200007523;24;12;2022;12:20;1;30;2;1;1;3;"43;8099000000";"4;3284000000"
202200007524;15;5;2022;02:30;3;29;1;1;1;6;"48;4645910000";" -4;6974170000"
202200007525;28;12;2022;19:01;5;29;2;1;1;6;"48;4046219727";" -4;4993305206"
202200007526;19;3;2022;11:02;1;78;2;3;1;3;"48;8852670000";"2;1010300000"
202200007527;15;5;2022;20:10;1;85;2;1;1;6;"46;3674930000";" -0;5939820000"
202200007528;28;4;2022;19:45;1;93;2;2;1;3;"48;8742180000";"2;4280250000"
202200007529;27;12;2022;15:10;1;27;2;1;7;2;"49;0962700000";"1;4885200000"
202200007530;15;5;2022;04:20;5;06;2;1;1;5;"43;6685580000";"7;1984590000"
202200007531;29;4;2022;10:55;1;93;2;2;1;3;"48;9181980000";"2;4547020000"
202200007532;19;3;2022;04:38;3;77;1;1;1;6;"48;7176300000";"2;6468800000"
202200007533;27;12;2022;15:08;1;27;1;1;1;2;"49;0302306193";"1;1871000000"
202200007534;15;5;2022;18:30;1;83;1;3;1;3;"43;4420260000";"6;6510630000"
202200007535;29;4;2022;17:15;1;92;2;9;1;3;"48;8149538689";"2;2862657458"
202200007536;19;3;2022;21:15;5;76;2;1;1;6;"49;4127200000";"1;0987490000"
202200007537;28;12;2022;12:10;1;25;2;1;1;3;"47;2237000000";"5;9905500000"
202200007538;26;4;2022;20:34;1;92;2;1;1;6;"48;8808709217";"2;1831899285"
202200007539;11;5;2022;16:30;1;33;2;2;1;3;"44;9128890000";" -0;2514520000"
202200007540;27;12;2022;18:00;5;14;2;7;2;3;"49;1407500000";"0;2272300000"
202200007541;19;3;2022;11:05;1;71;2;2;1;3;"46;7749600000";"4;8369900000"
202200007542;29;4;2022;10:45;1;92;2;9;1;2;"48;8844472183";"2;2622248381"
202200007543;16;5;2022;19:00;1;78;2;1;1;6;"48;9736070000";"1;7126750000"
202200007544;27;12;2022;19:00;5;13;2;1;1;2;"43;3031100000";"5;3971400000"
202200007545;20;3;2022;00:25;4;69;1;3;1;6;"45;7116608449";"4;9360585213"
202200007546;27;12;2022;18:00;5;07;2;1;1;1;"44;9428400000";"4;8404800000"
202200007547;29;4;2022;17:20;1;92;2;3;1;3;"48;8981883112";"2;2800493240"
202200007548;18;3;2022;07:58;1;65;2;6;8;6;"43;2136710000";"0;0955280000"
202200007549;27;12;2022;23:00;5;75;2;4;1;7;"48;8465750000";"2;2548750000"
202200007550;29;4;2022;19:00;1;92;2;1;1;3;"48;8895038132";"2;2814899385"
202200007551;19;3;2022;16:00;1;64;1;1;1;3;"43;3846407385";" -1;6966958808"
202200007552;1;6;2022;08:30;1;11;1;1;1;3;"43;1179171548";"2;1411011115"
202200007553;27;12;2022;11:15;1;75;2;1;1;2;"48;8207980000";"2;3766640000"
202200007554;29;4;2022;18:40;1;92;2;1;1;6;"48;7642298394";"2;2694495022"
202200007555;19;3;2022;14:15;1;64;2;2;1;3;"43;3719000000";" -1;7775300000"
202200007556;2;6;2022;08:30;1;974;1;1;1;2;" -20;9914780000";"55;2878760000"
202200007557;26;12;2022;22:40;5;75;2;1;1;2;"48;8291100000";"2;3999710000"
202200007558;29;4;2022;08:30;1;92;2;1;1;2;"48;8341707654";"2;2454488277"
202200007559;2;6;2022;15:30;1;01;1;1;1;2;"45;9829770000";"5;1627160000"
202200007560;19;3;2022;21:15;5;64;2;1;1;3;"43;4930000000";" -1;4751800000"
202200007561;28;12;2022;18:10;5;75;2;2;2;6;"48;8475360000";"2;4063950000"
202200007562;28;12;2022;09:38;1;75;2;2;9;6;"48;8812685604";"2;2955390811"
202200007563;1;6;2022;18:45;1;62;2;1;1;3;"50;6823570000";"2;1385630000"
202200007564;1;5;2022;16:00;1;51;1;1;1;3;"48;8290320000";"4;7906670000"
202200007565;13;3;2022;17:40;1;62;2;1;2;6;"50;9594400000";"1;8517000000"
202200007566;27;12;2022;13:05;1;75;2;2;1;3;"48;8857560000";"2;3216430000"
202200007567;1;5;2022;18:15;1;26;1;1;1;6;"45;1003635697";"5;0283533335"
202200007568;2;6;2022;13:20;1;26;1;1;1;1;"45;1212790000";"5;0025450000"
202200007569;19;3;2022;17:40;1;59;2;5;1;3;"50;6303100000";"3;0350100000"
202200007570;28;12;2022;17:40;5;75;2;1;2;6;"48;8570910000";"2;2267190000"
202200007571;30;4;2022;20:06;1;95;1;1;1;1;"49;1318260000";"2;2990930000"
202200007572;2;6;2022;18:00;1;09;1;1;1;7;"43;1827980000";"1;2636100000"
202200007573;6;3;2022;14:45;1;59;2;1;1;7;"50;6476400000";"3;0433900000"
202200007574;28;12;2022;14:35;1;75;2;2;2;6;"48;8644190000";"2;2823780000"
202200007575;2;6;2022;16:45;1;68;1;1;1;1;"48;1039350000";"7;5737430000"
202200007576;19;3;2022;01:30;5;57;1;1;1;2;"49;1160000000";"6;1900000000"
202200007577;30;4;2022;22:08;5;974;2;1;1;3;" -21;2827560000";"55;5112020000"
202200007578;27;12;2022;13:15;1;75;2;2;1;6;"48;8434520000";"2;2827490000"
202200007579;2;6;2022;12:25;1;52;1;1;1;6;"47;9462504901";"5;1825160169"
202200007580;19;3;2022;17:48;1;51;2;2;1;3;"49;2511000000";"3;9849200000"
202200007581;28;12;2022;17:10;5;75;2;2;2;3;"48;8476060000";"2;3890750000"
202200007582;23;5;2022;13:50;1;72;2;1;1;6;"47;9169950000";"0;2528650000"
202200007583;30;4;2022;14:55;1;88;2;1;1;1;"48;1732940000";"6;8818780000"
202200007584;28;12;2022;16:45;2;75;2;3;2;6;"48;8471520000";"2;3850980000"
202200007585;19;3;2022;13:35;1;51;2;2;1;3;"49;2398680157";"4;0136200190"
202200007586;28;12;2022;19:10;5;75;2;4;2;3;"48;8614620000";"2;3646000000"
202200007587;2;6;2022;15:20;1;76;1;2;1;3;"49;5221820000";"1;1362270000"
202200007588;30;4;2022;08:05;1;62;1;2;1;3;"50;2040100000";"2;5351600000"
202200007589;19;3;2022;17:00;1;47;2;1;1;4;"44;1992538062";"0;6361716593"
202200007590;27;12;2022;19:50;5;75;2;2;1;3;"48;8692364117";"2;3329150798"
202200007591;2;6;2022;14:50;1;89;2;1;7;6;"47;8651070000";"3;9748940000"
202200007592;28;12;2022;21:25;5;94;2;1;2;3;"48;7831000000";"2;3908900000"
202200007593;1;5;2022;07:30;2;62;2;3;1;6;"50;2272060000";"2;7404670000"
202200007594;19;3;2022;03:05;5;45;2;1;1;1;"47;8993900000";"1;8727100000"
202200007595;1;6;2022;21:00;1;89;2;2;1;3;"47;9077590000";"3;6425580000"
202200007596;30;4;2022;09:45;1;57;2;1;1;6;"49;1858550000";"6;4989020000"
202200007597;28;12;2022;13:23;1;94;2;2;1;3;"48;8248870000";"2;4091480000"
202200007598;31;5;2022;22:40;3;22;1;1;1;6;"48;6528360000";" -3;3313680000"
202200007599;30;4;2022;15:45;1;74;2;1;1;7;"46;0531170000";"6;2085490000"
202200007600;19;3;2022;21:00;5;45;2;2;1;3;"47;8997400000";"1;8970000000"
202200007601;1;5;2022;12:15;1;76;1;1;1;7;"49;4648190000";"0;8297470000"
202200007602;1;6;2022;10:50;1;44;1;1;1;2;"47;3784140000";" -2;3909510000"
202200007603;19;3;2022;21:25;3;37;2;1;1;1;"47;3827692236";"0;6329034269"
202200007604;28;12;2022;16:05;1;94;2;9;2;6;"48;7718000000";"2;5181000000"
202200007605;30;4;2022;19:40;1;63;2;1;1;6;"45;9051692427";"3;6285660962"
202200007606;1;6;2022;07:20;1;44;1;1;1;7;"47;7597530000";" -1;4103480000"
202200007607;19;3;2022;09:30;1;37;2;6;1;7;"47;3670592918";"0;7203957438"
202200007608;28;12;2022;20:20;5;93;2;1;2;3;"48;8810314435";"2;4767893629"
202200007609;31;5;2022;07:25;1;31;2;1;1;6;"43;1952270000";"0;6051060000"
202200007610;1;5;2022;11:30;1;63;1;1;1;1;"45;9532980000";"3;2501290000"
202200007611;28;12;2022;11:35;1;93;2;1;1;6;"48;8884900000";"2;5443300000"
202200007612;19;3;2022;08:15;1;37;2;2;1;7;"47;3911553825";"0;6884050369"
202200007613;30;4;2022;17:00;1;42;1;1;1;6;"45;5154220000";"4;0875900000"
202200007614;2;6;2022;09:11;1;02;1;3;1;3;"49;9110640000";"3;1970470000"
202200007615;27;12;2022;14:15;1;93;2;8;1;3;"48;9261200000";"2;3966200000"
202200007616;1;5;2022;06:00;2;47;1;1;1;6;"44;1506350000";"0;3223480000"
202200007617;19;3;2022;20:00;2;33;2;1;1;6;"44;8368300000";" -0;6471500000"
202200007618;28;12;2022;15:04;1;93;2;9;2;3;"48;9054110175";"2;4393190159"
202200007619;28;4;2022;10:10;1;34;1;6;1;3;"43;5981770000";"3;1395260000"
202200007620;1;6;2022;11:45;1;03;1;3;1;3;"46;3520780000";"3;8091020000"
202200007621;19;3;2022;10:52;1;33;2;4;1;6;"44;8576341903";" -0;5788981831"
202200007622;1;6;2022;18:05;1;85;1;9;1;2;"46;8341850000";" -1;2282370000"
202200007623;28;12;2022;20:20;5;92;2;2;2;6;"48;9344944667";"2;3210908770"
202200007624;30;4;2022;22:30;3;14;1;1;1;6;"49;2634520000";"0;1362050000"
202200007625;27;12;2022;14:55;1;92;2;3;1;6;"48;8085500000";"2;1957800000"
202200007626;31;5;2022;16:40;1;50;1;2;1;3;"49;0660530000";" -1;3908060000"
202200007627;18;3;2022;11:30;1;33;2;3;1;3;"44;8550200000";" -0;5755500000"
202200007628;28;12;2022;21:31;5;92;2;9;2;3;"48;8917100000";"2;2867800000"
202200007629;30;4;2022;22:30;3;50;1;1;1;1;"49;1343530000";" -1;5014680000"
202200007630;19;3;2022;13:05;1;33;1;1;1;2;"44;6181280000";" -1;1310190000"
202200007631;27;12;2022;23:53;5;92;2;1;1;6;"48;8180763974";"2;2494080365"
202200007632;2;6;2022;17:15;1;10;1;3;7;3;"48;2147690000";"4;7383340000"
202200007633;30;4;2022;18:20;1;50;1;4;1;3;"49;0735390000";" -1;3608110000"
202200007634;1;6;2022;15:40;1;53;2;1;1;2;"48;4182890000";" -0;8542460000"
202200007635;27;12;2022;00:40;5;92;2;3;1;4;"48;9006039267";"2;2752551436"
202200007636;30;4;2022;14:00;1;45;1;2;1;3;"47;5680030000";"2;7716980000"
202200007637;28;12;2022;16:39;1;92;2;1;2;6;"48;7597334312";"2;2893724143"
202200007638;2;6;2022;07:50;1;40;1;1;1;1;"44;1604720000";" -0;2855160000"
202200007639;19;3;2022;19:25;5;31;2;1;1;3;"43;5767700000";"1;5086000000"
202200007640;28;12;2022;10:20;1;35;1;1;2;6;"47;9968963514";" -1;7928166687"
202200007641;2;4;2022;19:10;2;43;1;2;8;3;"45;0665570000";"3;7779830000"
202200007642;18;5;2022;14:20;1;24;2;3;1;3;"44;8913370000";"1;2064150000"
202200007643;19;3;2022;21:36;3;29;1;1;1;6;"47;9793400000";" -4;0899400000"
202200007644;29;12;2022;20:40;3;21;1;1;1;6;"47;2728230000";"4;5935730000"
202200007645;1;5;2022;17:30;1;36;1;1;1;1;"46;6194084165";"1;4940977097"
202200007646;16;3;2022;13:50;1;29;2;2;1;1;"47;9961900000";" -4;1188900000"
202200007647;2;6;2022;12:15;1;04;1;3;1;1;"44;0461180000";"6;0380980000"
202200007648;29;12;2022;07:00;3;62;1;2;2;3;"50;3647700000";"1;7036390000"
202200007649;29;12;2022;11:40;1;79;2;1;2;7;"46;2589140000";" -0;3444550000"
202200007650;1;6;2022;16:30;1;27;1;1;1;1;"48;8029060000";"1;3496020000"
202200007651;30;4;2022;17:20;1;27;2;1;1;2;"49;3321360000";"1;2491620000"
202200007652;29;12;2022;10:20;1;82;1;1;1;6;"44;2073860000";"0;9843070000"
202200007653;29;12;2022;15:45;1;03;1;1;8;7;"46;2499560000";"2;5123500000"
202200007654;2;6;2022;17:50;1;17;1;2;1;1;"46;1197300000";" -0;6304910000"
202200007655;1;5;2022;03:30;3;37;1;1;1;6;"47;5460060000";"0;5206220000"
202200007656;19;3;2022;11:35;1;27;2;1;1;2;"49;0170800000";"1;1434300000"
202200007657;29;5;2022;14:45;1;17;1;1;1;7;"46;0165900000";" -0;8527710000"
202200007658;28;12;2022;14:30;1;03;1;1;1;2;"46;7170190000";"2;9695920000"
202200007659;30;4;2022;04:55;3;33;1;1;1;6;"45;0091820000";" -0;1082510000"
202200007660;28;12;2022;14:10;1;01;1;1;1;7;"45;9252680000";"5;8099740000"
202200007661;2;6;2022;08:22;1;95;1;1;1;3;"49;0845946216";"2;2067338228"
202200007662;15;4;2022;18:20;1;69;2;1;1;6;"45;7526500000";"4;7717300000"
202200007663;28;12;2022;19:30;5;70;2;1;8;1;"47;4216710000";"5;9278270000"
202200007664;19;3;2022;16:50;1;17;2;9;1;3;"45;9526900000";" -0;8820900000"
202200007665;28;12;2022;23:22;3;72;1;1;2;6;"47;8849530000";" -0;0777200000"
202200007666;2;6;2022;10:45;1;49;1;2;1;5;"47;4587330000";" -0;1025840000"
202200007667;30;4;2022;09:30;1;44;1;1;1;2;"47;4347950000";" -1;6723540000"
202200007668;19;3;2022;22:00;5;13;2;1;1;3;"43;3262749954";"5;4391037790"
202200007669;19;12;2022;11:30;1;14;2;2;8;6;"48;8515000000";" -0;5458670000"
202200007670;27;12;2022;10:45;1;21;1;1;1;7;"47;5323530000";"4;6963760000"
202200007671;2;6;2022;05:00;3;26;1;1;1;4;"45;0192990000";"5;0332190000"
202200007672;28;4;2022;16:50;1;976;1;1;1;2;" -12;7636360000";"45;0808200000"
202200007673;19;3;2022;20:30;5;13;2;1;1;1;"43;3059362368";"5;3843798029"
202200007674;29;12;2022;12:15;1;85;2;3;1;6;"46;9156530000";" -2;0429580000"
202200007675;2;6;2022;15:00;1;03;1;1;1;6;"46;1148700000";"3;1929020000"
202200007676;30;4;2022;10:45;1;988;1;1;1;7;" -20;4159930000";"164;4049720000"
202200007677;27;12;2022;18:45;3;85;1;1;1;6;"46;7776910000";" -1;6809314000"
202200007678;19;3;2022;12:30;1;13;2;2;1;2;"43;3268700000";"5;3582100000"
202200007679;1;6;2022;18:00;1;06;1;1;1;7;"43;6441890000";"7;0181390000"
202200007680;16;12;2022;16:05;1;17;1;1;1;3;"45;1844870000";" -0;3184590000"
202200007681;30;4;2022;18:45;3;988;1;1;1;1;" -22;0848900000";"166;3190700000"
202200007682;29;12;2022;16:15;1;23;1;9;1;6;"46;1940770000";"2;4229570000"
202200007683;1;6;2022;19:00;1;18;1;1;1;5;"46;8603080000";"2;4282790000"
202200007684;19;3;2022;11:10;1;13;2;2;1;3;"43;6721100000";"4;6233500000"
202200007685;28;12;2022;07:45;2;37;1;2;1;3;"47;5084320000";"0;5943670000"
202200007686;30;4;2022;19:30;3;974;2;3;1;3;" -20;9972180000";"55;6811090000"