Accident_Id;jour;mois;an;hrmn;lum;dep;agg;int;atm;col;lat;long
202200007993;15;10;2022;08:40;1;75;2;1;3;6;"48;8858980000";"2;3884640000"
202200007994;13;9;2022;16:00;1;93;2;1;1;4;"48;8671646095";"2;4566275061"
202200007995;15;10;2022;20:05;5;75;2;3;1;6;"48;8920060000";"2;3598380000"
202200007996;13;9;2022;09:10;1;93;2;1;1;6;"48;8617326761";"2;4409880092"
202200007997;15;10;2022;15:00;1;75;2;1;1;6;"48;8962890000";"2;3592480000"
202200007998;13;9;2022;16:35;1;92;2;2;1;3;"48;8680590000";"2;2253860000"
202200007999;15;10;2022;11:30;1;75;2;3;1;2;"48;8868350000";"2;3596500000"
202200008000;15;10;2022;07:00;5;75;2;1;2;6;"48;8856600000";"2;3086180000"
202200008001;7;9;2022;19:30;1;92;2;1;1;6;"48;8697709258";"2;2207322717"
202200008002;15;10;2022;10:45;1;75;2;5;1;6;"48;8479850000";"2;2642130000"
202200008003;13;9;2022;12:00;1;92;2;6;1;3;"48;8008400000";"2;2833600000"
202200008004;14;10;2022;16:40;1;75;2;2;1;3;"48;8684770000";"2;2988700000"
202200008005;13;9;2022;00:10;5;92;2;6;1;6;"48;9379496303";"2;2786733508"
202200008006;15;10;2022;00:10;5;75;2;3;2;3;"48;8464960000";"2;3018540000"
202200008007;13;9;2022;09:23;1;92;2;6;1;6;"48;9051903194";"2;2558139562"
202200008008;15;10;2022;11:25;1;75;2;1;1;3;"48;8276320000";"2;3230320000"
202200008009;12;9;2022;23:09;5;92;2;2;3;7;"48;9008600000";"2;3080400000"
202200008010;14;10;2022;21:00;5;75;2;3;2;6;"48;8322260000";"2;3128830000"
202200008011;13;9;2022;19:05;1;92;2;7;1;3;"48;8337821247";"2;2439146042"
202200008012;13;9;2022;00:53;5;92;2;1;1;6;"48;9173000000";"2;3199100000"
202200008013;15;10;2022;19:00;2;75;2;2;1;3;"48;8408920000";"2;4047060000"
202200008014;13;9;2022;18:30;1;08;2;4;1;3;"49;4857160000";"4;3860610000"
202200008015;15;10;2022;11:25;1;75;2;2;1;3;"48;8358380000";"2;4531620000"
202200008016;13;9;2022;17:50;1;31;2;6;1;1;"43;5868410000";"1;5208230000"
202200008017;15;10;2022;03:05;5;75;2;2;2;2;"48;8637630000";"2;3701110000"
202200008018;14;9;2022;06:22;2;31;1;1;1;6;"43;5597140000";"1;5906890000"
202200008019;15;10;2022;15:45;1;75;2;2;8;3;"48;8611550000";"2;3023810000"
202200008020;15;10;2022;15:24;1;75;2;7;1;6;"48;8603900000";"2;3182850000"
202200008021;13;9;2022;17:50;1;81;2;9;8;5;"43;5854390000";"2;1688130000"
202200008022;14;10;2022;20:00;3;75;2;3;2;7;"48;8405900000";"2;3301480000"
202200008023;14;10;2022;09:30;1;75;2;2;2;3;"48;8628530000";"2;3134680000"
202200008024;14;9;2022;08:30;1;10;1;1;1;1;"48;3737560000";"4;1065910000"
202200008025;15;10;2022;18:25;2;75;2;3;1;6;"48;8571940000";"2;3523810000"
202200008026;14;9;2022;09:15;1;974;2;3;1;3;" -21;2664780000";"55;5249560000"
202200008027;15;10;2022;09:50;1;94;2;2;2;3;"48;7917900000";"2;5133000000"
202200008028;12;9;2022;12:00;1;972;1;1;1;1;"14;8277010000";" -61;0357480000"
202200008029;15;10;2022;21:15;5;94;2;1;1;4;"48;7724872600";"2;4398438825"
202200008030;10;9;2022;18:20;2;972;2;6;1;6;"14;5505210000";" -61;0521090000"
202200008031;14;10;2022;18:20;1;77;1;4;2;3;"48;9912655978";"2;5994880474"
202200008032;4;9;2022;06:15;3;28;1;1;1;7;"48;3791150000";"1;5313910000"
202200008033;15;10;2022;12:30;1;93;2;1;8;4;"48;8360900000";"2;5827300000"
202200008034;14;9;2022;18:20;1;12;1;2;1;1;"44;4971480000";"2;6675110000"
202200008035;15;10;2022;13:45;1;93;2;1;8;6;"48;8580700000";"2;4335400000"
202200008036;13;9;2022;15:50;1;83;2;1;1;7;"43;1811060000";"6;5372180000"
202200008037;13;9;2022;17:10;2;38;2;1;1;6;"45;3392980000";"5;5834530000"
202200008038;15;10;2022;12:30;1;93;2;2;2;3;"48;8913500000";"2;5489000000"
202200008039;14;9;2022;14:50;1;44;1;1;1;1;"47;5911860000";" -1;5935320000"
202200008040;11;9;2022;00:15;4;22;2;1;1;3;"48;3183460000";" -2;2504220000"
202200008041;15;10;2022;12:30;1;92;2;1;2;5;"48;8443623612";"2;2204521149"
202200008042;14;9;2022;19:05;2;30;2;1;8;6;"44;0854030000";"4;5733880000"
202200008043;14;10;2022;11:50;1;92;2;6;2;3;"48;8715521152";"2;2033719420"
202200008044;13;9;2022;14:00;1;30;1;3;1;2;"43;7063660000";"4;5596470000"
202200008045;15;10;2022;17:15;1;92;2;2;1;6;"48;8944200000";"2;1940600000"
202200008046;14;9;2022;13:55;1;57;2;1;1;6;"49;4724540000";"5;9351550000"
202200008047;15;10;2022;13:25;1;92;2;1;1;6;"48;9095500000";"2;2173400000"
202200008048;9;8;2022;12:35;1;62;1;1;1;6;"50;6517390000";"1;8888500000"
202200008049;4;10;2022;15:50;1;92;2;1;1;6;"48;8237506632";"2;2721759677"
202200008050;14;9;2022;18:10;1;74;1;1;1;7;"45;9674830000";"6;6301630000"
202200008051;12;9;2022;23:00;4;74;2;9;1;6;"45;8096130000";"6;7281600000"
202200008052;15;10;2022;05:10;5;92;2;2;2;3;"48;8269080000";"2;2791720000"
202200008053;10;9;2022;02:30;3;74;1;3;1;1;"46;0461880000";"6;0852680000"
202200008054;15;10;2022;21:29;5;92;2;1;1;2;"48;8935802690";"2;2603667378"
202200008055;14;9;2022;11:15;1;74;1;1;8;3;"46;0400400000";"6;2470580000"
202200008056;15;10;2022;11:35;1;92;2;3;1;6;"48;7992060000";"2;3228310000"
202200008057;13;9;2022;15:42;1;69;2;3;1;3;"46;1243370000";"4;6338300000"
202200008058;16;10;2022;07:15;3;09;1;1;1;6;"43;0773750000";"1;4792280000"
202200008059;15;10;2022;06:10;3;84;1;1;1;1;"43;9929920000";"4;9135920000"
202200008060;6;9;2022;14:15;1;32;2;2;1;3;"43;8602930000";"0;0989900000"
202200008061;14;9;2022;14:40;1;44;2;1;1;7;"47;4364550000";" -2;0862170000"
202200008062;16;10;2022;00:40;3;84;1;1;1;6;"44;1078950000";"4;7272320000"
202200008063;14;9;2022;16:50;1;02;1;1;3;5;"49;3892730000";"3;1153110000"
202200008064;14;9;2022;00:22;3;02;2;1;2;6;"49;1765940000";"3;5333650000"
202200008065;15;10;2022;23:00;5;63;2;2;1;2;"45;9407880000";"2;8392790000"
202200008066;13;9;2022;18:45;1;01;1;1;1;1;"46;0451450000";"5;4183040000"
202200008067;15;10;2022;21:05;3;29;1;1;8;2;"48;4456197357";" -4;3967511608"
202200008068;14;9;2022;18:45;2;72;2;1;1;6;"48;0216170000";"0;6493520000"
202200008069;13;9;2022;12:35;1;72;2;1;1;6;"48;1759000000";"0;2388780000"
202200008070;15;10;2022;17:00;1;51;1;1;2;7;"48;5951160000";"4;4119550000"
202200008071;16;10;2022;00:55;3;56;1;6;8;6;"47;6883990000";" -2;7511525000"
202200008072;14;9;2022;10:35;1;72;1;1;1;2;"48;0241820000";"0;0655990000"
202200008073;18;7;2022;13:00;1;49;1;1;7;1;"47;1283160000";" -0;6305440000"
202200008074;15;10;2022;19:38;5;39;2;1;1;6;"46;8482630000";"5;6974732000"
202200008075;14;9;2022;20:20;3;83;1;9;1;1;"43;5739910000";"6;2637370000"
202200008076;14;9;2022;13:00;1;60;2;3;8;3;"49;6656280000";"2;3198050000"
202200008077;15;10;2022;09:10;1;44;1;3;8;3;"47;5491800000";" -1;9475980000"
202200008078;9;9;2022;17:30;1;18;1;1;1;1;"46;6997240000";"2;2996370000"
202200008079;16;10;2022;20:30;3;29;1;1;1;1;"48;5208260000";" -4;1138540000"
202200008080;14;9;2022;05:10;3;53;1;1;2;1;"48;0708460000";" -0;9369220000"
202200008081;15;10;2022;10:45;1;84;1;1;1;2;"43;7266380000";"5;4939580000"
202200008082;12;9;2022;18:00;1;40;1;1;1;7;"43;6448490000";" -0;4385730000"
202200008083;15;10;2022;23:45;3;54;1;1;1;6;"48;5283221240";"6;9223737710"
202200008084;13;9;2022;18:00;1;85;2;6;1;3;"46;4322520000";" -0;7488080000"
202200008085;13;9;2022;12:55;1;37;2;1;1;6;"46;9677710000";"1;0273210000"
202200008086;16;10;2022;10:30;1;50;1;6;1;3;"49;1674790000";" -1;5894340000"
202200008087;13;9;2022;20:00;3;48;1;2;1;3;"44;4593310000";"3;4523030000"
202200008088;1;10;2022;10:30;1;45;2;3;2;6;"47;8200760000";"1;7546280000"
202200008089;13;9;2022;10:15;1;88;1;9;1;3;"48;4729250000";"6;9760660000"
202200008090;16;10;2022;00:10;3;73;1;1;1;6;"45;6197260000";"6;3068820000"
202200008091;14;10;2022;18:15;1;07;1;1;1;1;"44;4096200000";"4;5157670000"
202200008092;2;9;2022;09:00;1;49;1;2;1;2;"47;2108490000";" -0;8084710000"
202200008093;16;10;2022;11:10;1;21;1;1;1;6;"46;9463070000";"4;6697960000"
202200008094;14;9;2022;03:30;3;72;1;1;1;6;"47;9451130000";"0;3182180000"
202200008095;16;10;2022;18:30;1;40;2;1;1;3;"43;5561290000";" -1;4391980000"
202200008096;12;9;2022;18:10;1;24;1;1;1;3;"44;8539521913";"0;0119276047"
202200008097;16;10;2022;18:45;1;85;1;1;1;2;"46;8007712300";" -1;8811391290"
202200008098;11;9;2022;07:10;2;31;1;1;1;2;"43;1272510000";"0;9387950000"
202200008099;2;10;2022;08:50;1;37;2;1;2;6;"47;3993160000";"0;6429730000"
202200008100;25;8;2022;16:40;1;18;1;1;1;3;"46;7203870000";"2;4522260000"
202200008101;15;10;2022;19:05;1;30;1;1;1;1;"43;9589664524";"3;8308167458"
202200008102;9;9;2022;19:15;1;22;1;1;1;6;"48;4766684626";" -2;5892170894"
202200008103;13;9;2022;15:30;1;973;1;1;2;7;"4;6926450000";" -52;3783920000"
202200008104;15;10;2022;19:45;3;30;1;3;1;3;"43;9507700000";"4;6699300000"
202200008105;15;10;2022;17:25;1;52;1;1;3;7;"48;2607240000";"5;3783170000"
202200008106;14;9;2022;06:50;2;95;1;1;1;4;"49;0364800025";"2;5068354607"
202200008107;15;10;2022;17:40;1;13;2;9;1;1;"43;6427530000";"5;1545620000"
202200008108;10;9;2022;21:20;3;78;1;1;1;7;"48;6001310000";"1;9268560000"
202200008109;16;10;2022;12:30;1;01;1;1;1;6;"46;1193430000";"5;2868910000"
202200008110;14;9;2022;16:00;1;66;1;1;1;5;"42;6447940000";"2;5075860000"
202200008111;15;10;2022;19:00;1;31;2;1;1;3;"43;5548350000";"1;5318500000"
202200008112;14;9;2022;10:00;1;66;2;1;1;6;"42;6010539715";"2;9719519615"
202200008113;16;10;2022;04:10;3;987;1;1;1;1;" -17;5153670000";" -149;4117290000"
202200008114;13;9;2022;22:50;3;84;1;1;1;3;"43;9044690000";"5;0185500000"
202200008115;16;10;2022;07:25;2;41;1;1;1;6;"47;6603370000";"1;5070630000"
202200008116;16;10;2022;07:40;1;78;1;1;1;6;"48;7334400000";"1;8338100000"
202200008117;9;9;2022;17:55;1;13;1;3;1;3;"43;5847630672";"4;7652049141"
202200008118;16;10;2022;03:20;3;34;1;1;1;6;"43;4295650000";"3;2524140000"
202200008119;13;9;2022;12:55;1;89;1;9;1;6;"47;9076350000";"3;3395340000"
202200008120;13;9;2022;18:50;1;67;1;1;1;1;"48;5754860000";"7;5972600000"
202200008121;30;8;2022;01:45;3;67;1;1;1;7;"48;7684720000";"7;7791630000"
202200008122;14;10;2022;16:40;1;84;2;2;1;1;"43;9617310000";"4;8600230000"
202200008123;10;9;2022;18:15;1;67;1;1;1;2;"48;4251280000";"7;6415060000"
202200008124;15;10;2022;18:30;2;13;2;2;1;3;"43;8878950000";"4;8521430000"
202200008125;14;9;2022;18:35;1;88;2;1;1;1;"48;1727830000";"6;3328670000"
202200008126;13;9;2022;17:00;1;42;1;1;1;2;"45;7316360000";"4;2073180000"
202200008127;15;10;2022;19:55;3;71;1;3;1;3;"46;4679040000";"4;0587080000"
202200008128;8;9;2022;10:40;1;38;1;1;1;6;"45;7043960000";"5;3286910000"
202200008129;8;9;2022;15:00;1;65;1;1;1;3;"42;9556370000";"0;2279020000"
202200008130;14;10;2022;21:00;3;88;1;1;3;7;"48;1514780000";"6;2831280000"
202200008131;13;9;2022;18:20;1;85;1;4;1;3;"46;7440220000";" -1;5572150000"
202200008132;16;10;2022;01:00;3;26;1;1;1;6;"44;8961940000";"5;1184700000"
202200008133;13;9;2022;22:30;3;53;1;1;1;7;"48;0221300000";" -0;9394710000"
202200008134;13;9;2022;15:00;1;13;1;1;1;3;"43;2018600000";"5;5940200000"
202200008135;15;10;2022;17:15;1;01;2;3;7;3;"45;8987110000";"5;3463400000"
202200008136;12;9;2022;12:01;1;13;1;9;1;7;"43;5221500000";"5;4268900000"
202200008137;16;10;2022;01:05;3;69;2;1;1;6;"46;1120470000";"4;7327360000"
202200008138;12;9;2022;09:30;1;13;1;1;1;3;"43;2871900000";"5;4374300000"
202200008139;16;10;2022;03:20;3;69;1;1;1;7;"45;9727079741";"4;6741032600"
202200008140;13;9;2022;17:15;1;33;1;1;1;4;"44;8344400000";" -0;6766300000"
202200008141;15;10;2022;20:05;3;17;1;1;1;2;"45;5732420000";" -0;5718040000"
202200008142;8;9;2022;12:40;1;33;1;1;1;4;"44;7197190000";" -0;7388700000"
202200008143;16;10;2022;14:45;1;33;2;3;1;3;"44;7200960000";" -0;5135570000"
202200008144;13;9;2022;11:15;1;91;1;1;1;2;"48;6701500000";"2;3487700000"
202200008145;15;10;2022;22:00;3;14;1;1;1;6;"49;2248850000";" -0;1515340000"
202200008146;12;9;2022;21:50;3;94;1;9;1;5;"48;7564688398";"2;3348937825"
202200008147;16;10;2022;18:50;5;60;2;3;1;3;"49;2625890000";"2;0654510000"
202200008148;12;9;2022;21:50;5;92;2;1;1;3;"48;8212822361";"2;2194610728"
202200008149;14;10;2022;21:10;3;13;1;1;1;2;"43;4422900000";"5;3960400000"
202200008150;12;9;2022;19:25;1;78;1;1;1;2;"48;9595420000";"1;9318630000"
202200008151;14;10;2022;01:10;5;69;1;1;2;3;"45;8042030050";"4;9253028631"
202200008152;12;9;2022;08:00;2;78;1;1;1;2;"48;8413140000";"2;1029370000"
202200008153;11;9;2022;23:30;3;93;1;1;1;2;"48;8663945017";"2;4814295769"
202200008154;15;10;2022;19:50;3;33;1;1;1;4;"44;9160310000";" -0;4781410000"
202200008155;11;9;2022;22:00;3;93;1;1;1;2;"48;9283100000";"2;4124000000"
202200008156;15;10;2022;08:30;1;91;1;1;2;4;"48;6237700000";"2;2977800000"
202200008157;11;9;2022;22:20;3;93;1;1;1;6;"48;9283600000";"2;4126700000"
202200008158;15;10;2022;00:59;5;92;1;1;2;6;"48;8270146574";"2;2242258975"
202200008159;12;9;2022;17:20;1;77;1;1;1;2;"48;8300800000";"2;6168800000"
202200008160;12;9;2022;17:00;1;93;1;1;1;2;"48;8349688564";"2;5786542892"
202200008161;15;10;2022;00:05;3;78;1;1;2;5;"48;9440200000";"1;9499900000"
202200008162;20;5;2022;16:50;1;38;1;1;1;2;"45;7853880000";"5;0803990000"
202200008163;14;10;2022;19:55;3;93;1;1;3;3;"48;8743733216";"2;4381279467"
202200008164;14;10;2022;18:40;1;95;1;1;2;7;"48;9642340000";"2;2682050000"
202200008165;29;5;2022;10:57;1;14;2;1;1;6;"49;3170690000";" -0;3495030000"
202200008166;15;10;2022;10:10;1;95;1;1;2;6;"48;9865657075";"2;2105532885"
202200008167;15;10;2022;09:15;3;95;1;1;2;6;"48;9752078480";"2;2427719831"
202200008168;20;5;2022;15:40;1;26;2;1;1;4;"44;3458650000";"4;7582980000"
202200008169;14;10;2022;22:30;3;93;1;1;8;6;"48;8874488088";"2;4732059240"
202200008170;12;9;2022;09:45;1;75;2;1;1;3;"48;8735780000";"2;2752950000"
202200008171;14;10;2022;18:00;1;95;1;1;2;3;"48;9643240321";"2;2683870792"
202200008172;14;10;2022;06:30;3;93;1;1;2;2;"48;9273600000";"2;4035000000"
202200008173;12;9;2022;09:55;1;75;2;1;1;2;"48;9008440000";"2;3670720000"
202200008174;13;10;2022;22:30;3;95;1;1;2;6;"49;0352748989";"2;0988714695"
202200008175;14;10;2022;22:45;5;94;1;1;2;7;"48;8353272552";"2;4937909007"
202200008176;11;9;2022;05:07;5;75;2;3;1;6;"48;8997670000";"2;3880070000"
202200008177;14;10;2022;08:15;1;69;2;1;2;6;"45;7391500000";"4;8760600000"
202200008178;14;10;2022;20:40;5;35;2;6;3;6;"48;1213300000";" -1;7043600000"
202200008179;11;10;2022;20:30;5;95;2;1;1;1;"49;0062720000";"2;3593310000"
202200008180;12;9;2022;15:45;1;75;2;4;1;3;"48;9012493113";"2;3441889882"
202200008181;25;7;2022;15:10;1;33;2;1;1;2;"44;6531400000";" -1;1588500000"
202200008182;14;10;2022;12:45;1;974;2;1;1;6;" -21;3400000000";"55;4800000000"
202200008183;14;10;2022;18:10;2;974;1;1;7;2;" -20;8789800000";"55;4382500000"
202200008184;30;6;2022;20:30;5;973;2;1;1;6;"4;9262000000";" -52;3055400000"
202200008185;30;6;2022;11:15;1;973;2;1;1;3;"4;9359500000";" -52;3147700000"
202200008186;14;10;2022;14:45;1;973;2;2;1;3;"4;9395900000";" -52;3284800000"
202200008187;30;6;2022;08:20;1;973;2;3;1;3;"4;9439229860";" -52;3081907630"
202200008188;1;7;2022;18:40;1;69;2;3;1;6;"45;7694900000";"4;8523800000"
202200008189;14;10;2022;15:35;1;973;2;2;1;3;"4;9419459783";" -52;3271204531"
202200008190;1;7;2022;16:50;1;69;2;2;1;3;"45;7503700000";"4;8842700000"
202200008191;1;7;2022;13:40;1;69;2;1;1;6;"45;7620700000";"4;8383100000"
202200008192;1;7;2022;15:00;1;971;2;1;2;6;"16;2059039006";" -61;4898025990"
202200008193;13;10;2022;08:30;1;973;2;2;1;3;"4;9330400000";" -52;3328000000"
202200008194;30;6;2022;17:05;1;971;2;3;1;3;"16;2411500000";" -61;5363800000"
202200008195;13;10;2022;18:05;2;973;2;3;2;3;"4;9428000000";" -52;3060000000"
202200008196;1;7;2022;16:41;1;2A;1;9;1;3;"41;9478800000";"8;7644600000"
202200008197;1;7;2022;14:57;1;2A;1;1;1;3;"41;9345300000";"8;8027800000"
202200008198;13;10;2022;11:12;1;973;2;1;1;3;"4;9259537778";" -52;3133338988"
202200008199;1;7;2022;17:28;1;95;1;1;1;1;"48;9595200000";"2;4058500000"
202200008200;30;6;2022;18:00;1;95;1;1;1;2;"48;9860400000";"2;3611500000"
202200008201;26;6;2022;00:10;5;90;2;1;1;3;"47;6440000000";"6;8500000000"
202200008202;14;10;2022;06:50;5;69;2;3;2;7;"45;7767300000";"4;8440100000"
202200008203;30;6;2022;08:49;1;87;1;1;3;4;"45;8598600000";"1;2724200000"
202200008204;14;10;2022;14:30;1;972;1;2;1;6;"14;6109600000";" -61;0014300000"
202200008205;30;6;2022;14:31;1;87;2;1;3;6;"45;8273000000";"1;2395600000"
202200008206;29;6;2022;11:22;1;87;2;1;1;3;"45;8375000000";"1;2827300000"
202200008207;13;10;2022;10:20;1;972;2;1;1;2;"14;6170920000";" -61;0081610000"
202200008208;30;6;2022;14:25;1;87;2;1;3;7;"45;8208500000";"1;2303700000"
202200008209;14;10;2022;08:59;1;2B;2;1;1;2;"42;6977800000";"9;4491600000"
202200008210;1;7;2022;18:03;1;86;2;1;1;6;"46;5776520000";"0;3311938000"
202200008211;1;4;2022;09:35;1;84;2;3;8;6;"44;1414820000";"4;8051670000"
202200008212;13;10;2022;20:25;5;971;2;1;1;5;"15;9959301915";" -61;7083221674"
202200008213;24;6;2022;17:40;1;84;2;1;1;3;"43;9328800000";"4;8727000000"
202200008214;3;5;2022;14:25;1;81;2;1;1;3;"43;5928600000";"2;2322194000"
202200008215;14;10;2022;21:15;5;91;2;3;2;1;"48;7288900000";"2;2668900000"
202200008216;14;10;2022;08:30;1;91;2;1;8;6;"48;6562900000";"2;3758200000"
202200008217;14;10;2022;08:00;3;91;2;1;2;6;"48;6999600000";"2;3757800000"
202200008218;29;6;2022;16:13;1;77;1;2;1;3;"48;7347500000";"2;7009400000"
202200008219;13;10;2022;17:56;1;87;2;1;2;3;"45;8206300000";"1;2312500000"
202200008220;1;7;2022;05:25;2;77;1;5;1;6;"48;4077300000";"2;6868800000"
202200008221;8;9;2022;08:30;1;84;2;9;7;2;"43;9510000000";"4;8490000000"
202200008222;1;7;2022;10:30;1;76;1;1;1;2;"49;3433626554";"0;9767818451"
202200008223;14;10;2022;07:21;2;83;2;1;1;3;"43;1008100000";"6;1389600000"
202200008224;9;5;2022;01:00;5;76;2;2;1;3;"49;4954600000";"0;0995200000"
202200008225;1;7;2022;23:15;5;74;2;6;1;3;"46;1929500000";"6;2325900000"
202200008226;14;10;2022;19:45;2;81;2;1;8;3;"43;6080900000";"2;2401900000"
202200008227;2;7;2022;02:15;5;72;2;3;1;1;"48;0006700000";"0;1922400000"
202200008228;1;7;2022;04:30;5;72;2;1;1;6;"47;9837230000";"0;1535620000"
202200008229;30;6;2022;09:30;1;72;2;1;1;7;"47;9787400000";"0;2056000000"
202200008230;11;10;2022;15:50;1;78;2;2;1;3;"48;9300200000";"2;0440500000"
202200008231;1;7;2022;16:15;1;69;2;1;1;2;"45;7867400000";"4;8873200000"
202200008232;1;7;2022;05:19;3;66;1;1;1;4;"42;7121010000";"2;9593751000"
202200008233;30;6;2022;15:00;1;66;2;9;1;2;"42;6965800000";"2;9224000000"
202200008234;14;10;2022;23:30;5;77;2;1;2;6;"48;8589000000";"2;6710000000"
202200008235;1;7;2022;23:16;5;64;2;1;1;3;"43;2965700000";" -0;3852000000"
202200008236;1;7;2022;11:28;1;64;2;1;1;3;"43;4628800000";" -1;4955400000"
202200008237;14;10;2022;07:40;5;72;2;3;2;3;"47;9660100000";"0;2096200000"
202200008238;1;7;2022;10:53;1;64;2;1;1;4;"43;4672000000";" -1;4946000000"
202200008239;14;10;2022;19:20;5;71;2;1;2;2;"46;8032200000";"4;4513800000"
202200008240;1;7;2022;08:50;1;64;2;1;1;2;"43;4999700000";" -1;4539800000"
202200008241;1;7;2022;15:40;1;59;2;1;1;6;"50;7300700000";"3;1407000000"
202200008242;30;6;2022;20:30;1;56;2;1;1;3;"47;7457100000";" -3;3632700000"
202200008243;14;10;2022;11:50;1;71;2;2;2;2;"46;7995900000";"4;4398300000"
202200008244;30;6;2022;12:21;1;56;2;6;1;2;"47;7619100000";" -3;3313400000"
202200008245;1;7;2022;16:30;1;54;2;3;1;6;"48;6620784619";"6;1808443666"
202200008246;14;10;2022;11:30;1;71;2;2;2;3;"46;7975700000";"4;4332500000"
202200008247;30;6;2022;13:32;1;54;2;1;1;6;"48;5996100000";"6;4894100000"
202200008248;13;10;2022;09:30;1;71;2;1;1;7;"46;8104500000";"4;4306600000"
202200008249;30;6;2022;20:10;1;54;1;1;1;6;"48;6326100000";"6;3255300000"
202200008250;14;10;2022;07:15;2;69;2;6;2;6;"45;7669700000";"4;9960200000"
202200008251;1;7;2022;23:18;5;51;2;4;1;3;"49;2585700000";"4;0486800000"
202200008252;14;10;2022;07:40;2;69;2;1;1;2;"45;9723800000";"4;7169700000"
202200008253;1;7;2022;18:00;1;51;2;2;1;3;"49;2721500000";"4;0127000000"
202200008254;1;7;2022;08:53;1;51;2;2;1;3;"49;2575000000";"4;0494700000"
202200008255;12;10;2022;05:05;5;69;2;2;1;3;"45;6945000000";"4;8442200000"
202200008256;1;7;2022;08:35;1;51;2;3;1;3;"49;2341500000";"4;0141300000"
202200008257;1;7;2022;19:01;1;49;2;1;1;7;"47;4806400000";" -0;5530600000"
202200008258;14;10;2022;07:15;5;69;2;1;2;3;"45;7167780410";"4;9587713099"
202200008259;1;7;2022;00:43;5;49;2;2;1;3;"47;4874200000";" -0;5734800000"
202200008260;14;10;2022;21:44;5;68;2;1;2;3;"47;7372500000";"7;3190100000"
202200008261;30;6;2022;21:51;2;49;2;3;1;3;"47;4451000000";" -0;5034000000"
202200008262;1;7;2022;08:30;1;47;2;1;1;5;"44;1949242571";"0;6106209754"
202200008263;13;10;2022;19:30;5;67;2;1;1;2;"48;6001160000";"7;7537110000"
202200008264;27;6;2022;17:05;1;42;2;3;1;3;"45;5194200000";"4;5950200000"
202200008265;14;10;2022;13:35;1;64;2;9;2;2;"43;3093000000";" -0;3636000000"
202200008266;1;7;2022;12:15;1;42;2;1;1;2;"46;0397000000";"4;0185200000"
202200008267;24;6;2022;18:25;1;40;2;1;1;2;"43;8734100000";" -0;4703900000"
202200008268;14;10;2022;10:52;1;64;2;1;1;3;"43;5101900000";" -1;4995400000"
202200008269;1;7;2022;16:55;1;37;2;1;1;2;"47;4277400000";"0;7087200000"
202200008270;13;10;2022;23:44;5;64;2;1;1;6;"43;5125640000";" -1;4379990000"
202200008271;1;7;2022;09:13;1;37;2;6;7;3;"47;4327613472";"0;6859776378"
202200008272;1;7;2022;07:52;1;37;2;1;7;2;"47;3444061587";"0;6327009201"
202200008273;13;10;2022;10:55;1;64;2;1;1;1;"43;4862651958";" -1;4665031433"
202200008274;30;6;2022;20:20;1;35;2;6;1;3;"48;6266800000";" -1;9850000000"
202200008275;1;7;2022;09:20;1;35;2;2;1;3;"48;1018775711";" -1;6563472152"
202200008276;1;7;2022;21:14;2;33;2;3;7;3;"44;8728000000";" -0;6814200000"
202200008277;13;10;2022;10:45;1;64;2;1;1;2;"43;4850900000";" -1;4947700000"
202200008278;1;7;2022;23:10;5;33;2;3;1;3;"44;8162800000";" -0;5723400000"
202200008279;30;6;2022;08:35;1;33;2;1;2;2;"44;8392000000";" -0;5719800000"
202200008280;30;6;2022;08:00;1;33;2;1;2;3;"44;8637100000";" -0;6195500000"
202200008281;10;10;2022;08:05;1;64;2;2;8;3;"43;5045000000";" -1;4673500000"
202200008282;1;7;2022;13:50;1;31;2;1;1;1;"43;6625600000";"1;4153200000"
202200008283;13;10;2022;18:15;1;63;1;1;2;7;"45;7627200000";"3;2062900000"
202200008284;1;7;2022;11:00;1;31;1;1;1;2;"43;6046000000";"1;3990000000"
202200008285;1;10;2022;09:30;1;62;2;9;1;6;"50;4929600000";"2;9849900000"
202200008286;1;7;2022;20:20;1;25;2;4;1;2;"47;5029770809";"6;8023791094"
202200008287;22;6;2022;15:27;1;70;1;1;1;3;"47;5877066000";"6;7663688000"
202200008288;14;10;2022;19:45;5;59;2;2;1;3;"50;6578928814";"3;1030100584"
202200008289;1;7;2022;10:50;1;21;2;3;1;6;"47;3240200000";"5;0174400000"
202200008290;24;6;2022;09:45;1;13;2;1;1;6;"43;4063000000";"4;9846400000"
202200008291;11;10;2022;13:45;1;59;2;1;1;6;"51;0363702164";"2;3846018314"
202200008292;2;7;2022;00:10;5;13;2;1;1;3;"43;2837287927";"5;4428359618"
202200008293;14;10;2022;07:05;5;57;2;2;2;3;"49;1201000000";"6;2167000000"
202200008294;1;7;2022;20:30;2;13;2;1;1;3;"43;2808700000";"5;3872700000"
202200008295;1;7;2022;19:00;1;13;2;6;1;3;"43;2380100000";"5;4360400000"
202200008296;14;10;2022;07:53;3;56;2;6;2;3;"47;7365600000";" -3;4324800000"
202200008297;1;7;2022;17:50;1;13;2;2;1;3;"43;2882900000";"5;3846000000"
202200008298;1;7;2022;08:30;1;13;2;4;1;3;"43;2424780474";"5;3796275792"