Accident_Id;jour;mois;an;hrmn;lum;dep;agg;int;atm;col;lat;long
202200008299;30;6;2022;19:45;1;13;2;1;1;4;"43;5327700000";"5;4369900000"
202200008300;14;10;2022;23:00;5;54;1;1;2;1;"48;6995000000";"6;1366000000"
202200008301;29;6;2022;11:30;1;11;2;3;1;3;"43;2026600000";"2;3597000000"
202200008302;29;6;2022;08:35;1;11;2;6;1;3;"43;2149900000";"2;3668500000"
202200008303;14;10;2022;12:30;1;51;2;2;8;1;"49;2762981554";"4;0268674493"
202200008304;1;7;2022;18:34;1;10;2;1;1;4;"48;2977100000";"4;0952690000"
202200008305;13;10;2022;12:05;1;51;2;6;1;3;"49;2466300000";"4;0621700000"
202200008306;1;7;2022;18:49;1;06;2;1;1;3;"43;7203000000";"7;2515400000"
202200008307;29;6;2022;19:31;1;06;2;1;1;6;"43;6919300000";"7;2484400000"
202200008308;14;10;2022;08:30;2;50;2;2;2;6;"49;6373600000";" -1;5748700000"
202200008309;1;7;2022;07:43;1;06;2;1;1;2;"43;6495200000";"6;9233330000"
202200008310;13;10;2022;08:55;1;50;2;3;2;3;"49;6479700000";" -1;5868800000"
202200008311;1;7;2022;11:00;1;06;2;1;1;3;"43;5514600000";"7;0168000000"
202200008312;14;10;2022;11:05;1;49;2;6;2;7;"47;0590000000";" -0;9040000000"
202200008313;1;7;2022;16:18;1;75;2;4;1;6;"48;8353140000";"2;2721280000"
202200008314;14;10;2022;15:00;1;49;2;1;2;6;"47;4691000000";" -0;6021200000"
202200008315;1;7;2022;08:30;1;75;2;1;1;3;"48;9008990000";"2;3616080000"
202200008316;14;10;2022;13:05;1;45;2;1;2;3;"47;8314650000";"1;9286680000"
202200008317;30;6;2022;23:00;5;75;2;1;1;5;"48;8865230000";"2;2891010000"
202200008318;14;10;2022;13:20;1;43;2;9;1;3;"45;0265800000";"3;8805700000"
202200008319;30;6;2022;19:40;1;75;2;1;1;4;"48;8563440000";"2;4139230000"
202200008320;13;10;2022;16:55;1;43;2;1;1;7;"45;0397680000";"3;8900160000"
202200008321;29;6;2022;11:15;1;75;2;1;1;2;"48;9004790000";"2;3752800000"
202200008322;1;7;2022;15:00;1;75;2;2;1;2;"48;8396950000";"2;3566150000"
202200008323;1;7;2022;19:20;1;75;2;3;1;3;"48;8996420000";"2;3523520000"
202200008324;13;10;2022;17:10;1;41;2;1;2;7;"47;5809900000";"1;3222480000"
202200008325;1;7;2022;12:50;1;75;2;3;1;6;"48;8984800000";"2;3524720000"
202200008326;30;6;2022;21:15;1;75;2;1;1;3;"48;8899780000";"2;3458760000"
202200008327;30;6;2022;10:18;1;75;2;1;2;3;"48;8983270000";"2;3369830000"
202200008328;30;6;2022;22:35;5;75;2;5;1;3;"48;8930200000";"2;3274450000"
202200008329;1;7;2022;12:15;1;75;2;1;1;3;"48;8514570000";"2;2608850000"
202200008330;1;7;2022;09:00;1;75;2;2;1;3;"48;8431550000";"2;2602100000"
202200008331;30;6;2022;12:40;1;75;2;2;3;3;"48;8750890000";"2;2839660000"
202200008332;1;7;2022;10:42;1;75;2;3;1;3;"48;8311260000";"2;2924640000"
202200008333;1;7;2022;06:50;1;75;2;2;1;3;"48;8380320000";"2;2946830000"
202200008334;1;7;2022;11:45;1;75;2;4;1;4;"48;8387500000";"2;3308790000"
202200008335;1;7;2022;13:15;1;75;2;2;1;6;"48;8306030000";"2;3768210000"
202200008336;1;7;2022;03:20;5;75;2;2;1;6;"48;8229290000";"2;3687300000"
202200008337;30;6;2022;23:55;5;75;2;2;1;7;"48;8256740000";"2;3472470000"
202200008338;1;7;2022;22:10;5;75;2;1;1;6;"48;8391670000";"2;3913300000"
202200008339;1;7;2022;13:20;1;75;2;3;1;3;"48;8462430000";"2;3944990000"
202200008340;30;6;2022;08:30;1;75;2;2;2;3;"48;8318290000";"2;3976720000"
202200008341;1;7;2022;04:35;5;75;2;7;1;6;"48;8834570000";"2;3276970000"
202200008342;1;7;2022;20:15;1;75;2;5;1;6;"48;8771420000";"2;3003370000"
202200008343;1;7;2022;07:55;1;75;2;3;1;6;"48;8354370000";"2;3027200000"
202200008344;1;7;2022;17:40;1;75;2;3;1;3;"48;8563140000";"2;3566390000"
202200008345;30;6;2022;18:40;1;75;2;3;1;7;"48;8582830000";"2;3473210000"
202200008346;1;7;2022;21:40;1;94;2;1;1;3;"48;7477300000";"2;4360700000"
202200008347;1;7;2022;16:20;1;94;2;3;1;3;"48;7437850000";"2;3572550000"
202200008348;1;7;2022;18:00;1;94;2;3;1;4;"48;7857200000";"2;4493200000"
202200008349;30;6;2022;20:55;2;94;2;3;1;1;"48;8024100000";"2;4552700000"
202200008350;1;7;2022;21:10;2;94;2;1;1;2;"48;7277000000";"2;4360400000"
202200008351;1;7;2022;18:20;1;94;2;3;1;2;"48;7687065718";"2;4207031799"
202200008352;1;7;2022;16:43;1;94;2;1;1;6;"48;7734294158";"2;4194569946"
202200008353;27;6;2022;20:37;1;93;2;1;1;6;"48;9270860553";"2;3724085093"
202200008354;1;7;2022;03:30;5;93;2;9;1;6;"48;9388752247";"2;3490035534"
202200008355;1;7;2022;05:55;1;93;2;1;1;1;"48;8552700000";"2;5267700000"
202200008356;1;7;2022;11:17;1;93;2;1;1;1;"48;9052585708";"2;3725667596"
202200008357;29;6;2022;18:20;1;92;2;1;1;7;"48;7998387427";"2;1860016882"
202200008358;1;7;2022;12:30;1;92;2;3;1;3;"48;8524523206";"2;2162627727"
202200008359;1;7;2022;12:10;1;92;2;2;1;3;"48;8416328777";"2;2218838781"
202200008360;1;7;2022;09:40;1;92;2;3;1;3;"48;8859679274";"2;1756552270"
202200008361;1;7;2022;08:55;1;92;2;1;1;1;"48;8867600000";"2;1756300000"
202200008362;1;7;2022;21:45;5;92;2;1;1;3;"48;8785557593";"2;2118471860"
202200008363;1;7;2022;19:40;1;92;2;1;1;6;"48;8082580000";"2;2957770000"
202200008364;30;6;2022;18:00;1;92;2;1;1;3;"48;8281319495";"2;2674673498"
202200008365;1;7;2022;13:45;1;92;2;1;1;2;"48;9084581736";"2;2554084062"
202200008366;30;6;2022;18:55;1;92;2;1;1;6;"48;9130485168";"2;2566178143"
202200008367;30;6;2022;07:00;1;92;2;9;2;1;"48;9287895756";"2;2688626349"
202200008368;1;7;2022;11:55;1;92;2;1;1;6;"48;7797642876";"2;2601695955"
202200008369;27;6;2022;23:31;5;92;2;1;1;3;"48;9194448015";"2;2802663147"
202200008370;27;6;2022;18:00;1;92;1;1;1;6;"48;9067201693";"2;2851087749"
202200008371;1;7;2022;18:15;1;92;2;1;1;2;"48;7581406910";"2;3068484813"
202200008372;28;6;2022;22:20;3;66;1;1;1;6;"42;5381880000";"2;8403090000"
202200008373;28;6;2022;14:35;1;71;1;1;1;1;"46;7450700000";"4;0580960000"
202200008374;1;7;2022;15:00;1;51;1;4;7;7;"49;3024450000";"3;9038100000"
202200008375;2;7;2022;02:45;3;31;1;1;1;6;"43;6609180000";"1;3508890000"
202200008376;1;7;2022;00:25;5;65;1;3;1;6;"42;8088730000";"0;4212780000"
202200008377;2;7;2022;13:10;1;71;1;2;1;3;"46;5277450000";"4;1269221000"
202200008378;1;7;2022;10:15;1;68;2;1;1;6;"47;4938690000";"7;3138290000"
202200008379;2;7;2022;11:45;1;39;1;1;1;6;"46;8928340000";"5;8791770000"
202200008380;2;7;2022;18:00;1;25;2;3;1;3;"47;4092560000";"6;7724650000"
202200008381;2;7;2022;00:20;5;25;2;3;1;6;"47;2644480000";"6;0661540000"
202200008382;1;7;2022;18:30;1;31;2;1;1;1;"43;0788140000";"0;9567010000"
202200008383;2;7;2022;10:00;1;38;1;1;1;6;"44;8944990000";"5;8694080000"
202200008384;1;7;2022;12:49;1;02;1;1;1;7;"49;1881420000";"3;2450810000"
202200008385;1;7;2022;16:52;1;02;2;1;1;6;"49;3910060000";"3;3920080000"
202200008386;1;7;2022;20:40;2;01;2;1;1;3;"46;2208030000";"5;7375240000"
202200008387;2;7;2022;09:25;1;01;2;1;1;2;"46;1591190000";"5;3277040000"
202200008388;2;7;2022;14:00;1;70;1;1;1;6;"47;6902950000";"6;6696020000"
202200008389;2;7;2022;16:15;1;26;1;1;1;7;"44;6739400000";"5;5614100000"
202200008390;2;7;2022;02:30;3;54;2;1;1;6;"48;7508320000";"5;7630040000"
202200008391;2;7;2022;19:15;1;14;1;3;1;3;"49;2306580000";" -0;0866030000"
202200008392;2;7;2022;12:30;1;14;2;1;1;2;"49;3212280742";"0;0151705742"
202200008393;29;6;2022;11:50;1;90;1;9;1;3;"47;5981550000";"6;8071350000"
202200008394;1;7;2022;08:50;1;83;1;1;1;3;"43;6036530000";"6;2752570000"
202200008395;1;7;2022;16:00;1;73;1;3;1;3;"45;5792500000";"5;7933350000"
202200008396;1;7;2022;20:30;1;18;1;1;1;7;"46;7723240000";"2;5112770000"
202200008397;2;7;2022;18:40;1;21;2;1;1;1;"47;1315460000";"4;4884620000"
202200008398;2;7;2022;11:51;1;40;1;1;1;6;"43;5429430000";" -1;2752570000"
202200008399;2;7;2022;18:20;1;27;2;1;1;6;"49;0015180000";"0;6389000000"
202200008400;2;7;2022;06:25;2;48;1;1;1;6;"44;5521450000";"3;3160900000"
202200008401;1;7;2022;17:30;1;08;1;1;1;6;"49;6661940000";"5;1700330000"
202200008402;2;7;2022;00:00;3;31;1;1;1;2;"43;5256510000";"1;3816380000"
202200008403;2;7;2022;10:55;1;53;1;1;1;3;"48;3004356768";" -0;9660643960"
202200008404;1;7;2022;16:20;1;34;1;1;1;4;"43;6855320000";"4;0503500000"
202200008405;19;6;2022;18:30;1;30;1;1;1;4;"43;7917000000";"4;3029000000"
202200008406;2;7;2022;10:10;1;58;1;1;1;7;"46;6876010000";"3;2194130000"
202200008407;2;7;2022;07:20;2;13;1;1;1;2;"43;6398640000";"5;0091650000"
202200008408;2;7;2022;07:30;1;988;2;1;1;1;" -20;3676100000";"164;5620200000"
202200008409;2;7;2022;12:50;1;976;2;1;1;1;" -12;7840970000";"45;2751950000"
202200008410;2;7;2022;12:40;1;976;2;1;1;1;" -12;7977820000";"45;2759300000"
202200008411;2;7;2022;11:35;1;41;1;4;1;2;"47;6626710000";"1;5339550000"
202200008412;2;7;2022;16:30;1;95;1;1;1;1;"49;1424370000";"1;9813390000"
202200008413;22;6;2022;09:00;1;78;1;2;1;3;"48;5935520000";"1;9925000000"
202200008414;2;7;2022;19:55;1;78;1;1;1;6;"49;0211760000";"1;5540040000"
202200008415;1;7;2022;11:50;1;2B;2;3;1;1;"42;5499470000";"9;4532420000"
202200008416;28;6;2022;06:20;2;84;2;2;1;3;"44;2405800000";"4;7117350000"
202200008417;1;7;2022;14:10;1;63;1;1;1;7;"45;6103848512";"2;9522109032"
202200008418;2;7;2022;02:50;3;42;1;1;1;6;"45;5271160000";"4;1594280000"
202200008419;1;7;2022;10:00;1;38;1;3;1;1;"45;3172151000";"4;8104990000"
202200008420;1;7;2022;20:40;2;07;2;1;1;6;"45;0667110000";"4;8368310000"
202200008421;1;7;2022;18:15;1;01;1;3;1;3;"45;8841080000";"5;3453850000"
202200008422;1;7;2022;15:30;1;09;2;1;1;6;"42;9333800000";"1;8490020000"
202200008423;30;6;2022;17:15;1;79;2;3;1;3;"46;8385380000";" -0;4955380000"
202200008424;1;7;2022;19:05;1;86;1;2;1;3;"46;1485820000";"0;2238740000"
202200008425;2;7;2022;16:45;1;02;2;9;1;1;"49;5659960000";"4;0561630000"
202200008426;2;7;2022;12:20;1;80;1;2;1;3;"49;6695790000";"2;7594460000"
202200008427;28;6;2022;09:00;1;13;1;1;1;6;"43;3758715819";"5;3598573803"
202200008428;28;6;2022;07:50;1;13;1;1;1;5;"43;4051300000";"5;2966500000"
202200008429;30;6;2022;20:50;1;83;1;1;1;1;"43;2015470802";"5;7253789902"
202200008430;10;2;2022;20:40;5;13;2;3;1;6;"43;3408000000";"5;3823800000"
202200008431;10;2;2022;12:55;1;13;2;1;1;3;"43;2944300000";"5;3745900000"
202200008432;10;2;2022;09:25;1;13;2;2;1;2;"43;2831502436";"5;3928188156"
202200008433;10;2;2022;02:40;5;13;2;9;1;2;"43;2772321562";"5;3986553919"
202200008434;9;2;2022;19:50;5;13;2;1;1;1;"43;2860800000";"5;3839100000"
202200008435;9;2;2022;13:54;1;10;2;3;1;3;"48;2866471053";"4;0190380812"
202200008436;9;2;2022;12:56;1;10;2;1;1;2;"48;2994400000";"4;0896600000"
202200008437;10;2;2022;12:25;1;09;2;1;1;1;"42;9462090000";"1;6250680000"
202200008438;9;2;2022;10:10;1;09;2;1;1;6;"42;9551200000";"1;6239100000"
202200008439;10;2;2022;21:08;5;08;2;2;2;3;"49;7511687445";"4;7249469459"
202200008440;9;2;2022;16:50;1;06;2;1;1;7;"43;6550370000";"6;9391180000"
202200008441;10;2;2022;16:25;1;01;2;3;1;5;"46;1895460000";"5;2434930000"
202200008442;10;2;2022;18:30;5;75;2;1;2;3;"48;8256750000";"2;3866930000"
202200008443;10;2;2022;13:00;1;75;2;1;1;3;"48;8544570000";"2;4138350000"
202200008444;10;2;2022;20:45;5;75;2;7;3;6;"48;8648860000";"2;3988140000"
202200008445;10;2;2022;20:15;5;75;2;3;2;6;"48;8933160000";"2;3596240000"
202200008446;10;2;2022;19:35;5;75;2;3;2;6;"48;8789870000";"2;2927910000"
202200008447;10;2;2022;09:30;1;75;2;7;1;3;"48;8789500000";"2;2803290000"
202200008448;10;2;2022;19:00;5;75;2;1;2;3;"48;8522740000";"2;3092180000"
202200008449;9;2;2022;12:05;1;75;2;2;1;3;"48;8244850000";"2;3283210000"
202200008450;10;2;2022;17:15;1;75;2;1;1;6;"48;8199070000";"2;3592450000"
202200008451;10;2;2022;21:10;5;75;2;2;2;6;"48;8441850000";"2;4101250000"
202200008452;8;2;2022;18:40;5;75;2;2;1;6;"48;8404210000";"2;3789960000"
202200008453;10;2;2022;20:47;5;75;2;4;2;6;"48;8545650000";"2;3780800000"
202200008454;10;2;2022;20:38;5;75;2;4;2;3;"48;8824430000";"2;3691700000"
202200008455;10;2;2022;15:45;1;75;2;2;1;2;"48;8813260000";"2;3647180000"
202200008456;10;2;2022;15:10;1;75;2;3;1;7;"48;8508940000";"2;3089390000"
202200008457;10;2;2022;15:40;1;75;2;2;1;6;"48;8670320000";"2;3529370000"
202200008458;10;2;2022;07:15;5;94;2;3;1;1;"48;7833500000";"2;4178300000"
202200008459;10;2;2022;21:00;5;94;2;9;2;3;"48;8414100000";"2;4183400000"
202200008460;10;2;2022;13:50;1;94;2;1;2;3;"48;8159000000";"2;3603200000"
202200008461;9;2;2022;15:15;1;94;2;3;1;2;"48;7397700000";"2;3898800000"
202200008462;10;2;2022;14:45;1;94;2;1;2;5;"48;8170800000";"2;4198300000"
202200008463;10;2;2022;21:30;5;93;2;1;8;3;"48;9201800000";"2;3870800000"
202200008464;10;2;2022;15:32;1;93;2;1;2;7;"48;9240500000";"2;4804300000"
202200008465;10;2;2022;17:35;1;92;2;2;1;4;"48;8128065899";"2;2796923220"
202200008466;9;2;2022;17:03;1;92;2;1;1;3;"48;8671713623";"2;2002359032"
202200008467;10;2;2022;18:24;5;92;2;1;2;6;"48;9031800000";"2;2580900000"
202200008468;9;2;2022;07:45;1;92;2;1;1;6;"48;9185210000";"2;2396720000"
202200008469;10;2;2022;18:05;5;92;2;6;2;3;"48;7768535576";"2;2301315367"
202200008470;10;2;2022;12:00;1;92;2;1;1;6;"48;9264101938";"2;2736187279"
202200008471;11;2;2022;02:10;3;95;1;1;8;7;"49;1030903639";"2;2669172287"
202200008472;14;1;2022;10:50;1;51;2;1;7;7;"48;7220840000";"4;5920370000"
202200008473;8;2;2022;15:25;1;38;1;3;1;2;"45;4039040000";"4;8103170000"
202200008474;10;2;2022;15:20;1;73;2;3;1;3;"45;8300550000";"5;8428280000"
202200008475;11;2;2022;09:15;1;22;1;3;1;3;"48;4669630065";" -2;1234848500"
202200008476;11;2;2022;09:20;1;06;2;9;1;2;"43;6402060000";"7;1400350000"
202200008477;10;2;2022;20:15;3;972;1;1;1;1;"14;8327050000";" -61;0431670000"
202200008478;9;2;2022;18:21;5;67;2;2;1;1;"48;6102612299";"7;5593447685"
202200008479;11;2;2022;18:35;5;69;2;1;1;6;"45;6471310000";"4;8140130000"
202200008480;11;2;2022;16:34;1;95;2;1;1;6;"49;1270404753";"2;3702064157"
202200008481;10;2;2022;13:00;1;56;1;1;1;3;"47;6984770000";" -2;7779640000"
202200008482;9;2;2022;14:05;1;74;2;1;1;6;"45;8311210000";"5;9203290000"
202200008483;11;2;2022;17:00;1;82;2;1;9;6;"44;1543990000";"1;5301900000"
202200008484;11;2;2022;17:28;1;63;1;9;1;6;"45;6005720000";"2;6917170000"
202200008485;11;2;2022;15:45;1;55;1;1;1;7;"49;4052034569";"5;6213033460"
202200008486;10;2;2022;14:00;1;86;1;1;1;1;"46;7206930000";"0;8171350000"
202200008487;11;2;2022;09:20;1;29;1;1;1;6;"47;8847626745";" -3;7522935815"
202200008488;10;2;2022;16:50;1;38;2;1;7;6;"45;4317300000";"6;0243800000"
202200008489;10;2;2022;21:45;3;03;1;1;1;1;"46;2209140000";"3;5587230000"
202200008490;10;2;2022;16:30;1;03;1;1;1;7;"46;5473400000";"3;3203230000"
202200008491;3;2;2022;16:55;1;06;2;1;1;1;"43;6721980000";"7;0367540000"
202200008492;7;2;2022;13:55;1;18;1;1;1;3;"47;0796570000";"2;4690110000"
202200008493;11;2;2022;18:50;3;10;2;1;1;1;"48;2539230000";"4;2598880000"
202200008494;11;2;2022;02:00;2;56;2;4;1;6;"48;0743010000";" -2;9624030000"
202200008495;11;2;2022;02:15;3;26;1;1;2;7;"45;1402180000";"4;9406780000"
202200008496;11;2;2022;02:30;3;17;1;1;1;7;"45;7309140000";" -1;1340590000"
202200008497;11;2;2022;17:49;1;03;1;1;1;7;"46;5756780000";"2;6183080000"
202200008498;19;1;2022;18:20;5;06;2;1;1;6;"43;6228460000";"7;0474720000"
202200008499;11;2;2022;14:30;1;02;1;1;1;6;"49;1031320000";"3;4557930000"
202200008500;11;2;2022;13:20;1;57;1;1;1;2;"49;1968910000";"6;9342610000"
202200008501;11;2;2022;14:00;1;95;1;1;1;6;"49;1538301214";"1;7765879631"
202200008502;11;2;2022;08:50;1;91;1;1;1;4;"48;3248130000";"2;3599580000"
202200008503;10;2;2022;19:10;3;84;1;1;1;2;"43;7241490000";"5;3903010000"
202200008504;8;2;2022;13:10;1;83;1;3;1;3;"43;6113740000";"6;7258110000"
202200008505;9;2;2022;07:00;2;06;1;1;1;1;"43;7672640000";"6;8567220000"
202200008506;10;2;2022;21:15;3;13;1;1;1;7;"43;6381250000";"4;8643680000"
202200008507;10;2;2022;21:00;3;68;1;1;2;6;"47;9244600000";"6;9692480000"
202200008508;10;2;2022;18:50;3;68;2;9;1;6;"47;8016970000";"7;1952350000"
202200008509;8;2;2022;11:35;1;03;1;2;1;3;"46;4032070000";"2;9436250000"
202200008510;11;2;2022;07:41;2;42;1;4;1;3;"45;6429980000";"4;0688680000"
202200008511;11;2;2022;15:40;1;01;1;1;1;1;"45;8422090000";"4;9956460000"
202200008512;11;2;2022;17:40;1;81;2;1;1;6;"43;5769790000";"2;1144180000"
202200008513;24;1;2022;13:15;1;31;1;1;1;3;"43;4811040000";"1;3364060000"
202200008514;4;1;2022;00:00;3;64;1;1;1;7;"43;1916230000";" -0;3906400000"
202200008515;11;2;2022;18:40;5;76;2;2;1;3;"49;5271370000";"0;6960330000"
202200008516;10;2;2022;17:00;1;13;1;1;1;2;"43;3499630000";"5;3689290000"
202200008517;9;2;2022;19:30;4;13;1;1;1;6;"43;3732220000";"5;1858410000"
202200008518;10;2;2022;08:35;1;69;1;1;1;5;"45;6950200000";"4;8298000000"
202200008519;9;2;2022;09:55;1;69;1;1;1;2;"45;6707700000";"4;9352900000"
202200008520;9;2;2022;05:05;1;33;1;1;1;6;"44;7191810000";" -0;5214800000"
202200008521;10;2;2022;09:55;1;94;1;1;1;3;"48;7806300000";"2;3464500000"
202200008522;10;2;2022;09:05;1;75;1;1;1;4;"48;8483190000";"2;2476910000"
202200008523;10;2;2022;06:30;2;92;1;1;1;4;"48;9310731507";"2;2444587455"
202200008524;9;2;2022;08:20;1;92;1;1;1;6;"48;9351372064";"2;2666542124"
202200008525;10;2;2022;08:09;2;95;1;1;1;2;"49;0288200000";"2;5379850000"
202200008526;10;2;2022;04:55;3;93;2;1;1;2;"48;9463900000";"2;4416900000"
202200008527;9;2;2022;16:35;1;95;1;1;1;6;"48;9888400000";"2;5095300000"
202200008528;9;2;2022;09:45;1;93;1;1;1;3;"48;9301900000";"2;3641500000"
202200008529;9;2;2022;23:15;5;94;1;9;1;6;"48;8209000000";"2;4008000000"
202200008530;9;2;2022;16:55;1;27;2;1;7;6;"49;0166600000";"1;1230900000"
202200008531;9;2;2022;18:45;5;06;2;1;1;1;"43;6529390000";"7;1447320000"
202200008532;9;2;2022;08:55;1;38;2;1;7;3;"45;1471400000";"5;7268500000"
202200008533;9;2;2022;11:35;1;974;2;1;1;5;" -21;2984480000";"55;4568040000"
202200008534;8;2;2022;19:40;5;974;2;2;1;3;" -20;9492000000";"55;2939000000"
202200008535;9;2;2022;10:15;1;973;2;1;2;3;"4;9320900000";" -52;3076900000"
202200008536;9;2;2022;21:05;5;69;2;1;1;6;"45;7417200000";"4;8526400000"
202200008537;9;2;2022;07:34;2;69;2;2;1;3;"45;7349324269";"4;8357083067"
202200008538;9;2;2022;04:30;5;69;2;2;1;3;"45;7423800000";"4;8506800000"
202200008539;9;2;2022;08:37;1;95;2;1;1;6;"48;9744026773";"2;3763433099"
202200008540;9;2;2022;16:40;1;95;2;1;1;6;"48;9821768069";"2;4218872190"
202200008541;9;2;2022;10:00;1;95;2;1;1;2;"48;9922976388";"2;2947183251"
202200008542;9;2;2022;08:50;1;95;2;1;7;6;"48;9653618065";"2;3289567232"
202200008543;9;2;2022;01:30;3;91;2;1;1;7;"48;6872860000";"2;5161490000"
202200008544;9;2;2022;07:20;2;91;1;6;2;7;"48;4227500000";"2;1791300000"
202200008545;8;2;2022;21:50;3;88;1;1;9;1;"48;0540000000";"6;7033000000"
202200008546;8;2;2022;21:33;3;87;1;1;1;6;"45;7900800000";"1;3032900000"
202200008547;9;2;2022;11:55;1;83;2;3;1;3;"43;1275700000";"5;8592000000"
202200008548;9;2;2022;18:30;2;78;2;3;1;1;"48;9449900000";"2;2021300000"
202200008549;9;2;2022;13:05;1;77;2;4;7;6;"48;4747300000";"2;6931400000"
202200008550;9;2;2022;13:30;1;76;2;3;1;3;"49;4452300000";"1;0859100000"
202200008551;9;2;2022;08:45;1;69;2;1;7;3;"45;6923665936";"4;9556493759"
202200008552;9;2;2022;08:00;2;69;2;2;1;1;"45;7662800000";"5;0291000000"
202200008553;9;2;2022;08:30;1;69;2;1;1;2;"46;0079800000";"4;7267400000"
202200008554;9;2;2022;11:25;1;67;2;3;1;3;"48;5861600000";"7;7628700000"
202200008555;8;2;2022;20:10;5;67;2;3;1;6;"48;5620000000";"7;6974800000"
202200008556;5;2;2022;19:35;5;67;2;1;1;6;"48;5893139850";"7;7666071057"
202200008557;9;2;2022;11:00;1;64;2;2;1;3;"43;3068700000";" -0;3277300000"
202200008558;9;2;2022;08:40;1;64;1;6;1;3;"43;3392990000";" -0;3800040000"
202200008559;8;2;2022;14:02;1;63;2;1;1;2;"45;8130900000";"3;1094600000"
202200008560;9;2;2022;08:55;1;60;2;1;1;6;"49;3996400000";"2;8001000000"
202200008561;6;1;2022;08:45;1;59;2;1;1;3;"50;6059207993";"3;0665588379"
202200008562;9;2;2022;08:15;2;59;2;1;1;3;"50;6215245833";"3;0596119165"
202200008563;9;2;2022;11:50;1;54;2;1;1;2;"48;6235500000";"6;2901700000"
202200008564;9;2;2022;18:00;5;51;2;1;1;7;"49;2508570675";"4;0241027706"
202200008565;9;2;2022;17:45;5;51;2;6;1;2;"49;2127500000";"4;0162300000"
202200008566;9;2;2022;16:10;1;51;2;1;1;7;"49;2655318443";"4;0298750929"
202200008567;9;2;2022;08:50;1;51;2;2;1;3;"49;2545500000";"4;0482500000"
202200008568;8;2;2022;18:02;2;50;1;3;8;1;"49;1324950000";" -1;0683520000"
202200008569;8;2;2022;21:14;5;49;2;1;1;2;"47;4808000000";" -0;5505300000"
202200008570;8;2;2022;16:26;1;49;2;1;1;3;"47;4771500000";" -0;5527300000"
202200008571;8;2;2022;12:24;1;49;2;1;1;2;"47;4675100000";" -0;5556200000"
202200008572;9;2;2022;17:00;1;43;2;9;1;2;"45;0450300000";"3;8945700000"
202200008573;9;2;2022;17:54;2;38;2;1;1;6;"45;1934900000";"5;7311000000"
202200008574;9;2;2022;11:10;1;37;1;1;1;2;"47;3630700000";"0;6487200000"
202200008575;9;2;2022;05:45;5;37;2;1;1;6;"47;3973978280";"0;6993484497"
202200008576;8;2;2022;19:50;3;37;2;1;1;6;"47;3221014879";"0;6992197037"
202200008577;9;2;2022;15:50;1;35;2;1;1;6;"48;1283000000";" -1;7010400000"
202200008578;9;2;2022;07:35;2;33;2;6;1;3;"44;8009400000";" -0;6853800000"
202200008579;10;2;2022;00:10;5;31;2;9;1;6;"43;5705200000";"1;4024500000"
202200008580;3;2;2022;16:50;1;30;2;1;1;3;"43;8242200000";"4;3274600000"
202200008581;8;2;2022;18:34;3;29;1;1;1;6;"48;0217000000";" -4;0838800000"
202200008582;8;2;2022;19:20;5;29;2;1;2;6;"47;8738450000";" -3;8919130000"
202200008583;9;2;2022;16:15;1;22;2;6;1;2;"48;5026800000";" -2;7382300000"
202200008584;9;2;2022;18:35;5;14;2;1;1;6;"49;1429600000";" -0;3405700000"
202200008585;9;2;2022;20:10;5;13;2;6;1;2;"43;4136122323";"5;2216152197"
202200008586;8;2;2022;19:30;3;13;2;1;1;3;"43;6281765074";"5;1142271116"
202200008587;9;2;2022;20:34;5;13;2;9;1;3;"43;4987000000";"4;9865800000"
202200008588;9;2;2022;00:15;5;06;2;3;1;3;"43;7174530000";"7;2529200000"
202200008589;8;2;2022;17:35;1;06;1;1;1;2;"43;6354950000";"6;9452320000"
202200008590;9;2;2022;09:15;1;02;1;1;7;2;"49;6492398000";"3;3185200000"
202200008591;8;2;2022;13:22;1;75;2;1;1;2;"48;8764458841";"2;2783246636"
202200008592;9;2;2022;10:10;1;75;2;1;1;7;"48;8451000000";"2;3416690000"
202200008593;9;2;2022;16:35;1;75;2;7;1;3;"48;8644742062";"2;4089978635"
202200008594;8;2;2022;12:40;1;75;2;2;1;3;"48;8535300000";"2;4107860000"
202200008595;9;2;2022;14:00;1;75;2;1;1;3;"48;8881090014";"2;3905791342"
202200008596;9;2;2022;15:30;1;75;2;7;1;3;"48;8955230765";"2;3593293875"
202200008597;9;2;2022;11:40;1;75;2;2;1;3;"48;8919280000";"2;3261690000"
202200008598;8;2;2022;23:00;5;75;2;2;1;3;"48;8311060000";"2;3442420000"
202200008599;9;2;2022;12:20;1;75;2;3;1;6;"48;8406340000";"2;3911400000"
202200008600;8;2;2022;23:20;5;75;2;1;1;2;"48;8368810000";"2;3778530000"
202200008601;8;2;2022;22:33;5;75;2;2;1;3;"48;8316630000";"2;3978650000"
202200008602;9;2;2022;17:00;1;75;2;3;1;7;"48;8578140625";"2;3919859529"
202200008603;9;2;2022;12:35;1;75;2;7;1;6;"48;8640860000";"2;3201230000"
202200008604;8;2;2022;07:45;5;75;2;3;1;6;"48;8710890000";"2;3035210000"
202200008605;9;2;2022;07:20;2;75;2;1;1;3;"48;8529060000";"2;3263160000"
202200008606;9;2;2022;09:10;1;94;2;1;1;2;"48;8456900000";"2;4196600000"
202200008607;8;2;2022;17:05;2;94;2;2;1;3;"48;8067400000";"2;5039200000"
202200008608;9;2;2022;15:50;1;94;2;1;1;3;"48;8073520000";"2;4599840000"
202200008609;9;2;2022;10:35;1;94;2;2;1;3;"48;8024200000";"2;4278100000"