Accident_Id;jour;mois;an;hrmn;lum;dep;agg;int;atm;col;lat;long
202200008610;8;2;2022;11:55;1;94;2;1;8;3;"48;7940600000";"2;5332800000"
202200008611;9;2;2022;19:50;5;94;2;9;1;1;"48;8198100000";"2;5322600000"
202200008612;9;2;2022;14:50;1;94;2;2;1;6;"48;7498442258";"2;5083632468"
202200008613;8;2;2022;22:30;5;93;2;2;1;3;"48;8969000000";"2;5378800000"
202200008614;9;2;2022;15:50;1;93;2;1;1;6;"48;8910900000";"2;4113000000"
202200008615;9;2;2022;09:10;1;93;2;1;1;3;"48;8627844029";"2;5358033180"
202200008616;8;2;2022;23:17;5;93;2;1;1;1;"48;8935945810";"2;4361809473"
202200008617;9;2;2022;16:40;1;93;2;1;1;6;"48;9598950000";"2;2916630000"
202200008618;9;2;2022;13:15;1;93;2;3;1;3;"48;9070400000";"2;4295100000"
202200008619;9;2;2022;10:10;1;92;2;1;1;6;"48;8876155699";"2;2067562863"
202200008620;9;2;2022;11:55;1;92;2;1;1;6;"48;8139610249";"2;3259604275"
202200008621;8;2;2022;08:45;2;92;2;1;1;7;"48;8144000247";"2;3082591891"
202200008622;8;2;2022;18:40;2;92;2;2;1;5;"48;9221886796";"2;3061473519"
202200008623;9;2;2022;09:25;1;92;2;1;1;2;"48;8919702184";"2;2580696940"
202200008624;8;2;2022;13:40;1;92;2;1;1;7;"48;8990463828";"2;2351628244"
202200008625;9;2;2022;14:56;1;92;2;6;1;4;"48;9106464376";"2;3060554862"
202200008626;1;8;2022;14:00;1;75;2;1;1;4;"48;8302760000";"2;4020370000"
202200008627;3;8;2022;19:00;1;75;2;2;1;6;"48;8958080000";"2;3835760000"
202200008628;2;8;2022;23:30;5;75;2;7;1;3;"48;9009380000";"2;3882110000"
202200008629;3;8;2022;09:10;1;75;2;1;1;3;"48;8689320000";"2;2517320000"
202200008630;3;8;2022;19:45;1;75;2;1;1;3;"48;8539130000";"2;3776620000"
202200008631;3;8;2022;17:24;1;75;2;3;1;2;"48;8690410000";"2;3147750000"
202200008632;3;8;2022;16:30;1;75;2;2;1;6;"48;8565720000";"2;3554730000"
202200008633;3;8;2022;14:45;1;75;2;2;1;3;"48;8634020000";"2;3509500000"
202200008634;2;8;2022;09:00;1;94;1;9;1;4;"48;8286570000";"2;5013210000"
202200008635;1;8;2022;21:55;5;94;2;1;1;3;"48;8060500000";"2;3729100000"
202200008636;3;8;2022;11:30;1;94;2;9;7;3;"48;7681000000";"2;3733000000"
202200008637;3;8;2022;15:15;1;94;2;2;1;3;"48;8246800000";"2;4125900000"
202200008638;2;8;2022;16:00;1;94;2;1;7;3;"48;8111287725";"2;5159429014"
202200008639;3;8;2022;13:10;1;93;2;2;1;3;"48;9601400000";"2;5743500000"
202200008640;3;8;2022;15:10;1;93;2;2;1;3;"48;8831700000";"2;4969000000"
202200008641;3;8;2022;10:30;1;93;2;2;1;3;"48;8480900000";"2;5389000000"
202200008642;11;4;2022;19:42;1;93;2;2;1;1;"48;8465600000";"2;5563800000"
202200008643;2;8;2022;23:00;5;93;2;1;1;6;"48;8741871486";"2;4555063012"
202200008644;3;8;2022;16:00;1;93;2;2;7;1;"48;9152000000";"2;5011200000"
202200008645;3;8;2022;00:10;5;93;2;1;1;3;"48;9069900000";"2;4548400000"
202200008646;3;8;2022;19:15;1;93;2;5;1;3;"48;9358229240";"2;4939114750"
202200008647;3;8;2022;10:30;1;93;2;3;1;3;"48;9371678815";"2;4986164954"
202200008648;3;8;2022;12:05;1;93;2;1;1;3;"48;9152600000";"2;3733800000"
202200008649;3;8;2022;11:40;1;92;2;1;1;6;"48;8258894830";"2;2694701552"
202200008650;2;8;2022;09:50;1;92;2;2;1;6;"48;8289103752";"2;2825357318"
202200008651;3;8;2022;18:00;1;92;2;2;1;3;"48;9000400000";"2;3061500000"
202200008652;3;8;2022;20:34;1;92;2;1;1;3;"48;8154993176";"2;2568680644"
202200008653;10;6;2022;15:38;1;86;1;9;1;3;"46;8160900000";"0;4575310000"
202200008654;3;8;2022;10:20;1;22;2;1;1;2;"48;5460040000";" -2;9647960000"
202200008655;3;8;2022;07:28;2;84;2;1;1;2;"44;1073120000";"4;7591860000"
202200008656;4;8;2022;05:55;2;52;1;1;1;6;"48;0389145439";"5;0648924073"
202200008657;3;8;2022;16:35;1;84;1;1;1;6;"44;1644360000";"4;9009320000"
202200008658;4;8;2022;16:45;1;58;1;1;1;6;"47;0367890000";"3;1409740000"
202200008659;4;8;2022;19:30;2;30;1;1;1;6;"44;1208820000";"4;6854760000"
202200008660;3;8;2022;20:20;1;30;1;2;1;1;"44;0777160000";"4;5871410000"
202200008661;4;8;2022;17:35;1;74;1;1;1;7;"46;3114240000";"6;2794170000"
202200008662;3;8;2022;23:40;3;83;1;1;1;6;"43;3649697328";"6;2397193909"
202200008663;3;8;2022;18:45;1;56;1;1;1;1;"47;8633290000";" -2;8195030000"
202200008664;2;8;2022;18:25;1;74;2;1;1;6;"45;8290660000";"6;2046620000"
202200008665;3;8;2022;10:50;1;81;1;1;1;7;"44;0384870000";"2;3612670000"
202200008666;4;8;2022;08:30;1;11;2;4;1;6;"42;9634730000";"2;8624270000"
202200008667;3;8;2022;14:50;1;89;1;1;1;7;"47;9469940000";"3;8919500000"
202200008668;3;8;2022;16:50;1;63;2;1;1;7;"45;8597410000";"3;6623200000"
202200008669;3;8;2022;18:50;1;63;2;1;1;7;"45;4136931172";"3;3295708895"
202200008670;4;8;2022;17:55;1;63;1;2;1;2;"45;7247950000";"3;2784100000"
202200008671;4;8;2022;10:00;1;61;1;1;1;6;"48;8468410000";"0;3985980000"
202200008672;3;8;2022;18:45;1;12;1;1;1;2;"44;2323320000";"2;0197140000"
202200008673;3;8;2022;23:25;3;46;1;1;1;7;"44;8753510000";"1;7011540000"
202200008674;2;8;2022;19:18;1;25;1;1;1;7;"47;1325500000";"6;6777480000"
202200008675;3;8;2022;15:20;1;29;1;1;1;7;"47;8496563900";" -4;2492914190"
202200008676;4;8;2022;00:25;3;38;1;1;1;3;"45;5934290000";"5;5546560000"
202200008677;4;8;2022;08:30;1;05;1;4;1;2;"44;5474550000";"5;8540180000"
202200008678;4;8;2022;00:30;3;50;1;1;1;7;"49;0749050000";" -0;9171620000"
202200008679;3;8;2022;17:10;1;64;1;1;1;5;"43;3249280000";" -1;3814020000"
202200008680;4;8;2022;15:50;1;64;2;2;1;6;"43;2059260822";" -0;2579349324"
202200008681;4;8;2022;09:30;1;18;1;1;1;6;"47;3712250000";"2;1556320000"
202200008682;3;8;2022;10:40;1;43;2;3;1;7;"45;2349480000";"4;4072720000"
202200008683;28;7;2022;08:50;1;07;1;1;1;7;"44;3551130000";"4;2279820000"
202200008684;4;8;2022;14:10;1;53;1;1;1;7;"48;0750400000";" -0;6314130000"
202200008685;3;8;2022;19:50;1;40;1;1;1;6;"43;8038691721";" -0;4519578228"
202200008686;30;7;2022;14:45;1;27;1;1;1;7;"49;2745810000";"0;9483220000"
202200008687;4;8;2022;16:00;1;27;2;2;1;3;"49;0989750000";"0;6107280000"
202200008688;4;8;2022;12:00;1;30;1;1;7;7;"43;9763500000";"3;5418680000"
202200008689;3;8;2022;09:20;1;30;1;1;1;7;"44;2734910000";"4;3036790000"
202200008690;3;8;2022;15:45;1;51;1;1;1;7;"49;1491240000";"3;6700080000"
202200008691;2;8;2022;10:50;1;69;1;1;1;7;"45;7928510000";"4;4027280000"
202200008692;2;8;2022;17:20;1;987;2;1;1;2;" -16;7156380000";" -151;0332100000"
202200008693;31;7;2022;09:00;1;988;1;1;1;6;" -20;9176360000";"165;3131890000"
202200008694;20;7;2022;18:50;1;2B;1;2;1;1;"42;3500840000";"9;5326030000"
202200008695;3;8;2022;10:00;1;11;1;1;9;3;"43;0220332173";"2;9878842225"
202200008696;3;8;2022;08:35;1;11;1;2;1;3;"43;2717470000";"2;3166430000"
202200008697;4;8;2022;02:17;3;08;2;1;1;6;"50;0928315477";"4;7123188376"
202200008698;4;8;2022;15:30;1;03;1;1;1;7;"46;1979380000";"3;6421390000"
202200008699;3;8;2022;21:30;5;74;2;1;1;6;"45;9186470000";"6;8735630000"
202200008700;4;8;2022;09:50;1;73;1;1;1;6;"45;2093940000";"6;4561250000"
202200008701;3;8;2022;17:30;1;49;1;1;1;1;"47;4740999675";" -0;1584394276"
202200008702;4;8;2022;18:30;1;27;1;1;8;1;"49;1689520000";"1;2936190000"
202200008703;3;8;2022;15:26;1;13;1;1;1;7;"43;4021700000";"5;2961000000"
202200008704;3;8;2022;06:15;1;91;1;1;1;3;"48;7426600000";"2;3224700000"
202200008705;3;8;2022;11:30;1;78;1;1;1;4;"48;9827400000";"1;6837300000"
202200008706;2;8;2022;12:00;1;78;1;1;1;5;"48;7791650000";"2;2004060000"
202200008707;2;8;2022;09:25;1;78;1;1;1;3;"48;8057030000";"2;0510590000"
202200008708;8;5;2022;12:20;1;32;1;1;1;7;"43;6503700000";"0;6366000000"
202200008709;30;7;2022;17:10;1;974;2;1;1;6;" -20;8938500000";"55;4782000000"
202200008710;8;3;2022;05:50;1;974;2;1;2;3;" -20;9669400000";"55;6686400000"
202200008711;2;8;2022;08:20;1;974;2;1;1;2;" -20;9352000000";"55;2963300000"
202200008712;1;8;2022;11:05;1;974;2;2;1;3;" -20;9574700000";"55;3140900000"
202200008713;2;8;2022;12:15;1;973;2;1;1;3;"4;9324273986";" -52;3127599061"
202200008714;3;8;2022;00:25;5;69;2;1;1;6;"45;7478500000";"4;8839200000"
202200008715;2;8;2022;10:45;1;69;2;1;1;2;"45;7512824950";"4;8544523120"
202200008716;2;8;2022;09:20;1;972;2;1;1;5;"14;6190180000";" -61;0447970000"
202200008717;2;8;2022;14:50;1;69;2;3;1;6;"45;7588001421";"4;8309735954"
202200008718;2;8;2022;09:09;1;2A;2;3;1;2;"41;9087400000";"8;7180000000"
202200008719;2;8;2022;09:00;1;2A;2;1;1;2;"41;9298347901";"8;7756128311"
202200008720;2;8;2022;08:40;1;95;2;1;1;3;"49;0001600000";"2;3486500000"
202200008721;1;8;2022;12:30;1;91;2;1;1;6;"48;6861700000";"2;4062700000"
202200008722;2;8;2022;12:35;1;91;2;2;1;3;"48;6524100000";"2;3526400000"
202200008723;1;8;2022;13:31;1;91;2;3;1;3;"48;7005100000";"2;3641700000"
202200008724;30;7;2022;10:06;1;87;1;1;1;7;"45;8709200000";"1;1962900000"
202200008725;2;8;2022;12:08;1;86;2;2;1;3;"46;5886090000";"0;3300670000"
202200008726;28;7;2022;19:15;1;85;2;1;1;3;"46;4871000000";" -1;7412100000"
202200008727;19;7;2022;10:50;1;85;2;3;1;3;"46;5287500000";" -1;7749600000"
202200008728;19;7;2022;09:45;1;85;2;1;1;3;"46;5101030000";" -1;7683817000"
202200008729;2;8;2022;08:30;1;83;2;3;1;3;"43;1256770000";"5;9284920000"
202200008730;1;8;2022;16:30;1;80;2;1;1;2;"49;8857400000";"2;3260000000"
202200008731;28;7;2022;12:10;1;80;2;1;1;4;"49;8710800000";"2;3024900000"
202200008732;2;8;2022;12:00;1;76;2;1;1;7;"49;5126700000";"0;1467000000"
202200008733;1;8;2022;19:30;1;76;2;1;7;2;"49;9096200000";"1;0662300000"
202200008734;27;7;2022;23:45;5;76;2;1;1;6;"49;9097099778";"1;0777229816"
202200008735;1;8;2022;20:30;1;74;2;3;1;1;"46;1951300000";"6;2240900000"
202200008736;2;8;2022;21:15;1;69;2;9;1;3;"45;5952600000";"4;7697700000"
202200008737;2;8;2022;10:00;1;67;2;1;1;2;"48;5877100000";"7;7574100000"
202200008738;30;7;2022;11:40;1;66;2;3;1;3;"42;7028400000";"2;8933100000"
202200008739;29;7;2022;18:30;1;66;2;1;1;2;"42;7332500000";"2;8898000000"
202200008740;2;8;2022;17:35;1;64;2;6;1;3;"43;3082600000";" -0;3385300000"
202200008741;2;8;2022;13:10;1;64;2;1;1;3;"43;2921000000";" -0;3653400000"
202200008742;2;8;2022;16:05;1;64;2;1;1;3;"43;4800200000";" -1;5225500000"
202200008743;1;8;2022;18:30;1;60;2;1;1;6;"49;4401900000";"2;0781200000"
202200008744;2;8;2022;12:30;1;59;1;2;1;3;"50;7558392821";"3;1245052814"
202200008745;31;7;2022;20:45;1;59;2;1;1;3;"50;6061908912";"3;0635145307"
202200008746;31;7;2022;11:20;1;59;2;3;1;3;"50;6087669013";"3;1734019518"
202200008747;31;7;2022;02:45;5;59;2;1;1;6;"50;3456429866";"3;1502223015"
202200008748;2;8;2022;09:25;1;57;2;1;1;7;"49;1036830577";"6;1874265280"
202200008749;28;7;2022;15:15;1;56;2;1;1;3;"47;6674200000";" -2;7883800000"
202200008750;30;7;2022;18:17;1;56;2;2;1;6;"47;7962500000";" -3;2941300000"
202200008751;2;8;2022;18:10;1;51;2;2;1;2;"49;2440200000";"4;0275500000"
202200008752;1;8;2022;17:15;1;49;2;2;1;3;"47;4804900000";" -0;5448700000"
202200008753;2;8;2022;21:25;3;45;2;1;1;6;"47;9879972857";"2;6772630215"
202200008754;3;8;2022;08:38;1;44;2;5;7;3;"47;2626800000";" -2;2389000000"
202200008755;2;8;2022;16:20;1;44;2;1;1;6;"47;2508100000";" -1;6185600000"
202200008756;1;8;2022;20:00;1;43;2;1;1;7;"45;0552900000";"3;9098000000"
202200008757;1;8;2022;10:55;1;43;2;1;1;1;"45;0479800000";"3;9168000000"
202200008758;2;8;2022;18:30;1;41;2;1;1;7;"47;5971700000";"1;3291300000"
202200008759;17;6;2022;09:00;1;40;2;1;1;6;"43;7115200000";" -1;0499900000"
202200008760;2;8;2022;19:07;1;35;1;1;1;4;"48;1490451053";" -1;6110822558"
202200008761;2;8;2022;15:20;1;33;2;2;1;3;"44;7999400000";" -0;6244300000"
202200008762;2;8;2022;01:50;3;33;1;1;1;1;"44;6338000000";" -1;1884000000"
202200008763;2;8;2022;04:08;5;27;2;1;1;7;"49;0222970000";"1;1634140000"
202200008764;2;8;2022;08:30;1;26;2;1;1;6;"44;5629300000";"4;7470400000"
202200008765;30;7;2022;14:50;1;19;2;2;1;3;"45;1625076525";"1;5327858925"
202200008766;2;8;2022;16:30;1;13;2;1;1;3;"43;3443300000";"5;3699200000"
202200008767;2;8;2022;01:30;5;13;2;1;1;1;"43;2551367578";"5;3763415709"
202200008768;1;8;2022;22:36;5;13;2;1;1;2;"43;2939200000";"5;4013100000"
202200008769;1;8;2022;19:58;1;13;2;7;1;3;"43;2990200000";"5;3808500000"
202200008770;1;8;2022;10:30;1;13;2;1;1;1;"43;2771322913";"5;3569918661"
202200008771;2;8;2022;15:35;1;13;2;1;1;2;"43;5129200000";"5;0014300000"
202200008772;2;8;2022;18:50;1;13;2;9;1;3;"43;2852800000";"5;5907600000"
202200008773;1;8;2022;15:00;1;11;1;1;1;3;"43;1158000000";"2;2130100000"
202200008774;22;7;2022;11:20;1;02;2;1;1;1;"49;3855000000";"3;3291900000"
202200008775;2;8;2022;11:38;1;75;2;7;1;3;"48;8395930000";"2;3954290000"
202200008776;2;8;2022;15:37;1;75;2;4;1;7;"48;8759830000";"2;3813230000"
202200008777;2;8;2022;14:53;1;75;2;2;1;6;"48;8795780000";"2;3895120000"
202200008778;2;8;2022;11:00;1;75;2;3;1;6;"48;8890570000";"2;3599040000"
202200008779;1;8;2022;11:38;1;75;2;1;1;6;"48;8984240000";"2;3509190000"
202200008780;2;8;2022;10:45;1;75;2;3;1;2;"48;8870430000";"2;3081500000"
202200008781;2;8;2022;19:30;1;75;2;1;1;2;"48;8635320000";"2;2896990000"
202200008782;2;8;2022;16:55;1;75;2;7;1;3;"48;8631110000";"2;2865120000"
202200008783;2;8;2022;00:15;5;75;2;2;1;3;"48;8595490000";"2;2752020000"
202200008784;2;8;2022;14:20;1;75;2;1;1;6;"48;8378990000";"2;2804920000"
202200008785;1;8;2022;22:41;5;75;2;5;1;3;"48;8367450000";"2;3518770000"
202200008786;21;11;2022;22:00;3;38;1;1;3;2;"45;4927307093";"4;8337742514"
202200008787;2;8;2022;07:51;1;75;2;1;1;1;"48;8775750000";"2;3503290000"
202200008788;20;11;2022;22:10;3;67;1;1;3;6;"48;5924800000";"7;7385200000"
202200008789;2;8;2022;14:40;1;75;2;1;1;3;"48;8729400000";"2;3111210000"
202200008790;21;11;2022;08:50;2;33;1;1;3;3;"44;9281400000";" -0;4705000000"
202200008791;1;8;2022;00:15;5;75;2;7;1;7;"48;8544140000";"2;3052120000"
202200008792;2;8;2022;15:45;1;75;2;2;1;7;"48;8693180000";"2;3542640000"
202200008793;22;11;2022;10:45;1;91;1;1;1;4;"48;6574800000";"2;3768300000"
202200008794;2;8;2022;21:46;5;94;2;9;1;3;"48;7963040000";"2;4167330000"
202200008795;22;11;2022;09:30;1;92;1;1;2;2;"48;9275585140";"2;2372593370"
202200008796;2;8;2022;09:10;1;94;2;3;1;3;"48;7276960000";"2;4455700000"
202200008797;2;8;2022;07:40;1;94;2;1;1;3;"48;7864960000";"2;5145800000"
202200008798;22;11;2022;11:40;1;92;1;1;8;4;"48;9435578314";"2;2873807879"
202200008799;1;8;2022;14:50;1;94;2;3;1;1;"48;7972200000";"2;5097000000"
202200008800;22;11;2022;11:30;1;93;2;1;1;2;"48;9198600000";"2;3574900000"
202200008801;22;11;2022;08:45;1;92;1;1;2;7;"48;9385801095";"2;3013526425"
202200008802;31;7;2022;23:45;5;94;2;2;1;3;"48;7914680000";"2;3266570000"
202200008803;22;11;2022;09:15;1;92;1;1;3;7;"48;9481266928";"2;2808524269"
202200008804;2;8;2022;12:45;1;94;1;1;1;3;"48;7536030000";"2;3585710000"
202200008805;22;11;2022;06:00;4;93;1;1;1;4;"48;9571638618";"2;4614532100"
202200008806;1;8;2022;10:40;1;94;2;2;1;3;"48;7777840000";"2;4625900000"
202200008807;21;11;2022;23:30;3;95;1;1;1;6;"48;9615205250";"2;2612202168"
202200008808;2;8;2022;10:30;1;94;2;3;1;3;"48;7684700000";"2;4138200000"
202200008809;21;11;2022;18:55;3;93;1;1;2;2;"48;9600890000";"2;4733800000"
202200008810;1;8;2022;19:19;1;94;2;9;1;1;"48;7682630000";"2;4095910000"
202200008811;21;11;2022;07:45;2;95;1;1;8;2;"48;9744286987";"2;4883440027"
202200008812;2;8;2022;20:38;1;93;2;6;1;6;"48;9181100000";"2;3296400000"
202200008813;23;9;2022;16:35;1;89;2;1;1;2;"47;8808180000";"3;5285740000"
202200008814;2;8;2022;14:20;1;93;2;3;1;3;"48;9315040087";"2;3643230430"
202200008815;1;8;2022;13:45;1;93;2;1;1;2;"48;9323200679";"2;3488919044"
202200008816;21;11;2022;16:30;1;75;2;4;1;2;"48;8620140000";"2;2643930000"
202200008817;2;8;2022;17:10;1;93;2;2;1;3;"48;8575500000";"2;4402800000"
202200008818;18;11;2022;17:50;5;75;2;1;2;2;"48;8827350000";"2;4006030000"
202200008819;2;8;2022;16:00;1;93;2;1;1;6;"48;9318700000";"2;5725800000"
202200008820;2;8;2022;05:30;2;93;2;1;1;2;"48;9387897478";"2;5688730040"
202200008821;21;11;2022;12:20;1;75;2;3;1;6;"48;8526630000";"2;3337020000"
202200008822;2;8;2022;00:56;5;93;2;3;1;3;"48;8586900000";"2;5216500000"
202200008823;21;11;2022;16:50;5;75;2;3;2;6;"48;8623500000";"2;4063130000"
202200008824;1;8;2022;22:30;5;93;2;1;1;7;"48;8955400000";"2;4885600000"
202200008825;21;11;2022;09:40;1;75;2;2;8;2;"48;8845410000";"2;3693940000"
202200008826;2;8;2022;20:15;1;92;2;3;1;3;"48;9033590216";"2;2908505797"
202200008827;3;8;2022;11:10;1;974;2;3;1;6;" -20;9839600000";"55;3261240000"
202200008828;21;11;2022;11:25;1;75;2;1;8;6;"48;8983790000";"2;3638480000"
202200008829;31;7;2022;06:15;2;974;1;1;1;6;" -20;9904710000";"55;2892920000"
202200008830;3;8;2022;15:50;1;80;1;1;1;1;"50;0258370000";"2;6031640000"
202200008831;21;11;2022;18:50;5;75;2;1;2;6;"48;8887030000";"2;3013270000"
202200008832;2;8;2022;21:00;5;2A;2;1;1;3;"41;6704350000";"8;9140270000"
202200008833;20;11;2022;03:35;5;75;2;2;1;3;"48;8880340000";"2;2996970000"
202200008834;2;8;2022;08:15;1;2A;1;1;1;1;"42;0340660000";"8;7648480000"
202200008835;1;6;2022;12:52;1;973;2;1;1;6;"4;9347000000";" -52;3116300000"
202200008836;2;8;2022;11:35;1;33;2;1;1;6;"44;5829520000";" -0;0341230000"
202200008837;21;11;2022;18:10;5;75;2;2;2;3;"48;8722980000";"2;2952830000"
202200008838;1;6;2022;16:30;1;69;2;3;1;6;"45;7428300000";"4;8497800000"
202200008839;31;7;2022;16:30;1;74;1;1;1;1;"46;3175770000";"6;6028260000"
202200008840;20;11;2022;22:30;5;75;2;1;1;2;"48;8400270000";"2;3029180000"
202200008841;1;6;2022;13:51;1;69;2;1;1;3;"45;7399900000";"4;8597700000"
202200008842;1;8;2022;13:30;1;71;1;1;1;6;"46;4095000000";"4;8583200000"
202200008843;2;8;2022;20:00;2;10;1;1;1;1;"48;2599056899";"3;9840728045"
202200008844;1;6;2022;16:30;1;91;2;7;1;2;"48;6314820000";"2;2669640000"
202200008845;1;8;2022;00:45;3;972;1;1;1;6;"14;5279850000";" -60;9963730000"
202200008846;7;11;2022;18:20;2;75;2;1;1;6;"48;8450220000";"2;4106580000"
202200008847;3;8;2022;06:35;2;12;1;1;7;1;"44;4026100000";"2;7411160000"
202200008848;1;6;2022;08:25;1;91;2;4;1;3;"48;6990290000";"2;4699310000"
202200008849;21;11;2022;20:20;5;75;2;2;2;3;"48;8640050000";"2;3706830000"
202200008850;2;8;2022;17:15;1;65;2;2;1;3;"43;2757490000";"0;1081410000"
202200008851;30;5;2022;10:15;1;91;2;9;1;6;"48;7030300000";"2;4625900000"
202200008852;2;8;2022;19:30;1;30;1;1;7;6;"44;0287020000";"4;5022270000"
202200008853;21;11;2022;17:00;2;75;2;3;2;6;"48;8758550000";"2;3580900000"
202200008854;1;6;2022;15:55;1;91;2;2;1;3;"48;6563536000";"2;3537970000"
202200008855;31;5;2022;18:54;1;87;2;1;1;7;"45;8765500000";"1;3042500000"
202200008856;21;11;2022;21:35;5;75;2;2;1;3;"48;8686480000";"2;3037070000"
202200008857;21;11;2022;10:20;1;75;2;7;1;3;"48;8752390000";"2;3194260000"
202200008858;1;6;2022;19:00;1;85;2;6;1;3;"46;6580100000";" -1;4499200000"
202200008859;21;11;2022;19:15;5;75;2;7;2;7;"48;8542700000";"2;3054310000"
202200008860;31;5;2022;18:05;1;83;2;1;1;4;"43;1390380000";"6;0338680000"
202200008861;30;5;2022;17:55;1;83;2;1;1;1;"43;1630400000";"5;7450000000"
202200008862;21;11;2022;18:00;5;75;2;2;2;3;"48;8599470000";"2;3131110000"
202200008863;1;6;2022;18:00;1;83;1;1;7;4;"43;0846900000";"6;1103500000"
202200008864;21;11;2022;21:15;5;75;2;3;1;2;"48;8673260000";"2;3633750000"
202200008865;19;5;2022;18:45;1;83;2;3;1;3;"43;4594900000";"6;7283800000"
202200008866;31;5;2022;07:45;1;80;2;2;1;3;"49;9112000000";"2;2550200000"
202200008867;1;6;2022;04:10;5;78;2;1;1;3;"48;9722470000";"1;9185490000"
202200008868;21;11;2022;16:00;2;94;2;1;3;3;"48;8026600000";"2;4345000000"
202200008869;21;11;2022;07:10;2;94;2;1;1;6;"48;8090200000";"2;3625800000"
202200008870;21;11;2022;17:55;5;94;2;3;2;6;"48;7623100000";"2;4064400000"
202200008871;1;6;2022;08:10;1;77;2;1;7;6;"48;8754150000";"2;7045500000"
202200008872;1;6;2022;11:45;1;74;2;1;8;3;"46;1934200000";"6;2473900000"
202200008873;21;11;2022;08:50;2;94;2;2;1;6;"48;8063238216";"2;5606789220"
202200008874;1;6;2022;10:40;1;73;2;6;8;3;"45;6669700000";"6;3711600000"
202200008875;1;6;2022;06:25;1;71;2;1;1;3;"46;7753061748";"4;8427526951"
202200008876;21;11;2022;09:04;1;94;2;1;1;3;"48;8162100000";"2;4197640000"
202200008877;21;11;2022;11:50;1;94;2;1;1;1;"48;7711700000";"2;5088500000"
202200008878;1;6;2022;13:00;1;69;2;1;1;4;"46;0228600000";"4;7204800000"
202200008879;1;6;2022;11:30;1;67;2;1;1;3;"48;5652500000";"7;7841100000"
202200008880;21;11;2022;09:00;1;94;2;3;1;3;"48;7325960000";"2;5122310000"
202200008881;31;5;2022;07:55;1;67;2;3;1;3;"48;5717500000";"7;7560600000"
202200008882;31;5;2022;18:45;1;66;1;1;1;2;"42;6790360000";"2;8725260000"
202200008883;19;11;2022;11:15;1;94;2;1;1;3;"48;7962350000";"2;4284060000"
202200008884;31;5;2022;18:40;1;65;2;3;1;3;"43;2137610000";"0;0516310000"
202200008885;21;11;2022;07:50;2;93;2;1;2;3;"48;9679400000";"2;3784500000"
202200008886;1;6;2022;15:10;1;64;1;6;7;2;"43;2912100000";" -0;4050200000"
202200008887;21;11;2022;18:40;3;93;2;1;2;6;"48;9011952222";"2;5126518309"
202200008888;1;6;2022;21:00;1;64;2;3;1;5;"43;5199600000";" -1;5232000000"
202200008889;21;11;2022;17:35;5;93;2;1;2;6;"48;8977190000";"2;5752970000"
202200008890;31;5;2022;19:25;1;64;2;1;1;2;"43;4967300000";" -1;5100600000"
202200008891;21;11;2022;06:00;5;93;2;1;1;6;"48;8919510000";"2;4776930000"
202200008892;9;5;2022;12:00;1;64;2;1;1;3;"43;4915500000";" -1;4909500000"
202200008893;1;5;2022;17:40;1;63;1;2;1;3;"45;7720000000";"3;2083300000"
202200008894;31;5;2022;11:00;1;63;2;1;1;6;"45;7954900000";"3;1005700000"
202200008895;21;11;2022;07:40;1;93;2;2;8;5;"48;9210650000";"2;4829270000"
202200008896;1;6;2022;15:20;1;59;2;4;1;2;"50;6120600000";"3;0001300000"
202200008897;21;11;2022;06:35;5;92;2;1;1;3;"48;9412622047";"2;3214406371"
202200008898;31;5;2022;12:00;1;59;2;2;1;5;"50;6764778097";"3;0810481310"
202200008899;31;5;2022;17:40;1;59;2;1;8;3;"50;1932900000";"3;2236500000"
202200008900;21;11;2022;18:40;5;92;2;3;2;3;"48;8727700000";"2;2210600000"
202200008901;1;6;2022;18:20;1;54;2;3;1;2;"48;6817842528";"6;1857678294"
202200008902;21;11;2022;17:25;5;92;2;3;2;3;"48;8106742111";"2;2087293863"
202200008903;30;5;2022;15:10;1;52;2;6;1;3;"48;0922500000";"5;1454100000"
202200008904;21;11;2022;18:15;5;92;2;9;2;3;"48;8840878055";"2;2814628482"
202200008905;1;11;2022;20:45;5;92;2;1;1;1;"48;9016188123";"2;2090378403"
202200008906;1;6;2022;18:30;1;51;2;3;1;3;"49;2708300000";"4;0144100000"
202200008907;21;11;2022;08:32;1;92;2;1;1;6;"48;8098481407";"2;2383063733"
202200008908;1;6;2022;16:10;1;51;2;3;1;3;"49;2148697703";"4;0489742160"
202200008909;21;11;2022;17:15;5;92;2;2;2;3;"48;9111748467";"2;2546968162"
202200008910;1;6;2022;16:15;1;51;1;1;1;2;"49;2540900000";"3;9735400000"
202200008911;21;11;2022;17:20;3;60;1;2;2;3;"49;4560822528";"2;4711830020"
202200008912;31;5;2022;19:15;1;51;2;3;1;3;"49;2681300000";"4;0470980000"
202200008913;22;11;2022;05:30;3;57;1;3;8;3;"49;2556430000";"6;2008390000"
202200008914;29;5;2022;15:45;1;50;2;9;1;7;"49;1088100000";" -1;1352300000"
202200008915;21;11;2022;18:35;3;35;1;1;2;1;"47;6726660000";" -2;0591370000"
202200008916;31;5;2022;15:08;1;49;2;1;1;2;"47;4904200000";" -0;5759200000"
202200008917;20;11;2022;11:00;1;63;1;4;1;1;"45;7114310000";"3;0746750000"
202200008918;28;4;2022;12:45;1;69;2;3;1;3;"45;7822300000";"4;9423700000"
202200008919;31;5;2022;12:19;1;49;2;1;1;3;"47;4634300000";" -0;4854700000"