Accident_Id;jour;mois;an;hrmn;lum;dep;agg;int;atm;col;lat;long
202200009226;27;4;2022;18:05;1;75;2;1;1;6;"48;8554420000";"2;3516500000"
202200009227;19;11;2022;17:25;5;42;2;1;1;6;"46;0362800000";"4;0651100000"
202200009228;26;12;2022;22:15;5;13;2;1;1;1;"43;1909227602";"5;6176214512"
202200009229;18;3;2022;07:31;2;82;2;1;1;3;"44;0356850000";"1;1136810000"
202200009230;1;6;2022;09:00;1;92;2;5;1;6;"48;8982814785";"2;2943505943"
202200009231;27;12;2022;17:20;2;13;2;9;1;6;"43;3011600000";"5;5703600000"
202200009232;28;4;2022;13:20;1;93;2;1;1;3;"48;9150000000";"2;3376900000"
202200009233;20;11;2022;14:00;1;42;2;1;1;2;"45;3825900000";"4;2728000000"
202200009234;1;6;2022;17:50;1;92;2;1;1;1;"48;9036769075";"2;2940214872"
202200009235;27;12;2022;10:30;1;13;2;6;1;6;"43;3008700000";"5;5700700000"
202200009236;18;3;2022;08:32;1;78;2;2;1;5;"48;9015750000";"2;0739110000"
202200009237;20;11;2022;06:18;5;37;2;3;1;2;"47;3654300000";"0;7131100000"
202200009238;28;4;2022;09:03;1;93;2;2;1;3;"48;8920800000";"2;5200200000"
202200009239;26;5;2022;18:55;1;92;2;1;1;6;"48;9041842335";"2;3050214946"
202200009240;26;12;2022;18:05;5;13;2;1;1;1;"43;6778900000";"4;6242200000"
202200009241;20;11;2022;19:00;5;35;2;3;1;1;"48;1146621713";" -1;6557745636"
202200009242;31;5;2022;19:00;1;92;2;1;1;1;"48;9217758716";"2;2830257714"
202200009243;28;4;2022;11:00;1;93;2;1;1;2;"48;8500700000";"2;5359900000"
202200009244;27;12;2022;17:35;5;07;2;6;1;3;"44;9397300000";"4;8651100000"
202200009245;20;11;2022;17:40;2;35;2;2;1;3;"48;0991800000";" -1;6792000000"
202200009246;1;6;2022;19:35;1;92;2;1;1;3;"48;7474848615";"2;2985018491"
202200009247;28;4;2022;17:10;1;93;2;1;1;2;"48;8538900000";"2;4343600000"
202200009248;20;11;2022;04:25;3;35;1;1;2;6;"48;1421900000";" -1;6484700000"
202200009249;26;12;2022;19:05;5;75;2;4;1;2;"48;9002380000";"2;3765440000"
202200009250;1;6;2022;08:45;1;92;2;3;1;3;"48;7579400000";"2;3068300000"
202200009251;16;11;2022;17:00;1;29;2;1;2;1;"48;5965100000";" -3;8415500000"
202200009252;28;4;2022;09:20;1;93;2;3;1;3;"48;9584170000";"2;3108190000"
202200009253;25;12;2022;15:55;1;75;2;4;1;2;"48;8349382541";"2;2733893991"
202200009254;17;3;2022;12:15;1;77;1;1;8;6;"48;5860000000";"2;6010000000"
202200009255;14;5;2022;10:55;1;06;2;1;1;3;"43;6345850000";"7;1337480000"
202200009256;20;11;2022;18:20;5;25;2;1;2;6;"46;9096300000";"6;3510800000"
202200009257;28;4;2022;11:05;1;93;2;2;1;6;"48;9247950620";"2;4150127172"
202200009258;25;12;2022;04:01;5;75;2;7;9;6;"48;8313500000";"2;3548400000"
202200009259;20;11;2022;20:46;3;17;1;1;2;2;"46;1757000000";" -1;1694900000"
202200009260;14;5;2022;09:30;1;16;1;2;1;7;"45;9628000000";"0;2859880000"
202200009261;18;3;2022;18:00;1;76;2;2;1;1;"49;2807700000";"1;0126600000"
202200009262;28;4;2022;20:25;2;93;2;1;1;3;"48;9086700000";"2;5440900000"
202200009263;27;12;2022;11:25;1;75;2;7;1;2;"48;9009425181";"2;3703190684"
202200009264;20;11;2022;16:00;1;13;1;1;1;1;"43;4283749835";"5;3695392608"
202200009265;18;3;2022;17:19;1;72;1;1;1;6;"47;9664300000";"0;2313100000"
202200009266;15;5;2022;11:20;1;30;2;1;1;2;"43;9070530000";"4;0044200000"
202200009267;28;4;2022;17:10;1;93;2;3;1;3;"48;9033500000";"2;5508700000"
202200009268;15;5;2022;12:00;1;73;2;1;1;6;"45;5670070470";"5;9182988852"
202200009269;27;12;2022;14:15;1;75;2;7;1;3;"48;8848498714";"2;2979184554"
202200009270;18;3;2022;13:30;1;72;2;1;1;2;"47;9642900000";"0;1626800000"
202200009271;20;11;2022;03:25;5;13;2;2;1;3;"43;2834700000";"5;3823300000"
202200009272;28;4;2022;11:30;1;93;2;1;1;3;"48;9118040000";"2;3796320000"
202200009273;26;12;2022;23:20;5;75;2;2;1;7;"48;8334163597";"2;3542043567"
202200009274;20;11;2022;05:50;5;13;2;1;1;2;"43;2851400000";"5;3912300000"
202200009275;18;3;2022;09:00;1;72;2;2;1;3;"48;0007300000";"0;2027600000"
202200009276;30;5;2022;19:10;1;33;1;1;1;5;"45;0130270000";" -0;4423710000"
202200009277;28;4;2022;08:05;1;92;2;2;1;3;"48;9347600000";"2;3248600000"
202200009278;27;12;2022;15:35;1;75;2;1;1;3;"48;8744750000";"2;3066470000"
202200009279;28;4;2022;14:15;1;92;2;1;1;6;"48;8598500000";"2;2193200000"
202200009280;17;3;2022;16:00;1;72;1;1;1;2;"48;0295400000";"0;1806000000"
202200009281;2;6;2022;07:45;1;60;1;3;1;3;"49;1593841629";"2;2378887534"
202200009282;26;12;2022;17:15;5;94;2;3;1;3;"48;8071200000";"2;4712900000"
202200009283;20;11;2022;05:10;5;13;2;6;1;3;"43;2541100000";"5;3818200000"
202200009284;27;4;2022;15:30;1;92;2;1;1;6;"48;8375320000";"2;1539890000"
202200009285;17;3;2022;01:33;5;67;2;3;1;3;"48;5753190531";"7;7547839284"
202200009286;26;12;2022;11:55;1;94;2;2;1;6;"48;8136700000";"2;5103300000"
202200009287;30;5;2022;05:13;2;60;1;1;1;3;"49;1581940000";"2;2679420000"
202200009288;19;11;2022;17:40;2;06;1;1;1;2;"43;7845700000";"7;5296000000"
202200009289;28;4;2022;14:00;1;92;2;3;1;5;"48;8177098408";"2;3241249919"
202200009290;27;12;2022;16:50;1;94;2;3;1;3;"48;8012500000";"2;4161600000"
202200009291;15;11;2022;17:45;5;01;2;3;2;3;"46;2725900000";"5;6660920000"
202200009292;18;3;2022;18:50;1;65;2;1;1;2;"43;2443740000";"0;0733620000"
202200009293;1;6;2022;18:10;1;13;1;1;1;2;"43;3429000000";"5;3757900000"
202200009294;27;12;2022;07:30;5;93;2;1;1;6;"48;8445400000";"2;5464900000"
202200009295;19;11;2022;04:40;5;75;2;1;1;7;"48;8602780000";"2;4009390000"
202200009296;28;4;2022;10:55;1;92;2;1;1;3;"48;8182917736";"2;3208543062"
202200009297;18;3;2022;17:20;1;64;2;3;1;3;"43;3488800000";" -1;7628590000"
202200009298;28;4;2022;14:45;1;92;2;1;1;7;"48;8113464637";"2;2582520842"
202200009299;1;6;2022;13:47;1;33;1;1;1;3;"44;7888600000";" -0;5408810000"
202200009300;27;12;2022;14:18;1;93;2;2;1;3;"48;9443100000";"2;4557100000"
202200009301;20;11;2022;11:23;1;75;2;3;2;3;"48;8725350000";"2;3785520000"
202200009302;28;4;2022;10:57;1;92;2;1;1;3;"48;7698359062";"2;2740270942"
202200009303;30;5;2022;18:50;1;33;1;1;1;2;"44;8160560000";" -0;6729890000"
202200009304;19;3;2022;00:38;5;64;2;9;1;3;"43;3063020000";" -0;3337800000"
202200009305;26;12;2022;23:00;5;92;2;3;8;3;"48;8682536186";"2;1911110282"
202200009306;20;11;2022;12:50;1;75;2;2;2;6;"48;8942300000";"2;3528630000"
202200009307;27;4;2022;17:55;2;92;2;1;1;2;"48;9321580873";"2;2754705250"
202200009308;30;4;2022;12:10;1;33;1;1;1;2;"44;7370500000";" -0;7167900000"
202200009309;18;3;2022;12:25;1;61;2;1;1;3;"48;4360000000";"0;0950000000"
202200009310;26;12;2022;18:35;5;92;2;9;1;1;"48;7854000000";"2;2511100000"
202200009311;18;11;2022;18:20;2;75;2;3;1;3;"48;8811920000";"2;3121390000"
202200009312;28;4;2022;06:30;1;92;2;1;1;3;"48;7519473511";"2;3029559254"
202200009313;1;6;2022;16:55;1;94;1;1;1;2;"48;7546257294";"2;3470137674"
202200009314;27;12;2022;08:10;2;92;2;2;1;1;"48;8012698769";"2;3150966763"
202200009315;15;3;2022;17:30;1;61;2;6;1;7;"48;4470000000";"0;1130000000"
202200009316;20;11;2022;16:50;2;75;2;7;1;1;"48;8277820000";"2;2924160000"
202200009317;29;4;2022;19:45;1;50;1;2;1;3;"48;8370690000";" -1;4986470000"
202200009318;27;12;2022;13:00;1;976;2;1;1;1;" -12;7351310000";"45;2038910000"
202200009319;18;3;2022;09:25;1;59;2;1;1;6;"50;7461830000";"3;1576960000"
202200009320;1;6;2022;08:26;1;91;1;1;1;2;"48;6339980000";"2;4044550000"
202200009321;20;11;2022;01:50;5;75;2;2;1;3;"48;8668540000";"2;3025940000"
202200009322;17;3;2022;07:05;1;57;2;1;1;6;"49;3278000000";"6;0679400000"
202200009323;18;6;2022;18:30;1;60;1;1;1;2;"49;1896700000";"2;8355030000"
202200009324;31;5;2022;18:00;1;92;1;1;1;3;"48;9388411377";"2;3085756868"
202200009325;19;4;2022;14:55;1;22;1;3;1;2;"48;6400690000";" -2;9906850000"
202200009326;19;11;2022;23:40;5;75;2;7;1;2;"48;8791270000";"2;3032170000"
202200009327;18;3;2022;10:45;1;56;1;1;1;6;"47;7709900000";" -3;3781400000"
202200009328;11;5;2022;18:00;1;92;1;1;1;6;"48;9435578314";"2;2873807879"
202200009329;27;12;2022;14:35;1;62;2;1;8;1;"50;6689870000";"1;8430960000"
202200009330;20;11;2022;05:05;5;75;2;7;1;7;"48;8619180000";"2;3020160000"
202200009331;18;3;2022;13:00;1;51;2;6;1;3;"49;2169700000";"4;0461700000"
202200009332;30;4;2022;14:10;1;68;1;4;2;3;"48;1346010000";"7;3428660000"
202200009333;27;12;2022;11:50;1;56;1;2;1;3;"47;7719730000";" -3;4112120000"
202200009334;31;5;2022;16:20;1;92;1;1;1;3;"48;9389254025";"2;3037921616"
202200009335;20;11;2022;19:40;5;75;2;3;1;3;"48;8588190000";"2;3645180000"
202200009336;18;3;2022;09:15;1;51;2;1;1;7;"49;2490235944";"4;0545907617"
202200009337;27;12;2022;14:29;1;56;1;1;2;3;"47;7578920000";" -3;1181220000"
202200009338;1;6;2022;16:45;1;94;1;1;1;2;"48;8298263325";"2;4968192711"
202200009339;20;11;2022;11:15;1;94;2;1;2;6;"48;7548700000";"2;3979600000"
202200009340;28;12;2022;10:10;1;76;2;1;1;7;"49;7264670000";"0;6035500000"
202200009341;29;4;2022;17:50;1;59;2;2;1;3;"50;4852457968";"3;4442950487"
202200009342;17;3;2022;19:24;5;51;2;1;1;3;"49;2541719130";"4;0406821668"
202200009343;25;4;2022;09:00;1;74;1;1;3;1;"46;0450960000";"6;1239390000"
202200009344;28;12;2022;10:40;1;65;1;1;1;5;"42;9588060000";" -0;0636430000"
202200009345;1;6;2022;07:30;1;77;1;1;1;4;"48;8308130000";"2;6077300000"
202200009346;28;12;2022;01:50;3;61;1;1;2;6;"48;7811590000";" -0;6196890000"
202200009347;16;12;2022;02:15;3;47;1;1;1;6;"44;4667740000";"0;9506820000"
202200009348;18;3;2022;14:14;1;49;2;2;1;3;"47;4663100000";" -0;5592800000"
202200009349;14;5;2022;14:20;1;55;1;1;1;7;"48;5581020000";"5;2722140000"
202200009350;20;11;2022;15:55;1;94;2;2;2;5;"48;7714892012";"2;4089951440"
202200009351;30;4;2022;09:40;1;80;2;1;1;2;"49;9239670000";"2;2069240000"
202200009352;28;12;2022;19:30;3;29;1;1;3;7;"47;9682910000";" -3;9082100000"
202200009353;26;12;2022;16:00;1;29;1;1;1;6;"48;2618623941";" -3;5715860036"
202200009354;27;12;2022;16:15;1;31;1;1;1;3;"43;7516990000";"1;2761410000"
202200009355;18;3;2022;08:25;1;49;2;1;1;3;"47;4728800000";" -0;4928100000"
202200009356;14;5;2022;20:20;1;31;1;1;1;6;"43;5403130000";"1;3001100000"
202200009357;20;11;2022;00:05;5;94;2;6;1;3;"48;8116900000";"2;5365600000"
202200009358;30;4;2022;14:55;1;33;1;2;1;3;"44;6827400000";" -0;1198890000"
202200009359;28;12;2022;14:15;1;15;2;1;1;6;"44;7117660000";"2;1980540000"
202200009360;20;11;2022;17:15;5;93;2;1;2;6;"48;9169130000";"2;3334180000"
202200009361;13;5;2022;16:45;1;77;1;6;1;6;"48;7917470000";"2;8690950000"
202200009362;27;12;2022;19:00;3;70;1;1;1;6;"47;8771170000";"6;3823970000"
202200009363;17;3;2022;19:45;5;47;2;2;1;1;"44;2053000000";"0;6154100000"
202200009364;29;4;2022;21:10;1;61;1;2;1;3;"48;3285940000";"0;7307830000"
202200009365;27;12;2022;20:25;5;58;2;1;1;7;"47;4599160000";"3;5236020000"
202200009366;20;11;2022;15:45;1;93;2;1;2;3;"48;9111700000";"2;3576300000"
202200009367;18;3;2022;08:35;1;45;2;1;1;6;"47;9064000000";"1;8926500000"
202200009368;28;12;2022;17:13;2;05;1;1;1;1;"44;5937220000";"6;5196780000"
202200009369;14;5;2022;03:13;5;34;2;1;1;6;"43;3341800000";"3;2336300000"
202200009370;20;11;2022;08:50;2;92;2;1;1;7;"48;8071400000";"2;2395400000"
202200009371;27;12;2022;19:50;3;50;1;1;2;6;"49;3160240000";" -1;5381820000"
202200009372;18;3;2022;09:00;1;44;2;1;1;3;"47;2796500000";" -2;2115500000"
202200009373;14;5;2022;20:15;1;75;2;2;1;6;"48;8690690000";"2;4088340000"
202200009374;20;11;2022;16:15;2;92;2;1;2;1;"48;8301000000";"2;2454600000"
202200009375;22;4;2022;19:10;1;49;1;1;1;6;"47;3847850000";" -0;4381550000"
202200009376;18;3;2022;04:20;5;44;2;1;1;6;"47;1946640000";" -1;6118420000"
202200009377;28;12;2022;08:50;1;50;1;1;3;3;"49;4203820000";" -1;6336260000"
202200009378;20;11;2022;05:00;5;92;2;1;1;6;"48;7688341253";"2;3109714389"
202200009379;26;12;2022;18:50;3;45;1;1;1;6;"48;0687740000";"2;8775490000"
202200009380;16;3;2022;14:25;1;40;2;1;1;2;"43;8737600000";" -0;5076800000"
202200009381;13;5;2022;00:05;5;75;2;2;1;3;"48;8460860000";"2;2769680000"
202200009382;29;4;2022;17:30;1;42;1;3;1;3;"45;4433360000";"4;0713520000"
202200009383;21;11;2022;18:20;5;14;2;1;3;6;"48;9834260000";" -0;4762850000"
202200009384;23;12;2022;13:20;1;45;2;3;2;3;"47;7229060000";"1;9356810000"
202200009385;26;4;2022;16:00;1;29;1;1;1;7;"48;4855950000";" -4;1485830000"
202200009386;18;3;2022;05:45;5;38;2;2;2;3;"45;1828800000";"5;7442300000"
202200009387;21;12;2022;14:00;1;10;2;1;8;6;"48;1178040000";"3;9719360000"
202200009388;20;11;2022;15:30;1;26;1;3;8;2;"44;5981570000";"5;0061610000"
202200009389;12;5;2022;21:00;2;63;1;1;2;1;"45;6545630000";"2;6911140000"
202200009390;30;4;2022;05:37;3;02;1;1;1;6;"49;8626440000";"3;5485730000"
202200009391;27;12;2022;20:20;3;36;1;1;1;3;"46;6798590000";"1;8398240000"
202200009392;19;11;2022;21:00;4;86;2;1;1;6;"46;8211930000";"0;3275930000"
202200009393;11;5;2022;15:45;1;86;1;1;1;1;"46;4584730000";"0;0781270000"
202200009394;30;4;2022;19:00;1;02;1;1;1;7;"49;6151170000";"3;2964460000"
202200009395;18;3;2022;07:35;1;37;2;1;1;3;"47;4209691895";"0;6733497977"
202200009396;21;11;2022;07:40;2;80;1;1;8;6;"50;1311640000";"1;8236120000"
202200009397;28;12;2022;18:40;3;16;1;1;2;1;"46;0319870000";"0;6588450000"
202200009398;29;4;2022;22:15;5;02;2;1;1;6;"49;5985100000";"3;2562850000"
202200009399;13;5;2022;02:20;3;44;2;1;1;6;"47;1290570000";" -1;6464080000"
202200009400;27;12;2022;18:40;3;16;1;1;1;6;"45;2299390000";"0;0357270000"
202200009401;19;11;2022;14:20;1;68;1;1;2;2;"48;0689980000";"7;4056780000"
202200009402;13;3;2022;13:22;1;35;1;1;2;6;"48;1103870687";" -1;5334525847"
202200009403;29;4;2022;20:00;1;84;1;4;1;3;"43;7900870000";"5;6055590000"
202200009404;24;12;2022;01:15;3;16;1;1;1;1;"45;6054480000";"0;2318280000"
202200009405;20;11;2022;15:15;1;62;1;2;1;1;"50;8804660000";"2;0583050000"
202200009406;28;4;2022;13:15;1;84;1;1;1;1;"43;8404240000";"5;2013500000"
202200009407;27;12;2022;18:45;3;85;1;1;5;1;"46;3667570000";" -1;0582280000"
202200009408;18;3;2022;19:40;5;34;2;1;2;6;"43;6090600000";"3;8564000000"
202200009409;20;11;2022;16:40;2;01;1;1;2;1;"46;0072232190";"4;7992551327"
202200009410;30;4;2022;09:05;1;50;1;1;1;1;"49;0833290000";" -1;5399800000"
202200009411;22;12;2022;12:00;1;78;2;1;8;3;"48;8393540000";"2;0663010000"
202200009412;21;11;2022;15:30;1;44;1;1;2;7;"47;4384920000";" -1;6397890000"
202200009413;6;5;2022;15:10;1;67;2;9;1;3;"48;7315190000";"7;7062820000"
202200009414;18;3;2022;15:23;1;33;2;2;1;3;"44;8592800000";" -0;5894300000"
202200009415;28;12;2022;08:30;1;64;1;1;1;2;"43;4460760000";" -0;3944210000"
202200009416;30;4;2022;17:10;1;73;2;4;1;1;"45;4481000000";"5;7840090000"
202200009417;20;11;2022;16:10;1;83;1;1;1;3;"43;4847970791";"5;7342846393"
202200009418;11;5;2022;13:30;1;12;2;1;1;6;"44;1657120000";"2;5281940000"
202200009419;28;12;2022;13:45;1;27;1;1;2;6;"49;1708390000";"1;2499520000"
202200009420;4;4;2022;18:45;1;21;2;1;1;7;"47;0164606625";"4;5847542285"
202200009421;18;3;2022;07:14;2;31;2;6;1;3;"43;6092800000";"1;3526800000"
202200009422;21;11;2022;06:45;3;31;1;1;3;6;"43;6693850000";"1;3565590000"
202200009423;23;12;2022;04:55;3;34;2;1;1;2;"43;6137220000";"3;8074650000"
202200009424;11;5;2022;17:55;1;68;2;4;1;6;"47;6715430000";"7;2667260000"
202200009425;21;11;2022;07:20;1;80;2;1;1;6;"49;9277580000";"2;1997470000"
202200009426;29;4;2022;08:45;1;17;1;1;5;1;"46;1078150000";" -0;8369890000"
202200009427;28;12;2022;05:56;1;974;2;6;1;6;" -20;9575670000";"55;3330810000"
202200009428;21;11;2022;12:45;1;41;1;1;2;6;"47;3345470000";"1;5704980000"
202200009429;8;5;2022;17:45;2;987;1;1;1;3;" -16;5232250000";" -151;7341300000"
202200009430;30;4;2022;12:02;1;37;1;1;1;6;"47;4455000000";"0;6989890000"
202200009431;17;3;2022;22:45;5;14;2;1;1;6;"49;1964200000";" -0;3717700000"
202200009432;28;12;2022;16:15;1;33;2;1;1;6;"44;6269770000";" -1;0214660000"
202200009433;20;11;2022;12:25;1;81;1;1;1;1;"43;6085230000";"2;4290300000"
202200009434;8;5;2022;20:00;5;971;2;3;1;3;"16;3311050000";" -61;3458060000"
202200009435;28;12;2022;02:00;4;33;2;1;5;7;"44;6394180000";" -1;0558780000"
202200009436;18;3;2022;11:10;1;13;2;1;1;3;"43;2874900413";"5;4652981808"
202200009437;25;4;2022;17:00;1;10;1;1;1;6;"48;1687630000";"4;5523300000"
202200009438;6;11;2022;04:45;3;55;1;1;1;7;"48;9020650000";"5;5421950000"
202200009439;12;5;2022;16:55;1;81;2;1;1;6;"44;0393823560";"2;1572152116"
202200009440;18;3;2022;10:30;1;13;2;1;1;1;"43;2510149575";"5;3822047929"
202200009441;29;4;2022;15:50;1;34;2;3;1;2;"43;5546750000";"3;8448980000"
202200009442;19;11;2022;18:40;5;42;2;2;1;6;"45;4819270000";"4;4425210000"
202200009443;27;12;2022;21:30;3;84;1;1;1;2;"44;3918130000";"4;9507360000"
202200009444;12;5;2022;19:30;2;92;2;1;1;6;"48;8842039502";"2;2258357108"
202200009445;27;12;2022;18:15;5;06;2;1;5;1;"43;9271530000";"7;1818240000"
202200009446;18;3;2022;10:55;1;13;2;9;1;2;"43;3329000000";"5;4200200000"
202200009447;20;11;2022;17:00;2;22;1;1;1;1;"48;4316210000";" -3;0467750000"
202200009448;11;5;2022;18:00;1;06;2;1;1;6;"43;5503400000";"7;0258200000"
202200009449;27;12;2022;16:15;1;06;1;1;5;1;"43;9305650000";"7;1109640000"
202200009450;21;11;2022;06:06;3;25;1;1;2;1;"47;2652230000";"6;8494610000"
202200009451;30;4;2022;18:03;1;38;1;1;1;6;"45;4519640000";"5;4000260000"
202200009452;18;3;2022;22:40;5;10;2;3;1;3;"48;2934700000";"4;0687700000"
202200009453;26;12;2022;10:45;1;26;1;1;1;6;"45;1930690000";"4;8759450000"
202200009454;29;4;2022;10:55;1;84;1;1;1;1;"44;1202240000";"4;7890200000"
202200009455;13;11;2022;09:00;1;44;1;1;7;2;"46;8796500000";" -1;5814470000"
202200009456;31;5;2022;15:00;1;95;1;1;1;5;"49;1326345874";"2;2635483742"
202200009457;28;12;2022;15:34;1;52;2;1;1;6;"47;8600380000";"5;3317650000"
202200009458;17;3;2022;17:30;1;10;2;1;1;2;"48;2981300000";"4;1192490000"
202200009459;28;12;2022;13:30;1;55;1;1;8;7;"48;7763890000";"5;5815830000"
202200009460;29;4;2022;08:40;1;84;1;1;1;2;"44;1709700000";"4;7607280000"
202200009461;20;11;2022;12:20;1;29;1;9;1;1;"47;8923630000";" -3;7989840000"
202200009462;18;3;2022;09:00;1;07;1;1;1;7;"44;9197600000";"4;8623400000"
202200009463;22;12;2022;10:08;1;38;1;1;2;7;"45;3232310000";"4;8525020000"
202200009464;21;11;2022;16:19;1;29;2;1;1;2;"48;4414870000";" -3;8850720000"
202200009465;31;5;2022;09:40;1;10;1;1;1;4;"48;3697900191";"4;1060320776"
202200009466;18;3;2022;17:15;1;06;2;1;1;6;"43;5663450000";"7;0165120000"
202200009467;27;12;2022;20:20;3;26;1;1;1;6;"45;0213540000";"5;3321670000"
202200009468;20;11;2022;19:10;3;15;1;1;2;1;"45;4154510000";"2;5025980000"
202200009469;30;4;2022;14:30;1;976;2;1;1;2;" -12;8645330000";"45;1982800000"
202200009470;18;3;2022;08:00;1;06;2;1;1;3;"43;6505480000";"7;1412200000"
202200009471;27;12;2022;18:20;3;69;1;1;1;6;"46;0657398949";"4;4228178263"
202200009472;29;5;2022;17:45;1;26;1;9;1;3;"44;5724020000";"4;8086210000"
202200009473;29;4;2022;16:20;1;13;1;1;1;6;"43;3711620000";"5;2317450000"
202200009474;28;12;2022;14:45;1;33;2;1;1;7;"45;0638250000";" -0;4676000000"
202200009475;1;6;2022;01:15;3;01;1;6;1;6;"46;1430240000";"5;9106930000"
202200009476;16;3;2022;07:15;1;06;2;1;1;2;"43;6541500000";"7;1479060000"
202200009477;9;11;2022;20:35;3;06;1;1;3;1;"43;9074860000";"7;5262880000"
202200009478;30;4;2022;07:20;1;2A;1;2;1;3;"41;6426720000";"9;2954470000"
202200009479;31;5;2022;22:50;3;42;1;1;1;6;"45;5271110000";"4;5285020000"
202200009480;18;3;2022;18:30;1;75;2;1;1;3;"48;8599300000";"2;4139820000"
202200009481;28;12;2022;17:35;3;60;1;1;2;4;"49;2745330000";"2;1043610000"
202200009482;21;11;2022;17:45;4;50;2;3;6;1;"49;2079990000";" -1;5252600000"
202200009483;30;4;2022;02:15;5;83;1;1;1;3;"43;2640150000";"6;6202180000"
202200009484;1;6;2022;06:45;1;83;2;1;1;2;"43;2011010000";"6;0447120000"
202200009485;18;3;2022;16:10;1;75;2;1;1;3;"48;8705970000";"2;2723520000"
202200009486;28;12;2022;13:45;1;59;1;1;2;7;"50;6789850000";"2;5418960000"
202200009487;24;9;2022;16:30;1;43;1;1;1;7;"45;2635300000";"4;0874720000"
202200009488;30;4;2022;15:08;1;88;1;3;1;1;"48;2863340000";"6;6988280000"
202200009489;21;12;2022;10:23;1;13;1;1;8;2;"43;5265200000";"5;4269300000"
202200009490;1;6;2022;15:05;1;95;2;1;1;6;"49;1133210000";"2;4243090000"
202200009491;17;3;2022;21:05;5;75;2;4;1;3;"48;8822357444";"2;2831781209"
202200009492;26;12;2022;18:00;3;92;1;1;1;3;"48;8341640188";"2;1670079550"
202200009493;9;4;2022;19:30;1;73;1;1;1;1;"45;6163640000";"5;8496400000"
202200009494;31;5;2022;18:00;1;56;1;1;1;1;"48;0173430000";" -2;7960960000"
202200009495;26;12;2022;04:50;5;92;1;1;8;6;"48;9330031952";"2;2509069744"
202200009496;29;4;2022;14:09;1;73;1;1;1;1;"45;5835600000";"5;9792720000"
202200009497;30;5;2022;13:00;1;79;1;1;1;7;"46;4664610000";" -0;3985400000"
202200009498;17;3;2022;20:20;5;75;2;1;1;3;"48;9008866839";"2;3657043278"
202200009499;25;12;2022;07:00;3;78;1;1;1;4;"48;8725770000";"2;0259380000"
202200009500;29;4;2022;19:45;1;07;1;1;1;3;"44;9171060000";"4;8299500000"
202200009501;6;5;2022;09:44;1;33;1;2;1;3;"44;7038630000";" -0;1677560000"
202200009502;27;12;2022;20:10;3;95;1;1;1;7;"48;9907688432";"2;1937817845"
202200009503;29;5;2022;06:00;2;69;1;1;1;6;"46;1136280000";"4;6447060000"
202200009504;17;3;2022;23:37;5;75;2;2;1;3;"48;8451070000";"2;3546820000"
202200009505;30;4;2022;01:00;5;01;2;1;1;6;"45;7744970000";"5;2061630000"
202200009506;27;12;2022;19:15;3;93;1;1;1;2;"48;9690500000";"2;4812400000"
202200009507;18;3;2022;17:20;1;75;2;1;1;6;"48;8738532535";"2;4120207131"
202200009508;30;4;2022;18:00;1;69;2;1;1;1;"45;9124970000";"4;6802000000"
202200009509;31;5;2022;15:15;1;41;1;1;1;1;"47;3339650000";"1;2325370000"
202200009510;25;12;2022;23:40;3;94;1;1;1;3;"48;8017265347";"2;4474144299"
202200009511;29;4;2022;17:38;1;64;2;1;1;6;"43;4771870000";" -1;4574800000"
202200009512;18;3;2022;20:20;5;75;2;1;1;2;"48;8984480000";"2;3673550000"
202200009513;18;3;2022;14:15;1;35;2;1;1;6;"48;3481310000";" -1;1925580000"
202200009514;31;5;2022;19:00;1;22;1;1;7;6;"48;3546310000";" -3;0826200000"
202200009515;15;8;2022;02:30;3;57;1;1;2;6;"49;1772883157";"6;9110533967"
202200009516;26;4;2022;14:20;1;33;1;3;1;3;"45;0426600000";" -0;1366970000"
202200009517;30;5;2022;06:50;1;25;2;6;1;2;"47;2107360000";"5;9996030000"
202200009518;18;3;2022;19:00;5;75;2;3;1;2;"48;8902910000";"2;3583230000"
202200009519;16;4;2022;15:10;1;33;2;1;1;2;"44;8657510000";" -0;7129930000"
202200009520;28;10;2022;14:45;1;38;1;1;1;6;"45;1782610000";"5;6190070000"
202200009521;1;6;2022;09:15;1;31;1;1;1;1;"43;3938660000";"1;6880450000"
202200009522;29;4;2022;21:00;2;33;1;1;1;6;"44;9452400000";" -0;5758380000"
202200009523;18;3;2022;20:00;5;75;2;3;1;3;"48;8758943218";"2;2965623438"
202200009524;28;10;2022;09:45;1;38;1;9;1;2;"45;5839810000";"5;5082810000"
202200009525;31;5;2022;18:10;1;31;2;1;7;3;"42;7934480000";"0;5878110000"
202200009526;28;10;2022;04:05;3;38;1;1;1;7;"45;3362930000";"5;5502600000"
202200009527;29;4;2022;19:10;1;60;1;1;1;6;"49;2109980000";"2;5005260000"
202200009528;27;10;2022;21:52;5;38;2;1;1;6;"44;9053860000";"5;7919680000"
202200009529;31;5;2022;21:00;2;31;2;1;1;6;"43;7831510000";"1;4208360000"
202200009530;18;3;2022;10:00;1;75;2;4;1;3;"48;8918824548";"2;3016008735"
202200009531;25;1;2022;08:15;2;59;2;1;5;6;"50;5368376029";"2;8015968204"