Accident_Id;jour;mois;an;hrmn;lum;dep;agg;int;atm;col;lat;long
202200009532;26;10;2022;16:00;1;38;2;2;1;3;"45;2507590000";"5;8478700000"
202200009533;27;4;2022;23:52;5;13;1;1;1;5;"43;2914600000";"5;3657900000"
202200009534;27;4;2022;09:20;1;13;2;1;1;3;"43;2965083233";"5;4248258471"
202200009535;26;10;2022;12:15;1;38;1;1;1;4;"45;3559450000";"5;9533770000"
202200009536;17;3;2022;22:00;5;75;2;7;1;6;"48;8750660000";"2;2938530000"
202200009537;26;10;2022;05:33;3;38;1;2;1;1;"45;5882680000";"5;4848920000"
202200009538;31;5;2022;18:40;1;15;1;1;1;3;"44;8914440000";"2;9680790000"
202200009539;22;4;2022;16:45;1;13;1;1;1;4;"43;3119286838";"5;3669571874"
202200009540;1;6;2022;10:30;1;15;2;1;1;6;"45;1402250000";"2;2311850000"
202200009541;25;10;2022;12:40;1;38;1;1;1;1;"45;4221600000";"5;9898230000"
202200009542;18;3;2022;10:45;1;75;2;3;1;3;"48;8752290000";"2;2864880000"
202200009543;27;4;2022;18:15;1;83;1;1;1;2;"43;1213200000";"5;9533100000"
202200009544;25;10;2022;10:00;1;38;2;4;1;3;"45;3708690000";"5;9575760000"
202200009545;31;5;2022;14:20;1;54;2;3;1;6;"48;8366550000";"6;0746990000"
202200009546;18;3;2022;16:30;1;75;2;2;1;3;"48;8460815137";"2;2769312561"
202200009547;12;10;2022;20:45;5;38;2;4;1;5;"45;3591360000";"4;7938670000"
202200009548;19;4;2022;17:00;1;69;1;1;1;2;"45;7182500000";"4;8685100000"
202200009549;4;10;2022;07:45;2;28;2;1;8;1;"48;4402200000";"1;4755000000"
202200009550;1;6;2022;12:15;1;06;2;1;1;6;"43;6658950000";"7;0450930000"
202200009551;18;3;2022;13:20;1;75;2;3;1;6;"48;8437410000";"2;2958920000"
202200009552;13;8;2022;06:27;3;22;2;2;1;1;"48;5046400000";" -2;7672000000"
202200009553;28;4;2022;15:35;1;91;1;1;1;2;"48;5717900000";"2;4695000000"
202200009554;1;6;2022;19:35;1;60;2;1;1;6;"49;3015210000";"2;6050790000"
202200009555;18;3;2022;14:00;1;75;2;1;1;3;"48;8287650000";"2;3734550000"
202200009556;26;12;2022;13:50;1;988;2;1;3;1;" -22;2447700000";"166;4666500000"
202200009557;27;4;2022;16:25;1;94;1;1;1;3;"48;7593963988";"2;4844051229"
202200009558;31;5;2022;20:45;2;60;1;4;1;3;"49;4138290000";"1;9297060000"
202200009559;26;12;2022;08:45;1;974;2;1;1;3;" -21;3251700000";"55;4878500000"
202200009560;18;3;2022;08:50;1;75;2;1;1;3;"48;8479210000";"2;3918430000"
202200009561;19;4;2022;13:00;1;94;1;1;1;6;"48;8298000000";"2;4851300000"
202200009562;23;12;2022;00:49;5;972;2;1;1;7;"14;6217000000";" -61;0069500000"
202200009563;31;5;2022;11:15;1;45;1;1;1;6;"48;0334920000";"2;9963650000"
202200009564;25;12;2022;04:45;3;972;1;1;2;6;"14;6889300000";" -61;0860400000"
202200009565;17;3;2022;11:30;1;75;2;2;1;2;"48;8280710000";"2;3902070000"
202200009566;28;4;2022;07:30;1;988;2;2;1;2;" -22;2326500000";"166;4473000000"
202200009567;25;12;2022;07:45;1;971;1;1;1;1;"16;2515100000";" -61;5175900000"
202200009568;1;6;2022;06:35;1;18;1;1;1;3;"46;9694690000";"2;3216560000"
202200009569;18;3;2022;18:20;1;75;2;2;1;6;"48;8535800000";"2;3804180000"
202200009570;27;4;2022;15:00;1;988;2;2;1;6;" -22;2697300000";"166;4407700000"
202200009571;25;12;2022;20:45;5;971;2;6;2;3;"16;0005643051";" -61;7361903191"
202200009572;11;5;2022;04:35;3;07;1;1;1;6;"44;4600210000";"4;3331840000"
202200009573;27;4;2022;19:40;3;974;2;1;1;6;" -20;9435000000";"55;2925000000"
202200009574;27;4;2022;15:15;1;973;2;1;1;3;"4;9387793688";" -52;3304316401"
202200009575;26;12;2022;14:30;1;95;2;3;2;3;"48;9852913339";"2;3816460371"
202200009576;31;5;2022;20:00;1;53;1;1;1;1;"47;8347580000";" -0;6780460000"
202200009577;18;3;2022;12:50;1;75;2;2;1;3;"48;8778912070";"2;3516656458"
202200009578;1;6;2022;03:30;3;85;2;6;1;6;"46;6843330000";" -1;0353890000"
202200009579;27;4;2022;10:30;1;973;2;1;1;6;"4;9318000000";" -52;3289400000"
202200009580;26;12;2022;16:50;3;91;2;2;1;3;"48;6944700000";"2;2951500000"
202200009581;24;12;2022;11:18;1;87;1;1;2;6;"45;8708700000";"1;3330700000"
202200009582;18;3;2022;11:48;1;75;2;2;1;6;"48;8640648474";"2;3201201856"
202200009583;31;5;2022;16:45;1;17;1;1;1;3;"46;2427740000";" -1;0158490000"
202200009584;24;12;2022;00:06;5;87;2;1;2;6;"45;8390500000";"1;2819600000"
202200009585;18;3;2022;10:58;1;75;2;7;1;6;"48;8640666118";"2;3201228678"
202200009586;31;5;2022;18:35;1;37;1;3;7;1;"46;9403887719";"0;8973920345"
202200009587;27;4;2022;17:20;1;69;2;1;1;4;"45;7800923093";"4;8458933830"
202200009588;15;12;2022;10:55;1;80;1;6;1;3;"49;8518800000";"2;4046400000"
202200009589;17;3;2022;13:17;1;75;2;1;1;6;"48;8768250000";"2;3073420000"
202200009590;27;4;2022;07:30;1;972;2;1;1;3;"14;6203400000";" -61;0212700000"
202200009591;14;12;2022;22:30;5;80;2;1;1;3;"49;8886100000";"2;3048000000"
202200009592;31;5;2022;08:19;1;37;2;3;1;3;"47;3432450000";"0;5589830000"
202200009593;18;3;2022;17:45;1;75;2;3;1;7;"48;8660827895";"2;3250668496"
202200009594;2;4;2022;02:40;5;972;2;1;1;2;"14;6080770000";" -61;0565240000"
202200009595;26;12;2022;22:30;5;78;1;1;1;6;"48;9842920000";"2;1158820000"
202200009596;26;12;2022;08:50;1;78;2;1;1;6;"48;9533090000";"2;0728940000"
202200009597;18;3;2022;15:00;1;94;2;4;1;3;"48;8459200000";"2;4234100000"
202200009598;27;4;2022;23:15;5;69;2;2;1;3;"45;7597000000";"4;7959400000"
202200009599;26;12;2022;15:37;1;77;1;1;2;7;"48;4167500000";"2;6060580000"
202200009600;17;3;2022;17:15;1;94;2;1;1;3;"48;7929094593";"2;4968190192"
202200009601;27;4;2022;11:15;1;69;2;3;1;4;"45;8235500000";"4;9067200000"
202200009602;1;6;2022;04:20;3;85;1;1;1;1;"46;8497540000";" -2;1216600000"
202200009603;26;12;2022;22:30;5;76;2;2;1;6;"49;4223000000";"1;0645100000"
202200009604;26;4;2022;19:50;5;971;1;1;1;6;"16;2249900000";" -61;5241800000"
202200009605;11;3;2022;19:00;1;94;2;1;3;3;"48;8433600000";"2;5032600000"
202200009606;26;12;2022;08:40;1;76;1;1;1;6;"49;5105400000";"0;1978100000"
202200009607;18;3;2022;16:20;1;94;2;1;1;6;"48;8010000000";"2;4315000000"
202200009608;1;6;2022;14:20;1;53;1;1;1;1;"48;4650576675";" -0;1860936091"
202200009609;26;4;2022;13:00;1;95;2;1;1;3;"48;9913600000";"2;3599100000"
202200009610;25;12;2022;03:45;4;76;2;1;1;6;"49;5437000000";"0;1826100000"
202200009611;18;3;2022;20:25;5;94;2;2;1;1;"48;8136000000";"2;3505200000"
202200009612;23;12;2022;18:10;5;76;2;2;1;6;"49;4908800000";"0;1051600000"
202200009613;26;4;2022;17:15;1;91;1;9;1;3;"48;6125400000";"2;2782700000"
202200009614;23;12;2022;06:30;5;76;2;1;2;6;"49;4856400000";"0;1072600000"
202200009615;27;4;2022;22:10;5;91;2;1;1;2;"48;6596400000";"2;3523500000"
202200009616;18;3;2022;12:35;1;94;2;3;1;3;"48;8075800000";"2;3342000000"
202200009617;26;12;2022;01:55;3;76;1;1;9;6;"49;5781100000";"0;5170000000"
202200009618;18;3;2022;16:50;1;94;2;2;1;3;"48;8105900000";"2;3799800000"
202200009619;31;5;2022;16:55;1;13;2;1;1;3;"43;3266800000";"5;5959210000"
202200009620;26;4;2022;21:00;2;91;2;2;1;3;"48;4412600000";"2;1498500000"
202200009621;26;12;2022;07:30;2;69;2;9;1;5;"45;7866000000";"4;8604200000"
202200009622;22;12;2022;11:30;1;69;2;1;1;6;"45;7214200000";"4;9256900000"
202200009623;18;3;2022;19:40;5;94;2;1;1;6;"48;7644300000";"2;3517900000"
202200009624;26;4;2022;10:12;1;91;2;6;1;3;"48;4417400000";"2;1365000000"
202200009625;23;12;2022;12:47;1;66;2;2;1;3;"42;6953201192";"2;9022386670"
202200009626;18;3;2022;12:00;1;94;2;2;1;6;"48;8494000000";"2;4578000000"
202200009627;26;4;2022;14:57;1;87;2;3;1;2;"45;8191600000";"1;2300200000"
202200009628;22;12;2022;21:49;5;66;2;3;1;2;"42;6994100000";"2;8887610000"
202200009629;26;12;2022;22:40;5;59;1;1;1;6;"50;7449085704";"3;0800904035"
202200009630;22;4;2022;16:18;1;80;2;1;1;6;"49;8903100000";"2;3025500000"
202200009631;18;3;2022;20:45;5;94;2;1;1;6;"48;8009300000";"2;4671100000"
202200009632;24;12;2022;17:55;5;56;2;1;2;1;"47;7584200000";" -3;3574800000"
202200009633;27;4;2022;15:30;1;78;1;3;1;6;"48;9675700000";"1;8650200000"
202200009634;26;12;2022;11:00;1;45;2;3;1;1;"47;9162126087";"1;8648304939"
202200009635;24;12;2022;06:10;3;39;2;1;3;6;"47;0840000000";"5;4920000000"
202200009636;18;3;2022;17:20;1;94;2;6;1;4;"48;7355866077";"2;4193482398"
202200009637;22;4;2022;20:25;1;78;2;6;1;2;"49;0056090000";"2;0858400000"
202200009638;22;12;2022;17:00;3;39;2;1;3;6;"47;1069930000";"5;5023470000"
202200009639;26;12;2022;21:35;5;32;2;1;1;7;"43;6449800000";"0;5875800000"
202200009640;18;3;2022;07:19;1;94;2;3;1;1;"48;7531800000";"2;5217900000"
202200009641;26;4;2022;15:20;1;76;2;2;1;6;"49;4904700000";"0;0995900000"
202200009642;24;12;2022;18:00;5;27;2;1;1;2;"49;0899600000";"1;4833800000"
202200009643;18;3;2022;08:50;1;93;2;1;7;6;"48;8711812025";"2;4906809804"
202200009644;26;4;2022;17:30;1;72;2;1;1;3;"47;9824600000";"0;2280100000"
202200009645;25;12;2022;18:18;5;27;2;1;3;6;"49;0392500000";"1;1579600000"
202200009646;17;3;2022;17:55;1;93;2;9;8;3;"48;8930092624";"2;4444011449"
202200009647;22;12;2022;17:18;1;21;1;1;1;6;"47;3151050000";"5;0299920000"
202200009648;25;4;2022;21:45;5;72;2;2;1;1;"48;0055800000";"0;2137400000"
202200009649;26;12;2022;21:10;5;06;2;2;1;3;"43;7054800000";"7;2843400000"
202200009650;26;12;2022;14:10;1;06;2;1;1;6;"43;7366300000";"7;2973300000"
202200009651;18;3;2022;12:50;1;93;2;2;1;1;"48;8713204724";"2;4396944046"
202200009652;27;4;2022;19:30;1;69;2;1;1;1;"45;7766700000";"4;9342400000"
202200009653;17;10;2022;09:00;1;22;1;1;1;2;"48;5054300000";" -2;7331500000"
202200009654;15;10;2022;10:40;1;22;2;1;1;7;"48;4893100000";" -2;7565500000"
202200009655;17;3;2022;17:36;1;93;2;1;1;6;"48;8751141972";"2;4299808982"
202200009656;25;12;2022;20:15;3;988;2;3;1;6;" -22;2239400000";"166;4809300000"
202200009657;22;4;2022;16:00;1;67;2;3;1;3;"48;5994400000";"7;7427700000"
202200009658;18;3;2022;09:45;1;92;2;1;1;1;"48;8682200961";"2;2292777896"
202200009659;25;12;2022;16:17;1;69;2;1;1;1;"45;7924300000";"4;8377500000"
202200009660;25;12;2022;15:20;1;2B;2;1;1;2;"42;6717600000";"9;4433900000"
202200009661;20;4;2022;19:05;1;67;2;1;1;1;"48;6269297000";"7;8048822200"
202200009662;18;3;2022;17:49;1;92;2;6;1;3;"48;8547801623";"2;2198024839"
202200009663;24;12;2022;19:30;5;91;1;2;3;3;"48;6261300000";"2;2625700000"
202200009664;25;12;2022;13:30;1;91;1;1;1;4;"48;7147900000";"2;3292100000"
202200009665;26;4;2022;18:12;1;65;2;3;1;3;"43;2396400000";"0;0753400000"
202200009666;18;3;2022;20:20;5;92;2;2;1;3;"48;8936955981";"2;2484512925"
202200009667;26;4;2022;20:50;1;64;2;2;1;3;"43;4923400000";" -1;4723200000"
202200009668;16;3;2022;15:30;1;92;2;2;1;6;"48;8377440887";"2;2403740883"
202200009669;25;12;2022;08:50;1;77;2;2;1;3;"48;5982700000";"2;5912100000"
202200009670;26;4;2022;15:55;1;64;2;1;1;3;"43;4963300000";" -1;5114600000"
202200009671;18;3;2022;18:55;5;92;2;1;1;6;"48;7541303480";"2;3015845120"
202200009672;19;3;2022;00:30;3;34;1;9;2;6;"43;8022980093";"3;9216139125"
202200009673;25;12;2022;18:45;3;77;1;1;1;6;"48;4845400000";"2;6658100000"
202200009674;25;12;2022;14:10;1;76;1;1;1;7;"49;4561626871";"1;1438173056"
202200009675;19;3;2022;15:50;1;51;1;1;1;1;"48;7589236367";"4;5886158943"
202200009676;18;3;2022;17:05;1;43;2;1;2;3;"45;3284000000";"3;8458080000"
202200009677;25;12;2022;13:47;1;64;1;1;1;2;"43;2856300000";" -0;3241200000"
202200009678;19;3;2022;18:20;2;76;1;1;1;7;"49;8783430000";"1;2916560000"
202200009679;27;4;2022;18:20;1;59;2;3;1;3;"50;7371929948";"3;1675547361"
202200009680;19;3;2022;04:05;3;01;1;1;1;6;"45;9417800000";"4;7990140000"
202200009681;18;3;2022;18:32;2;19;2;7;1;7;"45;3589900000";"1;6296530000"
202200009682;25;12;2022;13:45;1;64;1;1;1;2;"43;2852600000";" -0;3226300000"
202200009683;19;3;2022;14:00;1;62;2;1;1;6;"50;3296230000";"2;6400330000"
202200009684;27;4;2022;18:20;1;56;2;1;1;3;"47;6613900000";" -2;7565800000"
202200009685;19;3;2022;12:05;1;62;1;1;1;2;"50;4478680000";"2;2654050000"
202200009686;18;3;2022;19:15;3;62;1;1;1;3;"50;3534700000";"2;3400450000"
202200009687;27;4;2022;20:07;1;51;2;1;1;3;"49;2538600000";"3;9785600000"
202200009688;17;3;2022;15:45;1;61;1;1;1;6;"48;8052910000";"0;3438910000"
202200009689;18;3;2022;16:15;1;66;2;6;1;3;"42;6857120000";"2;9400247000"
202200009690;19;3;2022;06:20;3;56;1;1;1;6;"47;7713670000";" -3;4206960000"
202200009691;12;4;2022;16:40;1;50;2;2;1;3;"49;6344000000";" -1;6023200000"
202200009692;19;3;2022;09:40;1;65;1;1;1;6;"43;3321000000";"0;3458980000"
202200009693;19;3;2022;18:08;1;71;1;1;1;7;"46;9143050000";"4;8307010000"
202200009694;19;2;2022;20:00;5;71;2;1;1;3;"46;5759800000";"4;9026270000"
202200009695;26;4;2022;19:40;1;49;2;1;1;3;"47;4813500000";" -0;5759000000"
202200009696;19;3;2022;17:45;1;63;1;1;1;1;"46;1514310000";"2;8310610000"
202200009697;27;4;2022;11:00;1;42;2;1;1;6;"45;5090500000";"4;5738100000"
202200009698;18;3;2022;19:45;3;86;1;1;1;7;"46;4827540000";"0;4269730000"
202200009699;19;3;2022;08:45;1;34;1;1;8;6;"43;5093280000";"3;2855990000"
202200009700;18;3;2022;19:30;5;68;2;1;1;3;"48;0810930000";"7;3026140000"
202200009701;18;3;2022;15:00;1;25;1;1;1;6;"47;0574380000";"6;2262280000"
202200009702;27;4;2022;08:15;1;37;2;2;1;3;"47;3492621288";"0;6775400788"
202200009703;19;3;2022;16:40;1;31;1;1;1;1;"43;1843860000";"0;9770750000"
202200009704;26;4;2022;11:50;1;37;2;1;1;6;"47;3897244909";"0;7221901417"
202200009705;19;3;2022;00:20;3;70;1;1;1;6;"47;7997510000";"6;3757780000"
202200009706;18;3;2022;19:45;5;06;2;1;1;3;"43;7241690000";"7;4056330000"
202200009707;19;3;2022;13:00;1;05;2;1;1;7;"44;6753440000";"6;0843440000"
202200009708;26;4;2022;08:10;1;37;2;6;1;3;"47;3802701881";"0;7267713547"
202200009709;19;3;2022;05:00;3;50;1;1;1;7;"48;9396690000";" -1;4878960000"
202200009710;19;3;2022;14:20;1;83;1;1;1;3;"43;5611347830";"6;5125753284"
202200009711;18;3;2022;08:25;1;45;1;2;1;1;"48;0672300000";"2;8246830000"
202200009712;16;4;2022;17:10;1;35;1;1;1;4;"48;6136509962";" -2;0413122699"
202200009713;18;3;2022;21:15;5;16;2;1;1;6;"45;7590200000";"0;1396890000"
202200009714;18;3;2022;14:30;1;07;1;3;1;1;"44;5812210000";"4;3918920000"
202200009715;27;4;2022;11:15;1;35;1;1;1;2;"48;0837496505";" -1;6224139184"
202200009716;18;3;2022;15:40;1;40;2;1;1;1;"43;8520880000";" -1;3628630000"
202200009717;19;3;2022;13:50;1;27;1;1;1;7;"49;2753370000";"1;7447230000"
202200009718;23;4;2022;16:25;1;35;2;6;1;6;"48;3534857600";" -1;2009875849"
202200009719;18;3;2022;17:50;1;08;1;1;1;2;"49;7425920000";"4;7845890000"
202200009720;14;4;2022;15:35;1;27;1;1;1;7;"49;0155800000";"1;1838300000"
202200009721;19;3;2022;01:45;5;88;2;1;1;6;"47;8798230000";"6;8504110000"
202200009722;13;4;2022;16:00;1;27;1;1;2;7;"49;0373900000";"1;1736899000"
202200009723;16;3;2022;12:00;1;78;2;6;1;6;"48;7477600000";"2;0253250000"
202200009724;19;3;2022;13:20;1;67;1;1;1;2;"48;5288590000";"7;6637040000"
202200009725;27;4;2022;15:20;1;25;2;3;7;3;"47;5038800000";"6;7948000000"
202200009726;18;3;2022;10:30;1;01;1;9;1;6;"46;2593050000";"5;6319200000"
202200009727;8;4;2022;15:30;1;18;2;1;1;6;"47;0886000000";"2;3962300000"
202200009728;18;3;2022;20:00;3;57;1;1;1;5;"49;2127940917";"6;4738011360"
202200009729;26;4;2022;09:08;1;14;2;1;1;3;"49;3446550522";"0;1022604964"
202200009730;19;3;2022;17:55;2;95;2;1;1;6;"49;0970252083";"2;4881096184"
202200009731;18;3;2022;23:20;5;973;2;9;1;1;"5;4948070000";" -54;0209340000"
202200009732;27;4;2022;16:40;1;13;2;1;1;1;"43;3055859114";"5;3839988305"
202200009733;18;3;2022;22:10;4;13;2;3;1;3;"43;4899612516";"5;5872588937"
202200009734;18;3;2022;18:00;1;45;2;2;1;3;"47;7793130000";"1;6306600000"
202200009735;27;4;2022;12:00;1;13;2;1;1;2;"43;3751600000";"5;3553700000"
202200009736;18;3;2022;18:00;1;78;1;3;1;3;"48;6622730000";"1;8997660000"
202200009737;19;4;2022;07:00;1;13;2;1;1;2;"43;3199669535";"5;3818703115"
202200009738;19;3;2022;00:30;5;68;2;2;1;3;"47;6383970000";"7;4094580000"
202200009739;19;3;2022;17:15;1;68;1;4;1;2;"47;7710930000";"7;3813960000"
202200009740;26;4;2022;14:48;1;10;2;1;1;2;"48;2848000000";"4;0622100000"
202200009741;17;3;2022;13:30;1;67;2;1;1;6;"48;4761660000";"7;5681080000"
202200009742;18;3;2022;19:50;5;88;1;1;1;6;"48;1978480000";"6;4778350000"
202200009743;26;4;2022;18:35;1;07;2;6;1;3;"44;9394300000";"4;8585300000"
202200009744;18;3;2022;23:20;3;73;1;1;1;6;"45;2855914476";"6;3514797380"
202200009745;18;3;2022;16:30;1;22;2;9;1;6;"48;4618740000";" -2;0581130000"
202200009746;26;4;2022;23:50;5;75;2;1;1;6;"48;8299592632";"2;2862961888"
202200009747;19;3;2022;06:30;2;59;1;1;1;1;"50;5675020117";"3;1247882545"
202200009748;27;4;2022;00:42;5;75;2;2;1;3;"48;8514690000";"2;3370640000"
202200009749;18;3;2022;16:20;1;13;1;1;1;2;"43;3664530000";"5;3608180000"
202200009750;16;3;2022;09:02;1;13;1;1;1;2;"43;3815210000";"5;1570560000"
202200009751;26;4;2022;02:03;5;75;2;2;1;6;"48;8310200000";"2;2923510000"
202200009752;18;3;2022;21:55;3;33;1;1;1;2;"44;7584370000";" -0;6827680000"
202200009753;27;4;2022;19:00;1;75;2;1;1;6;"48;8447074144";"2;3320820025"
202200009754;18;3;2022;20:14;5;33;1;1;1;2;"44;8803300000";" -0;5391270000"
202200009755;18;3;2022;15:47;1;33;1;1;1;2;"44;7962420000";" -0;5384920000"
202200009756;26;4;2022;11:17;1;75;2;2;8;3;"48;8524870000";"2;3387560000"
202200009757;18;3;2022;12:00;1;91;1;1;7;4;"48;6731000000";"2;3431700000"
202200009758;26;4;2022;18:50;1;75;2;1;1;3;"48;8361710000";"2;3317640000"
202200009759;18;3;2022;18:35;1;92;1;9;1;3;"48;8394776443";"2;2189659962"
202200009760;26;4;2022;23:38;5;75;2;1;1;7;"48;8261540000";"2;3592010000"
202200009761;27;4;2022;11:55;1;75;2;1;1;3;"48;8669500000";"2;3735880000"
202200009762;18;3;2022;18:00;1;78;1;1;1;5;"48;8391790000";"2;0931990000"
202200009763;27;4;2022;19:55;1;75;2;2;1;1;"48;8722650000";"2;3559030000"
202200009764;27;4;2022;10:00;1;75;2;3;1;3;"48;8763513307";"2;3559903404"
202200009765;27;4;2022;13:50;1;75;2;1;1;6;"48;8734509538";"2;3293659129"
202200009766;27;4;2022;10:05;1;75;2;1;1;3;"48;8749860000";"2;3079130000"
202200009767;27;4;2022;16:04;1;75;2;3;1;3;"48;8583993464";"2;3328217010"
202200009768;27;4;2022;10:40;1;75;2;7;1;7;"48;8673835725";"2;3633085360"
202200009769;27;4;2022;17:15;1;94;2;1;1;6;"48;7846600000";"2;3762900000"
202200009770;12;9;2022;16:00;1;75;2;1;1;6;"48;8631190744";"2;2856430709"
202200009771;10;9;2022;13:30;1;75;2;1;1;7;"48;8813370000";"2;2908660000"
202200009772;11;9;2022;21:50;5;75;2;5;1;3;"48;8216090000";"2;3691240000"
202200009773;12;9;2022;14:46;1;75;2;7;1;6;"48;8455584474";"2;3740902543"
202200009774;12;9;2022;09:15;1;75;2;2;1;3;"48;8574460000";"2;3797030000"
202200009775;11;9;2022;03:25;5;75;2;7;1;3;"48;8828340000";"2;3445400000"
202200009776;12;9;2022;21:05;4;75;2;3;1;6;"48;8505390000";"2;3145250000"
202200009777;11;9;2022;17:35;1;75;2;3;1;6;"48;8213120000";"2;3338170000"
202200009778;11;9;2022;04:15;5;75;2;3;1;6;"48;8510650000";"2;3664940000"
202200009779;12;9;2022;19:00;1;94;2;1;1;3;"48;7910000000";"2;3750000000"
202200009780;12;9;2022;00:50;5;94;2;1;1;7;"48;7963000000";"2;3511000000"
202200009781;12;9;2022;13:00;1;94;2;1;1;3;"48;7543100000";"2;3613100000"
202200009782;12;9;2022;02:00;3;94;2;1;1;7;"48;7720300000";"2;3927200000"
202200009783;12;9;2022;12:30;1;94;2;3;1;6;"48;7916900000";"2;4463600000"
202200009784;11;9;2022;00:10;5;94;2;4;8;7;"48;7683700000";"2;4651800000"
202200009785;12;9;2022;12:10;1;94;2;1;1;3;"48;7277200000";"2;5512500000"
202200009786;12;9;2022;18:20;1;93;2;6;1;6;"48;9709500000";"2;5489300000"
202200009787;12;9;2022;12:45;1;93;2;1;1;1;"48;9433834292";"2;5688714484"
202200009788;12;9;2022;10:50;1;93;1;9;1;3;"49;0034600000";"2;5668800000"
202200009789;11;9;2022;14:00;1;93;1;1;1;2;"48;9901400000";"2;5513100000"
202200009790;12;9;2022;09:20;1;93;2;1;1;1;"48;8873857252";"2;4138410261"
202200009791;12;9;2022;19:19;1;93;2;3;1;6;"48;8667044070";"2;5092736106"
202200009792;12;9;2022;10:20;1;93;2;1;1;2;"48;8648056121";"2;5296400182"
202200009793;12;9;2022;08:15;1;93;2;6;1;6;"48;8317900000";"2;5667100000"
202200009794;10;9;2022;11:45;1;93;2;3;2;6;"48;8584000000";"2;4336800000"
202200009795;12;9;2022;11:15;1;93;2;1;1;3;"48;9079261715";"2;5177609493"
202200009796;12;9;2022;07:12;1;93;2;3;1;3;"48;9499900000";"2;3424500000"
202200009797;12;9;2022;12:20;1;93;2;3;1;6;"48;9329200000";"2;4247700000"
202200009798;11;9;2022;20:05;5;93;2;1;1;4;"48;9059744813";"2;4816718494"
202200009799;12;9;2022;09:45;1;92;2;2;1;3;"48;8187400000";"2;2917500000"
202200009800;12;9;2022;15:10;1;92;2;3;1;3;"48;8557241957";"2;2230325341"
202200009801;10;9;2022;02:40;5;92;2;1;1;6;"48;8852480000";"2;1861560000"
202200009802;8;9;2022;21:10;5;92;2;2;1;6;"48;8024300000";"2;2863300000"
202200009803;10;9;2022;00:00;5;92;2;1;1;3;"48;9150400000";"2;2481990000"
202200009804;12;9;2022;13:25;1;92;2;1;1;6;"48;9002150000";"2;3060530000"
202200009805;12;9;2022;09:05;1;92;2;1;1;6;"48;8115800000";"2;2713600000"
202200009806;11;9;2022;19:40;2;92;2;9;1;6;"48;9286001826";"2;2786911875"
202200009807;10;9;2022;15:50;1;92;2;1;2;3;"48;9112528516";"2;2988639474"
202200009808;12;9;2022;17:05;1;35;1;2;1;3;"47;8448680000";" -1;7623350000"
202200009809;12;9;2022;09:10;1;08;2;6;7;6;"49;5083730000";"4;3663040000"
202200009810;10;9;2022;15:55;1;17;2;1;1;3;"46;0874410000";" -1;0959180000"
202200009811;13;9;2022;12:00;1;84;2;3;1;1;"43;9964340000";"5;0588070000"
202200009812;12;9;2022;14:45;1;81;1;1;1;6;"43;8610040000";"2;2538920000"
202200009813;11;9;2022;18:00;1;972;1;1;1;3;"14;4692460000";" -60;9163410000"
202200009814;12;9;2022;16:04;1;55;1;1;1;4;"49;1492080000";"5;7204220000"
202200009815;13;9;2022;06:00;3;58;1;1;1;2;"47;4396480000";"2;9332750000"
202200009816;12;9;2022;07:05;2;84;1;3;1;1;"44;1672760000";"4;7649340000"
202200009817;11;9;2022;18:00;1;62;1;1;1;7;"50;4922360000";"1;6473140000"
202200009818;13;9;2022;07:40;2;31;2;6;8;2;"43;5452480000";"1;3430950000"
202200009819;12;9;2022;08:45;1;56;2;1;1;6;"47;7779960000";" -3;0111760000"
202200009820;9;9;2022;14:30;1;74;1;1;1;6;"45;9062260000";"6;6407630000"
202200009821;13;9;2022;10:15;1;2B;1;1;1;6;"42;3556740000";"9;3657700000"
202200009822;11;9;2022;23:15;3;82;1;9;9;6;"44;1462620000";"1;6401170000"
202200009823;12;9;2022;19:50;1;82;1;1;1;6;"44;0919760000";"1;3836240000"
202200009824;13;9;2022;12:10;1;82;1;1;1;2;"44;0818911477";"1;5307672117"
202200009825;12;9;2022;17:30;1;89;1;1;7;2;"47;8530830000";"4;0559720000"
202200009826;10;9;2022;22:20;3;49;1;1;1;6;"47;4880730000";" -0;4224910000"
202200009827;12;9;2022;22:10;3;41;1;1;1;6;"47;3364960000";"1;1504960000"
202200009828;12;9;2022;14:30;1;31;1;1;1;1;"43;1662600000";"0;5460090000"
202200009829;11;9;2022;18:45;1;38;1;1;1;1;"45;0617580000";"5;2477020000"
202200009830;12;9;2022;21:15;2;02;1;1;1;7;"49;0752720000";"3;3058980000"
202200009831;21;7;2022;10:40;1;15;1;1;7;1;"44;9935270000";"2;1469070000"
202200009832;12;9;2022;19:18;2;72;1;1;1;6;"48;2941500000";"0;0723100000"
202200009833;11;9;2022;11:40;1;72;1;2;1;3;"47;7168696510";"0;5683314798"
202200009834;13;9;2022;13:00;1;06;1;1;1;7;"44;1403260000";"6;7527130000"
202200009835;12;9;2022;11:00;1;06;2;1;1;1;"44;0792320000";"7;5986980000"
202200009836;12;9;2022;11:10;1;64;2;1;1;5;"43;3691970000";" -1;2706050000"
202200009837;11;9;2022;23:20;3;73;1;3;1;6;"45;4564370000";"5;8900450000"