Accident_Id;jour;mois;an;hrmn;lum;dep;agg;int;atm;col;lat;long
202200010452;30;6;2022;20:20;1;16;1;2;1;3;"45;6310850000";" -0;2772760000"
202200010453;1;7;2022;08:00;1;95;2;1;1;3;"49;1549130000";"2;2683870000"
202200010454;8;2;2022;18:00;2;01;2;1;1;1;"45;9502210000";"5;4447720000"
202200010455;28;6;2022;11:50;1;13;1;1;1;6;"43;4229530000";"4;8138840000"
202200010456;8;2;2022;10:55;1;973;2;1;1;3;"5;4854190000";" -54;0306970000"
202200010457;5;6;2022;22:20;5;972;1;4;1;1;"14;4391270000";" -60;8782590000"
202200010458;9;2;2022;14:10;1;33;2;1;1;1;"44;8529590000";" -1;1033410000"
202200010459;1;7;2022;12:30;1;76;1;1;1;3;"49;5349020000";"0;2320540000"
202200010460;8;2;2022;07:55;1;30;1;1;1;6;"44;1072290000";"3;4822310000"
202200010461;1;7;2022;19:32;1;30;1;1;1;1;"44;0607391644";"4;3962088376"
202200010462;8;2;2022;17:40;2;83;2;6;1;6;"43;4080910000";"6;0490040000"
202200010463;1;7;2022;11:10;1;2B;1;9;1;3;"42;1266320000";"9;5101850000"
202200010464;9;2;2022;11:10;1;89;2;1;1;1;"48;0309960000";"3;6295650000"
202200010465;22;6;2022;11:34;1;77;2;1;2;3;"48;8016220000";"3;2112760000"
202200010466;12;1;2022;15:30;1;51;1;1;1;6;"49;3379870000";"3;7602420000"
202200010467;1;7;2022;10:15;1;61;1;1;1;3;"48;6827330000";"0;0305880000"
202200010468;9;2;2022;08:00;1;73;1;1;1;6;"45;6256430000";"6;7826240000"
202200010469;30;6;2022;17:00;1;04;1;1;1;7;"44;4090910000";"6;3374810000"
202200010470;8;2;2022;19:00;5;33;2;1;1;6;"44;7585580000";" -0;7336810000"
202200010471;30;6;2022;08:35;1;19;1;1;1;1;"45;4911790000";"2;3323040000"
202200010472;8;2;2022;11:45;1;22;2;1;1;6;"48;5615130000";" -3;1488130000"
202200010473;1;7;2022;11:05;1;56;1;1;1;5;"47;7953190000";" -3;3407640000"
202200010474;9;2;2022;14:00;1;27;1;3;1;3;"49;1374520000";"1;2817200000"
202200010475;28;6;2022;19:40;1;56;1;1;1;1;"47;6352920000";" -3;0539630000"
202200010476;8;2;2022;16:45;1;59;2;3;1;6;"50;1204588611";"3;4079772234"
202200010477;1;7;2022;17:55;1;77;1;1;1;6;"48;6886100000";"3;1285760000"
202200010478;7;2;2022;20:03;5;13;1;1;1;2;"43;2950207662";"5;4244454205"
202200010479;30;6;2022;12:42;1;69;2;6;1;3;"45;8149040000";"4;8464190000"
202200010480;8;2;2022;17:40;1;69;1;1;1;2;"45;9046417074";"4;8645879876"
202200010481;5;2;2022;20:50;3;59;1;1;1;6;"50;4208053629";"3;4052279592"
202200010482;1;7;2022;17:55;1;63;2;1;1;4;"45;5514170000";"3;2515240000"
202200010483;4;2;2022;18:20;3;59;1;1;1;2;"50;5321935980";"3;0470323563"
202200010484;28;6;2022;17:15;1;61;2;1;1;7;"48;5847940000";" -0;3669420000"
202200010485;8;2;2022;19:45;3;92;1;1;1;3;"48;7337741367";"2;3159380943"
202200010486;10;6;2022;18:00;1;61;1;1;1;6;"48;9211170000";"0;1481000000"
202200010487;7;2;2022;18:20;3;91;1;1;1;2;"48;6352620000";"2;5312080000"
202200010488;8;2;2022;07:30;4;94;1;1;1;2;"48;7728445669";"2;3453178748"
202200010489;23;6;2022;16:20;1;55;2;1;1;6;"48;8916940000";"5;5410160000"
202200010490;7;2;2022;23:42;3;91;1;1;1;2;"48;6943200000";"2;2317300000"
202200010491;7;2;2022;20:00;3;94;1;1;1;2;"48;7950700000";"2;3443500000"
202200010492;1;7;2022;13:45;1;42;1;1;1;6;"45;9063000000";"4;3121770000"
202200010493;8;2;2022;08:15;1;78;1;1;8;6;"48;7872120000";"2;1479680000"
202200010494;1;7;2022;10:25;1;42;1;4;1;1;"45;8639770000";"4;1941380000"
202200010495;7;2;2022;17:50;2;78;1;1;1;2;"48;8250800000";"2;0745100000"
202200010496;1;7;2022;15:25;1;68;2;1;1;7;"47;5685020000";"7;1455980000"
202200010497;7;2;2022;14:40;1;78;1;1;1;6;"48;9691650000";"1;8641300000"
202200010498;1;7;2022;14:55;1;25;1;1;1;1;"46;8222000000";"6;3698870000"
202200010499;4;2;2022;20:15;5;78;1;1;1;4;"48;7962810000";"2;0300550000"
202200010500;16;6;2022;15:25;1;29;1;1;1;1;"47;9736910000";" -3;7904760000"
202200010501;8;2;2022;21:45;4;95;1;1;1;2;"48;9660100000";"2;2582600000"
202200010502;1;7;2022;12:40;1;29;2;1;1;3;"48;5987000000";" -3;9355950000"
202200010503;8;2;2022;14:15;1;93;1;1;1;7;"48;8833923869";"2;4698693137"
202200010504;30;6;2022;19:30;1;29;1;1;1;6;"48;1724966604";" -3;9596529005"
202200010505;8;2;2022;08:30;1;95;1;1;1;4;"49;0333569892";"2;1982473135"
202200010506;1;7;2022;07:30;1;29;2;6;1;2;"48;4258549592";" -4;6162455082"
202200010507;29;6;2022;07:30;1;26;1;1;1;2;"44;8450550000";"4;8607980000"
202200010508;30;6;2022;23:10;3;58;1;1;1;6;"47;1584650000";"3;7447930000"
202200010509;8;2;2022;07:30;3;92;1;1;1;2;"48;9385801095";"2;3013526425"
202200010510;29;6;2022;11:00;1;66;1;1;1;5;"42;5127190000";"3;0796430000"
202200010511;29;6;2022;15:25;1;72;2;9;1;3;"47;7506030000";"0;6211840000"
202200010512;30;6;2022;18:15;1;14;1;1;1;3;"49;0640676646";" -0;5130762643"
202200010513;30;6;2022;07:20;1;18;1;1;2;1;"47;1667960000";"2;4472110000"
202200010514;1;7;2022;05:44;2;10;1;1;1;6;"48;5739096710";"3;5383272171"
202200010515;30;6;2022;23:00;3;36;1;1;1;6;"46;5999620000";"1;9997530000"
202200010516;30;6;2022;13:37;1;16;2;1;1;1;"45;2708620000";"0;0361350000"
202200010517;29;6;2022;08:40;1;40;1;4;1;3;"43;8968471579";" -0;3885354996"
202200010518;1;7;2022;13:50;1;85;1;4;1;1;"46;8074760000";" -2;0163330000"
202200010519;1;7;2022;07:10;2;85;1;2;7;1;"46;8162900000";" -1;9996100000"
202200010520;1;7;2022;16:30;1;85;1;1;1;1;"46;6509310000";" -1;0871740000"
202200010521;1;7;2022;18:45;1;27;1;2;1;2;"49;2408230000";"0;9569160000"
202200010522;30;6;2022;22:45;3;87;1;6;1;6;"46;1077630000";"0;9052130000"
202200010523;1;7;2022;01:50;3;30;1;1;1;1;"43;8550510000";"4;1817890000"
202200010524;16;6;2022;08:05;1;10;1;1;1;1;"48;1305254524";"4;6648091440"
202200010525;19;6;2022;22:45;5;973;2;1;1;1;"4;8770080000";" -52;3372360000"
202200010526;23;6;2022;11:00;1;06;1;6;2;7;"43;6166750000";"7;0382290000"
202200010527;1;7;2022;14:50;1;06;1;1;1;7;"43;7463090000";"7;3799320000"
202200010528;29;6;2022;16:30;1;69;2;6;1;2;"45;7834390000";"4;7131880000"
202200010529;1;7;2022;04:40;3;30;1;1;1;5;"43;8135800000";"4;3582090000"
202200010530;1;7;2022;21:30;2;27;1;1;1;7;"49;1762050000";"1;2438580000"
202200010531;30;6;2022;16:15;1;91;1;1;8;3;"48;5038250000";"2;3721030000"
202200010532;1;7;2022;14:00;1;91;2;1;1;5;"48;5648400000";"2;4368460000"
202200010533;29;6;2022;15:05;1;83;1;9;1;2;"43;1821390000";"5;7772680000"
202200010534;1;7;2022;08:20;1;83;2;3;1;3;"43;3610950000";"6;6733570000"
202200010535;1;7;2022;15:40;1;13;1;1;1;1;"43;7810290000";"5;0118470000"
202200010536;11;6;2022;10:30;1;13;1;1;1;2;"43;6456193534";"5;5943584442"
202200010537;29;6;2022;19:50;2;21;1;3;7;1;"47;2148425737";"5;2652807235"
202200010538;30;6;2022;23:30;3;03;1;1;1;6;"46;5710980000";"3;2763720000"
202200010539;27;6;2022;18:00;1;73;1;1;2;7;"45;5129403206";"6;2058079541"
202200010540;30;6;2022;21:40;2;42;1;1;3;6;"45;6019310000";"3;9537690000"
202200010541;30;6;2022;15:35;1;38;1;1;8;2;"45;8528720000";"5;4049840000"
202200010542;30;6;2022;09:00;1;26;1;1;1;3;"44;3597850000";"4;7077610000"
202200010543;1;7;2022;12:05;1;32;1;1;1;1;"43;7574680000";"0;6165750000"
202200010544;29;6;2022;19:15;1;32;1;1;1;6;"43;6872550000";"0;5241890000"
202200010545;1;7;2022;11:00;1;33;2;1;1;6;"45;0449040000";" -0;7971200000"
202200010546;3;8;2022;07:30;1;21;1;1;1;6;"47;3696059573";"4;9622626975"
202200010547;1;8;2022;09:50;1;37;1;1;1;6;"47;3136900000";"0;7605460000"
202200010548;1;8;2022;07:00;1;91;1;1;1;7;"48;7104540000";"2;1567430000"
202200010549;2;8;2022;17:55;1;51;1;1;1;7;"49;2204040000";"3;8218770000"
202200010550;2;8;2022;16:35;1;19;1;7;1;6;"45;5605560000";"1;8158070000"
202200010551;2;8;2022;13:30;1;56;1;1;1;1;"47;8087380000";" -3;4045710000"
202200010552;3;8;2022;11:14;1;56;2;2;1;3;"47;6691160000";" -2;4464960000"
202200010553;3;8;2022;15:10;1;80;1;2;1;3;"50;0961510000";"2;1476340000"
202200010554;3;8;2022;11:25;1;82;1;1;1;6;"43;7985710000";"1;2223420000"
202200010555;3;8;2022;11:30;1;65;1;1;1;7;"43;0031490000";"0;4644170000"
202200010556;3;8;2022;13:15;1;63;1;1;1;7;"45;6975648719";"3;4429129958"
202200010557;3;8;2022;16:00;1;61;2;1;7;6;"48;5906690000";" -0;6527310000"
202200010558;2;8;2022;17:55;1;01;1;4;1;3;"45;8644440000";"5;6863150000"
202200010559;1;8;2022;09:10;1;41;2;3;1;3;"47;3914100000";"1;2555900000"
202200010560;3;8;2022;10:15;1;86;1;2;1;2;"46;8255160000";"0;1093380000"
202200010561;2;8;2022;14:30;1;39;1;3;1;2;"46;9916790000";"5;3362070000"
202200010562;3;8;2022;17:00;1;39;1;4;1;1;"46;4920400000";"5;6569080000"
202200010563;3;8;2022;08:10;1;25;2;1;1;6;"47;2103710000";"5;9153440000"
202200010564;3;8;2022;02:30;3;35;1;1;1;6;"48;0649297355";" -1;5617617965"
202200010565;2;8;2022;21:40;2;29;1;1;1;6;"47;8391650000";" -4;2465430000"
202200010566;3;8;2022;06:10;2;31;1;1;1;7;"43;7372010000";"1;5192300000"
202200010567;2;8;2022;21:45;2;02;2;4;1;7;"49;9995980000";"3;3082850000"
202200010568;3;8;2022;01:05;3;02;1;1;1;2;"49;8658330000";"3;2078740000"
202200010569;27;7;2022;15:20;1;26;1;1;1;7;"44;7307790000";"5;2670860000"
202200010570;3;8;2022;08:20;1;66;1;1;1;1;"42;4679500120";"2;0355606000"
202200010571;1;8;2022;20:00;2;06;1;1;1;6;"44;0178180000";"7;1315000000"
202200010572;3;8;2022;19:15;1;60;1;1;1;1;"49;2809360000";"2;3736160000"
202200010573;30;7;2022;14:00;1;60;2;1;1;3;"49;4368439850";"1;8987700939"
202200010574;2;8;2022;12:45;1;24;1;2;1;3;"45;4158840000";"0;3916940000"
202200010575;17;5;2022;18:40;1;37;2;1;1;6;"47;1248810000";"0;9872510000"
202200010576;2;8;2022;09:05;1;30;2;3;1;6;"43;9616000000";"3;8568000000"
202200010577;3;8;2022;14:00;1;48;1;1;7;6;"44;7212300000";"3;7812040000"
202200010578;2;8;2022;21:45;2;52;1;1;1;6;"48;1157260000";"5;0595260000"
202200010579;2;8;2022;12:10;1;42;1;1;1;2;"45;6696050000";"4;1583250000"
202200010580;2;8;2022;17:30;1;74;1;1;7;6;"46;0561050000";"6;5143080000"
202200010581;1;8;2022;11:00;1;22;1;1;1;2;"48;4760300000";" -2;5825600000"
202200010582;1;8;2022;10:00;1;68;2;3;1;2;"47;7621260000";"7;3970930000"
202200010583;2;8;2022;12:30;1;987;2;3;1;7;" -17;5770000000";" -150;2020000000"
202200010584;23;6;2022;12:15;1;66;2;2;1;3;"42;6541300000";"2;5866100000"
202200010585;3;8;2022;00:00;3;66;1;1;1;2;"42;8063120000";"3;0311120000"
202200010586;3;8;2022;08:00;1;34;1;2;1;7;"43;2735180000";"3;0780820000"
202200010587;3;8;2022;19:30;1;83;1;1;1;3;"43;2754670000";"6;5447670000"
202200010588;2;8;2022;12:05;1;83;1;1;1;5;"43;4141780000";"6;0507680000"
202200010589;2;8;2022;07:28;1;13;1;1;7;2;"43;4654690000";"5;7289410000"
202200010590;3;8;2022;17:30;1;89;1;1;1;6;"48;0584630000";"3;5955550000"
202200010591;2;8;2022;10:42;1;71;1;9;1;3;"46;8439610000";"4;1952860000"
202200010592;2;8;2022;14:28;1;88;1;4;1;6;"48;0499290000";"6;9870690000"
202200010593;2;8;2022;11:40;1;42;2;1;1;6;"45;6048850000";"4;0658910000"
202200010594;2;8;2022;19:15;1;38;1;1;7;7;"45;0909440000";"5;8550260000"
202200010595;3;8;2022;12:55;1;69;1;3;1;3;"45;6353350000";"4;8593100000"
202200010596;2;8;2022;20:00;1;40;1;3;1;3;"43;6847880000";" -1;1719320000"
202200010597;21;3;2022;07:40;1;33;2;1;1;3;"44;8417183173";" -0;7750350237"
202200010598;3;8;2022;15:20;1;61;1;9;1;2;"48;5289830000";" -0;0560690000"
202200010599;2;8;2022;09:00;1;60;2;2;7;6;"49;1945540000";"2;4760240000"
202200010600;2;8;2022;12:40;1;60;1;1;1;4;"49;1768740000";"2;2332380000"
202200010601;2;8;2022;14:40;1;02;2;9;1;2;"49;9242770000";"4;0795270000"
202200010602;3;8;2022;13:05;1;80;1;6;1;7;"50;1714290000";"1;6493870000"
202200010603;3;8;2022;13:45;1;62;1;1;1;6;"50;8773960000";"1;7490850000"
202200010604;23;7;2022;04:40;3;59;1;1;1;6;"50;2907410000";"3;3874960000"
202200010605;2;8;2022;17:30;1;33;1;1;1;4;"44;7301090000";" -0;7265000000"
202200010606;2;8;2022;10:25;1;92;1;1;1;2;"48;7605590889";"2;2843458463"
202200010607;2;8;2022;08:30;1;91;1;1;1;2;"48;6319300000";"2;5071800000"
202200010608;1;8;2022;11:25;1;91;1;1;1;7;"48;6251400000";"2;3027500000"
202200010609;31;7;2022;07:17;2;92;1;1;1;6;"48;8424553232";"2;2221676172"
202200010610;2;8;2022;14:15;1;95;1;1;1;2;"48;9707616410";"2;4837791920"
202200010611;2;8;2022;11:50;1;93;1;1;1;7;"48;9284112588";"2;4157726764"
202200010612;2;8;2022;08:45;1;93;1;1;1;2;"48;9006900000";"2;4700900000"
202200010613;1;8;2022;15:30;1;94;1;1;1;6;"48;8301463257";"2;4891312295"
202200010614;1;8;2022;10:10;1;94;1;1;1;4;"48;8276988218";"2;5065179704"
202200010615;31;7;2022;22:40;5;987;2;1;1;3;" -17;5306520000";" -149;5681500000"
202200010616;1;8;2022;08:45;1;976;2;1;1;6;" -12;7821900000";"45;2219000000"
202200010617;1;8;2022;17:45;1;69;2;2;1;3;"45;7549700000";"4;8559900000"
202200010618;1;8;2022;15:40;1;69;2;1;1;4;"45;7411000000";"4;8623600000"
202200010619;31;7;2022;04:12;5;972;1;1;1;7;"14;6252740000";" -61;0247150000"
202200010620;30;7;2022;21:00;5;972;2;1;1;6;"14;6227500000";" -61;0190390000"
202200010621;1;8;2022;08:47;1;69;2;4;1;6;"45;7174000000";"4;8096000000"
202200010622;1;8;2022;13:55;1;2B;1;1;1;2;"42;5941130000";"9;4389700000"
202200010623;1;8;2022;18:35;1;2A;2;1;1;3;"41;9485800000";"8;7660100000"
202200010624;1;8;2022;08:00;1;91;2;1;1;2;"48;6877180000";"2;3564510000"
202200010625;31;7;2022;12:35;1;87;1;1;1;6;"45;8376000000";"1;2827000000"
202200010626;30;7;2022;21:30;2;87;2;3;1;2;"45;8259900000";"1;2681800000"
202200010627;1;8;2022;09:15;1;83;2;1;1;6;"43;1210298602";"5;9557271004"
202200010628;30;7;2022;19:55;1;81;1;3;1;1;"43;9269470000";"2;2015330000"
202200010629;15;6;2022;07:42;1;79;2;1;7;3;"46;9599990000";" -0;2093400000"
202200010630;1;8;2022;13:30;1;78;1;9;1;1;"48;9544900000";"2;0200700000"
202200010631;1;8;2022;20:10;2;76;2;2;1;3;"49;4379900000";"1;1473700000"
202200010632;31;7;2022;12:50;1;76;2;1;2;6;"49;4797000000";"0;1624600000"
202200010633;1;8;2022;02:35;5;74;2;6;1;2;"46;1806100000";"6;2354300000"
202200010634;1;8;2022;18:05;1;74;2;1;1;6;"45;9207400000";"6;1329700000"
202200010635;1;8;2022;00:05;5;73;2;2;1;1;"45;6746403198";"6;3878026354"
202200010636;1;8;2022;11:15;1;69;2;2;1;1;"45;7694300000";"4;8872100000"
202200010637;31;7;2022;14:00;1;67;2;1;1;6;"48;5836800000";"7;7146800000"
202200010638;31;7;2022;07:02;1;67;2;1;1;6;"48;6081200000";"7;7419900000"
202200010639;25;9;2022;19:50;5;67;2;4;1;3;"48;5895900000";"7;7409400000"
202200010640;1;8;2022;14:05;1;64;2;3;1;3;"43;3861373120";" -1;6530749202"
202200010641;31;7;2022;05:20;3;64;1;1;1;6;"43;3565700000";" -0;4417500000"
202200010642;1;8;2022;13:30;1;64;2;1;1;3;"43;4835200000";" -1;5009500000"
202200010643;29;7;2022;18:29;1;63;2;1;1;3;"45;7913850234";"3;0783482194"
202200010644;29;7;2022;17:48;1;63;2;1;1;2;"45;7762800000";"3;0915000000"
202200010645;26;6;2022;09:10;1;62;2;3;1;3;"50;4224200000";"2;7757700000"
202200010646;1;8;2022;11:40;1;60;2;9;1;3;"49;4427885462";"2;0915133315"
202200010647;1;8;2022;21:50;1;59;1;1;1;6;"50;6549426211";"2;9996068776"
202200010648;16;7;2022;20:20;1;59;2;1;1;6;"50;6341597181";"3;0965289473"
202200010649;31;7;2022;08:15;2;59;2;3;1;6;"50;6588300000";"3;0434900000"
202200010650;1;8;2022;19:25;1;42;2;1;1;1;"45;4126100000";"4;3712600000"
202200010651;29;7;2022;12:00;1;29;2;6;1;2;"48;4139460000";" -4;4795530000"
202200010652;1;8;2022;07:10;1;17;1;1;7;4;"46;1727500000";" -1;1181700000"
202200010653;1;8;2022;08:15;1;13;2;1;1;1;"43;4606600000";"5;3714500000"
202200010654;1;8;2022;15:30;1;13;2;2;1;3;"43;3292723947";"5;3880379884"
202200010655;1;8;2022;10:40;1;13;2;2;1;2;"43;1908000000";"5;6408600000"
202200010656;1;8;2022;16:45;1;06;2;1;1;2;"43;6543540000";"6;9209230000"
202200010657;30;7;2022;12:25;1;05;1;1;1;4;"44;8702100000";"6;6049300000"
202200010658;1;8;2022;14:50;1;75;2;1;1;7;"48;8653170000";"2;4124090000"
202200010659;1;8;2022;06:00;2;75;2;4;1;6;"48;8883929461";"2;2923821211"
202200010660;31;7;2022;17:10;1;75;2;1;1;5;"48;8821140000";"2;4016940000"
202200010661;27;7;2022;01:50;5;75;2;3;1;6;"48;8879330000";"2;3227090000"
202200010662;1;8;2022;22:15;5;75;2;1;1;6;"48;8294680000";"2;3747490000"
202200010663;1;8;2022;02:50;5;75;2;7;1;6;"48;8349410000";"2;4082290000"
202200010664;31;7;2022;23:45;5;75;2;2;1;3;"48;8710270000";"2;3659080000"
202200010665;1;8;2022;12:00;1;94;2;2;1;3;"48;7884900000";"2;3616900000"
202200010666;1;8;2022;12:37;1;93;2;2;1;3;"48;9092200000";"2;3624200000"
202200010667;1;8;2022;09:45;1;93;2;5;1;6;"48;8722292801";"2;4851587246"
202200010668;1;8;2022;19:45;1;93;2;2;1;3;"48;8643300000";"2;5032800000"
202200010669;1;8;2022;09:23;1;93;2;1;1;3;"48;9528841632";"2;3074415854"
202200010670;1;8;2022;09:05;1;92;2;9;1;3;"48;8841700000";"2;2703200000"
202200010671;1;8;2022;12:55;1;92;2;7;1;6;"48;8335069184";"2;2436034679"
202200010672;31;7;2022;14:30;1;92;2;1;1;1;"48;7396000000";"2;2951300000"
202200010673;1;8;2022;14:50;1;17;1;2;7;2;"46;1715130000";" -1;0038440000"
202200010674;2;8;2022;10:50;1;84;1;1;1;3;"44;2205230000";"5;0076410000"
202200010675;1;8;2022;07:10;1;59;2;3;1;3;"50;9966540000";"2;3352060000"
202200010676;1;8;2022;22:50;3;44;1;1;1;2;"47;3549800000";" -1;8891300000"
202200010677;1;8;2022;11:50;1;24;1;1;1;3;"45;0052970000";"0;2635650000"
202200010678;31;7;2022;07:15;1;57;2;1;1;6;"48;6958120000";"7;0461900000"
202200010679;1;8;2022;16:30;1;51;1;1;1;1;"48;6950065946";"3;8913595676"
202200010680;20;11;2022;19:50;3;53;1;3;2;3;"48;4512790000";" -0;4620050000"
202200010681;2;8;2022;18:45;1;74;1;1;1;1;"46;0955830000";"6;6079730000"
202200010682;2;8;2022;09:40;1;79;1;2;1;3;"46;2524530000";" -0;1979520000"
202200010683;21;11;2022;07:10;2;04;1;1;8;6;"44;0350940000";"5;9884450000"
202200010684;30;7;2022;18:45;1;2A;1;3;7;3;"42;0595770000";"8;9661020000"
202200010685;1;8;2022;22:15;5;65;1;3;1;6;"42;8087850000";"0;4213660000"
202200010686;2;8;2022;04:45;3;11;1;1;1;1;"43;2119560000";"2;2565000000"
202200010687;13;7;2022;12:25;1;35;1;3;1;5;"48;6805020000";" -1;9342540000"
202200010688;21;11;2022;17:50;3;17;1;1;3;5;"45;9624530000";" -0;7599230000"
202200010689;1;8;2022;17:30;1;29;1;1;1;4;"48;2738320000";" -4;2659890000"
202200010690;20;11;2022;20:00;3;48;1;1;2;6;"44;4095970000";"3;1625180000"
202200010691;1;8;2022;22:50;5;29;2;3;1;2;"47;7965866027";" -4;2842438221"
202200010692;21;11;2022;09:55;1;88;1;1;8;7;"48;3045320000";"6;1518500000"
202200010693;1;8;2022;18:40;1;29;1;1;1;4;"47;8175510000";" -4;2864670000"
202200010694;26;7;2022;15:40;1;29;2;1;1;6;"47;7931790000";" -4;2856980000"
202200010695;20;11;2022;21:40;3;973;1;1;1;2;"4;7951600000";" -52;3584800000"
202200010696;2;8;2022;16:00;1;38;1;1;1;1;"45;1160400000";"5;2748110000"
202200010697;21;11;2022;09:10;1;78;2;1;2;3;"48;8407010000";"2;0670890000"
202200010698;16;11;2022;09:00;1;01;1;1;1;6;"46;2715750000";"5;0200490000"
202200010699;30;7;2022;11:35;1;70;1;3;1;3;"47;7927480000";"6;3167340000"
202200010700;30;7;2022;00:55;5;60;2;1;1;7;"49;5806284326";"3;0233838558"
202200010701;20;11;2022;19:00;3;34;1;1;1;2;"43;6549690000";"3;8346020000"
202200010702;31;7;2022;21:00;2;73;1;1;1;7;"45;4831270000";"5;7216420000"
202200010703;2;8;2022;13:45;1;43;1;3;1;2;"44;9602850000";"3;8451080000"
202200010704;21;11;2022;07:50;2;69;2;3;2;3;"45;7667090000";"4;7846210000"
202200010705;2;8;2022;10:50;1;53;1;1;1;1;"48;4139010000";" -0;6639490000"
202200010706;21;11;2022;06:00;3;06;1;1;1;1;"43;6266790000";"7;1164160000"
202200010707;14;6;2022;17:15;1;53;1;2;1;3;"47;8190620000";" -0;7697080000"
202200010708;20;11;2022;20:20;3;83;1;1;1;6;"43;4569060000";"5;8719350000"
202200010709;1;8;2022;13:55;1;24;2;9;1;3;"45;1316780000";"1;2798350000"
202200010710;21;11;2022;06:50;3;45;1;1;8;6;"48;0900562458";"3;0387283957"
202200010711;1;8;2022;15:45;1;85;1;1;1;6;"46;5293400000";" -1;2975560000"
202200010712;1;8;2022;19:00;1;23;1;1;1;7;"46;2748987493";"2;2453308105"
202200010713;19;11;2022;21:00;3;973;1;1;1;7;"5;4808270000";" -53;2681670000"
202200010714;1;8;2022;15:33;1;37;1;1;1;1;"47;5574730000";"0;3043450000"
202200010715;20;11;2022;13:15;1;29;2;1;1;2;"47;8692944508";" -3;5357615946"
202200010716;2;8;2022;10:30;1;30;2;6;1;2;"43;7070310000";"4;2673840000"
202200010717;2;8;2022;19:55;1;30;1;1;1;1;"43;9679090000";"4;5056180000"
202200010718;16;11;2022;15:25;1;29;2;1;3;4;"47;8717090000";" -3;5607290000"
202200010719;1;8;2022;19:15;1;77;1;1;1;6;"48;5755000000";"2;7462820000"
202200010720;20;11;2022;11:50;1;45;1;1;2;6;"47;9662070000";"2;2824310000"
202200010721;18;7;2022;17:05;1;13;1;6;1;2;"43;5425520000";"5;2593130000"
202200010722;31;7;2022;21:55;3;34;1;1;1;7;"43;6583250000";"3;8250660000"
202200010723;2;8;2022;09:45;1;21;1;1;1;6;"47;0344320756";"5;1936291046"
202200010724;21;11;2022;07:00;2;06;1;1;5;1;"43;9518140000";"6;8768740000"
202200010725;30;7;2022;04:15;3;987;2;1;1;6;" -16;3880000000";" -151;7650000000"
202200010726;28;7;2022;16:40;1;971;2;1;1;1;"16;1458210000";" -61;7650520000"
202200010727;1;8;2022;21:15;3;77;1;1;1;6;"48;8039060000";"3;0016710000"
202200010728;2;8;2022;17:00;1;2A;2;1;1;1;"41;6034100000";"9;2669030000"
202200010729;2;8;2022;09:10;1;66;2;1;1;6;"42;6960770000";"2;7702930000"
202200010730;21;11;2022;07:30;2;01;2;1;8;5;"45;8122360000";"4;9285670000"
202200010731;2;8;2022;20:20;1;84;2;1;1;6;"43;9278240000";"5;0716120000"
202200010732;2;8;2022;14:45;1;06;1;1;1;2;"43;9041080000";"7;1873550000"
202200010733;20;11;2022;21:15;5;33;2;1;1;1;"44;6408270000";" -0;9523770000"
202200010734;2;8;2022;08:00;1;05;2;6;1;3;"44;6579390000";"6;6449370000"
202200010735;20;11;2022;19:30;3;85;1;1;1;1;"46;7458600000";" -1;8702940000"
202200010736;2;8;2022;05:20;3;26;1;1;1;2;"45;1198773684";"4;8954568880"
202200010737;7;7;2022;20:15;1;67;1;1;1;3;"48;4498450000";"7;5700520000"
202200010738;20;11;2022;22:50;3;22;1;2;2;3;"48;1783560000";" -2;7786130000"
202200010739;31;7;2022;06:50;2;57;2;3;1;6;"49;2982000000";"6;1098790000"
202200010740;2;8;2022;11:30;1;57;1;1;1;1;"49;2705039984";"6;6389594572"
202200010741;20;11;2022;00:20;3;13;1;1;1;7;"43;2852690000";"5;5150970000"
202200010742;31;7;2022;11:00;1;73;1;3;1;3;"45;2663470000";"6;8132720000"
202200010743;18;11;2022;21:10;3;69;1;1;2;2;"45;7059100000";"4;8323700000"
202200010744;1;8;2022;14:45;1;73;1;1;1;3;"45;5466310000";"6;9074580000"
202200010745;31;7;2022;07:00;2;38;1;1;1;6;"45;5317110000";"5;3180270000"
202200010746;31;5;2022;12:45;1;13;1;2;1;3;"43;4169490000";"5;5172400000"
202200010747;18;11;2022;23:00;3;69;1;1;2;2;"45;6020700000";"4;7971100000"
202200010748;2;8;2022;17:20;1;26;2;1;1;1;"44;4340560000";"4;7152050000"
202200010749;1;6;2022;17:40;1;25;2;1;1;6;"47;4688946789";"6;6959376633"
202200010750;1;8;2022;13:00;1;14;1;6;1;2;"48;9066680000";" -0;2064174414"
202200010751;31;5;2022;07:15;1;25;2;3;1;3;"47;4801170000";"6;7176510000"
202200010752;30;7;2022;12:15;1;35;2;1;1;3;"48;1837970000";" -1;4362480000"
202200010753;1;6;2022;09:15;1;38;1;1;1;3;"45;5890520000";"4;8071030000"
202200010754;2;8;2022;17:20;1;27;2;1;7;3;"49;1702150000";"1;3499770000"
202200010755;15;11;2022;18:25;3;42;1;1;8;4;"45;4588300000";"4;4065500000"
202200010756;1;6;2022;16:00;1;69;2;3;1;6;"45;8073060000";"4;7804500000"
202200010757;20;11;2022;13:03;1;91;1;1;2;7;"48;6350000000";"2;4010000000"
202200010758;1;8;2022;10:00;1;33;1;1;1;2;"44;7804900000";" -0;6385700000"
202200010759;1;6;2022;08:00;1;81;1;1;1;1;"43;9255320000";"1;9218130000"
202200010760;1;6;2022;06:00;1;31;1;1;1;7;"43;4962526047";"1;3897005326"