Accident_Id;jour;mois;an;hrmn;lum;dep;agg;int;atm;col;lat;long
202200010761;20;11;2022;15:04;1;92;1;1;2;6;"48;9380200000";"2;2999500000"
202200010762;1;8;2022;07:35;1;92;1;1;1;5;"48;8484056577";"2;2377362841"
202200010763;23;5;2022;17:15;1;17;2;6;1;3;"45;6978400000";" -1;0512970000"
202200010764;1;8;2022;15:00;1;93;1;1;1;2;"48;8800996140";"2;4509841307"
202200010765;31;5;2022;14:30;1;22;1;1;1;7;"48;5152260000";" -2;0189740000"
202200010766;20;11;2022;12:25;1;92;1;1;2;2;"48;8323157105";"2;1543841825"
202200010767;1;8;2022;11:00;1;94;1;1;1;3;"48;8268960991";"2;5128994984"
202200010768;31;5;2022;09:00;1;974;1;9;1;3;" -21;3000000000";"55;4350000000"
202200010769;19;11;2022;20:15;3;92;1;1;2;4;"48;8377471332";"2;1898883645"
202200010770;20;11;2022;07:00;3;78;1;1;1;6;"48;9649000000";"1;8014800000"
202200010771;30;7;2022;17:10;2;974;2;1;1;5;" -21;3483700000";"55;5014900000"
202200010772;30;5;2022;10:00;1;974;2;1;1;3;" -20;9014400000";"55;4436400000"
202200010773;20;11;2022;14:00;1;95;1;1;2;6;"49;0336115249";"2;1043758974"
202200010774;31;5;2022;19:00;1;69;1;1;1;6;"45;6949650220";"4;8446871321"
202200010775;20;11;2022;02:32;5;93;1;1;1;6;"48;9045700000";"2;3586000000"
202200010776;31;5;2022;13:50;1;69;2;3;2;3;"45;7637500000";"4;8686100000"
202200010777;19;11;2022;21:20;4;93;1;1;9;6;"48;9630043555";"2;5223972297"
202200010778;31;5;2022;11:30;1;972;2;1;1;6;"14;6330900000";" -60;9934400000"
202200010779;19;11;2022;19:45;3;93;1;1;1;2;"48;9145497516";"2;4773225411"
202200010780;31;5;2022;18:25;1;69;2;1;1;3;"45;7748400000";"4;8093900000"
202200010781;31;5;2022;17:00;1;69;2;1;2;6;"45;7805743791";"4;8420529068"
202200010782;18;11;2022;17:30;3;92;1;1;2;2;"48;9436471157";"2;2877561673"
202200010783;10;6;2022;18:03;1;91;2;1;1;6;"48;5966400000";"2;4791400000"
202200010784;31;5;2022;08:50;1;69;2;1;2;3;"45;6971400000";"4;8319000000"
202200010785;23;8;2022;09:55;1;22;2;1;1;6;"48;4898740000";" -2;7433310000"
202200010786;31;5;2022;17:00;1;971;1;9;1;4;"16;2210200000";" -61;5214400000"
202200010787;23;7;2022;09:20;1;22;2;2;1;3;"48;5003970000";" -2;7235990000"
202200010788;31;5;2022;08:00;1;91;2;3;1;3;"48;7324720000";"2;5120670000"
202200010789;21;7;2022;13:50;1;22;1;1;1;2;"48;4850500000";" -2;7650700000"
202200010790;30;5;2022;11:25;1;91;2;9;1;6;"48;7030300000";"2;4625900000"
202200010791;23;11;2022;14:00;1;988;2;2;1;3;" -22;2657400000";"166;4412800000"
202200010792;31;5;2022;17:30;1;91;2;2;1;3;"48;6828540000";"2;3348600000"
202200010793;19;11;2022;05:18;1;988;2;1;1;3;" -22;3034700000";"166;4464800000"
202200010794;18;11;2022;07:30;1;976;2;1;1;6;" -12;7806300000";"45;2293600000"
202200010795;31;5;2022;13:30;1;91;2;2;1;3;"48;6997321882";"2;3573827744"
202200010796;18;3;2022;00:45;3;78;1;1;1;2;"48;8015700000";"1;9492000000"
202200010797;18;11;2022;09:55;1;974;2;1;1;3;" -21;3036600000";"55;4634000000"
202200010798;27;5;2022;22:35;5;87;2;2;1;3;"45;8211800000";"1;2630000000"
202200010799;18;11;2022;15:40;1;974;2;1;1;7;" -20;8840800000";"55;4277100000"
202200010800;17;3;2022;22:20;5;33;2;3;1;6;"44;8728500000";" -0;5466800000"
202200010801;19;11;2022;12:55;1;974;2;1;1;3;" -20;9368600000";"55;3004600000"
202200010802;30;5;2022;17:33;1;87;2;1;1;6;"45;8840000000";"1;2945400000"
202200010803;18;11;2022;14:20;1;974;1;1;1;7;" -20;9514500000";"55;2989500000"
202200010804;16;3;2022;06:47;2;77;2;3;1;6;"48;6049300000";"2;5693700000"
202200010805;31;5;2022;10:00;1;83;2;1;1;3;"43;0937000000";"5;8453800000"
202200010806;18;11;2022;17:30;1;973;2;3;1;1;"4;9307900000";" -52;3054900000"
202200010807;21;5;2022;22:10;5;83;1;6;1;7;"43;1724160411";"6;1180779934"
202200010808;14;3;2022;18:00;1;50;2;3;1;3;"49;1098664000";" -1;0847059000"
202200010809;18;11;2022;15:49;1;973;2;1;1;6;"4;9306000000";" -52;3056400000"
202200010810;17;11;2022;13:25;1;973;2;1;1;6;"4;9174400000";" -52;3214000000"
202200010811;25;5;2022;18:15;1;80;2;1;1;3;"49;9037200000";"2;3071700000"
202200010812;10;3;2022;22:50;3;70;1;1;1;6;"47;6387700000";"6;1501370000"
202200010813;21;4;2022;14:10;1;78;1;1;1;7;"48;6518660000";"1;8748200000"
202200010814;19;11;2022;05:10;3;972;1;1;1;1;"14;6285300000";" -60;9899900000"
202200010815;7;3;2022;15:40;1;62;2;1;1;6;"50;4250450000";"2;7760700000"
202200010816;30;5;2022;20:30;1;78;2;1;1;6;"48;9241030000";"2;0296110000"
202200010817;19;11;2022;16:14;1;69;2;8;1;3;"45;7429955902";"4;8210060596"
202200010818;14;1;2022;14:50;1;71;2;6;1;3;"46;6449765665";"4;3212949767"
202200010819;8;1;2022;12:31;1;02;1;1;1;3;"49;6438830000";"3;2634570000"
202200010820;19;11;2022;11:05;1;69;2;1;8;5;"45;7209300000";"4;7970200000"
202200010821;31;5;2022;08:45;1;77;2;6;1;6;"48;8747800000";"2;8032300000"
202200010822;17;11;2022;06:10;3;69;1;1;1;6;"45;7289971200";"4;8155254125"
202200010823;17;3;2022;17:00;2;988;1;1;2;4;" -22;2576900000";"166;4470000000"
202200010824;19;11;2022;13:15;1;2B;2;1;1;7;"42;6776300000";"9;4437000000"
202200010825;31;5;2022;21:15;2;76;2;1;1;3;"49;4139500000";"1;0717200000"
202200010826;25;12;2022;08:45;1;59;2;8;2;3;"50;6637500000";"3;1301600000"
202200010827;18;11;2022;04:22;5;2B;2;1;2;6;"42;6828000000";"9;4444400000"
202200010828;14;3;2022;18:35;5;988;2;3;1;3;" -22;3006700000";"166;4379400000"
202200010829;17;11;2022;17:30;5;95;2;1;8;6;"49;0319642309";"2;4589687586"
202200010830;31;5;2022;17:30;1;76;2;2;1;3;"49;4440000000";"1;0850000000"
202200010831;25;12;2022;18:40;5;38;2;3;1;3;"45;1694800000";"5;7234700000"
202200010832;14;3;2022;18:25;2;974;2;2;1;3;" -20;9729300000";"55;6569000000"
202200010833;25;12;2022;07:40;2;38;2;2;5;3;"45;1924100000";"5;6948900000"
202200010834;16;3;2022;15:15;1;974;2;2;1;3;" -20;9303300000";"55;2934100000"
202200010835;30;5;2022;09:30;1;74;2;1;1;5;"46;1884500000";"6;2670300000"
202200010836;23;12;2022;17:20;2;26;1;1;9;2;"44;9563300000";"4;9354880000"
202200010837;25;12;2022;15:40;1;25;1;1;8;3;"47;2619500000";"6;0052600000"
202200010838;14;3;2022;12:00;1;973;2;2;2;3;"4;9310200000";" -52;3132800000"
202200010839;31;5;2022;13:10;1;71;1;1;1;2;"46;6855600000";"4;3551200000"
202200010840;25;12;2022;16:50;2;22;1;1;2;2;"48;5230800000";" -2;8186600000"
202200010841;19;11;2022;16:00;1;91;2;1;1;6;"48;6681600000";"2;3369500000"
202200010842;14;3;2022;16:30;1;69;2;2;1;3;"45;7278000000";"4;8243000000"
202200010843;31;5;2022;14:15;1;71;2;1;1;6;"46;7803700000";"4;8529500000"
202200010844;25;12;2022;18:45;5;13;2;1;1;2;"43;3965000000";"5;2458000000"
202200010845;16;11;2022;20:20;5;91;2;9;2;6;"48;7189880000";"2;2426690000"
202200010846;14;3;2022;07:50;2;69;2;3;1;3;"45;7470101064";"4;8389196396"
202200010847;31;5;2022;16:20;1;69;1;1;1;3;"45;9978000000";"4;7338200000"
202200010848;25;12;2022;07:55;1;13;2;1;9;1;"43;2349768734";"5;4111779171"
202200010849;18;11;2022;04:55;5;87;2;3;1;3;"45;8246400000";"1;2279900000"
202200010850;13;3;2022;20:30;5;69;2;9;2;3;"45;7497500000";"4;8709900000"
202200010851;16;11;2022;17:06;1;87;2;1;2;7;"45;8385600000";"1;2568300000"
202200010852;25;12;2022;20:30;5;13;2;6;1;2;"43;5001400000";"4;9668800000"
202200010853;17;3;2022;18:00;1;972;1;1;1;2;"14;6004100000";" -61;0484200000"
202200010854;18;11;2022;08:05;2;86;1;1;9;2;"46;6320960000";"0;2783470000"
202200010855;25;12;2022;07:20;2;06;2;2;1;3;"43;6590200000";"7;1627300000"
202200010856;17;11;2022;15:30;1;78;2;1;8;6;"48;9211100000";"2;1861300000"
202200010857;17;3;2022;15:15;1;69;2;3;1;3;"45;7682558416";"4;8156846939"
202200010858;29;5;2022;02:00;5;67;2;3;1;3;"48;6106300000";"7;7339100000"
202200010859;26;12;2022;20:00;5;75;2;3;1;2;"48;8375940000";"2;3544030000"
202200010860;17;3;2022;10:30;1;69;2;2;1;3;"45;7853900000";"4;8105800000"
202200010861;26;12;2022;13:50;1;75;2;3;2;3;"48;8415820000";"2;4048790000"
202200010862;30;5;2022;23:29;5;66;2;3;2;3;"42;6993106465";"2;8897224739"
202200010863;19;11;2022;21:05;5;77;2;2;1;3;"48;8537000000";"2;7735000000"
202200010864;17;3;2022;08:45;1;69;1;1;8;3;"45;8265000000";"4;9175500000"
202200010865;26;12;2022;00:50;5;75;2;3;1;4;"48;8647812232";"2;4101136625"
202200010866;28;5;2022;15:22;1;66;1;1;1;4;"42;6942400000";"2;8495500000"
202200010867;19;11;2022;13:00;1;72;2;9;1;3;"48;0056400000";"0;2016900000"
202200010868;14;3;2022;09:40;1;69;2;1;1;2;"45;7833321126";"4;8006498814"
202200010869;31;5;2022;12:10;1;64;1;1;1;2;"43;3922970000";" -1;6958300000"
202200010870;18;11;2022;15:45;1;72;2;1;1;2;"47;9858800000";"0;1635600000"
202200010871;8;3;2022;16:00;1;69;2;2;1;5;"45;7573000000";"4;8365700000"
202200010872;26;12;2022;18:20;5;75;2;2;8;4;"48;8666600000";"2;3333300000"
202200010873;18;11;2022;09:35;1;72;2;9;1;3;"47;9923900000";"0;2162400000"
202200010874;30;5;2022;17:10;1;64;2;9;1;6;"43;2849200000";" -0;3780600000"
202200010875;16;3;2022;18:00;5;971;1;1;1;1;"16;2583500000";" -61;4606800000"
202200010876;26;12;2022;19:00;5;75;2;7;1;2;"48;8731822878";"2;3314538598"
202200010877;18;11;2022;15:55;1;71;2;1;2;1;"46;6663500000";"4;3584100000"
202200010878;28;5;2022;20:15;1;64;2;1;1;3;"43;5010598368";" -1;4458340406"
202200010879;13;3;2022;21:35;5;971;2;6;1;3;"16;2518752696";" -61;5210744739"
202200010880;23;12;2022;05:15;5;75;2;2;8;2;"48;8640781792";"2;3201320223"
202200010881;16;11;2022;15:40;1;71;2;1;1;7;"46;8029400000";"4;4479100000"
202200010882;27;2;2022;21:00;5;971;2;1;2;6;"16;2501517087";" -61;5229654312"
202200010883;26;12;2022;17:30;5;75;2;2;1;2;"48;8517580000";"2;3670030000"
202200010884;31;5;2022;08:03;1;63;2;3;1;6;"45;7876000000";"3;1057100000"
202200010885;19;11;2022;18:45;3;69;2;6;1;2;"45;7706200000";"4;8634200000"
202200010886;31;5;2022;08:55;1;59;2;1;1;6;"50;6055000000";"3;1497300000"
202200010887;13;3;2022;15:30;1;971;2;1;1;4;"16;2764300000";" -61;5013100000"
202200010888;26;12;2022;14:25;1;75;2;7;8;7;"48;8673850000";"2;3633150000"
202200010889;18;11;2022;17:15;5;69;2;1;1;6;"45;7742700000";"4;9277500000"
202200010890;14;3;2022;08:35;1;95;2;1;1;6;"49;0136200000";"2;0274300000"
202200010891;26;12;2022;18:25;5;94;2;1;1;6;"48;7862050000";"2;3626870000"
202200010892;30;5;2022;15:50;1;59;2;1;1;3;"50;6553900000";"3;1075500000"
202200010893;18;11;2022;07:40;1;69;1;1;1;2;"45;7540300000";"4;9729900000"
202200010894;30;5;2022;16:20;1;59;2;1;1;6;"50;3326051627";"3;2583260536"
202200010895;26;12;2022;14:00;1;94;2;3;2;3;"48;8026470000";"2;3813810000"
202200010896;18;11;2022;19:00;5;69;2;3;3;1;"45;9807868492";"4;7157378495"
202200010897;16;3;2022;12:00;1;91;2;2;1;3;"48;6626700000";"2;4177200000"
202200010898;29;5;2022;04:35;5;56;2;1;1;6;"47;7383100000";" -3;4434900000"
202200010899;25;12;2022;12:25;1;94;2;1;1;3;"48;7718200000";"2;3605300000"
202200010900;14;3;2022;12:30;1;91;2;4;1;1;"48;6646700000";"2;4195900000"
202200010901;19;11;2022;16:30;1;69;2;6;2;3;"45;7072300000";"4;8983500000"
202200010902;28;5;2022;21:35;5;56;2;2;1;6;"47;7570600000";" -3;3458400000"
202200010903;14;3;2022;10:05;1;91;2;3;1;3;"48;6972700000";"2;5236000000"
202200010904;26;12;2022;18:00;5;93;2;2;1;6;"48;8509600000";"2;4242300000"
202200010905;28;5;2022;02:35;5;56;2;4;1;6;"47;7543100000";" -3;3712800000"
202200010906;14;3;2022;09:15;1;91;2;1;1;3;"48;6876490000";"2;3962840000"
202200010907;26;12;2022;09:30;1;93;2;1;1;6;"48;8632107506";"2;4603336212"
202200010908;19;11;2022;12:05;1;69;2;2;8;4;"45;7082500000";"4;9181100000"
202200010909;30;5;2022;13:00;1;56;2;1;1;6;"47;8033700000";" -3;2671500000"
202200010910;17;11;2022;19:15;5;67;2;1;3;6;"48;6130700000";"7;7642000000"
202200010911;14;3;2022;14:05;1;91;2;1;1;2;"48;7175400000";"2;3997200000"
202200010912;26;12;2022;19:15;5;93;2;3;1;3;"48;9589977817";"2;2902388297"
202200010913;11;3;2022;19:30;5;91;2;2;2;6;"48;6309420000";"2;4250640000"
202200010914;17;11;2022;16:55;5;67;2;1;1;3;"48;5814500000";"7;7371000000"
202200010915;30;5;2022;13:30;1;56;2;2;1;3;"47;7383340000";" -3;3840774000"
202200010916;26;12;2022;11:20;1;93;2;1;1;3;"48;9441500000";"2;4176200000"
202200010917;31;5;2022;21:30;2;51;2;1;1;3;"49;2241187384";"4;0248799324"
202200010918;13;3;2022;17:45;1;91;2;1;1;3;"48;4346900000";"2;1690900000"
202200010919;26;12;2022;09:00;1;92;2;2;1;6;"48;8149747544";"2;3092837930"
202200010920;15;11;2022;19:30;3;66;1;1;1;2;"42;7090600000";"2;9759900000"
202200010921;16;3;2022;11:27;1;87;1;1;1;2;"45;8950300000";"1;2920800000"
202200010922;15;11;2022;18:30;5;66;2;1;1;6;"42;6661281837";"2;8867703676"
202200010923;25;12;2022;22:11;5;92;2;2;1;2;"48;8938757332";"2;2833916247"
202200010924;31;5;2022;21:20;2;51;2;3;1;2;"49;2266108400";"4;0241423249"
202200010925;14;3;2022;16:20;1;87;2;3;1;6;"45;8817500000";"1;2991400000"
202200010926;14;11;2022;18:40;5;66;2;1;1;6;"42;6874565909";"2;9083245993"
202200010927;15;3;2022;16:16;1;87;2;1;1;3;"45;8451700000";"1;2399300000"
202200010928;26;12;2022;11:05;1;11;1;1;1;2;"43;2277570000";"2;1315190000"
202200010929;31;5;2022;06:35;1;50;2;1;1;6;"49;6267900000";" -1;6345300000"
202200010930;19;11;2022;12:45;1;64;2;3;1;1;"43;2942400000";" -0;3588600000"
202200010931;13;3;2022;12:33;1;87;2;1;2;6;"45;8018900000";"1;2937400000"
202200010932;26;12;2022;14:20;1;11;1;1;1;2;"43;2802520000";"1;9842340000"
202200010933;18;11;2022;17:06;1;64;1;1;2;2;"43;3266100000";" -0;3270600000"
202200010934;14;3;2022;07:44;1;87;2;1;1;3;"45;8371800000";"1;2288400000"
202200010935;27;5;2022;20:20;1;50;2;1;1;7;"49;6349400000";" -1;5914500000"
202200010936;18;11;2022;07:40;2;64;2;6;8;4;"43;3580000000";" -0;4143400000"
202200010937;31;5;2022;07:45;1;49;2;1;1;3;"47;4248700000";" -0;5251300000"
202200010938;26;12;2022;21:15;3;29;1;9;8;6;"48;2124209193";" -4;0489944482"
202200010939;11;3;2022;16:21;1;87;1;3;1;2;"45;8481500000";"1;3465000000"
202200010940;12;3;2022;06:00;2;84;2;1;2;7;"43;9313200000";"4;8263600000"
202200010941;31;5;2022;14:05;1;45;2;1;1;6;"47;9195200000";"1;9020400000"
202200010942;19;11;2022;20:01;5;64;2;6;2;2;"43;5046900000";" -1;4467700000"
202200010943;27;12;2022;07:50;3;76;1;1;1;4;"49;7056286365";"1;3738274574"
202200010944;16;3;2022;14:40;1;83;1;1;1;6;"43;1375300000";"6;0099500000"
202200010945;18;11;2022;08:34;1;64;2;1;2;6;"43;4946900000";" -1;4671700000"
202200010946;31;5;2022;04:55;5;42;2;3;1;1;"46;0243000000";"4;0870400000"
202200010947;26;12;2022;22:54;3;17;1;1;1;7;"46;2337060000";" -1;1248860000"
202200010948;13;11;2022;06:04;5;63;2;1;1;6;"45;7658190105";"3;0684015155"
202200010949;16;3;2022;10:48;1;83;2;1;1;2;"43;1067700000";"5;8722300000"
202200010950;27;12;2022;04:10;3;42;1;1;2;6;"45;4847030000";"4;5617940000"
202200010951;31;5;2022;07:55;1;37;2;2;1;7;"47;3533571890";"0;6977874041"
202200010952;13;3;2022;11:00;1;83;1;2;2;3;"43;1134400000";"6;1296700000"
202200010953;10;11;2022;14:32;1;63;2;8;1;3;"45;7942700000";"3;1172600000"
202200010954;24;12;2022;19:15;3;19;1;1;1;6;"45;1128380000";"1;7817910000"
202200010955;30;5;2022;17:00;1;37;2;6;1;3;"47;4189991871";"0;6737011671"
202200010956;15;3;2022;17:10;1;83;2;1;1;1;"43;5351490000";"6;4913350000"
202200010957;18;11;2022;17:30;5;59;2;3;1;6;"50;1983764782";"3;8312458992"
202200010958;27;12;2022;16:10;1;2B;1;1;1;1;"42;5382830000";"8;8026240000"
202200010959;30;5;2022;12:10;1;37;2;3;1;1;"47;4233574123";"0;7084216923"
202200010960;15;3;2022;11:55;1;80;2;1;1;4;"49;8887800000";"2;2875500000"
202200010961;25;12;2022;18:30;3;82;1;1;1;6;"44;1598410000";"1;2492600000"
202200010962;18;11;2022;12:30;1;59;2;4;1;2;"50;6075200000";"3;0213800000"
202200010963;27;5;2022;16:57;1;36;2;1;1;6;"46;7952719185";"1;6943956912"
202200010964;15;11;2022;16:45;2;59;2;1;3;6;"50;6275731745";"3;0885341763"
202200010965;15;3;2022;22:30;5;80;2;1;1;4;"49;8893100000";"2;2776100000"
202200010966;11;3;2022;08:56;1;80;2;1;7;6;"49;8850700000";"2;3185500000"
202200010967;18;11;2022;09:30;1;59;2;2;1;3;"50;6158950189";"3;0102270842"
202200010968;6;5;2022;10:16;1;36;2;6;1;3;"46;8026700000";"1;7040500000"
202200010969;17;3;2022;15:40;1;80;2;1;1;7;"50;0962498864";"1;8372595310"
202200010970;19;11;2022;09:45;1;56;2;6;1;6;"47;7453800000";" -3;3677760000"
202200010971;26;12;2022;19:55;5;71;2;7;2;6;"46;6303610000";"5;2211560000"
202200010972;30;5;2022;16:35;1;35;2;1;1;3;"48;1237400000";" -1;5978500000"
202200010973;27;12;2022;04:30;3;71;1;1;1;6;"46;7585620000";"4;3325690000"
202200010974;14;3;2022;08:02;1;78;2;6;1;3;"48;9679480000";"1;8502310000"
202200010975;19;11;2022;18:00;5;54;2;2;1;1;"48;6682894266";"6;1475533247"
202200010976;22;12;2022;18:51;4;22;2;4;1;3;"48;1906350000";" -2;4005290000"
202200010977;17;3;2022;17:05;1;78;2;7;1;6;"48;9336000000";"2;0399000000"
202200010978;19;11;2022;16:10;1;54;2;1;1;3;"48;7010300000";"6;2094200000"
202200010979;31;5;2022;23:00;5;34;2;1;1;5;"43;5924339990";"3;8904745790"
202200010980;23;12;2022;10:05;1;38;2;9;8;6;"45;2029960000";"5;7635150000"
202200010981;13;3;2022;11:50;1;77;2;2;1;3;"48;8573400000";"2;5859700000"
202200010982;27;12;2022;14:50;1;01;1;1;1;7;"46;4085630000";"4;9847250000"
202200010983;29;5;2022;20:30;1;34;2;3;1;3;"43;3445700000";"3;2320200000"
202200010984;26;12;2022;16:55;1;26;1;1;1;6;"44;6763890000";"5;3944270000"
202200010985;11;3;2022;14:00;1;77;2;1;2;1;"48;5711920000";"2;6342910000"
202200010986;27;12;2022;17:15;5;06;1;1;1;6;"43;7314330000";"7;3803180000"
202200010987;18;11;2022;18:15;5;53;2;1;1;2;"48;0695800000";" -0;7705800000"
202200010988;31;5;2022;16:25;1;29;1;6;1;3;"47;9788600000";" -4;0947000000"
202200010989;26;12;2022;17:11;3;60;1;1;8;1;"49;4712796317";"2;9728892768"
202200010990;25;12;2022;15:50;1;53;1;1;1;6;"48;2426600000";" -0;1720210000"
202200010991;20;11;2022;00:30;5;51;2;2;9;7;"49;2514700000";"4;0416900000"
202200010992;29;5;2022;12:10;1;29;2;1;1;3;"48;0100000000";" -4;1049500000"
202200010993;21;12;2022;17:15;3;08;2;1;3;6;"49;9316730000";"4;6409890000"
202200010994;18;11;2022;15:40;1;51;2;1;1;3;"49;2188900000";"4;0345800000"
202200010995;30;5;2022;07:47;1;29;2;1;1;2;"48;3974840000";" -4;5307430000"
202200010996;26;12;2022;17:49;3;88;2;1;3;6;"48;4063360000";"6;8449170000"
202200010997;16;11;2022;12:40;1;51;2;7;2;7;"49;2552500000";"4;0270700000"
202200010998;14;3;2022;19:00;5;77;2;1;1;3;"48;8590500000";"2;7583500000"
202200010999;18;11;2022;14:45;1;49;2;1;1;6;"47;0688400000";" -0;8799600000"
202200011000;30;5;2022;08:25;1;27;2;6;1;3;"49;0966600000";"1;4751400000"
202200011001;13;12;2022;08:42;1;71;1;1;2;2;"46;4859170000";"5;3086070000"
202200011002;16;11;2022;18:50;5;49;2;3;3;6;"47;0621900000";" -0;8806400000"
202200011003;17;3;2022;08:45;1;77;1;1;1;2;"48;4292100000";"2;6625400000"
202200011004;26;12;2022;15:20;1;06;2;5;1;6;"43;6257000000";"7;0057150000"
202200011005;30;5;2022;19:25;1;25;2;1;1;4;"47;2585510000";"6;0100790000"
202200011006;19;11;2022;12:20;1;49;2;1;1;3;"47;5068700000";" -0;5898100000"
202200011007;23;12;2022;16:55;2;72;1;1;1;2;"47;9076550000";" -0;0898650000"
202200011008;17;3;2022;02:40;5;76;2;2;2;3;"49;4983800000";"0;1312000000"
202200011009;18;11;2022;19:50;5;49;2;1;1;3;"47;4588100000";" -0;5329600000"
202200011010;30;5;2022;13:00;1;22;1;4;1;3;"48;7445170179";" -3;5006590784"
202200011011;12;3;2022;02:05;5;76;2;6;1;6;"49;4915700000";"0;1328700000"
202200011012;26;12;2022;10:50;1;06;1;1;1;3;"43;7212460000";"7;2175080000"
202200011013;18;11;2022;08:11;2;49;1;3;1;3;"47;4706800000";" -0;4528200000"
202200011014;23;12;2022;23:05;5;987;2;1;1;1;" -16;5037830000";" -151;7483610000"
202200011015;17;11;2022;14:07;1;49;2;1;1;3;"47;4478300000";" -0;5083500000"
202200011016;31;5;2022;17:50;1;13;2;3;1;1;"43;2856589311";"5;4420115229"
202200011017;17;11;2022;07:10;2;49;2;1;2;6;"47;4544000000";" -0;5673300000"
202200011018;25;12;2022;03:30;1;973;1;1;2;6;"5;4102620000";" -53;7102700000"
202200011019;16;3;2022;16:30;1;74;2;9;8;6;"46;1941930000";"6;2453820000"
202200011020;18;11;2022;08:00;2;45;2;6;1;3;"47;8679600000";"1;9576200000"
202200011021;24;12;2022;18:30;3;971;2;1;1;1;"16;3244640000";" -61;4460720000"
202200011022;31;5;2022;11:20;1;13;2;3;1;3;"43;2614400000";"5;3936000000"
202200011023;13;3;2022;19:12;5;73;2;6;2;6;"45;6965400000";"5;9073800000"
202200011024;18;11;2022;18:20;5;44;2;1;1;3;"47;2096700000";" -1;5294500000"
202200011025;24;12;2022;18:30;4;971;1;1;1;2;"16;2912660000";" -61;5031810000"
202200011026;16;11;2022;14:00;1;43;2;1;1;6;"45;0473520000";"3;9270090000"
202200011027;31;5;2022;08:20;1;13;2;3;1;3;"43;2853339993";"5;5905479193"
202200011028;13;3;2022;14:50;1;71;2;2;3;3;"46;6620000000";"4;3610500000"
202200011029;26;12;2022;18:45;3;971;1;1;1;1;"15;9651460000";" -61;2868240000"
202200011030;16;3;2022;20:00;5;71;2;1;1;3;"46;3090700000";"4;8287700000"
202200011031;14;11;2022;20:20;3;42;1;1;2;1;"45;4212500000";"4;3235700000"
202200011032;27;12;2022;13:27;1;78;2;1;1;6;"49;0794040000";"1;6004390000"
202200011033;16;3;2022;18:15;1;71;2;3;1;3;"46;3042585316";"4;8345610499"
202200011034;5;10;2022;17:05;1;39;2;3;7;3;"46;6807880000";"5;5577610000"
202200011035;31;5;2022;06:05;2;07;2;6;2;7;"44;9327500000";"4;8799000000"
202200011036;27;12;2022;15:15;1;34;1;3;1;1;"43;6917760000";"4;1624580000"
202200011037;18;11;2022;19:00;5;37;2;1;1;6;"47;4062400000";"0;7030300000"
202200011038;17;3;2022;21:00;5;69;2;1;1;2;"45;7699900000";"4;9030700000"
202200011039;26;12;2022;21:15;3;34;1;1;1;6;"43;6694700000";"4;1539480000"
202200011040;17;11;2022;10:45;1;37;2;1;2;7;"47;3950400000";"0;7043200000"
202200011041;29;5;2022;14:00;1;06;2;2;1;3;"43;5689500000";"7;0174900000"
202200011042;17;3;2022;20:30;5;69;2;6;1;6;"45;7741600000";"4;8677800000"
202200011043;26;12;2022;20:00;3;38;1;2;1;3;"45;5862780000";"4;9558000000"
202200011044;29;5;2022;07:00;1;06;2;1;1;1;"43;6593990000";"7;1676250000"
202200011045;18;11;2022;15:30;1;35;1;1;8;4;"48;1147010000";" -1;7189880000"
202200011046;10;3;2022;17:25;1;69;2;1;1;3;"45;7497630637";"4;9126912558"
202200011047;25;12;2022;19:15;4;33;2;1;1;6;"44;9543140000";" -0;5191630000"
202200011048;21;5;2022;16:20;1;04;2;1;1;6;"43;8426100000";"5;7720000000"
202200011049;18;11;2022;19:00;5;34;2;2;1;3;"43;6239300000";"3;8620800000"
202200011050;17;3;2022;16:30;1;69;2;1;1;3;"45;9961400000";"4;7190700000"
202200011051;27;12;2022;12:05;1;50;1;1;1;1;"49;0863710000";" -1;0914550000"
202200011052;31;5;2022;08:00;1;75;2;4;1;3;"48;8608880000";"2;2639670000"
202200011053;19;11;2022;18:25;5;33;2;3;1;3;"44;8203300000";" -0;5963600000"
202200011054;16;3;2022;18:30;1;69;2;3;1;3;"45;9943200000";"4;7371500000"
202200011055;18;11;2022;23:00;5;33;2;1;3;2;"44;8333200000";" -0;5742200000"
202200011056;18;11;2022;18:15;5;33;2;1;2;6;"44;8397285934";" -0;5798262656"
202200011057;24;12;2022;16:15;2;27;1;2;1;3;"48;9700230000";"0;8158180000"
202200011058;30;5;2022;15:45;1;75;2;1;1;4;"48;9004814525";"2;3248908323"
202200011059;17;3;2022;09:10;1;67;2;3;1;3;"48;5893600000";"7;7355800000"
202200011060;18;11;2022;17:15;1;33;2;3;8;3;"44;8798600000";" -0;5136500000"
202200011061;30;5;2022;09:20;1;75;2;1;1;2;"48;8987260000";"2;3158770000"
202200011062;16;3;2022;08:20;1;66;2;1;3;2;"42;6932173176";"2;8910712898"
202200011063;18;11;2022;13:40;1;33;2;1;8;6;"44;8672784513";" -0;5217137933"
202200011064;27;12;2022;14:40;1;80;1;1;1;1;"49;6563430000";"2;5056550000"