Accident_Id;jour;mois;an;hrmn;lum;dep;agg;int;atm;col;lat;long
202200011065;12;3;2022;22:03;5;66;2;1;3;6;"42;7021300000";"2;9128900000"
202200011066;17;11;2022;19:15;5;33;2;3;2;5;"44;8001600000";" -0;6066500000"
202200011067;29;5;2022;02:05;5;75;2;3;1;6;"48;8584736489";"2;3425171809"
202200011068;17;11;2022;17:30;1;33;2;2;2;3;"44;8492414274";" -0;6790012121"
202200011069;13;3;2022;16:25;1;64;2;1;1;3;"43;4647800000";" -1;5273500000"
202200011070;23;12;2022;08:00;3;59;1;1;2;5;"50;5650120000";"3;1355810000"
202200011071;31;5;2022;20:00;1;75;2;2;1;3;"48;8488507416";"2;3993348651"
202200011072;18;11;2022;02:40;5;31;2;1;3;3;"43;6473900000";"1;4202200000"
202200011073;26;12;2022;13:29;1;91;1;1;1;2;"48;7434100000";"2;1886500000"
202200011074;17;3;2022;21:25;3;62;2;1;1;1;"50;7384770000";"2;2545710000"
202200011075;26;12;2022;05:09;3;91;1;1;1;6;"48;7108500000";"2;2889100000"
202200011076;18;11;2022;07:54;2;29;1;1;1;4;"47;9765457300";" -4;0928524732"
202200011077;31;5;2022;13:40;1;75;2;2;1;3;"48;8921560000";"2;3750960000"
202200011078;17;3;2022;12:28;1;62;2;9;1;3;"50;4724800000";"2;5780300000"
202200011079;25;12;2022;21:30;5;92;1;1;1;6;"48;8299065434";"2;1484345039"
202200011080;31;10;2022;16:40;1;29;2;3;2;6;"48;5775400294";" -3;8271956741"
202200011081;17;3;2022;16:35;1;61;2;1;1;3;"48;4361310000";"0;1018700000"
202200011082;19;11;2022;15:25;1;29;2;1;1;3;"48;4068000000";" -4;4954200000"
202200011083;31;5;2022;18:35;1;75;2;3;1;3;"48;8903980000";"2;3558270000"
202200011084;25;12;2022;22:40;3;78;1;1;2;4;"48;9658200000";"1;7508940000"
202200011085;19;11;2022;12:05;1;29;2;2;1;6;"48;4020428890";" -4;4988396973"
202200011086;17;3;2022;20:30;4;59;1;1;1;6;"50;7222008843";"3;0610511899"
202200011087;25;12;2022;08:40;1;92;1;1;2;6;"48;8390819965";"2;2170549251"
202200011088;31;5;2022;12:25;1;75;2;2;1;3;"48;8975490650";"2;3290045205"
202200011089;25;12;2022;06:00;3;92;1;1;2;6;"48;8229561471";"2;2222854233"
202200011090;17;11;2022;18:20;5;27;2;1;2;4;"49;0184300000";"1;1579000000"
202200011091;11;3;2022;19:15;5;59;2;2;1;3;"50;6450400000";"3;0858000000"
202200011092;31;5;2022;19:45;1;75;2;2;1;7;"48;8808550000";"2;3125500000"
202200011093;25;12;2022;00:35;3;92;1;1;2;2;"48;9348439651";"2;2672648297"
202200011094;26;12;2022;14:30;1;95;1;1;1;6;"49;0265124028";"2;5370210409"
202200011095;31;5;2022;14:00;1;75;2;5;1;6;"48;8873522343";"2;3141337624"
202200011096;11;3;2022;17:45;1;59;2;1;1;5;"50;6284742708";"3;0783215761"
202200011097;26;12;2022;11:00;1;93;1;1;1;3;"48;9370900000";"2;4802900000"
202200011098;11;3;2022;17:00;1;57;2;1;1;6;"49;3619500000";"6;1583000000"
202200011099;31;5;2022;08:15;1;75;2;7;1;6;"48;8744331196";"2;2929781914"
202200011100;16;11;2022;12:05;1;19;1;9;3;6;"45;2626959881";"1;7441584468"
202200011101;25;12;2022;21:10;3;93;1;1;2;2;"48;8833590967";"2;4579547253"
202200011102;16;3;2022;16:21;1;56;2;1;8;1;"47;6415862000";" -2;7733684000"
202200011103;25;12;2022;03:20;3;95;1;1;1;6;"48;9785500000";"2;2408200000"
202200011104;30;5;2022;19:00;1;75;2;2;1;2;"48;8671720000";"2;2953530000"
202200011105;25;12;2022;02:40;3;93;1;1;2;6;"48;9351300000";"2;4031300000"
202200011106;18;11;2022;12:11;1;19;2;3;1;3;"45;1389400000";"1;4838100000"
202200011107;17;3;2022;23:20;5;54;2;1;1;6;"48;6671700000";"6;1684400000"
202200011108;31;5;2022;08:25;1;75;2;3;1;3;"48;8460920000";"2;3142530000"
202200011109;19;11;2022;10:10;1;17;2;1;2;2;"45;6480270000";" -1;0310750000"
202200011110;26;12;2022;17:55;3;77;1;1;1;6;"48;8317016358";"2;6457240122"
202200011111;17;3;2022;12:50;1;54;2;1;1;3;"48;7038100000";"6;1885600000"
202200011112;31;5;2022;21:15;2;75;2;1;1;6;"48;8328160000";"2;4003160000"
202200011113;30;6;2022;16:45;1;50;2;1;1;6;"49;0391700000";" -1;4456200000"
202200011114;18;11;2022;19:20;5;17;2;1;2;2;"46;1564590000";" -1;1281190000"
202200011115;10;3;2022;16:45;1;52;2;7;1;3;"48;6342600000";"4;9549400000"
202200011116;31;5;2022;16:00;1;75;2;1;1;3;"48;8379790000";"2;3922720000"
202200011117;28;6;2022;12:15;1;50;2;1;1;2;"49;6578800000";" -1;6645600000"
202200011118;16;3;2022;17:15;1;51;2;1;1;7;"49;2464707559";"4;0187242627"
202200011119;31;5;2022;21:05;2;75;2;1;1;6;"48;8841760000";"2;3658960000"
202200011120;17;3;2022;12:10;1;51;2;1;1;7;"49;2185630246";"4;0345171094"
202200011121;20;8;2022;14:40;1;28;1;1;1;1;"48;0996930000";"1;2977600000"
202200011122;19;11;2022;19:30;5;13;2;1;1;1;"43;4121750000";"5;3180090000"
202200011123;31;5;2022;14:00;1;75;2;3;1;3;"48;8663949174";"2;3234897112"
202200011124;23;12;2022;14:35;1;75;2;3;1;6;"48;8775050000";"2;3938400000"
202200011125;15;3;2022;11:50;1;51;2;3;2;3;"49;2349700000";"4;0331300000"
202200011126;17;11;2022;20:00;3;13;1;3;1;1;"43;6063400000";"5;0988000000"
202200011127;31;5;2022;15:20;1;75;2;2;1;3;"48;8662410000";"2;3525380000"
202200011128;25;12;2022;00:40;5;75;2;7;2;6;"48;8697460000";"2;2849910000"
202200011129;14;3;2022;20:15;3;51;2;1;1;2;"49;2604904787";"4;0478369594"
202200011130;19;11;2022;21:30;5;13;2;1;1;5;"43;3254400000";"5;3811500000"
202200011131;19;11;2022;17:00;1;13;2;1;1;7;"43;2901000000";"5;3785600000"
202200011132;25;12;2022;04:40;5;75;2;7;1;6;"48;8573360000";"2;3468990000"
202200011133;17;3;2022;08:25;1;50;2;1;1;2;"49;0534100000";" -1;4418500000"
202200011134;18;11;2022;23:50;5;13;2;9;1;3;"43;2692500000";"5;4209700000"
202200011135;25;12;2022;01:32;5;75;2;2;2;7;"48;8508218110";"2;3614409566"
202200011136;30;5;2022;14:35;1;75;2;3;1;6;"48;8576880000";"2;3607530000"
202200011137;17;3;2022;07:20;1;50;2;1;1;6;"49;6410800000";" -1;5947900000"
202200011138;25;12;2022;20:50;3;94;2;1;1;7;"48;7695600000";"2;3657400000"
202200011139;31;5;2022;16:35;1;94;2;1;1;6;"48;7953300000";"2;4367900000"
202200011140;18;11;2022;20:32;5;13;2;9;1;2;"43;3270300000";"5;3594500000"
202200011141;16;3;2022;14:00;1;50;2;2;1;3;"49;6465500000";" -1;6430300000"
202200011142;19;11;2022;11:00;1;13;2;3;1;3;"43;2975900000";"5;5737900000"
202200011143;25;12;2022;15:10;1;92;2;1;1;2;"48;8168250000";"2;3067530000"
202200011144;31;5;2022;19:00;1;94;2;3;1;3;"48;8075200000";"2;3341400000"
202200011145;18;11;2022;07:46;2;11;2;1;1;3;"43;2144680000";"2;3682940000"
202200011146;11;3;2022;16:35;1;49;2;6;2;6;"47;2589700000";" -0;0726700000"
202200011147;25;12;2022;08:50;2;92;2;2;2;3;"48;8369220000";"2;1458910000"
202200011148;30;5;2022;10:40;1;94;2;1;1;6;"48;7980800000";"2;3679000000"
202200011149;19;11;2022;18:17;5;10;2;3;1;3;"48;2992600000";"4;0718000000"
202200011150;16;3;2022;18:15;1;49;2;1;2;3;"47;4779600000";" -0;5985400000"
202200011151;25;12;2022;21:07;5;92;2;1;2;3;"48;9078100000";"2;2140400000"
202200011152;26;12;2022;16:55;2;21;1;1;2;7;"47;1192840000";"5;3911700000"
202200011153;19;11;2022;08:45;1;06;2;1;1;1;"43;6414600000";"6;9330800000"
202200011154;16;3;2022;14:56;1;49;2;1;8;1;"47;4749100000";" -0;5099000000"
202200011155;30;5;2022;18:20;1;94;2;2;1;5;"48;7734500000";"2;3996700000"
202200011156;18;11;2022;13:20;1;06;2;1;1;7;"43;6425100000";"6;9464000000"
202200011157;26;12;2022;06:00;3;28;1;1;1;1;"48;4308532859";"1;5187077114"
202200011158;16;3;2022;04:21;5;49;2;1;1;7;"47;4758000000";" -0;5890000000"
202200011159;30;5;2022;06:30;1;94;2;1;1;2;"48;8028760000";"2;5383860000"
202200011160;17;11;2022;23:00;5;06;2;1;1;1;"43;6490000000";"6;9230000000"
202200011161;25;12;2022;19:30;5;52;1;1;8;7;"47;9184920000";"5;2288540000"
202200011162;17;11;2022;16:15;1;06;2;3;1;6;"43;5687560000";"7;1108140000"
202200011163;15;3;2022;17:38;1;49;2;1;1;3;"47;4294800000";" -0;5279200000"
202200011164;31;5;2022;11:00;1;93;2;3;1;3;"48;8933100000";"2;4376100000"
202200011165;26;12;2022;15:45;1;83;1;1;1;3;"43;1568860000";"6;4890090000"
202200011166;18;11;2022;17:15;5;04;1;1;1;3;"44;0603900000";"6;2069700000"
202200011167;31;5;2022;19:40;1;93;2;1;1;6;"48;9553590000";"2;3100270000"
202200011168;14;3;2022;09:15;1;47;1;1;1;7;"44;2240000000";"0;6990000000"
202200011169;18;11;2022;07:47;1;01;2;6;2;3;"46;1848280000";"5;2274640000"
202200011170;31;5;2022;13:25;1;93;2;5;1;6;"48;9292800000";"2;3858100000"
202200011171;17;3;2022;18:20;2;45;2;2;1;3;"47;8820930834";"1;9036626220"
202200011172;18;11;2022;12:55;1;75;2;1;1;2;"48;8751260000";"2;2766710000"
202200011173;31;5;2022;09:35;1;92;2;1;1;6;"48;8271300000";"2;1861300000"
202200011174;17;3;2022;12:15;1;45;2;1;1;6;"47;9280105417";"1;9244513512"
202200011175;25;12;2022;17:45;3;06;1;1;1;1;"43;6356400000";"6;8354700000"
202200011176;18;11;2022;11:50;1;75;2;1;1;3;"48;8396330000";"2;2541640000"
202200011177;16;3;2022;08:55;1;45;2;7;1;6;"47;9080700000";"1;8943100000"
202200011178;30;5;2022;09:30;1;92;2;1;1;3;"48;8265762099";"2;1905483007"
202200011179;26;12;2022;02:50;3;62;2;1;1;6;"50;4859510000";"1;6477610000"
202200011180;18;11;2022;11:20;1;75;2;1;1;3;"48;8764290000";"2;2783610000"
202200011181;12;12;2022;18:45;3;19;1;1;4;7;"45;5244200000";"2;1613030000"
202200011182;16;3;2022;17:55;1;44;2;1;2;1;"47;2693100000";" -2;2127500000"
202200011183;29;5;2022;17:05;1;92;2;9;1;4;"48;8260700000";"2;1969100000"
202200011184;25;12;2022;13:00;1;32;2;1;1;7;"43;9606890000";"0;3798120000"
202200011185;17;11;2022;10:16;1;75;2;1;1;2;"48;8773770000";"2;4091570000"
202200011186;24;12;2022;22:50;3;71;2;1;2;6;"46;7271170000";"4;7561470000"
202200011187;31;5;2022;19:25;1;92;2;1;1;2;"48;8497190000";"2;2102470000"
202200011188;17;11;2022;19:21;5;75;2;1;1;3;"48;8250360000";"2;3035490000"
202200011189;14;3;2022;17:30;1;44;2;6;1;3;"47;2700200000";" -2;2391200000"
202200011190;26;12;2022;10:50;1;61;1;1;8;1;"48;4898830000";"0;5137930000"
202200011191;16;11;2022;22:20;5;75;2;4;3;7;"48;8847780000";"2;2985850000"
202200011192;29;5;2022;09:57;1;92;1;1;1;2;"48;8363192478";"2;2121521532"
202200011193;16;3;2022;15:31;1;37;2;2;2;3;"47;3847868904";"0;6541264057"
202200011194;26;12;2022;10:15;1;61;1;1;1;1;"48;5709300000";"0;1692640000"
202200011195;19;11;2022;01:40;5;75;2;2;1;3;"48;8869700000";"2;3230390000"
202200011196;31;5;2022;18:25;1;92;2;2;1;3;"48;8844380000";"2;2689690000"
202200011197;26;12;2022;12:05;1;12;1;1;1;1;"44;3498770000";"2;1960640000"
202200011198;16;3;2022;15:45;1;37;2;2;8;3;"47;3792900000";"0;6823100000"
202200011199;18;11;2022;23:40;5;75;2;1;1;6;"48;8838350000";"2;3023540000"
202200011200;31;5;2022;15:07;1;92;2;2;1;6;"48;8893693394";"2;2729602456"
202200011201;25;12;2022;18:15;3;44;1;1;1;1;"47;0870720000";" -2;0274280000"
202200011202;19;11;2022;17:20;2;75;2;2;1;3;"48;8686050000";"2;2741890000"
202200011203;16;3;2022;11:33;2;37;2;3;1;6;"47;3853843665";"0;6767293811"
202200011204;24;12;2022;20:10;3;29;1;1;1;1;"48;6817670000";" -3;6790900000"
202200011205;19;11;2022;16:35;1;75;2;7;1;6;"48;8446680000";"2;2905110000"
202200011206;29;5;2022;19:50;1;92;2;3;1;1;"48;8880347889";"2;1848753616"
202200011207;15;12;2022;22:30;3;31;1;1;2;6;"43;3148000000";"0;6787000000"
202200011208;16;3;2022;10:00;1;37;2;3;1;6;"47;3892596244";"0;6966917217"
202200011209;19;11;2022;10:20;1;75;2;1;1;3;"48;8348340000";"2;2952700000"
202200011210;14;3;2022;15:00;1;37;2;1;1;6;"47;4191153385";"0;7105520368"
202200011211;26;12;2022;03:30;4;02;2;1;1;6;"49;6191700000";"3;2161300000"
202200011212;31;5;2022;18:25;1;92;2;9;1;4;"48;7889205507";"2;2342066169"
202200011213;14;3;2022;07:07;2;37;2;1;8;7;"47;3527124075";"0;6589436531"
202200011214;18;11;2022;23:00;5;75;2;2;1;3;"48;8593370000";"2;3868600000"
202200011215;26;12;2022;01:30;3;03;1;1;1;7;"46;2203910000";"3;7674520000"
202200011216;31;5;2022;10:52;1;92;2;3;1;3;"48;8959020000";"2;2798660000"
202200011217;19;11;2022;12:35;1;75;2;2;8;7;"48;8689480000";"2;3540070000"
202200011218;14;3;2022;17:40;1;35;2;3;1;3;"48;1581240000";" -1;6975590000"
202200011219;31;5;2022;06:35;1;92;2;1;1;2;"48;8998021947";"2;3142818212"
202200011220;19;11;2022;10:17;1;94;2;1;1;3;"48;8054000000";"2;3268400000"
202200011221;26;12;2022;10:15;1;14;1;1;8;1;"49;1697170000";" -0;4803090000"
202200011222;14;3;2022;06:32;5;34;2;1;1;6;"43;5950020000";"3;8616420000"
202200011223;29;5;2022;13:20;1;92;2;1;1;3;"48;7872900000";"2;2562100000"
202200011224;19;11;2022;09:50;1;94;2;2;1;3;"48;8268000000";"2;5486500000"
202200011225;26;12;2022;19:00;3;50;1;2;8;3;"49;5113680000";" -1;7692490000"
202200011226;14;3;2022;15:30;1;33;2;6;1;3;"44;8540200000";" -0;6772700000"
202200011227;19;11;2022;16:00;2;77;2;1;3;6;"49;0119600000";"2;5659600000"
202200011228;3;6;2022;08:45;1;92;2;1;1;3;"48;8478800000";"2;2406900000"
202200011229;14;3;2022;15:25;1;33;2;1;1;3;"44;8644600000";" -0;5586800000"
202200011230;19;11;2022;21:30;5;93;2;1;1;3;"48;9120211050";"2;3355630040"
202200011231;31;5;2022;13:35;1;92;1;1;1;2;"48;9141452043";"2;3111549020"
202200011232;26;12;2022;14:20;1;45;1;1;1;1;"47;8044230000";"1;9302930000"
202200011233;17;3;2022;16:20;1;33;2;1;1;3;"44;6371300000";" -1;1541800000"
202200011234;19;11;2022;05:00;5;93;2;2;2;3;"48;9084500000";"2;3327100000"
202200011235;31;5;2022;14:30;1;92;2;1;1;3;"48;9167997441";"2;3061865121"
202200011236;25;12;2022;16:30;1;40;1;2;1;3;"43;8736550000";" -0;8546000000"
202200011237;14;3;2022;15:05;1;33;2;1;1;2;"44;6391500000";" -1;1543800000"
202200011238;14;3;2022;08:22;1;32;2;1;1;7;"43;6268000000";"0;5748000000"
202200011239;31;5;2022;18:23;1;92;2;2;1;6;"48;7584500000";"2;3001700000"
202200011240;19;11;2022;12:00;1;93;2;1;1;2;"48;8843645858";"2;4854475260"
202200011241;25;12;2022;18:05;3;85;1;1;1;4;"46;7565260000";" -1;7074569000"
202200011242;31;5;2022;18:51;1;13;1;1;1;3;"43;3650000000";"5;3600000000"
202200011243;23;12;2022;16:40;1;85;2;6;1;6;"46;6986110000";" -1;0449240000"
202200011244;19;11;2022;14:40;1;93;2;2;1;3;"48;8638900000";"2;4361600000"
202200011245;14;3;2022;12:14;1;28;2;1;1;3;"48;4396000000";"1;5323100000"
202200011246;25;12;2022;07:00;3;37;1;1;1;6;"47;1437450000";"0;6461120000"
202200011247;19;11;2022;17:15;2;93;2;3;2;6;"48;8813500000";"2;5396100000"
202200011248;31;5;2022;17:45;1;13;1;1;1;4;"43;4110300000";"5;2838000000"
202200011249;18;3;2022;00:01;5;27;2;5;1;3;"49;0216300000";"1;1374800000"
202200011250;19;11;2022;09:45;1;93;2;2;8;3;"48;9277340000";"2;4859730000"
202200011251;30;5;2022;16:45;1;62;1;1;1;7;"50;4294900000";"2;9720700000"
202200011252;17;3;2022;15:15;1;27;2;1;1;3;"49;0256400000";"1;1384200000"
202200011253;23;12;2022;17:35;5;37;1;1;1;5;"47;3971339585";"0;7890200615"
202200011254;19;11;2022;12:25;1;93;2;3;1;3;"48;9135900000";"2;4027500000"
202200011255;25;5;2022;23:00;3;59;1;1;2;6;"50;3779000000";"3;1659600000"
202200011256;14;3;2022;16:20;1;27;2;9;1;3;"49;0268800000";"1;1801500000"
202200011257;19;11;2022;15:45;1;92;2;9;1;1;"48;8809220000";"2;2428730000"
202200011258;26;12;2022;15:35;1;48;2;4;7;3;"44;4825530000";"3;4575980000"
202200011259;31;5;2022;15:45;1;94;1;1;1;3;"48;8031045530";"2;3437496731"
202200011260;19;11;2022;05:40;5;92;2;5;1;3;"48;8812225525";"2;2712087631"
202200011261;17;3;2022;15:12;1;26;2;2;1;3;"44;5346200000";"4;7586000000"
202200011262;31;5;2022;19:20;1;75;1;1;1;2;"48;8483565332";"2;2483067321"
202200011263;17;3;2022;16:50;1;22;2;1;1;6;"48;5145000000";" -2;7700300000"
202200011264;19;11;2022;18:00;5;92;2;2;2;3;"48;8050118688";"2;2963177264"
202200011265;25;12;2022;17:15;1;987;1;2;1;3;" -17;7120000000";" -149;5080000000"
202200011266;31;5;2022;15:15;1;93;1;1;1;2;"48;8792756008";"2;4490603927"
202200011267;19;11;2022;14:00;1;92;2;1;1;3;"48;9179060000";"2;2528610000"
202200011268;14;3;2022;19:40;5;22;2;1;1;3;"48;5065500000";" -2;7512500000"
202200011269;23;12;2022;19:45;3;47;1;1;1;2;"44;2125137831";"0;4421562207"
202200011270;19;11;2022;22:00;3;37;1;1;8;6;"47;3087723608";"0;1906728745"
202200011271;30;5;2022;08:15;1;93;1;1;1;2;"48;9683746769";"2;5654745010"
202200011272;12;3;2022;07:25;1;22;2;1;1;1;"48;5112300000";" -2;7364900000"
202200011273;19;11;2022;13:45;1;47;1;1;1;1;"44;1103760000";"0;6189890000"
202200011274;24;12;2022;23:55;5;987;2;1;1;7;" -17;5531050000";" -149;5888950000"
202200011275;24;5;2022;00:30;3;95;1;1;3;6;"48;9612230000";"2;2689480000"
202200011276;20;11;2022;04:15;3;38;1;1;1;6;"45;4874500000";"4;9538950000"
202200011277;14;3;2022;02:45;4;22;2;1;1;6;"48;5168000000";" -2;7683000000"
202200011278;20;11;2022;18:40;3;80;1;1;4;7;"50;0221340000";"1;7264840000"
202200011279;19;11;2022;04:15;3;40;1;1;3;6;"43;6487620000";" -1;3949630000"
202200011280;25;12;2022;23:30;3;988;1;1;1;6;" -21;0404900000";"165;2890500000"
202200011281;30;5;2022;13:50;1;93;1;1;1;4;"48;9724000000";"2;4945100000"
202200011282;19;11;2022;20:55;3;77;1;1;2;4;"48;8723580000";"2;8645880000"
202200011283;10;3;2022;16:20;1;22;2;6;1;3;"48;7325100000";" -3;4617400000"
202200011284;25;12;2022;07:05;1;988;1;1;1;6;" -22;0293040000";"166;2318580000"
202200011285;31;5;2022;08:15;1;77;1;1;1;6;"48;6462370000";"2;5569030000"
202200011286;20;11;2022;01:10;3;28;1;1;1;1;"48;2842030000";"1;2245570000"
202200011287;16;3;2022;16:00;1;17;1;1;1;7;"45;7295600000";" -0;6699200000"
202200011288;24;12;2022;01:10;4;37;2;1;2;6;"47;4109453974";"0;9757447243"
202200011289;31;5;2022;07:05;1;94;1;1;1;2;"48;8060163723";"2;4486524061"
202200011290;20;11;2022;06:35;1;974;2;6;1;3;" -21;2724940000";"55;3344870000"
202200011291;26;12;2022;10:15;1;45;2;1;2;6;"48;1193413572";"2;3635388674"
202200011292;13;3;2022;22:30;5;17;2;5;1;2;"46;1620500000";" -1;1551400000"
202200011293;20;11;2022;10:15;1;974;1;1;1;2;" -21;2730590000";"55;3899770000"
202200011294;16;12;2022;09:50;3;83;1;1;9;7;"43;5153580000";"6;6468410000"
202200011295;20;11;2022;16:32;1;95;1;1;2;2;"49;0898304025";"2;3587956011"
202200011296;22;12;2022;17:10;2;13;2;1;1;3;"43;4848820000";"5;2231780000"
202200011297;18;11;2022;18:45;3;79;1;1;1;1;"46;6833410000";" -0;4626380000"
202200011298;30;5;2022;10:50;1;77;1;1;1;4;"48;7984610000";"2;6234770000"
202200011299;13;3;2022;16:20;1;16;2;6;1;3;"45;6876201398";" -0;3289407492"
202200011300;26;12;2022;13:30;1;13;1;1;1;1;"43;2726930000";"5;7014740000"
202200011301;18;11;2022;11:40;1;33;1;1;2;3;"44;8703985357";" -0;1490932703"
202200011302;23;12;2022;14:45;1;13;2;1;1;1;"43;7883180000";"4;8330030000"
202200011303;30;5;2022;08:00;1;77;1;1;1;3;"48;9213800000";"2;6306830000"
202200011304;20;11;2022;00:00;3;71;2;1;2;6;"46;6018040000";"4;0713660000"
202200011305;14;3;2022;14:29;1;14;2;1;1;6;"49;3654580000";"0;0841360000"
202200011306;5;5;2022;13:45;1;17;2;1;1;2;"46;0638370000";" -1;0920990000"
202200011307;19;11;2022;10:15;1;61;1;2;1;1;"48;3286620000";"0;7307680000"
202200011308;25;12;2022;19:15;3;38;1;1;1;7;"45;5307830000";"5;3219330000"
202200011309;25;12;2022;21:47;3;38;1;1;1;6;"45;1648220000";"5;6716330000"
202200011310;18;3;2022;00:35;5;13;2;1;1;3;"43;2658000000";"5;3998300000"
202200011311;10;5;2022;18:30;1;79;1;2;7;3;"46;8465220000";" -0;1912840000"
202200011312;26;12;2022;06:40;5;69;2;1;1;6;"45;8709210000";"4;8397460000"
202200011313;7;5;2022;01:20;3;34;1;1;1;1;"43;7061350000";"4;1206240000"
202200011314;26;12;2022;09:20;1;32;1;1;1;3;"43;6173430000";"0;5820820000"
202200011315;17;3;2022;13:45;1;13;2;1;1;2;"43;2348483222";"5;3599916262"
202200011316;10;5;2022;20:00;1;33;2;1;1;6;"44;7434720000";" -1;0718860000"
202200011317;22;12;2022;18:10;2;29;2;1;2;4;"48;5657420000";" -4;3135880000"
202200011318;26;12;2022;17:15;2;22;2;1;1;6;"48;7774360000";" -3;0494680000"
202200011319;9;5;2022;17:30;1;27;1;3;1;1;"49;2514970000";"1;2913760000"
202200011320;16;3;2022;15:00;1;13;2;6;1;2;"43;2917200000";"5;4856000000"
202200011321;25;12;2022;18:17;3;13;1;1;1;2;"43;2938100000";"5;4724000000"
202200011322;11;5;2022;20:55;1;91;2;1;1;6;"48;6262970000";"2;4477920000"
202200011323;14;3;2022;22:45;5;13;2;1;1;2;"43;3165500000";"5;3976300000"
202200011324;11;5;2022;15:15;1;75;2;2;1;6;"48;8679430000";"2;4088750000"
202200011325;24;12;2022;22:30;3;13;1;1;1;3;"43;3662800000";"5;3605100000"
202200011326;24;12;2022;14:58;1;13;1;1;1;4;"43;3908663621";"5;3509983551"
202200011327;10;5;2022;17:15;1;77;2;6;1;7;"49;0113800000";"2;5674400000"
202200011328;14;3;2022;16:50;1;13;2;1;1;3;"43;3175367135";"5;3883256339"
202200011329;8;5;2022;14:50;1;65;2;3;1;2;"43;4403120000";"0;0762870000"
202200011330;25;12;2022;21:30;5;33;1;1;1;2;"44;8685220000";" -0;5026460000"
202200011331;17;3;2022;14:50;1;13;1;6;1;6;"43;4882578303";"5;3775244309"
202200011332;10;5;2022;08:03;1;01;1;1;1;1;"46;0030130000";"4;7969060000"
202200011333;17;3;2022;11:00;1;13;2;1;8;3;"43;4843600000";"5;4187000000"
202200011334;9;5;2022;17:20;1;42;2;4;1;3;"45;5567000000";"4;2852960000"
202200011335;24;12;2022;18:45;3;91;1;1;1;4;"48;6259300000";"2;3569200000"
202200011336;25;12;2022;00:40;5;75;1;1;2;6;"48;8191290000";"2;3305660000"
202200011337;8;5;2022;20:16;2;35;1;2;1;3;"48;1368138066";" -2;2271769494"
202200011338;14;3;2022;18:00;2;13;2;6;1;2;"43;5111400000";"5;4432000000"
202200011339;25;12;2022;09:30;1;93;1;1;2;6;"48;9269620059";"2;4034222007"
202200011340;9;5;2022;17:15;1;64;1;1;1;6;"43;2321130000";" -1;2046980000"
202200011341;25;12;2022;05:00;3;93;1;1;2;6;"48;9730763472";"2;4910426140"
202200011342;11;3;2022;09:41;1;12;2;1;1;1;"44;3607100000";"2;5830700000"
202200011343;10;5;2022;04:00;3;04;1;1;1;6;"43;8380130000";"5;9598520000"
202200011344;23;12;2022;11:10;1;95;1;1;2;6;"49;0477566605";"2;4630256597"
202200011345;9;5;2022;16:15;1;88;1;1;1;6;"48;0318429213";"7;0019227266"
202200011346;13;3;2022;12:20;2;12;1;1;3;6;"44;5510200000";"2;2914000000"
202200011347;25;12;2022;01:00;3;77;1;1;2;6;"48;7744700000";"2;6119900000"
202200011348;10;3;2022;13:00;1;11;2;1;1;3;"43;1965800000";"2;9691900000"
202200011349;8;5;2022;15:43;1;78;2;2;1;3;"48;8440660000";"2;0645310000"
202200011350;24;12;2022;05:30;5;94;1;1;1;2;"48;7543063896";"2;3502602337"
202200011351;18;9;2022;16:40;1;88;2;1;1;2;"48;3143200000";"6;9192500000"
202200011352;16;3;2022;22:45;5;11;2;3;1;3;"43;2111100000";"2;3466900000"
202200011353;10;5;2022;15:15;1;78;1;1;1;2;"48;8657900000";"2;0366910000"
202200011354;24;12;2022;18:10;5;72;2;1;2;6;"48;0143800000";"0;1867900000"
202200011355;18;3;2022;00:01;5;10;2;2;1;3;"48;2967200000";"4;0848100000"
202200011356;24;12;2022;17:57;1;973;2;3;1;3;"4;9335390646";" -52;3133178055"
202200011357;9;5;2022;23:45;5;75;2;2;1;6;"48;8980410000";"2;3441270000"
202200011358;23;12;2022;13:30;1;973;2;1;2;7;"4;9202626404";" -52;3204082251"
202200011359;16;3;2022;07:18;1;10;1;1;1;5;"48;3000070000";"4;1337300000"
202200011360;9;5;2022;17:55;1;54;1;1;1;7;"49;2657182571";"5;8503806586"
202200011361;24;12;2022;09:00;1;972;2;1;1;6;"14;6170200000";" -61;0603900000"
202200011362;17;3;2022;15:55;1;09;2;1;3;3;"43;1155700000";"1;6144500000"
202200011363;24;12;2022;18:15;5;95;2;1;2;6;"48;9924208359";"2;2945842147"
202200011364;9;5;2022;09:25;1;14;1;1;1;2;"49;1985300000";" -0;8656900000"
202200011365;14;3;2022;17:00;1;06;2;1;8;3;"43;6269780000";"6;9367870000"
202200011366;24;12;2022;17:30;5;95;2;1;2;6;"49;0534370000";"2;0942750000"
202200011367;27;4;2022;17:00;1;94;2;1;1;6;"48;8127900000";"2;3571400000"
202200011368;8;5;2022;15:00;1;88;1;1;1;3;"48;0192200000";"6;9052290000"
202200011369;13;3;2022;11:00;1;06;2;1;2;2;"43;7149610000";"7;1770700000"