Accident_Id;jour;mois;an;hrmn;lum;dep;agg;int;atm;col;lat;long
202200011370;26;4;2022;16:45;1;94;2;3;1;3;"48;7764200000";"2;4552900000"
202200011371;23;12;2022;12:10;1;88;2;1;2;1;"48;2771400000";"6;9610800000"
202200011372;8;5;2022;06:40;2;24;1;4;1;7;"44;7748480000";"0;5331050000"
202200011373;13;3;2022;09:45;1;06;2;2;1;3;"43;6743580000";"7;1848650000"
202200011374;7;12;2022;18:30;5;78;2;1;1;6;"48;6527490000";"1;8193690000"
202200011375;26;4;2022;11:15;1;94;2;3;1;2;"48;7727200000";"2;4906000000"
202200011376;9;5;2022;09:20;1;83;1;3;1;3;"43;1408470000";"6;0573610000"
202200011377;12;3;2022;21:30;5;06;2;1;1;2;"43;6503700000";"7;1513630000"
202200011378;27;4;2022;16:45;1;94;2;9;1;6;"48;7942700000";"2;5567900000"
202200011379;9;5;2022;19:50;1;88;1;1;1;1;"48;3739980000";"6;5465590000"
202200011380;12;3;2022;11:26;1;05;2;1;1;6;"44;5728800000";"6;0936800000"
202200011381;24;12;2022;06:20;2;76;1;1;1;6;"49;3425540111";"0;9308874607"
202200011382;9;5;2022;13:30;1;43;2;9;1;6;"45;0495403995";"3;8906353712"
202200011383;27;4;2022;19:45;1;94;2;2;1;3;"48;6962200000";"2;5540500000"
202200011384;12;3;2022;02:56;5;05;2;1;1;7;"44;5480200000";"6;0544700000"
202200011385;23;12;2022;17:45;2;71;2;1;1;6;"46;6462000000";"4;3194300000"
202200011386;20;2;2022;06:13;5;02;1;1;8;6;"49;8193400000";"3;3118100000"
202200011387;9;5;2022;18:10;1;93;2;2;1;6;"48;9430225480";"2;5690922141"
202200011388;24;12;2022;19:15;5;69;2;3;1;6;"45;7339677241";"4;8928186297"
202200011389;17;3;2022;15:00;1;75;2;1;1;2;"48;9009350000";"2;3385420000"
202200011390;29;5;2022;15:40;1;51;2;1;1;7;"48;7900050000";"4;7894700000"
202200011391;27;4;2022;06:30;2;93;2;2;1;1;"48;8811120894";"2;4950069189"
202200011392;17;3;2022;15:00;1;75;2;4;1;6;"48;8579320000";"2;2878920000"
202200011393;24;12;2022;10:20;1;62;2;1;2;3;"50;4256970000";"2;7756530000"
202200011394;17;3;2022;12:25;1;75;2;3;1;6;"48;8633130000";"2;2963540000"
202200011395;27;4;2022;18:30;1;93;2;3;1;6;"48;8582600000";"2;5344300000"
202200011396;24;12;2022;18:05;5;62;2;1;2;6;"50;7258100000";"1;6341300000"
202200011397;30;5;2022;17:47;1;01;2;2;1;3;"45;9566530000";"4;9403310000"
202200011398;23;12;2022;11:45;1;59;2;1;3;6;"50;7365870000";"3;1708430000"
202200011399;27;4;2022;04:20;5;93;2;1;1;6;"48;8836600000";"2;4552200000"
202200011400;16;3;2022;19:20;2;75;2;3;1;3;"48;8619070000";"2;2861150000"
202200011401;24;12;2022;23:10;5;59;2;9;1;1;"50;6730714635";"3;2000952959"
202200011402;17;3;2022;11:50;1;75;2;1;1;6;"48;8438850000";"2;2960610000"
202200011403;27;5;2022;22:00;3;66;1;1;1;4;"42;8043144779";"2;9002752900"
202200011404;26;4;2022;17:15;1;93;2;2;1;3;"48;9193400000";"2;4504200000"
202200011405;24;12;2022;18:00;3;59;2;6;1;3;"50;6792200000";"3;0478600000"
202200011406;31;5;2022;10:53;1;01;2;6;1;3;"45;9595110000";"5;3483140000"
202200011407;17;3;2022;08:30;1;75;2;2;1;3;"48;8444240000";"2;3176900000"
202200011408;23;12;2022;17:50;5;45;2;1;1;6;"47;9512200000";"1;8824700000"
202200011409;27;4;2022;08:10;1;93;2;6;1;3;"48;9251075831";"2;4005877972"
202200011410;26;4;2022;15:55;1;93;2;1;1;6;"48;9096197478";"2;3770562410"
202200011411;24;12;2022;10:40;1;35;2;6;1;3;"48;1342236446";" -1;6942039132"
202200011412;16;3;2022;17:00;1;75;2;2;1;3;"48;8491309583";"2;2981300950"
202200011413;30;5;2022;09:05;1;31;2;1;1;2;"43;6019310000";"1;5075840000"
202200011414;18;4;2022;01:10;5;93;2;9;1;6;"48;9122100000";"2;4012000000"
202200011415;24;12;2022;04:40;5;34;2;2;1;1;"43;5851600000";"3;8600400000"
202200011416;30;5;2022;17:50;1;88;1;1;1;7;"48;1400350000";"6;7994640000"
202200011417;17;3;2022;08:55;1;75;2;3;1;2;"48;8647310000";"2;3701250000"
202200011418;23;12;2022;08:10;2;31;2;1;1;7;"43;1147900000";"0;7529200000"
202200011419;27;4;2022;08:52;1;92;2;3;1;3;"48;8202068059";"2;1713235676"
202200011420;31;5;2022;00:45;3;35;1;2;1;6;"47;9722991485";" -1;2032188475"
202200011421;24;12;2022;21:20;5;29;2;1;2;6;"47;9731700000";" -4;1193600000"
202200011422;17;3;2022;00:20;5;75;2;1;1;3;"48;8546539634";"2;3823018372"
202200011423;26;4;2022;18:30;1;92;2;1;1;6;"48;8177755404";"2;1966481805"
202200011424;23;5;2022;16:45;1;56;1;1;1;6;"47;7895155000";" -3;4572543000"
202200011425;23;12;2022;17:00;1;29;1;1;8;2;"48;5712215430";" -3;8539205621"
202200011426;26;4;2022;18:30;1;92;2;1;1;6;"48;8631400000";"2;1931900000"
202200011427;31;5;2022;16:10;1;2B;2;9;1;1;"42;7128667388";"9;4543480514"
202200011428;24;12;2022;11:03;2;27;2;1;1;3;"49;0272200000";"1;1802000000"
202200011429;27;4;2022;16:45;1;92;2;1;1;7;"48;8739087944";"2;2359857261"
202200011430;17;3;2022;18:15;2;75;2;4;1;3;"48;8794064580";"2;3532669246"
202200011431;23;12;2022;11:53;1;21;2;9;2;7;"47;0065000000";"4;8501500000"
202200011432;31;5;2022;16:40;1;65;2;1;1;1;"43;1214720000";"0;3778160000"
202200011433;27;4;2022;18:30;1;92;2;1;1;3;"48;8977500000";"2;1992700000"
202200011434;17;3;2022;12:00;1;75;2;3;1;3;"48;8741600000";"2;3552690000"
202200011435;29;5;2022;15:00;1;11;1;1;1;6;"43;2119010000";"2;5901770000"
202200011436;24;12;2022;18:20;5;13;2;3;1;6;"43;2759739437";"5;4174764371"
202200011437;27;4;2022;21:30;5;92;2;4;1;3;"48;8985269262";"2;2834436595"
202200011438;24;12;2022;00:05;5;13;2;1;1;6;"43;2623981642";"5;3970284013"
202200011439;17;3;2022;12:25;1;75;2;3;1;2;"48;8795640000";"2;3474270000"
202200011440;24;12;2022;06:00;5;13;2;1;1;3;"43;2515333742";"5;3907286338"
202200011441;27;4;2022;17:30;1;92;2;1;1;6;"48;7920721337";"2;2640290259"
202200011442;30;5;2022;17:45;1;63;2;4;1;1;"45;8545520000";"3;5297820000"
202200011443;24;12;2022;09:20;1;11;2;2;1;3;"43;2126100000";"2;3533400000"
202200011444;28;4;2022;18:15;1;60;1;2;1;2;"49;5359250000";"2;3845270000"
202200011445;24;12;2022;01:06;5;06;2;1;1;-1;"43;6677800000";"7;2191700000"
202200011446;31;5;2022;13:30;1;49;1;1;1;1;"47;7057510000";" -0;7308800000"
202200011447;17;3;2022;15:50;1;75;2;7;1;4;"48;8746359375";"2;3200437427"
202200011448;24;12;2022;20:00;5;75;2;3;2;6;"48;8447930000";"2;3547480000"
202200011449;30;5;2022;05:10;2;12;1;1;1;6;"44;3155580000";"2;3559340000"
202200011450;28;4;2022;18:10;1;06;1;1;1;4;"43;7730610000";"7;3324540000"
202200011451;17;3;2022;09:27;1;75;2;2;1;3;"48;8693990000";"2;3251790000"
202200011452;23;12;2022;21:20;5;75;2;1;1;3;"48;8798310000";"2;3704110000"
202200011453;28;4;2022;18:30;1;06;1;6;1;3;"43;7528380000";"7;2821550000"
202200011454;31;5;2022;15:40;1;47;2;2;1;3;"44;1369390000";"0;3364990000"
202200011455;17;3;2022;19:30;5;94;2;1;1;5;"48;8414200000";"2;4301200000"
202200011456;24;12;2022;12:50;1;75;2;3;1;3;"48;8920029607";"2;3598302901"
202200011457;27;5;2022;18:30;1;29;2;1;1;6;"48;6594011000";" -3;9187059400"
202200011458;24;12;2022;09:40;1;75;2;3;1;6;"48;8671940000";"2;2953690000"
202200011459;24;12;2022;10:50;1;94;2;9;8;3;"48;7438160000";"2;4592420000"
202200011460;28;4;2022;00:15;3;06;2;1;1;6;"43;6321870000";"7;1356490000"
202200011461;18;5;2022;16:40;1;84;1;4;1;1;"44;0229400000";"5;5071540000"
202200011462;24;12;2022;15:15;1;94;2;2;2;2;"48;7938100000";"2;4922800000"
202200011463;17;3;2022;17:00;1;94;2;2;1;3;"48;7401200000";"2;4571200000"
202200011464;30;5;2022;20:15;1;26;1;1;1;7;"44;3830260000";"5;2305870000"
202200011465;30;5;2022;10:15;1;26;1;1;1;6;"44;4222110000";"5;3296140000"
202200011466;24;12;2022;05:00;5;93;2;4;1;4;"48;9587100000";"2;3085300000"
202200011467;16;3;2022;16:30;1;94;2;1;1;6;"48;7875600000";"2;4802800000"
202200011468;29;4;2022;08:28;1;71;1;1;1;2;"46;3000870000";"4;7927860000"
202200011469;17;3;2022;02:03;5;94;2;1;1;6;"48;7973900000";"2;3677000000"
202200011470;24;12;2022;08:35;1;93;2;1;1;2;"48;9146464403";"2;3581267416"
202200011471;31;5;2022;17:30;1;54;1;3;1;3;"48;9396900000";"5;8859243000"
202200011472;28;4;2022;14:40;1;44;1;1;1;7;"47;3565700000";" -1;9946900000"
202200011473;17;3;2022;09:45;1;94;2;1;1;6;"48;8560000000";"2;4820000000"
202200011474;24;12;2022;02:00;5;93;2;1;1;2;"48;9147389682";"2;3581018676"
202200011475;31;5;2022;16:45;1;06;1;1;1;6;"44;1238130000";"6;7855730000"
202200011476;29;4;2022;06:00;2;41;2;1;1;6;"47;7283770000";"1;0856830000"
202200011477;16;3;2022;22:12;3;94;2;1;1;1;"48;7768200000";"2;4334100000"
202200011478;30;5;2022;14:20;1;05;1;1;1;6;"44;6343990000";"5;6959390000"
202200011479;24;12;2022;09:30;1;93;2;3;1;3;"48;8484900000";"2;5634900000"
202200011480;16;3;2022;18:10;1;94;2;1;1;2;"48;8032300000";"2;4588400000"
202200011481;30;5;2022;14:25;1;50;2;1;1;1;"48;6146700000";" -1;5103170000"
202200011482;29;4;2022;11:00;1;57;1;1;1;1;"49;1040780000";"7;3113160000"
202200011483;24;12;2022;12:50;1;92;2;3;1;3;"48;8674180214";"2;2277296185"
202200011484;16;3;2022;15:00;1;93;2;2;1;3;"48;9581760000";"2;5583710000"
202200011485;22;3;2022;17:45;1;73;1;4;1;3;"45;5100270000";"5;9829620000"
202200011486;24;12;2022;20:10;5;92;2;1;2;3;"48;8979400184";"2;2565612197"
202200011487;29;4;2022;07:15;1;89;1;6;1;3;"48;1878060000";"3;3185150000"
202200011488;30;5;2022;14:30;1;16;1;1;1;6;"45;6045510000";"0;4868420000"
202200011489;16;3;2022;15:11;1;93;2;3;8;2;"48;9026422285";"2;4706980586"
202200011490;28;4;2022;18:55;2;74;1;9;1;3;"45;9188670000";"6;6646830000"
202200011491;24;12;2022;18:45;5;92;2;1;2;4;"48;8885500000";"2;2541100000"
202200011492;29;5;2022;05:30;2;07;1;1;1;1;"44;8942490000";"4;4893310000"
202200011493;20;12;2022;20:50;3;92;1;1;2;3;"48;7734147442";"2;2414217591"
202200011494;17;3;2022;18:15;1;93;2;1;1;2;"48;8576000000";"2;4336000000"
202200011495;31;5;2022;07:10;2;53;1;6;7;3;"48;2855044837";" -0;6231234142"
202200011496;24;12;2022;16:20;1;973;2;1;2;1;"3;6424590840";" -54;0316669643"
202200011497;29;4;2022;11:10;1;74;1;1;1;2;"45;7861030000";"6;2222150000"
202200011498;28;4;2022;05:00;3;76;1;1;1;6;"49;6610580000";"1;2158440000"
202200011499;16;3;2022;12:20;1;93;2;3;8;3;"48;8667100000";"2;4558200000"
202200011500;24;12;2022;16:25;1;33;1;1;1;3;"45;0184210000";" -0;1276260000"
202200011501;31;5;2022;07:20;1;21;1;4;1;3;"47;5193490000";"5;0497520000"
202200011502;29;5;2022;18:20;1;40;1;3;1;6;"44;0409670000";" -1;0132250000"
202200011503;24;12;2022;19:15;3;22;1;1;2;6;"48;4250960000";" -2;2164050000"
202200011504;28;4;2022;18:20;1;79;1;3;1;7;"46;5563080000";" -0;4829050000"
202200011505;16;3;2022;17:00;1;93;2;3;1;6;"48;8831000000";"2;5275000000"
202200011506;24;12;2022;18:00;3;12;1;1;1;6;"44;2070270000";"3;0675030000"
202200011507;16;3;2022;13:05;1;93;2;1;1;6;"48;8788900000";"2;5551400000"
202200011508;11;5;2022;18:00;1;85;2;1;1;3;"46;7812680000";" -1;2143620000"
202200011509;29;4;2022;07:50;1;82;1;1;1;1;"44;0926851000";"1;0932587690"
202200011510;17;3;2022;14:00;1;93;2;1;1;3;"48;9173200000";"2;3819600000"
202200011511;31;5;2022;18:40;1;28;1;1;1;1;"48;2830790000";"1;9788910000"
202200011512;24;12;2022;17:00;2;62;2;3;1;2;"50;3728000000";"2;6368500000"
202200011513;28;4;2022;18:00;1;89;2;2;1;3;"48;0328960000";"3;3017190000"
202200011514;17;3;2022;18:00;1;92;2;1;1;7;"48;8144615779";"2;3025415242"
202200011515;17;3;2022;10:00;1;92;2;4;1;6;"48;8827700000";"2;1883300000"
202200011516;17;3;2022;19:10;5;92;2;2;1;6;"48;8944014100";"2;1939238608"
202200011517;17;3;2022;13:15;1;92;2;2;1;3;"48;8936088368";"2;2911177277"
202200011518;28;4;2022;20:39;1;63;1;2;1;3;"45;8144140000";"3;3375260000"
202200011519;16;3;2022;22:00;5;92;2;1;1;3;"48;8254300000";"2;2435900000"
202200011520;21;4;2022;15:50;1;61;1;1;1;7;"48;9477040000";"0;2501680000"
202200011521;17;3;2022;14:05;1;92;2;1;1;2;"48;7466567558";"2;2969731241"
202200011522;16;3;2022;23:29;5;92;2;1;1;4;"48;7636519202";"2;3096752614"
202200011523;18;3;2022;18:15;1;06;2;1;8;7;"43;7565110000";"7;3183860000"
202200011524;29;4;2022;19:30;1;55;2;1;1;3;"48;6709910000";"5;1117270000"
202200011525;17;3;2022;15:15;1;09;1;1;2;6;"43;0780300000";"1;3774060000"
202200011526;17;3;2022;15:40;1;95;1;1;1;1;"49;1502141957";"2;3306813836"
202200011527;17;3;2022;07:05;2;17;1;1;1;1;"45;5759010000";" -0;7684420000"
202200011528;17;3;2022;21:15;3;88;1;1;5;6;"48;1729550000";"7;0397470000"
202200011529;28;4;2022;17:55;1;41;1;3;1;2;"47;2819220000";"1;3558240000"
202200011530;29;4;2022;01:30;3;25;1;1;1;6;"47;3815380000";"6;7013410000"
202200011531;18;3;2022;07:50;1;85;1;1;1;5;"46;8595310000";" -0;9665340000"
202200011532;17;3;2022;23:40;3;08;1;1;1;6;"49;5422820000";"4;4319640000"
202200011533;29;4;2022;11:30;1;25;1;1;1;6;"47;2806770000";"5;8031160000"
202200011534;29;4;2022;16:15;1;29;1;1;1;6;"47;8744760000";" -4;2691110000"
202200011535;18;3;2022;07:15;1;62;1;2;7;3;"50;1543180000";"3;1007250000"
202200011536;27;4;2022;23:30;3;38;1;1;1;6;"45;1079540000";"5;3233070000"
202200011537;18;3;2022;16:55;1;76;1;1;1;7;"49;9505430000";"1;5227870000"
202200011538;28;4;2022;11:15;1;15;1;1;1;6;"45;2927810000";"2;5948920000"
202200011539;27;4;2022;14:50;1;15;1;1;1;7;"44;7986930000";"2;3600540000"
202200011540;29;4;2022;18:20;1;01;1;1;2;1;"46;2606910000";"5;0051580000"
202200011541;28;4;2022;17:15;1;01;2;2;1;3;"46;3371730000";"4;9891020000"
202200011542;29;4;2022;05:45;3;85;1;1;1;4;"46;7930300000";" -1;1991670000"
202200011543;19;2;2022;03:05;3;57;1;1;1;1;"49;3632400000";"6;1069600000"
202200011544;28;4;2022;18:30;1;18;1;2;1;3;"46;9206660000";"2;6535840000"
202200011545;28;4;2022;22:20;3;18;1;1;1;6;"46;6529860000";"2;3770700000"
202200011546;12;9;2022;07:45;1;02;1;1;7;1;"49;8946210000";"3;4062980000"
202200011547;29;4;2022;15:25;1;24;1;1;1;3;"45;1416510000";"1;1944180000"
202200011548;5;9;2022;12:00;1;58;1;1;7;3;"47;4179940000";"2;9579940000"
202200011549;28;4;2022;18:24;1;04;2;9;1;3;"43;9816600000";"6;5246770000"
202200011550;11;9;2022;17:45;1;72;2;1;1;1;"48;1916330000";"0;6613530000"
202200011551;12;4;2022;14:20;1;04;1;1;1;7;"43;9991200000";"5;9193560000"
202200011552;11;9;2022;12:00;1;72;1;1;1;7;"47;8830960000";"0;0385170000"
202200011553;29;4;2022;12:05;1;17;1;1;1;1;"45;9689000000";" -0;5593160000"
202200011554;11;9;2022;19:00;1;50;1;1;1;3;"48;8665110000";" -1;3913260000"
202200011555;29;4;2022;01:45;3;30;1;1;1;6;"43;8592100000";"4;2247370000"
202200011556;11;9;2022;15:30;1;50;1;1;1;7;"49;5356620000";" -1;4679060000"
202200011557;11;9;2022;19:30;1;53;2;1;1;7;"48;4105450000";" -0;8120440000"
202200011558;28;4;2022;18:50;1;06;1;1;1;7;"43;6124900000";"7;0474410000"
202200011559;29;4;2022;10:00;1;51;1;9;1;7;"49;0839430000";"4;9573870000"
202200011560;3;9;2022;10:00;1;85;1;1;1;4;"46;7564530000";" -1;7151920000"
202200011561;21;7;2022;06:00;2;85;1;1;1;6;"46;7855070000";" -0;8134300000"
202200011562;29;4;2022;09:30;1;69;1;9;1;1;"45;9100550000";"4;7908810000"
202200011563;11;9;2022;03:00;5;971;2;1;1;6;"16;2443180000";" -61;5598170000"
202200011564;27;4;2022;20:45;3;976;1;1;1;7;" -12;7968300000";"45;1305810000"
202200011565;10;9;2022;18:50;5;987;2;1;3;3;" -17;5920000000";" -149;3910000000"
202200011566;27;4;2022;22:45;3;971;1;1;1;2;"16;2328210000";" -61;5905140000"
202200011567;11;9;2022;17:45;3;988;1;1;3;4;" -22;1400700000";"166;3542510000"
202200011568;28;4;2022;18:30;3;971;1;1;8;1;"15;9890130000";" -61;6187100000"
202200011569;11;9;2022;16:00;1;41;1;1;1;7;"47;6613480000";"1;6217280000"
202200011570;28;4;2022;19:45;2;95;1;1;1;1;"49;0484450000";"2;5760360000"
202200011571;11;9;2022;19:25;1;77;2;1;1;3;"49;0500900000";"2;7673320000"
202200011572;11;9;2022;18:50;1;30;1;1;1;1;"44;1435370000";"3;6986160000"
202200011573;28;4;2022;16:50;1;30;2;2;1;3;"43;6735000000";"4;4335400000"
202200011574;8;9;2022;09:00;1;13;2;9;1;3;"43;3675870000";"5;6455240000"
202200011575;11;9;2022;16:18;1;13;1;1;1;6;"43;3125950000";"5;6659840000"
202200011576;28;4;2022;17:50;1;21;1;1;1;7;"47;2829260000";"5;2692320000"
202200011577;11;9;2022;18:35;1;89;1;1;1;7;"47;8702320000";"3;4857900000"
202200011578;26;4;2022;15:00;1;68;1;1;1;6;"47;8095160000";"7;1444280000"
202200011579;11;9;2022;21:30;3;88;1;1;1;1;"48;3901300000";"5;6383470000"
202200011580;11;9;2022;14:38;1;73;1;3;1;3;"45;5748865200";"6;7275722623"
202200011581;29;4;2022;14:15;1;67;1;1;1;1;"48;5752730000";"7;5970510000"
202200011582;10;8;2022;15:10;1;38;2;1;1;6;"45;1342740000";"5;6982100000"
202200011583;29;4;2022;12:15;1;73;2;6;1;3;"45;2725910000";"6;3615560000"
202200011584;2;9;2022;10:15;1;01;2;3;1;3;"45;8254800000";"4;9688780000"
202200011585;29;4;2022;14:00;1;07;1;4;1;1;"45;0775440000";"4;7803510000"
202200011586;11;9;2022;06:30;5;69;2;9;1;5;"45;8358340000";"4;8329440000"
202200011587;11;9;2022;23:30;3;09;1;1;1;6;"43;2432960000";"1;5788340000"
202200011588;28;4;2022;17:00;1;07;2;1;1;1;"45;0530980000";"4;8366500000"
202200011589;9;9;2022;16:10;1;33;2;1;1;6;"45;0492990000";" -0;5840530000"
202200011590;11;9;2022;17:00;1;85;1;3;1;7;"46;7833900000";" -1;5383460000"
202200011591;28;4;2022;14:11;1;19;1;9;1;3;"45;2257049134";"1;8126408756"
202200011592;11;9;2022;13:35;1;50;1;1;1;7;"49;3532630000";" -1;2565450000"
202200011593;10;9;2022;12:30;1;14;2;1;1;6;"49;3209030623";" -0;3569253087"
202200011594;28;4;2022;06:40;2;86;2;3;1;3;"46;6840430000";"0;3759180000"
202200011595;11;9;2022;14:40;1;76;2;1;1;6;"49;5235860000";"0;7502620000"
202200011596;29;4;2022;11:30;1;49;2;1;1;3;"47;4784680000";" -0;6180610000"
202200011597;11;9;2022;16:15;1;13;1;1;1;2;"43;4712200000";"5;2356400000"
202200011598;9;9;2022;15:20;1;13;1;1;1;3;"43;2926000000";"5;4242000000"
202200011599;10;9;2022;02:43;3;13;1;1;1;2;"43;4048420000";"5;3397220000"
202200011600;25;4;2022;17:00;1;49;1;6;1;5;"47;4381900000";" -0;6991340000"
202200011601;11;9;2022;01:40;5;83;1;1;1;6;"43;1270000000";"5;8230200000"
202200011602;28;4;2022;17:17;1;29;2;1;1;6;"48;0852820000";" -4;3297810000"
202200011603;10;9;2022;15:43;1;83;2;1;1;3;"43;1257200000";"5;9717000000"
202200011604;10;9;2022;10:30;1;42;1;1;1;6;"45;4943194540";"4;5407862067"
202200011605;28;4;2022;17:26;1;60;2;9;1;3;"49;3468990000";"2;6796560000"
202200011606;11;9;2022;06:10;4;33;1;1;1;6;"44;7895100000";" -0;6447600000"
202200011607;11;9;2022;18:38;2;91;1;1;1;4;"48;5974500000";"2;4414200000"
202200011608;27;4;2022;09:45;1;13;1;1;1;2;"43;3978152439";"5;0748467445"
202200011609;11;9;2022;14:42;1;92;1;1;1;2;"48;7295420000";"2;3069010000"
202200011610;23;4;2022;01:40;3;13;1;9;1;7;"43;4029013227";"5;3452402353"
202200011611;11;9;2022;05:36;3;91;1;1;1;3;"48;7279300000";"2;3140900000"
202200011612;10;9;2022;20:00;2;91;1;1;8;1;"48;7472300000";"2;2191200000"
202200011613;18;4;2022;15:30;1;69;1;1;1;6;"45;7036900000";"4;8445200000"
202200011614;11;9;2022;18:45;1;93;1;1;1;3;"48;8658500000";"2;4168400000"
202200011615;15;4;2022;17:10;1;33;1;1;1;4;"44;8767920000";" -0;6325590000"
202200011616;11;9;2022;12:15;1;93;1;1;1;4;"48;9421443682";"2;4781664745"
202200011617;15;4;2022;15:30;1;33;1;1;1;6;"44;7783300000";" -0;5659600000"
202200011618;11;9;2022;21:15;3;94;1;1;1;2;"48;8162613201";"2;4528248380"
202200011619;11;9;2022;08:15;1;94;1;1;8;6;"48;8290964148";"2;4806796649"
202200011620;27;4;2022;18:50;1;91;1;1;1;2;"48;7117200000";"2;2916620000"
202200011621;11;9;2022;01:35;3;94;1;1;1;7;"48;8176057496";"2;4212441061"
202200011622;27;4;2022;17:25;1;94;1;1;1;4;"48;7602012934";"2;3206169189"
202200011623;11;3;2022;18:38;2;69;2;3;6;1;"45;6097200000";"4;7770900000"
202200011624;26;4;2022;20:10;1;78;1;1;1;2;"48;8225870000";"2;0713200000"
202200011625;10;9;2022;11:25;1;971;2;9;1;6;"15;9946800000";" -61;7312300000"
202200011626;9;9;2022;16:27;1;91;2;1;2;6;"48;7270300000";"2;3167300000"
202200011627;26;4;2022;19:10;1;92;1;1;1;2;"48;7769354895";"2;2248458868"
202200011628;26;4;2022;08:10;1;78;1;1;1;7;"48;8709790000";"2;0281060000"
202200011629;9;9;2022;17:15;1;59;2;6;2;6;"50;6232205814";"3;0539819598"
202200011630;25;4;2022;20:40;1;92;1;1;1;6;"48;8205945740";"2;2186143918"
202200011631;10;9;2022;12:55;1;53;2;1;1;6;"48;0680200000";" -0;7686800000"
202200011632;10;9;2022;09:50;1;37;2;1;1;6;"47;3421600000";"0;6639200000"
202200011633;25;4;2022;09:50;1;78;1;1;1;4;"48;8397340000";"2;1178700000"
202200011634;8;9;2022;08:25;1;71;2;1;1;6;"46;6584900000";"4;3527900000"
202200011635;25;4;2022;06:40;1;92;1;1;1;2;"48;8388738592";"2;1936046998"
202200011636;8;9;2022;08:30;1;69;2;3;1;6;"45;6916200000";"4;9384100000"
202200011637;24;4;2022;18:20;1;94;1;1;1;4;"48;7669185754";"2;3785361704"
202200011638;8;9;2022;13:35;1;61;2;6;8;7;"48;4458900000";"0;0632100000"
202200011639;8;9;2022;17:10;1;44;2;1;1;6;"47;2623900000";" -2;2544900000"
202200011640;19;4;2022;17:45;1;94;1;1;1;2;"48;8172002825";"2;4437061533"
202200011641;8;9;2022;09:35;1;38;2;1;1;6;"45;1837011300";"5;7468688100"
202200011642;19;2;2022;11:12;1;95;2;1;1;6;"49;0325269661";"2;4773633480"
202200011643;8;9;2022;08:40;1;33;2;3;2;1;"44;7839900000";" -0;6797900000"
202200011644;24;2;2022;21:40;5;62;1;1;1;7;"50;7050810000";"1;5904630000"
202200011645;25;4;2022;09:00;1;974;2;3;1;3;" -21;3011700000";"55;4574400000"
202200011646;10;9;2022;13:15;1;976;2;1;1;7;" -12;7788700000";"45;2322500000"
202200011647;25;4;2022;13:50;1;974;2;3;1;5;" -20;9002100000";"55;4993100000"
202200011648;10;9;2022;19:50;3;974;1;1;1;2;" -20;9563100000";"55;3111400000"
202200011649;26;4;2022;09:50;1;972;1;1;2;7;"14;5982310000";" -60;9762120000"
202200011650;10;9;2022;13:30;1;974;1;1;1;7;" -20;9499000000";"55;3199000000"
202200011651;25;4;2022;06:35;1;971;2;1;1;6;"16;2539300000";" -61;5233800000"
202200011652;9;9;2022;01:55;5;972;1;1;1;2;"14;6211250000";" -60;9907550000"
202200011653;25;4;2022;17:28;1;87;1;1;1;7;"45;8621200000";"1;1735700000"
202200011654;10;9;2022;12:20;1;69;2;1;1;6;"45;7755000000";"4;8034600000"
202200011655;10;9;2022;14:57;1;2A;1;6;1;2;"41;9271300000";"8;7791600000"
202200011656;25;4;2022;17:00;1;83;1;1;1;2;"43;1379000000";"6;0247500000"
202200011657;20;4;2022;21:40;5;80;2;1;1;6;"49;9009000000";"2;2990600000"
202200011658;10;9;2022;17:35;1;78;2;1;2;2;"48;9704300000";"2;0359400000"
202200011659;21;4;2022;17:45;1;80;2;1;1;6;"50;1090949093";"1;8248132344"
202200011660;10;9;2022;06:20;5;72;2;9;1;3;"47;9987863002";"0;2184569833"
202200011661;11;9;2022;01:00;5;71;2;1;1;2;"46;8042500000";"4;8452100000"
202200011662;20;3;2022;15:10;1;78;2;2;1;3;"48;8161730000";"1;9975330000"
202200011663;10;9;2022;19:20;1;71;2;1;1;3;"46;8042500000";"4;8452100000"
202200011664;19;4;2022;18:54;1;76;2;1;1;3;"49;4234400000";"1;0974700000"
202200011665;10;9;2022;23:10;5;64;2;1;1;2;"43;4211520000";" -1;6058320000"
202200011666;10;9;2022;11:05;1;64;1;1;1;2;"43;4170900000";" -1;6095700000"
202200011667;16;4;2022;18:15;1;76;2;1;1;2;"49;4471800000";"1;0370200000"
202200011668;10;9;2022;17:45;1;64;2;1;1;3;"43;2848100000";" -0;3877500000"
202200011669;25;4;2022;16:45;1;72;2;1;1;2;"47;9843100000";"0;1858900000"
202200011670;10;9;2022;12:20;1;64;2;6;1;3;"43;3209940986";" -0;3919351101"
202200011671;26;4;2022;16:50;1;69;2;1;1;6;"45;7481800000";"4;9145500000"
202200011672;10;9;2022;09:30;1;64;2;6;1;3;"43;2790435022";" -0;3755763173"
202200011673;9;9;2022;04:50;5;64;2;1;3;6;"43;4809900000";" -1;5122000000"
202200011674;25;4;2022;14:00;1;69;2;4;1;3;"45;6955400000";"4;9123500000"
202200011675;10;9;2022;21:53;3;62;1;9;1;6;"50;9220200000";"1;7928170000"
202200011676;10;9;2022;14:15;1;59;2;1;1;6;"50;7349522257";"3;1150746346"