Accident_Id;jour;mois;an;hrmn;lum;dep;agg;int;atm;col;lat;long
202200011677;22;4;2022;13:00;1;67;2;1;1;2;"48;5145700000";"7;7063400000"
202200011678;10;9;2022;04:15;5;57;2;1;9;6;"49;1379000000";"6;1421900000"
202200011679;1;9;2022;16:08;1;54;1;1;1;7;"48;9220000000";"6;0654600000"
202200011680;22;4;2022;10:55;1;67;2;1;1;3;"48;5909600000";"7;7465330000"
202200011681;10;9;2022;22:25;5;54;2;2;2;3;"48;6867100000";"6;2011000000"
202200011682;25;4;2022;17:10;1;64;2;6;1;2;"43;3051000000";" -0;4019700000"
202200011683;11;9;2022;00:10;3;51;2;1;1;7;"49;2333800000";"4;0999500000"
202200011684;22;4;2022;19:30;1;62;2;1;1;7;"50;4408390000";"2;8501630000"
202200011685;9;9;2022;17:55;1;51;2;7;8;1;"49;2566500000";"4;0347100000"
202200011686;10;9;2022;00:30;5;51;2;1;2;7;"49;2523700000";"4;0220000000"
202200011687;17;4;2022;16:55;1;59;2;2;7;2;"50;6166983111";"3;0620902777"
202200011688;10;9;2022;18:30;1;49;2;1;1;7;"47;4499300000";" -0;5757400000"
202200011689;23;4;2022;21:15;5;58;2;1;2;6;"46;9894400000";"3;1504800000"
202200011690;10;9;2022;03:00;5;47;2;3;1;6;"44;4230829627";"0;7003763785"
202200011691;24;4;2022;08:50;1;57;2;1;2;6;"49;3562700000";"6;0646700000"
202200011692;10;9;2022;18:34;1;47;1;9;1;1;"44;1904320000";"0;6854100000"
202200011693;24;4;2022;08:20;1;54;2;2;1;2;"48;6834200000";"6;1735100000"
202200011694;9;9;2022;17:23;1;47;1;1;1;3;"44;1645800000";"0;5989100000"
202200011695;10;9;2022;20:40;5;45;2;3;1;3;"47;9038155315";"1;9353181422"
202200011696;26;4;2022;19:10;1;51;2;1;1;3;"49;2613000000";"4;0500400000"
202200011697;10;9;2022;10:15;1;45;2;2;8;3;"48;0130400000";"2;7312100000"
202200011698;25;4;2022;12:44;1;49;2;1;1;3;"47;4813900000";" -0;5238300000"
202200011699;10;9;2022;18:50;1;43;2;1;1;6;"45;0496100000";"3;9120500000"
202200011700;10;9;2022;02:20;5;43;2;1;1;6;"45;0504800000";"3;8463100000"
202200011701;22;4;2022;22:50;4;49;2;1;1;3;"47;4545500000";" -0;5338600000"
202200011702;10;7;2022;22:10;5;42;2;2;1;3;"45;4244500000";"4;3930900000"
202200011703;23;4;2022;15:40;1;41;2;2;1;3;"47;6101800000";"1;3328700000"
202200011704;5;9;2022;11:45;1;42;2;2;1;3;"45;4240100000";"4;3751800000"
202200011705;10;9;2022;17:30;1;35;2;1;1;6;"48;1079100000";" -1;6657700000"
202200011706;26;4;2022;18:15;1;37;2;3;1;2;"47;3267304362";"0;6628704071"
202200011707;10;9;2022;16:30;1;35;1;1;1;4;"48;0789300000";" -1;6737700000"
202200011708;26;4;2022;18:30;1;35;1;1;1;2;"48;1123600000";" -1;7183900000"
202200011709;10;9;2022;03:25;3;35;1;1;1;2;"48;0825868966";" -1;6446501017"
202200011710;9;9;2022;14:25;1;31;2;1;1;6;"43;5577400000";"1;3798200000"
202200011711;26;4;2022;11:00;1;33;2;6;1;3;"44;8370600000";" -0;6469200000"
202200011712;10;9;2022;15:45;1;26;2;1;1;6;"44;5534600000";"4;7463500000"
202200011713;25;4;2022;16:15;1;33;2;1;1;3;"44;8983400000";" -0;5100600000"
202200011714;10;9;2022;11:15;1;22;2;1;1;6;"48;5156300000";" -2;7710100000"
202200011715;26;4;2022;08:20;1;31;2;9;1;6;"43;6178200000";"1;3886350000"
202200011716;10;9;2022;15:00;1;14;2;1;2;3;"49;1695979921";" -0;3226053715"
202200011717;26;4;2022;08:10;1;28;1;1;1;1;"48;7430000000";"1;3377400000"
202200011718;9;9;2022;17:54;1;14;2;3;1;3;"49;1915100000";" -0;3923600000"
202200011719;26;4;2022;17:22;1;27;2;1;1;6;"49;0987700000";"1;4559100000"
202200011720;10;9;2022;23:45;5;13;2;9;1;3;"43;6387000000";"5;0953400000"
202200011721;26;4;2022;18:15;1;14;2;1;1;3;"49;1725516988";" -0;3889954091"
202200011722;10;9;2022;23:45;5;13;2;3;1;3;"43;2889500000";"5;4300100000"
202200011723;26;4;2022;16:33;1;14;2;1;1;6;"49;1734580000";" -0;3341940000"
202200011724;10;9;2022;04:50;5;13;2;1;1;7;"43;2849000000";"5;3675600000"
202200011725;26;4;2022;17:45;1;13;2;1;1;2;"43;3200848944";"5;3920024445"
202200011726;9;9;2022;23:35;5;13;2;2;1;3;"43;3061950996";"5;3722956776"
202200011727;26;4;2022;08:25;1;13;2;1;1;2;"43;3593891940";"5;3648255222"
202200011728;10;9;2022;15:55;1;08;1;1;3;7;"49;8008816098";"4;7082831859"
202200011729;10;9;2022;05:10;5;06;2;1;1;-1;"43;7345300000";"7;2579100000"
202200011730;15;4;2022;12:00;1;13;2;2;1;3;"43;2991000000";"5;3880200000"
202200011731;10;9;2022;01:30;5;06;2;1;1;1;"43;5948430000";"7;1200210000"
202200011732;25;4;2022;16:30;1;13;2;1;1;6;"43;3397619524";"5;4776105073"
202200011733;10;9;2022;13:50;1;75;2;1;1;2;"48;9007640000";"2;3302420000"
202200011734;9;9;2022;22:15;5;75;2;1;1;7;"48;8168800000";"2;3483260000"
202200011735;26;4;2022;21:30;5;13;2;9;1;2;"43;5879600000";"4;9995400000"
202200011736;9;9;2022;19:50;1;75;2;1;2;3;"48;8458310000";"2;4142090000"
202200011737;10;9;2022;09:00;1;75;2;2;1;6;"48;8886360000";"2;3156520000"
202200011738;25;4;2022;10:55;1;13;2;6;1;2;"43;2837124582";"5;5141008246"
202200011739;10;9;2022;04:21;5;75;2;7;1;2;"48;8624140000";"2;3015900000"
202200011740;26;4;2022;18:00;1;11;2;3;1;3;"43;2229000000";"2;3454100000"
202200011741;9;9;2022;05:30;5;75;2;2;1;7;"48;8469140000";"2;2932750000"
202200011742;25;4;2022;18:10;1;10;2;1;1;6;"48;2716921026";"4;0788030624"
202200011743;10;9;2022;11:50;1;75;2;1;2;6;"48;8204350000";"2;3386760000"
202200011744;10;9;2022;10:15;1;75;2;2;2;3;"48;8648650000";"2;3665380000"
202200011745;26;4;2022;11:45;1;06;2;1;1;3;"43;6380680000";"6;9507160000"
202200011746;10;9;2022;13:37;1;75;2;1;8;6;"48;8682880000";"2;3657120000"
202200011747;21;4;2022;17:10;1;05;2;1;8;3;"44;5591100000";"6;0730900000"
202200011748;10;9;2022;05:32;5;75;2;2;1;3;"48;8810990000";"2;3651650000"
202200011749;10;9;2022;05:50;5;75;2;2;1;3;"48;8707190000";"2;3479550000"
202200011750;25;4;2022;18:15;1;75;2;1;1;4;"48;8581320366";"2;4140898383"
202200011751;10;9;2022;06:50;2;75;2;3;8;7;"48;8710880000";"2;3347830000"
202200011752;10;9;2022;13:15;1;75;2;3;2;6;"48;8670800000";"2;3161210000"
202200011753;26;4;2022;22:28;5;75;2;2;1;3;"48;8514700000";"2;3370590000"
202200011754;10;9;2022;03:20;5;75;2;5;8;2;"48;8719770000";"2;3400450000"
202200011755;26;4;2022;12:50;1;75;2;3;8;3;"48;8370940000";"2;3526830000"
202200011756;10;9;2022;18:35;2;94;2;1;2;4;"48;8145200000";"2;4636600000"
202200011757;26;4;2022;04:20;5;75;2;3;1;6;"48;8540730000";"2;3315560000"
202200011758;10;9;2022;03:00;5;94;2;2;1;3;"48;8060970000";"2;3459540000"
202200011759;10;9;2022;00:30;5;94;2;1;8;3;"48;7970000000";"2;3680000000"
202200011760;26;4;2022;21:10;5;75;2;4;1;3;"48;8804677531";"2;4071136117"
202200011761;10;9;2022;15:24;1;94;2;1;3;4;"48;7730000000";"2;4399200000"
202200011762;26;4;2022;14:20;1;75;2;4;1;6;"48;8830929655";"2;3714549839"
202200011763;10;9;2022;06:10;5;94;2;6;1;6;"48;7846100000";"2;4367600000"
202200011764;25;4;2022;22:45;5;75;2;3;1;3;"48;8981860000";"2;3860220000"
202200011765;9;9;2022;22:20;5;93;2;1;1;2;"48;9471090276";"2;3865364982"
202200011766;9;9;2022;23:30;5;93;2;4;1;3;"48;8863300000";"2;4039800000"
202200011767;26;4;2022;17:40;1;75;2;2;1;6;"48;8865540000";"2;3495580000"
202200011768;10;9;2022;11:45;1;93;2;1;2;2;"48;9278614403";"2;3911815836"
202200011769;26;4;2022;20:25;2;75;2;2;1;3;"48;8429980000";"2;3127970000"
202200011770;10;9;2022;18:00;1;93;2;1;1;5;"48;8946780658";"2;4705612375"
202200011771;10;9;2022;18:50;1;93;2;1;2;6;"48;9389386692";"2;4872589047"
202200011772;26;4;2022;12:40;1;75;2;7;1;2;"48;8280511075";"2;3268444836"
202200011773;10;9;2022;14:00;1;92;2;1;1;7;"48;8695245429";"2;1944318712"
202200011774;25;4;2022;23:30;5;75;2;2;1;2;"48;8224090000";"2;3715700000"
202200011775;10;9;2022;18:29;1;92;2;1;3;2;"48;8827490793";"2;2670894265"
202200011776;10;9;2022;09:10;1;92;2;3;1;6;"48;8840962716";"2;1924161911"
202200011777;26;4;2022;10:30;1;75;2;2;1;6;"48;8651870000";"2;3677300000"
202200011778;10;9;2022;09:25;1;92;1;1;1;2;"48;9180660000";"2;2989580000"
202200011779;26;4;2022;01:00;5;75;2;2;1;3;"48;8557600000";"2;3913350000"
202200011780;10;9;2022;12:37;1;92;2;9;8;2;"48;9230340000";"2;2562850000"
202200011781;11;9;2022;10:45;1;63;1;1;1;2;"45;7026800000";"3;0444410000"
202200011782;26;4;2022;10:20;1;75;2;4;1;3;"48;8814437721";"2;3514336348"
202200011783;11;9;2022;14:15;1;67;1;1;1;6;"48;6102710000";"7;6298980000"
202200011784;5;9;2022;22:10;3;41;1;1;9;6;"47;7461610000";"1;5364850000"
202200011785;26;4;2022;09:05;1;75;2;7;1;7;"48;8706459442";"2;3320533335"
202200011786;16;8;2022;12:45;1;38;1;1;1;3;"44;8677470000";"5;7796130000"
202200011787;26;4;2022;10:10;1;75;2;1;1;3;"48;8726370000";"2;3214550000"
202200011788;11;9;2022;10:30;1;22;1;1;1;3;"48;3427730000";" -2;3356350000"
202200011789;9;9;2022;20:40;5;66;2;1;1;1;"42;7348070000";"2;9093330000"
202200011790;25;4;2022;07:40;1;75;2;2;1;3;"48;8711637307";"2;3216439345"
202200011791;26;4;2022;09:08;1;94;2;1;1;3;"48;7514400000";"2;4888500000"
202200011792;11;9;2022;14:45;1;83;1;1;1;4;"43;3969170000";"5;9688110000"
202200011793;26;4;2022;08:00;1;94;2;1;1;1;"48;8100100000";"2;4991800000"
202200011794;10;9;2022;20:35;3;30;1;9;1;2;"43;8040005903";"4;4058403373"
202200011795;30;8;2022;07:10;1;51;1;1;2;4;"48;9175500000";"4;0204810000"
202200011796;26;4;2022;11:45;1;94;2;1;1;3;"48;8067200000";"2;3633600000"
202200011797;11;9;2022;14:15;1;19;1;1;1;6;"45;0420141037";"1;7479033470"
202200011798;25;4;2022;15:30;1;93;2;1;1;2;"48;9324790000";"2;3486550000"
202200011799;11;9;2022;16:50;1;19;1;1;1;6;"45;1415720000";"1;8687160000"
202200011800;10;9;2022;20:30;3;82;1;1;1;6;"43;9413630000";"0;8716640000"
202200011801;26;4;2022;18:00;1;93;2;1;1;6;"48;9552200000";"2;2936200000"
202200011802;10;9;2022;23:30;5;71;2;1;1;6;"46;4919330000";"5;3870080000"
202200011803;11;9;2022;07:15;2;71;1;1;1;6;"46;7125020000";"4;4220830000"
202200011804;26;4;2022;16:00;1;93;2;2;1;2;"48;9072000000";"2;4568300000"
202200011805;11;9;2022;15:00;1;71;1;1;1;6;"46;9514830000";"4;3742140000"
202200011806;11;9;2022;06:30;2;89;1;1;5;2;"48;2955000000";"3;1923870000"
202200011807;26;4;2022;20:00;2;93;2;2;1;2;"48;9522133560";"2;4945769221"
202200011808;11;9;2022;16:50;1;12;1;1;1;7;"44;4350360000";"2;5144100000"
202200011809;26;4;2022;18:30;1;93;2;1;1;6;"48;9109600000";"2;3819600000"
202200011810;11;9;2022;03:30;3;12;1;1;1;6;"44;4234980000";"2;2547880000"
202200011811;11;9;2022;13:00;1;47;2;6;1;3;"44;4934630000";"0;9636370000"
202200011812;25;4;2022;16:40;1;92;2;3;1;3;"48;8192182161";"2;3009385019"
202200011813;9;9;2022;23:20;3;47;1;1;1;6;"44;3064170000";"0;3240840000"
202200011814;23;4;2022;11:45;1;92;2;1;1;3;"48;8655600000";"2;1845600000"
202200011815;25;4;2022;21:30;5;92;2;1;1;3;"48;9187230000";"2;3027400000"
202200011816;10;9;2022;10:10;1;41;1;9;1;5;"47;3296030000";"1;1518590000"
202200011817;11;9;2022;19:15;1;34;1;1;1;2;"43;6781380000";"3;3468770000"
202200011818;26;4;2022;16:48;1;92;2;1;1;3;"48;7841675772";"2;2381673008"
202200011819;11;9;2022;03:45;3;31;1;1;1;6;"43;7208150000";"1;2476990000"
202200011820;10;9;2022;19:45;2;38;2;3;1;3;"45;5372720000";"5;5868160000"
202200011821;9;4;2022;05:50;3;01;1;1;1;6;"45;9589670000";"5;3282830000"
202200011822;26;4;2022;12:13;1;06;2;3;1;1;"43;7421290000";"7;3208800000"
202200011823;11;9;2022;14:30;1;58;1;1;1;1;"47;2082580000";"4;0287850000"
202200011824;11;9;2022;11:50;1;06;1;1;1;7;"44;1221300000";"6;7920190000"
202200011825;27;4;2022;13:15;1;13;2;1;1;3;"43;3960360000";"4;7960040000"
202200011826;11;9;2022;03:00;3;06;2;1;1;7;"43;7314620000";"7;3724310000"
202200011827;11;9;2022;09:30;1;90;2;1;1;7;"47;6888940000";"6;8308030000"
202200011828;25;4;2022;06:15;1;974;2;6;1;6;" -21;2832360000";"55;5205090000"
202200011829;10;9;2022;16:33;1;43;1;9;1;7;"44;9132270000";"3;8829230000"
202200011830;11;9;2022;06:50;1;10;2;1;1;1;"48;1649690000";"4;3776940000"
202200011831;27;4;2022;14:30;1;974;2;3;1;3;" -21;2675250000";"55;3710400000"
202200011832;11;9;2022;02:30;3;16;1;1;1;6;"46;0297710000";"0;1016550000"
202200011833;11;9;2022;08:45;1;07;1;1;1;1;"45;2296740000";"4;6740820000"
202200011834;27;4;2022;17:00;1;42;2;4;1;1;"46;1838264999";"3;8626280725"
202200011835;11;9;2022;13:10;1;07;1;3;1;1;"44;4257050000";"4;4170620000"
202200011836;27;4;2022;22:20;5;974;2;1;1;2;" -21;0361810000";"55;7069490000"
202200011837;11;9;2022;00:40;5;24;1;9;1;3;"45;1296610000";"1;2550730000"
202200011838;27;4;2022;12:30;1;59;2;1;1;6;"51;0696840000";"2;5133800000"
202200011839;11;9;2022;19:20;2;04;1;1;1;1;"43;9615300000";"6;1874910000"
202200011840;28;4;2022;11:40;1;62;1;1;1;2;"50;2644840000";"2;8758060000"
202200011841;11;9;2022;03:20;3;85;1;1;1;6;"46;7239300000";" -0;9260310000"
202200011842;9;9;2022;23:30;3;17;1;1;1;7;"46;1306470000";" -0;6910780000"
202200011843;24;3;2022;09:30;1;34;1;6;1;3;"43;5928000000";"3;8215550000"
202200011844;10;9;2022;07:30;1;23;1;1;1;6;"46;1986480000";"2;1392870000"
202200011845;11;9;2022;05:45;3;87;1;1;1;6;"45;8507220000";"0;8573730000"
202200011846;28;4;2022;04:30;3;33;1;1;1;4;"45;1477540000";" -0;3634820000"
202200011847;11;9;2022;12:00;1;30;1;9;1;3;"43;5873700000";"4;2181900000"
202200011848;11;9;2022;02:40;3;88;1;1;1;1;"48;0366700000";"6;9271110000"
202200011849;26;4;2022;12:40;1;2A;2;1;1;2;"41;9208800000";"8;9039470000"
202200011850;26;8;2022;14:00;1;987;2;9;1;3;" -17;7120000000";" -149;5080000000"
202200011851;27;4;2022;09:30;1;32;1;1;1;3;"43;6056950000";"1;0746380000"
202200011852;10;9;2022;02:20;3;33;1;1;1;6;"44;7082600000";" -0;6988010000"
202200011853;10;9;2022;19:54;2;73;1;1;1;6;"45;3010940000";"6;5689440000"
202200011854;28;4;2022;11:50;1;71;2;6;1;2;"46;6101520000";"4;2186370000"
202200011855;10;9;2022;11:55;1;34;1;1;1;2;"43;5981510000";"3;7824580000"
202200011856;28;4;2022;05:14;5;89;2;1;1;6;"47;8584320000";"3;9769540000"
202200011857;11;9;2022;06:00;2;973;1;1;2;1;"4;9151270000";" -52;3746690000"
202200011858;28;4;2022;11:45;1;42;1;1;1;6;"45;5442900000";"4;0886740000"
202200011859;10;9;2022;21:25;3;33;1;1;1;6;"44;9647210000";" -1;0254470000"
202200011860;27;4;2022;19:15;1;25;1;1;1;6;"46;8616000000";"6;3492390000"
202200011861;10;9;2022;04:40;3;77;1;1;5;1;"48;5110040000";"2;7832850000"
202200011862;27;4;2022;17:40;1;44;2;1;1;6;"47;2442650000";" -2;1586310000"
202200011863;11;9;2022;15:08;1;91;2;1;1;1;"48;4107450000";"2;4713870000"
202200011864;10;9;2022;15:00;1;34;1;1;1;6;"43;4895930000";"3;6835900000"
202200011865;28;4;2022;18:00;1;35;1;1;1;1;"48;5598520000";" -1;7685950000"
202200011866;11;9;2022;00:15;3;84;1;1;1;7;"43;8920550000";"5;4705370000"
202200011867;10;9;2022;18:35;1;04;1;1;1;1;"44;3103990000";"6;5961960000"
202200011868;27;4;2022;22:00;3;14;1;1;1;5;"49;0885880000";" -0;7478960000"
202200011869;11;9;2022;08:30;1;13;1;1;1;1;"43;7973670000";"4;7993730000"
202200011870;27;4;2022;17:15;1;05;1;1;1;6;"44;4661270000";"6;2466930000"
202200011871;11;9;2022;18:25;1;70;2;2;9;3;"47;6771780000";"6;5338450000"
202200011872;25;4;2022;14:30;1;09;1;1;1;7;"42;8991070000";"1;4527520000"
202200011873;10;9;2022;16:50;1;21;1;1;1;3;"47;2873260000";"4;9648330000"
202200011874;26;4;2022;17:10;1;60;1;1;1;3;"49;3881280000";"2;0054980000"
202200011875;9;9;2022;14:30;1;68;2;4;1;7;"48;1961660000";"7;3188750000"
202200011876;27;4;2022;19:00;2;64;1;1;1;6;"43;2888970000";" -1;3520160000"
202200011877;11;9;2022;00:45;5;57;2;2;1;3;"49;2159120000";"6;1637860000"
202200011878;27;4;2022;14:30;1;16;1;9;1;6;"45;6771360000";"0;4122790000"
202200011879;28;4;2022;15:43;1;21;2;6;1;6;"47;1123100000";"5;2541000000"
202200011880;27;4;2022;23:02;3;04;2;1;1;7;"44;0620560000";"5;9970550000"
202200011881;27;4;2022;15:30;1;69;2;6;1;3;"45;7657880000";"4;7518780000"
202200011882;28;4;2022;12:00;1;17;1;1;1;7;"46;0392800000";" -0;5367850000"
202200011883;23;4;2022;17:34;1;973;1;1;1;2;"5;5984500000";" -53;7063870000"
202200011884;7;2;2022;10:30;1;95;1;1;1;6;"48;9726584874";"2;2472566366"
202200011885;7;2;2022;09:00;1;93;1;1;1;2;"48;8641300000";"2;4822400000"
202200011886;7;2;2022;10:00;1;94;1;1;1;2;"48;8411888425";"2;4928625425"
202200011887;7;2;2022;08:50;1;77;1;1;1;2;"48;7193293662";"2;5987937246"
202200011888;7;2;2022;06:15;3;77;1;1;1;5;"48;8311700000";"2;6829200000"
202200011889;7;2;2022;07:45;1;974;2;1;1;3;" -21;3335200000";"55;4571100000"
202200011890;7;2;2022;16:30;1;06;2;1;1;6;"43;6948820000";"7;2622480000"
202200011891;3;2;2022;08:25;1;55;2;2;1;6;"48;7726600000";"5;1654800000"
202200011892;6;2;2022;10:54;1;974;2;3;2;6;" -20;8891800000";"55;4249000000"
202200011893;7;2;2022;17:30;2;69;2;1;1;3;"45;7389100009";"4;8666885495"
202200011894;7;2;2022;16:00;1;69;2;2;1;6;"45;7444700000";"4;8223100000"
202200011895;7;2;2022;07:00;5;69;2;6;8;3;"45;7817500000";"4;8331900000"
202200011896;7;2;2022;16:00;1;971;1;1;1;7;"16;2094500000";" -61;4722400000"
202200011897;7;2;2022;14:45;1;95;1;2;1;3;"48;9762993853";"2;4993413687"
202200011898;7;2;2022;08:00;1;91;2;3;1;3;"48;6661600000";"2;3634200000"
202200011899;7;2;2022;10:30;1;91;2;6;1;2;"48;6481600000";"2;3667300000"
202200011900;4;2;2022;15:44;1;87;2;6;1;7;"45;8939800000";"1;2811700000"
202200011901;4;2;2022;11:39;1;87;2;1;2;6;"45;8283000000";"1;2615200000"
202200011902;7;2;2022;19:30;5;83;2;1;1;6;"43;1314100000";"5;9124600000"
202200011903;6;2;2022;01:39;5;76;2;1;1;2;"49;3920100000";"1;0580190000"
202200011904;4;2;2022;21:25;5;76;2;2;1;6;"49;4942000000";"0;1384000000"
202200011905;4;2;2022;13:00;1;76;1;1;2;6;"49;5295000000";"0;1472400000"
202200011906;6;2;2022;00:28;3;74;2;1;1;1;"46;2038000000";"6;2444100000"
202200011907;5;2;2022;14:05;1;74;2;3;1;3;"46;1929500000";"6;2374100000"
202200011908;26;1;2022;03:00;5;71;2;2;1;3;"46;7875300000";"4;8390400000"
202200011909;7;2;2022;09:15;1;69;2;1;1;2;"45;7690546148";"4;9057120085"
202200011910;2;2;2022;21:20;3;67;2;3;2;2;"48;5952600000";"7;7278800000"
202200011911;7;2;2022;08:20;1;67;2;1;1;6;"48;5203700000";"7;7023700000"
202200011912;4;2;2022;16:05;1;67;2;1;2;5;"48;5702500000";"7;7376100000"
202200011913;4;2;2022;02:00;5;67;2;3;1;3;"48;6114281238";"7;7510046959"
202200011914;6;2;2022;16:22;1;66;1;1;1;6;"42;7006070000";"2;9354451000"
202200011915;6;2;2022;03:50;5;66;2;2;1;3;"42;6895600000";"2;8844800000"
202200011916;6;2;2022;02:05;3;66;1;1;1;6;"42;6709000000";"2;8566700000"
202200011917;5;2;2022;20:40;5;66;2;3;1;3;"42;6961300000";"2;9060500000"
202200011918;5;2;2022;00:42;5;66;1;1;1;6;"42;7298786566";"2;8777366877"
202200011919;4;2;2022;10:32;1;66;2;1;1;6;"42;6866600000";"2;9072000000"
202200011920;6;2;2022;15:13;1;65;2;2;1;1;"43;2348610000";"0;0715540000"
202200011921;13;10;2022;19:52;5;59;2;4;2;3;"50;1732000000";"3;2437000000"
202200011922;7;2;2022;15:30;1;64;2;4;1;7;"43;2946100000";" -0;3651700000"
202200011923;5;2;2022;16:25;1;63;2;1;1;6;"45;7649900000";"3;1254400000"
202200011924;5;2;2022;15:20;1;63;2;1;1;3;"45;7575400000";"3;1480000000"
202200011925;5;8;2022;20:18;1;58;2;6;1;3;"46;9941400000";"3;1363300000"
202200011926;7;2;2022;07:50;1;59;2;1;1;1;"50;7720000000";"3;1220500000"
202200011927;7;2;2022;07:20;5;59;2;1;1;6;"50;6924000000";"3;1836900000"
202200011928;13;10;2022;14:20;1;56;2;1;2;3;"47;8111046600";" -3;2641428700"
202200011929;4;2;2022;09:40;1;58;2;1;1;6;"46;9887500000";"3;1716800000"
202200011930;6;2;2022;11:18;1;56;1;6;2;3;"47;7506500000";" -3;4190400000"
202200011931;4;2;2022;22:48;3;56;1;1;8;6;"47;7880600000";" -3;2812734000"
202200011932;2;9;2022;12:00;1;54;2;9;1;2;"48;6685100000";"5;8894400000"
202200011933;7;2;2022;21:55;5;51;2;1;1;7;"49;2699400000";"4;0242400000"
202200011934;13;10;2022;17:47;1;54;2;1;1;6;"48;6880000000";"5;8990000000"
202200011935;7;2;2022;15:50;1;51;2;1;1;2;"49;2325600000";"4;0378000000"
202200011936;13;10;2022;07:25;3;53;2;1;1;6;"48;0846340000";" -0;7870190000"
202200011937;4;2;2022;14:52;1;49;2;1;1;2;"47;2581700000";" -0;0883900000"
202200011938;13;10;2022;18:35;2;51;2;1;2;7;"49;2482200000";"4;0589300000"
202200011939;7;2;2022;10:20;1;45;2;1;1;3;"47;9496059651";"1;8434795737"
202200011940;6;2;2022;21:30;3;44;1;6;1;1;"47;2854300000";" -2;2499000000"
202200011941;6;2;2022;14:25;1;44;1;6;1;2;"47;2868000000";" -2;2509000000"
202200011942;13;10;2022;16:35;1;51;2;6;2;3;"49;2249400000";"4;0177800000"
202200011943;2;2;2022;17:20;1;43;2;1;8;6;"45;0361072921";"3;8783347607"
202200011944;8;10;2022;21:00;3;50;2;7;1;6;"49;6315600000";" -1;6052500000"
202200011945;7;2;2022;18:10;2;37;2;3;1;3;"47;3443400000";"0;6556500000"
202200011946;7;2;2022;09:30;1;37;2;3;1;1;"47;3551552080";"0;7273299247"
202200011947;7;2;2022;16:55;1;35;2;1;1;2;"48;1295200000";" -1;6791500000"
202200011948;13;10;2022;07:42;5;49;2;1;2;7;"47;4957500000";" -0;5644500000"
202200011949;7;2;2022;14:08;1;35;2;9;1;6;"48;0840000000";" -1;6779600000"
202200011950;7;2;2022;09:20;1;35;2;9;1;6;"48;1152500000";" -1;6768800000"
202200011951;12;10;2022;15:51;1;49;2;2;1;6;"47;4604100000";" -0;5545000000"
202200011952;7;2;2022;21:50;5;34;2;2;1;6;"43;6268723911";"3;8894216443"
202200011953;7;2;2022;12:55;1;33;2;2;1;6;"44;8678300000";" -0;6700000000"
202200011954;12;10;2022;07:18;5;49;2;6;1;7;"47;4456100000";" -0;5269600000"
202200011955;7;2;2022;12:55;1;29;2;2;1;3;"48;4025900000";" -4;4819300000"
202200011956;12;10;2022;07:15;3;49;2;1;1;7;"47;4447400000";" -0;5362500000"
202200011957;1;2;2022;09:00;1;29;2;2;1;1;"48;4223760000";" -4;4982010000"
202200011958;7;2;2022;12:55;1;27;1;3;1;7;"49;0993500000";"1;5024800000"
202200011959;11;10;2022;16:58;1;49;2;1;1;6;"47;4698000000";" -0;5496000000"
202200011960;7;2;2022;15:40;1;27;2;2;1;3;"49;2636300000";"1;2142400000"
202200011961;4;2;2022;20:55;5;25;2;3;8;3;"46;9162200000";"6;3448000000"
202200011962;7;2;2022;20:55;3;17;1;1;1;6;"45;7303300000";" -0;6218300000"
202200011963;13;10;2022;13:50;1;45;2;2;1;3;"47;8462100000";"1;8917000000"
202200011964;7;2;2022;16:20;1;14;2;9;7;6;"49;3597700000";"0;0806900000"
202200011965;7;2;2022;17:45;1;14;1;1;1;4;"49;1984100000";" -0;3737800000"
202200011966;7;2;2022;09:05;1;13;2;1;1;3;"43;2843500000";"5;3496500000"
202200011967;13;10;2022;12:40;1;44;2;6;2;3;"47;2709500000";" -2;2443000000"
202200011968;7;2;2022;01:19;5;13;2;1;1;1;"43;2875370028";"5;4651593049"
202200011969;6;2;2022;01:50;3;13;1;1;1;7;"43;4545800000";"5;0095600000"
202200011970;7;2;2022;12:00;1;06;2;6;1;3;"43;5540700000";"6;9730000000"
202200011971;13;10;2022;07:05;5;44;2;6;2;3;"47;2700000000";" -2;2391300000"
202200011972;7;2;2022;19:15;5;06;2;1;1;2;"43;6734100000";"7;1898100000"
202200011973;7;2;2022;13:50;1;06;2;1;1;3;"43;5909780000";"7;0562970000"
202200011974;30;9;2022;11:00;1;44;1;1;1;2;"47;1599460000";" -1;5345500000"
202200011975;6;2;2022;18:00;2;05;2;1;1;2;"44;5515900000";"6;0706800000"
202200011976;4;2;2022;15:00;1;05;2;1;1;2;"44;5647500000";"6;0905300000"
202200011977;6;2;2022;13:30;1;75;2;3;2;2;"48;8851790000";"2;3793710000"
202200011978;12;10;2022;10:25;1;40;2;1;1;4;"43;8985500000";" -0;5114900000"
202200011979;13;10;2022;20:30;5;37;2;6;2;6;"47;3955300000";"0;6773800000"
202200011980;6;2;2022;11:25;1;75;2;2;1;5;"48;8479260293";"2;2601741552"
202200011981;12;10;2022;16:40;1;37;2;6;1;3;"47;3639406519";"0;6995901018"
202200011982;7;2;2022;18:55;5;75;2;2;1;3;"48;8530560000";"2;3972380000"
202200011983;13;10;2022;18:00;1;35;2;5;2;6;"48;1384900000";" -1;6586000000"
202200011984;13;10;2022;17:05;1;35;2;3;2;6;"48;0923391376";" -1;6913433373"