Accident_Id;jour;mois;an;hrmn;lum;dep;agg;int;atm;col;lat;long
202200011985;7;2;2022;13:45;1;75;2;2;1;6;"48;8936270000";"2;3363920000"
202200011986;13;10;2022;12:10;1;35;2;1;2;3;"48;1064413488";" -1;6659441590"
202200011987;7;2;2022;09:20;1;75;2;2;1;3;"48;8976830000";"2;3291650000"
202200011988;12;10;2022;13:55;1;34;2;1;1;3;"43;6044800000";"3;8776400000"
202200011989;7;2;2022;09:00;1;75;2;1;1;2;"48;8826120000";"2;2834970000"
202200011990;13;10;2022;20:22;5;33;2;1;2;6;"44;8244500000";" -0;5993100000"
202200011991;6;2;2022;13:30;1;75;2;2;2;7;"48;8862040000";"2;3177490000"
202200011992;7;2;2022;11:30;1;75;2;7;1;2;"48;8479320000";"2;2601320000"
202200011993;10;10;2022;21:25;5;33;2;2;1;3;"44;8315020246";" -0;5586274266"
202200011994;6;2;2022;22:00;5;75;2;1;2;3;"48;8693040000";"2;2883450000"
202200011995;10;10;2022;07:22;5;33;2;3;1;3;"44;8306900000";" -0;5668700000"
202200011996;6;2;2022;15:50;1;75;2;3;2;6;"48;8867330000";"2;3259130000"
202200011997;13;10;2022;21:05;5;31;2;4;1;1;"43;6655960000";"1;4389510000"
202200011998;3;2;2022;13:15;1;75;2;1;1;6;"48;8763490000";"2;2826790000"
202200011999;7;2;2022;21:40;5;75;2;2;1;6;"48;8462000000";"2;2951780000"
202200012000;12;10;2022;13:12;1;31;2;1;1;2;"43;6144020000";"1;4492110000"
202200012001;7;2;2022;20:35;5;75;2;3;1;2;"48;8274620000";"2;3569050000"
202200012002;13;10;2022;10:59;1;29;2;3;2;1;"47;9957700000";" -4;0636900000"
202200012003;7;2;2022;17:20;1;75;2;3;1;3;"48;8280960000";"2;3848520000"
202200012004;13;10;2022;13:50;1;29;1;1;8;7;"47;8704700000";" -3;8752900000"
202200012005;7;2;2022;10:47;1;75;2;3;1;3;"48;8264170000";"2;3420040000"
202200012006;7;2;2022;06:20;5;75;2;3;1;6;"48;8474170000";"2;4034350000"
202200012007;13;10;2022;21:00;3;25;1;1;1;6;"47;2686100000";"6;0022100000"
202200012008;7;2;2022;15:35;1;75;2;3;1;6;"48;8621320000";"2;3729410000"
202200012009;12;10;2022;18:00;1;14;2;1;1;6;"49;3458070000";"0;0438050000"
202200012010;30;6;2022;17:00;1;13;1;1;1;3;"43;2847894092";"5;4176223276"
202200012011;13;10;2022;19:30;2;13;2;9;1;6;"43;6318600000";"5;1000900000"
202200012012;7;2;2022;11:50;1;75;2;3;1;3;"48;8725390000";"2;3762450000"
202200012013;13;10;2022;16:10;1;13;1;1;1;6;"43;6400180243";"4;9645093283"
202200012014;29;6;2022;19:50;1;13;1;1;1;4;"43;3033095614";"5;4253730178"
202200012015;7;2;2022;13:00;1;75;2;6;1;6;"48;8741160000";"2;2554110000"
202200012016;29;6;2022;10:30;1;13;1;1;1;6;"43;3989100000";"5;2945800000"
202200012017;7;2;2022;10:00;1;75;2;7;1;2;"48;8734940000";"2;2959060000"
202200012018;12;10;2022;20:40;5;13;2;2;1;3;"43;5840000000";"5;0070000000"
202200012019;30;6;2022;07:35;1;13;1;1;1;4;"43;3933524338";"5;3513199090"
202200012020;30;6;2022;07:27;1;13;1;1;1;7;"43;2887000000";"5;4980000000"
202200012021;6;2;2022;19:00;5;75;2;2;8;3;"48;8825690000";"2;3234060000"
202200012022;13;10;2022;09:00;1;13;2;3;1;3;"43;2878000000";"5;5789000000"
202200012023;7;2;2022;11:05;1;75;2;1;1;6;"48;8604704621";"2;2952574492"
202200012024;30;6;2022;00:30;4;13;2;9;1;4;"43;2833432206";"5;4007932543"
202200012025;30;6;2022;07:50;1;33;1;1;2;6;"44;8829900000";" -0;5612500000"
202200012026;30;6;2022;11:05;1;59;1;1;1;6;"50;4210879095";"3;6346077919"
202200012027;12;10;2022;18:35;1;10;2;1;1;4;"48;2921521783";"4;0404152870"
202200012028;2;2;2022;16:35;1;94;2;1;8;6;"48;7996744644";"2;4386987685"
202200012029;30;6;2022;18:20;1;91;1;9;8;7;"48;7086700000";"2;3063200000"
202200012030;7;2;2022;17:25;2;94;2;1;1;6;"48;7875390000";"2;3544710000"
202200012031;30;6;2022;13:15;1;91;1;1;1;2;"48;6534100000";"2;3812000000"
202200012032;13;10;2022;08:55;1;06;2;2;1;6;"43;7005050000";"7;2854910000"
202200012033;30;6;2022;09:00;1;91;1;1;2;2;"48;6246600000";"2;3084700000"
202200012034;7;2;2022;10:10;1;94;2;3;1;3;"48;7644200000";"2;3517800000"
202200012035;13;10;2022;11:30;1;06;2;7;1;3;"43;5368600000";"7;0369300000"
202200012036;30;6;2022;18:00;1;78;1;1;8;6;"48;8295490000";"2;0806360000"
202200012037;29;6;2022;20:00;1;92;1;1;1;7;"48;9003281179";"2;2094354778"
202200012038;14;10;2022;12:45;1;85;1;1;2;6;"46;5784800000";" -1;1165700000"
202200012039;7;2;2022;17:00;1;94;2;3;1;3;"48;8198600000";"2;5112500000"
202200012040;7;2;2022;20:00;5;93;2;1;1;6;"48;9095340889";"2;3329158152"
202200012041;6;2;2022;13:20;1;93;2;1;2;6;"48;8631829865";"2;4366805136"
202200012042;29;6;2022;08:20;1;78;1;1;1;3;"48;8413640000";"2;1017810000"
202200012043;7;2;2022;14:40;1;93;2;3;1;3;"48;9207215190";"2;4496796583"
202200012044;29;6;2022;06:30;2;92;1;1;1;6;"48;8873433597";"2;1665055928"
202200012045;14;10;2022;14:30;1;21;1;1;3;4;"47;5947040000";"5;2065270000"
202200012046;30;6;2022;13:30;1;93;1;1;2;6;"48;9281288890";"2;3579758958"
202200012047;7;2;2022;20:20;5;93;2;3;1;1;"48;8899861308";"2;4931769723"
202200012048;13;10;2022;13:40;1;974;2;1;1;6;" -21;2800220000";"55;5202250000"
202200012049;30;6;2022;09:50;1;93;1;1;2;3;"48;9273844641";"2;4813437462"
202200012050;7;2;2022;18:00;5;92;2;2;1;6;"48;8673078365";"2;2001465857"
202200012051;16;9;2022;00:15;3;83;2;1;1;2;"43;4674500000";"6;6080400000"
202200012052;30;6;2022;02:20;4;93;1;1;1;6;"48;9708600000";"2;4999400000"
202200012053;18;1;2022;10:15;1;92;1;9;1;7;"48;8809990000";"2;2456290000"
202200012054;29;6;2022;18:20;1;93;1;1;1;7;"48;9416500000";"2;4300100000"
202200012055;7;2;2022;15:00;1;92;2;1;1;6;"48;8900600000";"2;2839600000"
202200012056;13;10;2022;19:27;3;26;1;1;2;5;"44;5782410000";"4;8062610000"
202200012057;6;2;2022;12:00;1;92;2;1;1;7;"48;9281075107";"2;2855086922"
202200012058;29;6;2022;17:50;1;95;1;1;1;5;"49;0271000000";"2;5125600000"
202200012059;9;10;2022;18:00;1;58;1;1;1;6;"47;5577480000";"3;0641180000"
202200012060;7;2;2022;08:50;1;92;2;2;1;6;"48;9020638541";"2;3105460405"
202200012061;29;6;2022;13:45;1;93;1;1;1;2;"48;9670334697";"2;4758934975"
202200012062;7;2;2022;10:35;1;92;2;1;1;3;"48;9100907866";"2;2836408019"
202200012063;14;10;2022;17:15;1;57;2;2;2;6;"49;1855500000";"6;4916590000"
202200012064;28;6;2022;18:50;1;93;1;1;1;3;"48;9610900000";"2;4736200000"
202200012065;14;10;2022;01:30;3;56;1;1;1;7;"47;7766200000";" -2;4540070000"
202200012066;7;2;2022;07:30;2;35;2;2;1;6;"47;9558390000";" -1;4975360000"
202200012067;20;1;2022;09:00;1;51;1;1;5;7;"48;8069130000";"4;8853430000"
202200012068;30;6;2022;19:15;1;77;1;1;1;6;"48;8366856383";"2;6648136628"
202200012069;13;10;2022;18:30;1;76;1;2;2;3;"49;8534560000";"0;7821860000"
202200012070;3;2;2022;21:15;3;73;1;1;1;6;"45;7031557044";"5;7787228681"
202200012071;30;6;2022;10:10;1;94;1;1;3;2;"48;8343300000";"2;5362000000"
202200012072;13;10;2022;19:00;5;2B;1;1;1;3;"42;4948210000";"9;4708590000"
202200012073;7;2;2022;12:40;1;71;1;1;1;3;"46;5234010000";"4;9169500000"
202200012074;29;6;2022;19:00;1;94;1;1;1;2;"48;8169440126";"2;4545718611"
202200012075;8;2;2022;13:15;1;62;1;1;2;6;"50;2317450000";"2;6479410000"
202200012076;29;6;2022;13:25;1;94;1;1;1;6;"48;8175409327";"2;4350450069"
202200012077;8;2;2022;16:54;1;34;1;2;1;3;"43;5648250000";"3;8036570000"
202200012078;29;6;2022;09:30;1;94;1;1;1;6;"48;7849557997";"2;4403835348"
202200012079;13;10;2022;17:10;1;65;1;2;1;2;"43;1745690000";" -0;1190770000"
202200012080;6;2;2022;09:30;1;63;1;1;8;7;"45;8301600000";"2;9584550000"
202200012081;8;10;2022;19:50;5;71;2;1;1;6;"46;5643750000";"4;9133290000"
202200012082;30;4;2022;18:20;1;69;2;1;1;2;"45;8532290000";"4;6817530000"
202200012083;8;2;2022;08:20;1;42;1;2;1;3;"45;3728760000";"4;0517450000"
202200012084;14;10;2022;11:05;1;89;2;1;2;7;"47;8692260000";"3;9711980000"
202200012085;22;2;2022;19:10;2;48;2;2;1;3;"44;5140000000";"3;4970000000"
202200012086;7;2;2022;17:20;1;47;1;6;1;3;"44;2857690000";"0;2694330000"
202200012087;13;10;2022;08:40;1;76;2;1;2;6;"50;0487780000";"1;4100400000"
202200012088;7;2;2022;12:25;1;41;2;3;1;3;"47;2842930000";"1;3832830000"
202200012089;26;3;2022;16:00;1;14;2;3;1;6;"48;9142790000";" -0;3304700000"
202200012090;13;10;2022;14:20;1;12;1;1;1;3;"44;3439540000";"3;0190030000"
202200012091;2;3;2022;11:10;1;14;1;1;1;6;"48;8482390000";" -0;5813530000"
202200012092;7;2;2022;18:25;3;68;1;4;1;2;"47;8262290000";"7;2860790000"
202200012093;13;10;2022;21:09;3;42;1;1;2;6;"46;1656030000";"4;0108570000"
202200012094;14;2;2022;18:10;3;14;1;3;2;3;"48;8604240000";" -1;0865730000"
202200012095;6;2;2022;17:03;1;44;2;1;8;6;"47;3676550000";" -2;5204150000"
202200012096;14;10;2022;19:40;5;47;1;3;1;2;"44;1647110000";"0;3039430000"
202200012097;7;2;2022;21:55;5;35;2;1;1;6;"48;6745740000";" -1;8525210000"
202200012098;30;4;2022;06:15;2;976;1;1;1;3;" -12;7590800000";"45;2306000000"
202200012099;28;4;2022;00:30;5;64;2;1;2;7;"43;4830761872";" -1;5536588430"
202200012100;5;10;2022;21:17;4;22;2;9;1;3;"48;7881670000";" -3;2250450000"
202200012101;7;2;2022;16:25;1;38;1;3;1;3;"45;2657650000";"5;4630750000"
202200012102;27;4;2022;18:30;1;69;1;1;1;6;"45;8415220000";"4;5393490000"
202200012103;8;2;2022;18:00;2;03;1;1;1;6;"46;1502980000";"2;6473380000"
202200012104;1;3;2022;10:45;1;54;1;1;1;7;"48;7273500000";"6;1674600000"
202200012105;12;10;2022;05:20;3;35;1;1;1;6;"48;1004940000";" -1;4212190000"
202200012106;29;6;2022;15:45;1;974;1;6;7;6;" -21;3095900000";"55;4330900000"
202200012107;14;10;2022;07:00;2;38;1;1;1;1;"45;4681820000";"5;9916900000"
202200012108;13;10;2022;10:25;1;13;2;1;1;1;"43;8385780000";"4;8474060000"
202200012109;8;2;2022;16:36;1;09;1;1;1;3;"42;7712440000";"1;7223650000"
202200012110;29;6;2022;00:35;3;972;2;6;2;6;"14;6269800000";" -61;0401800000"
202200012111;7;2;2022;11:00;1;18;2;3;1;6;"46;7228620000";"2;5049040000"
202200012112;14;10;2022;17:40;1;02;1;1;2;2;"49;4949530000";"3;5535730000"
202200012113;28;6;2022;21:20;5;971;1;1;1;7;"16;2526443436";" -61;4905214310"
202200012114;7;2;2022;15:49;1;16;1;1;1;1;"45;8822790000";"0;5714610000"
202200012115;29;6;2022;23:30;4;95;2;1;2;2;"49;0276100000";"2;1033300000"
202200012116;14;10;2022;12:30;1;70;1;1;2;3;"47;9046630000";"6;3329100000"
202200012117;8;2;2022;07:15;3;53;1;1;5;1;"48;1060840000";" -0;5270860000"
202200012118;14;10;2022;15:00;1;72;1;1;2;6;"48;2366100000";"0;6864500000"
202200012119;29;6;2022;11:45;1;91;2;1;1;3;"48;6903300000";"2;2890600000"
202200012120;7;2;2022;14:10;1;21;1;1;1;6;"47;6849583480";"4;9710037707"
202200012121;13;10;2022;20:15;3;72;1;1;2;6;"48;2643500000";" -0;0988700000"
202200012122;6;2;2022;21:00;5;27;2;2;2;3;"48;7327000000";"0;9281520000"
202200012123;29;6;2022;19:10;1;91;2;2;1;3;"48;6513835589";"2;3703283600"
202200012124;13;10;2022;07:00;3;50;1;2;2;7;"48;8469220000";" -1;4212330000"
202200012125;7;2;2022;16:45;1;95;2;1;7;6;"49;0617007600";"2;1749925613"
202200012126;14;10;2022;01:10;3;50;1;1;1;7;"49;1578540000";" -1;0097960000"
202200012127;7;2;2022;10:10;1;974;1;1;1;5;" -21;0458840000";"55;2314790000"
202200012128;13;10;2022;19:50;5;90;2;1;2;1;"47;5318930000";"6;9204320000"
202200012129;7;2;2022;17:30;1;78;2;1;1;6;"48;7816630000";"1;8178940000"
202200012130;28;6;2022;18:15;1;87;2;1;1;2;"45;8550670000";"1;2480920000"
202200012131;13;10;2022;13:27;1;60;1;6;2;7;"49;4281980000";"2;0279650000"
202200012132;7;2;2022;19:35;3;13;1;1;1;2;"43;5223500000";"5;1978920000"
202200012133;24;6;2022;14:20;1;83;2;1;1;3;"43;5292700000";"6;4492500000"
202200012134;7;2;2022;07:00;2;13;1;1;1;4;"43;4383220000";"5;4302500000"
202200012135;13;10;2022;21:40;5;45;2;3;2;3;"47;9333650000";"2;9308040000"
202200012136;26;6;2022;18:00;1;83;2;1;1;2;"43;5219300000";"6;4730300000"
202200012137;13;10;2022;20:20;3;64;1;1;1;6;"43;3569309547";" -0;8936540663"
202200012138;8;2;2022;15:41;1;73;2;2;7;6;"45;6168153109";"6;7691418529"
202200012139;29;6;2022;02:20;3;81;1;1;1;6;"43;6413000000";"2;1894400000"
202200012140;12;10;2022;19:00;1;43;2;1;1;6;"45;1748980000";"4;3112970000"
202200012141;29;6;2022;10:05;1;79;2;1;1;1;"46;3029100000";" -0;4600600000"
202200012142;6;2;2022;00:15;3;01;1;2;1;6;"45;8588780000";"5;1378300000"
202200012143;14;10;2022;05:39;3;16;1;1;2;6;"45;5221810000";" -0;0796520000"
202200012144;29;6;2022;07:48;1;77;2;2;1;1;"48;8378400000";"2;7100100000"
202200012145;4;2;2022;16:05;1;33;1;1;1;4;"44;9666990000";" -0;5533930000"
202200012146;14;10;2022;18:35;2;30;1;2;1;3;"44;1551300000";"4;1591730000"
202200012147;28;6;2022;18:55;1;77;1;1;1;6;"48;3633700000";"2;6932200000"
202200012148;8;2;2022;13:15;1;50;1;3;2;3;"49;5897830000";" -1;6232190000"
202200012149;14;10;2022;08:34;1;52;1;1;2;1;"48;3435250000";"5;1660900000"
202200012150;27;6;2022;11:25;1;76;2;2;1;1;"49;4620400000";"1;1261600000"
202200012151;7;2;2022;17:15;1;22;1;1;1;6;"48;5775160000";" -2;2359540000"
202200012152;28;6;2022;23:40;5;76;2;1;1;7;"49;4959800000";"0;1376500000"
202200012153;14;10;2022;11:25;1;38;1;1;1;2;"45;0920960000";"5;2206090000"
202200012154;7;2;2022;16:50;1;59;2;1;2;6;"50;1868780000";"3;4977810000"
202200012155;29;6;2022;17:47;1;76;2;1;1;2;"49;7241877902";"0;3676186601"
202200012156;6;2;2022;14:13;1;13;1;1;1;3;"43;2033371011";"5;5997904243"
202200012157;13;10;2022;10:30;1;34;1;1;8;2;"43;5239000000";"3;8162110000"
202200012158;7;2;2022;10:00;1;33;1;1;1;6;"44;7871300000";" -0;6287400000"
202200012159;29;6;2022;23:40;5;69;2;1;1;6;"45;7706300000";"4;8647200000"
202200012160;4;2;2022;13:45;1;59;1;1;2;6;"50;6826348953";"3;1166410446"
202200012161;11;10;2022;08:30;1;34;2;1;7;3;"43;6429000000";"3;8245400000"
202200012162;29;6;2022;14:35;1;67;2;3;1;3;"48;8179900000";"7;7845400000"
202200012163;4;2;2022;08:52;1;59;1;1;2;4;"50;6642892934";"3;1142042577"
202200012164;7;10;2022;11:57;1;06;2;1;1;3;"43;5795860000";"6;9955120000"
202200012165;28;6;2022;18:36;1;67;2;6;1;2;"48;8278400000";"7;7560600000"
202200012166;3;2;2022;12:45;1;59;1;1;2;6;"51;0155073414";"2;3930990696"
202200012167;10;10;2022;04:30;5;06;1;1;2;3;"43;6704170000";"7;2014950000"
202200012168;29;6;2022;14:25;1;64;2;1;1;6;"43;4829000000";" -1;5400000000"
202200012169;7;2;2022;18:43;3;91;1;1;1;3;"48;6280000000";"2;4800000000"
202200012170;14;10;2022;18:40;2;27;1;1;2;7;"49;1717300000";"1;2489010000"
202200012171;7;2;2022;05:38;3;91;1;1;1;7;"48;6601100000";"2;3723500000"
202200012172;29;6;2022;11:38;1;64;2;1;1;3;"43;4932264577";" -1;4662885666"
202200012173;13;10;2022;19:30;3;973;1;1;2;6;"5;4919820000";" -53;9715810000"
202200012174;7;2;2022;17:50;2;78;1;1;1;2;"48;8556360000";"2;0576800000"
202200012175;29;6;2022;10:50;1;64;2;7;1;3;"43;4999700000";" -1;4554400000"
202200012176;28;6;2022;17:43;1;63;2;1;1;6;"45;8141500000";"3;1134900000"
202200012177;13;10;2022;17:45;1;973;1;1;2;3;"4;7039360000";" -52;3852590000"
202200012178;6;2;2022;19:05;3;92;1;1;2;2;"48;8345922746";"2;1716273344"
202200012179;24;6;2022;10:50;1;59;2;1;1;6;"50;7408232668";"2;7380096912"
202200012180;12;10;2022;06:50;1;971;2;1;1;6;"16;1240320000";" -61;7721100000"
202200012181;4;2;2022;19:20;1;78;1;1;1;3;"48;9609330000";"1;9303220000"
202200012182;27;6;2022;06:54;1;57;2;1;9;1;"49;1032700000";"7;0766200000"
202200012183;13;10;2022;16:10;1;971;2;1;1;1;"16;1644710000";" -61;7755920000"
202200012184;7;2;2022;15:20;1;94;1;1;1;3;"48;8147500000";"2;4490300000"
202200012185;29;6;2022;17:45;1;51;2;1;1;3;"49;2400800000";"4;0376800000"
202200012186;7;2;2022;13:00;1;94;1;1;1;7;"48;7823000000";"2;4397000000"
202200012187;14;10;2022;11:00;1;29;1;1;3;1;"47;8985640000";" -3;4671200000"
202200012188;7;2;2022;00:05;3;94;1;1;2;6;"48;7683100000";"2;3789300000"
202200012189;27;4;2022;18:25;1;50;2;1;1;3;"48;8316400000";" -1;5713700000"
202200012190;13;1;2022;18:30;3;59;1;1;5;6;"50;7482345723";"2;6625645158"
202200012191;13;10;2022;22:25;5;29;2;1;2;6;"47;9008110000";" -3;5840021000"
202200012192;29;6;2022;00:33;5;49;2;1;1;3;"47;4702900000";" -0;5628000000"
202200012193;4;2;2022;08:30;1;05;2;1;1;6;"44;8957100000";"6;6314500000"
202200012194;14;10;2022;16:00;1;77;1;1;2;6;"48;7860000000";"2;8677750000"
202200012195;28;6;2022;21:24;1;49;2;1;1;1;"47;4764400000";" -0;5393900000"
202200012196;6;2;2022;19:27;5;976;1;1;1;1;" -12;7946100000";"45;2180600000"
202200012197;28;6;2022;17:33;1;49;2;1;1;3;"47;4540700000";" -0;5351500000"
202200012198;29;6;2022;13:50;1;45;2;2;1;6;"47;9037700000";"1;8945300000"
202200012199;29;6;2022;08:25;1;35;2;3;1;3;"48;1341947004";" -1;6968368366"
202200012200;29;4;2022;18:50;1;33;2;1;1;2;"44;8221000000";" -0;5672800000"
202200012201;29;6;2022;16:10;1;33;1;6;1;7;"44;6170200000";" -1;1379800000"
202200012202;6;2;2022;21:25;5;69;2;2;1;2;"45;7651674956";"4;8679389047"
202200012203;14;10;2022;08:05;1;77;2;3;1;7;"48;8638150000";"2;9031910000"
202200012204;29;6;2022;20:25;1;31;2;2;1;3;"43;5756300000";"1;4209400000"
202200012205;5;2;2022;05:10;3;972;1;1;1;1;"14;6169300000";" -61;0598800000"
202200012206;29;6;2022;12:05;1;31;2;1;1;3;"43;1136707940";"0;7527163625"
202200012207;14;10;2022;08:15;1;78;1;1;2;3;"48;7375530000";"1;8858820000"
202200012208;5;2;2022;14:50;1;69;2;3;1;1;"45;7225350283";"4;8030647511"
202200012209;29;6;2022;16:55;1;28;2;9;1;3;"48;7550100000";"1;3673200000"
202200012210;4;2;2022;09:00;1;971;2;3;1;3;"16;0029400000";" -61;7387600000"
202200012211;29;6;2022;18:25;1;26;2;1;1;2;"44;5255600000";"4;7431000000"
202200012212;5;2;2022;17:50;2;91;2;1;1;2;"48;7047710000";"2;3226640000"
202200012213;29;6;2022;19:30;1;25;2;6;1;6;"47;2215640000";"5;9678000000"
202200012214;14;10;2022;14:15;1;2B;1;1;1;1;"42;4940340000";"9;2919180000"
202200012215;6;2;2022;20:26;5;91;2;9;2;3;"48;7113500000";"2;4014400000"
202200012216;29;6;2022;17:51;1;25;2;5;1;3;"47;2477540000";"6;0366410000"
202200012217;13;10;2022;09:40;1;83;2;9;1;6;"43;1818940000";"5;6978170000"
202200012218;6;2;2022;19:25;5;91;2;2;2;6;"48;6846000000";"2;3753000000"
202200012219;29;6;2022;12:40;1;22;2;9;1;3;"48;7300000000";" -3;4687100000"
202200012220;14;10;2022;00:20;5;83;2;1;1;2;"43;1248670000";"6;2444830000"
202200012221;5;2;2022;15:14;1;88;2;1;1;6;"48;2005900000";"6;4395900000"
202200012222;29;6;2022;20:05;1;17;2;6;2;3;"45;9476590000";" -0;9709820000"
202200012223;13;10;2022;18:00;2;04;1;1;1;7;"43;9702950000";"6;0667710000"
202200012224;6;2;2022;19:00;5;83;2;1;1;1;"43;1256400000";"5;8353000000"
202200012225;28;6;2022;20:07;1;10;2;1;1;7;"48;3266182603";"4;0341281891"
202200012226;13;10;2022;15:15;1;89;1;1;1;4;"47;7332550000";"3;6031400000"
202200012227;27;6;2022;08:45;1;10;2;3;2;3;"48;3073186950";"4;0956473351"
202200012228;5;2;2022;09:00;1;83;2;1;1;5;"43;1245920000";"5;9372440000"
202200012229;14;10;2022;03:21;3;71;1;1;9;6;"46;4679700000";"4;5315600000"
202200012230;29;6;2022;14:30;1;06;2;1;1;3;"43;6241500000";"6;9658500000"
202200012231;13;10;2022;12:30;1;67;2;1;1;7;"48;4870030000";"7;4889960000"
202200012232;29;6;2022;13:40;1;75;2;3;1;3;"48;8903960000";"2;3558380000"
202200012233;29;6;2022;17:45;1;75;2;2;1;6;"48;8915130000";"2;3203330000"
202200012234;5;2;2022;16:25;1;77;1;1;1;1;"48;7878900000";"2;7132200000"
202200012235;28;6;2022;07:45;1;75;2;2;1;3;"48;8884200000";"2;3172580000"
202200012236;5;2;2022;20:15;5;73;1;1;1;2;"45;6550750000";"6;3671710000"
202200012237;5;2;2022;17:55;1;60;2;1;1;6;"49;4291970000";"2;0815880000"
202200012238;10;10;2022;17:24;2;69;1;2;1;3;"46;1303710000";"4;7703300000"
202200012239;29;6;2022;17:30;1;75;2;5;1;6;"48;8597128496";"2;2789737582"
202200012240;6;2;2022;03:20;5;57;2;1;2;6;"48;7247811000";"7;0458845000"
202200012241;6;10;2022;05:05;5;72;2;9;5;3;"47;7924400000";" -0;2520360000"
202200012242;29;6;2022;18:25;1;75;2;3;1;3;"48;8292140000";"2;2923440000"
202200012243;6;2;2022;21:01;3;45;2;1;2;2;"47;9952683912";"2;7401769161"
202200012244;14;10;2022;13:00;1;27;1;3;2;1;"49;3232410000";"1;1490370000"
202200012245;28;6;2022;18:45;1;75;2;2;1;3;"48;8355770000";"2;4065060000"
202200012246;6;2;2022;20:35;5;35;2;2;2;3;"48;1161600000";" -1;6582700000"
202200012247;13;10;2022;16:00;1;62;2;4;1;6;"50;3468622056";"2;8487571018"
202200012248;29;6;2022;14:05;1;75;2;1;1;6;"48;8726340000";"2;3593460000"
202200012249;13;10;2022;16:58;1;59;1;1;2;7;"50;1588905372";"3;4990006685"
202200012250;29;6;2022;09:50;1;75;2;2;1;7;"48;8777940000";"2;3512620000"
202200012251;1;2;2022;15:15;1;35;2;9;1;6;"48;1053900000";" -1;6788900000"
202200012252;13;10;2022;19:20;2;59;2;3;1;3;"50;7472300000";"2;5266730000"
202200012253;28;6;2022;22:30;5;75;2;2;1;3;"48;8748210000";"2;3573760000"
202200012254;6;2;2022;21:40;5;33;2;6;1;6;"44;7855300000";" -0;5787600000"
202200012255;13;10;2022;08:20;1;75;2;1;1;6;"48;8648676817";"2;4129742384"
202200012256;29;6;2022;09:30;1;75;2;7;1;3;"48;8731430000";"2;3313230000"
202200012257;4;2;2022;18:35;2;27;2;1;2;3;"49;1057580000";"1;4576280000"
202200012258;11;10;2022;09:45;1;75;2;1;1;3;"48;8578446507";"2;3358660936"
202200012259;29;6;2022;15:30;1;75;2;2;1;2;"48;8677910000";"2;3138840000"
202200012260;5;2;2022;19:00;5;15;2;1;1;6;"44;9226930000";"2;4351780000"
202200012261;13;10;2022;13:10;1;75;2;1;2;6;"48;8493770000";"2;3992660000"
202200012262;6;2;2022;21:10;5;13;2;1;1;3;"43;2964700000";"5;3640400000"
202200012263;29;6;2022;09:21;1;75;2;2;1;3;"48;8723700000";"2;2995200000"
202200012264;13;10;2022;10:20;1;75;2;4;1;2;"48;8669000000";"2;4085000000"
202200012265;29;6;2022;00:30;5;75;2;4;1;3;"48;8559130000";"2;3510710000"
202200012266;1;2;2022;00:04;5;13;2;3;1;6;"43;2905000000";"5;3780700000"
202200012267;28;6;2022;14:11;1;75;2;4;1;6;"48;8755430000";"2;3239450000"
202200012268;6;2;2022;13:00;1;13;2;1;1;1;"43;3164500000";"5;3833900000"
202200012269;13;10;2022;10:09;1;75;2;3;2;2;"48;8690390000";"2;3806790000"
202200012270;6;2;2022;02:10;5;13;2;1;1;2;"43;2767118002";"5;3577029378"
202200012271;13;10;2022;20:50;5;75;2;3;1;7;"48;8857870000";"2;3709810000"
202200012272;27;6;2022;20:30;2;75;2;3;1;3;"48;8670870000";"2;3160510000"
202200012273;5;2;2022;16:20;1;13;2;3;1;2;"43;3753910570";"5;3558614754"
202200012274;29;6;2022;10:50;1;75;2;2;1;3;"48;8588290000";"2;3035280000"
202200012275;13;10;2022;16:50;1;75;2;2;8;3;"48;8905500000";"2;3768720000"
202200012276;28;6;2022;20:20;1;75;2;3;1;2;"48;8557590000";"2;3051260000"
202200012277;5;2;2022;14:20;1;13;2;1;1;5;"43;2818000000";"5;3816800000"
202200012278;5;2;2022;15:30;1;13;2;3;1;2;"43;3006900000";"5;4033900000"
202200012279;28;6;2022;13:35;1;75;2;4;1;2;"48;8558130000";"2;3030310000"
202200012280;13;10;2022;13:47;1;75;2;5;2;3;"48;8830280000";"2;3854670000"
202200012281;6;2;2022;04:30;3;13;1;1;1;1;"43;5577000000";"4;9618200000"
202200012282;13;10;2022;17:00;1;75;2;3;8;7;"48;8854180000";"2;3540230000"
202200012283;29;6;2022;16:00;1;75;2;2;1;3;"48;8609120000";"2;3408090000"
202200012284;6;2;2022;05:00;5;13;2;1;1;1;"43;7026400000";"4;6412700000"
202200012285;28;6;2022;23:00;5;75;2;1;1;1;"48;8521410000";"2;3609300000"
202200012286;13;10;2022;16:45;1;75;2;2;2;3;"48;8585610000";"2;2448770000"
202200012287;5;2;2022;15:05;1;03;2;6;1;3;"46;3311100000";"2;6000000000"
202200012288;29;6;2022;14:10;1;94;1;9;1;2;"48;7462120000";"2;4390560000"
202200012289;13;10;2022;09:30;1;75;2;1;2;7;"48;8449250000";"2;2534560000"
202200012290;29;6;2022;19:30;1;94;2;3;1;3;"48;8086600000";"2;4038800000"
202200012291;13;10;2022;09:15;1;75;2;3;1;3;"48;8364560000";"2;2991570000"
202200012292;29;6;2022;15:27;1;94;2;3;1;3;"48;8174200000";"2;3819400000"