Accident_Id;jour;mois;an;hrmn;lum;dep;agg;int;atm;col;lat;long
202200012599;19;11;2022;13:30;1;60;2;1;2;1;"49;4170320000";"2;1477740000"
202200012600;30;7;2022;09:20;1;74;1;4;7;1;"46;3560070000";"6;5961960000"
202200012601;18;11;2022;21:47;3;13;1;1;1;2;"43;4096400000";"5;3637100000"
202200012602;20;7;2022;08:40;1;69;2;4;1;1;"45;6562730000";"4;7147170000"
202200012603;18;11;2022;07:30;1;13;2;1;1;2;"43;3300800000";"5;4002200000"
202200012604;30;7;2022;11:05;1;85;2;1;1;6;"46;4798910000";" -0;8519270000"
202200012605;18;11;2022;17:35;4;83;1;1;1;2;"43;1309800000";"5;9796100000"
202200012606;31;7;2022;18:30;1;53;1;2;1;3;"47;9725850000";" -0;8778230000"
202200012607;19;11;2022;01:25;5;33;1;1;1;2;"44;7910437022";" -0;5404651165"
202200012608;31;7;2022;03:50;3;14;2;1;1;6;"48;8890150030";" -0;1796192229"
202200012609;19;11;2022;16:30;3;78;1;1;2;2;"48;8315070000";"2;1447160000"
202200012610;30;7;2022;16:00;1;60;2;2;1;3;"49;1637780000";"2;2390170000"
202200012611;19;11;2022;01:45;3;78;1;1;1;6;"48;9673100000";"1;8550800000"
202200012612;31;7;2022;10:12;1;13;1;1;1;7;"43;3945042542";"5;0514959169"
202200012613;19;11;2022;09:30;1;92;1;1;1;6;"48;9389446324";"2;3050124924"
202200012614;30;7;2022;22:10;3;13;1;1;1;2;"43;2774475915";"5;5870572502"
202200012615;19;11;2022;21:30;3;77;1;1;1;6;"48;6047700000";"2;6337200000"
202200012616;19;11;2022;04:10;3;77;1;1;1;3;"48;6136750000";"2;6318700000"
202200012617;29;7;2022;18:53;1;13;1;1;1;2;"43;2846400000";"5;4125000000"
202200012618;31;7;2022;01:55;3;83;1;1;1;6;"43;1337900000";"6;0506800000"
202200012619;18;11;2022;17:30;3;94;1;1;1;4;"48;8307100000";"2;5303900000"
202200012620;24;5;2022;12:20;1;69;2;1;1;1;"45;7497700000";"4;8855000000"
202200012621;31;7;2022;05:20;2;69;1;1;1;2;"45;7070134279";"4;8437726498"
202200012622;18;5;2022;09:08;1;69;2;2;1;3;"45;7583300000";"4;8480500000"
202200012623;31;7;2022;07:25;1;91;1;1;1;6;"48;7093000000";"2;2875800000"
202200012624;31;7;2022;03:30;4;95;1;1;1;6;"48;9972991929";"2;5185701251"
202200012625;22;2;2022;00:35;4;91;2;1;1;6;"48;6017660000";"2;4698680000"
202200012626;31;7;2022;20:30;1;77;1;1;1;6;"48;8289400000";"2;7369200000"
202200012627;21;2;2022;17:32;1;91;1;1;1;3;"48;6074210000";"2;4651570000"
202200012628;31;7;2022;14:10;1;94;1;1;1;6;"48;8311847838";"2;4908146999"
202200012629;19;2;2022;09:40;1;91;2;1;1;6;"48;6115100000";"2;4622100000"
202200012630;30;7;2022;21:34;1;72;2;1;1;6;"47;9952290000";"0;1864820000"
202200012631;17;2;2022;21:05;5;91;2;1;1;3;"48;6248800000";"2;4336800000"
202200012632;29;7;2022;17:10;1;974;2;1;1;5;" -21;3302300000";"55;4733400000"
202200012633;11;2;2022;13:35;1;91;2;1;1;3;"48;6193000000";"2;4542300000"
202200012634;30;7;2022;14:50;1;973;2;1;1;3;"4;9189100000";" -52;3165300000"
202200012635;10;2;2022;17:20;1;91;2;1;1;6;"48;6266200000";"2;4240200000"
202200012636;30;7;2022;19:15;2;973;2;2;1;2;"4;9440200000";" -52;3083800000"
202200012637;29;1;2022;12:30;1;91;2;1;1;7;"48;6524060000";"2;4131700000"
202200012638;30;7;2022;15:20;1;973;2;1;1;2;"4;9230872823";" -52;3125278950"
202200012639;28;1;2022;08:47;1;91;2;1;1;2;"48;6092300000";"2;4642100000"
202200012640;30;7;2022;09:20;1;972;2;1;1;3;"14;6168700000";" -61;0325000000"
202200012641;29;7;2022;20:20;5;972;1;9;1;3;"14;6202900000";" -61;0213200000"
202200012642;16;3;2022;13:20;1;13;2;1;1;4;"43;3305251159";"5;3711141646"
202200012643;30;7;2022;16:30;1;972;1;1;1;3;"14;6284400000";" -61;0489200000"
202200012644;17;7;2022;20:00;1;13;2;1;1;1;"43;2509300000";"5;4123100000"
202200012645;30;7;2022;08:45;1;69;2;6;1;2;"45;7753800000";"4;8054000000"
202200012646;31;7;2022;00:28;5;2A;2;1;1;7;"41;9285400000";"8;8000600000"
202200012647;16;11;2022;15:30;1;974;1;1;7;4;" -21;3132950000";"55;4379280000"
202200012648;30;7;2022;20:00;1;91;2;1;1;3;"48;7001300000";"2;3474400000"
202200012649;17;11;2022;10:00;1;974;2;1;1;5;" -20;8980000000";"55;4945000000"
202200012650;29;7;2022;20:15;1;85;1;1;1;3;"46;5233990000";" -1;8094780000"
202200012651;17;11;2022;07:20;2;974;2;1;1;6;" -20;9400500000";"55;3057500000"
202200012652;30;7;2022;04:45;5;83;1;1;1;1;"43;1531900000";"5;9170300000"
202200012653;17;11;2022;16:00;1;973;2;3;1;3;"4;9149651801";" -52;3209889233"
202200012654;23;7;2022;05:50;2;83;1;1;1;6;"43;1067400000";"6;0511100000"
202200012655;30;7;2022;20:40;1;81;2;1;1;6;"43;6078900000";"2;2411000000"
202200012656;17;11;2022;17:30;5;69;2;3;2;3;"45;7570700000";"4;8564300000"
202200012657;17;11;2022;12:45;1;69;2;3;1;6;"45;7700600000";"4;8588000000"
202200012658;25;7;2022;07:30;1;73;2;6;1;3;"45;7028700000";"5;9280800000"
202200012659;17;11;2022;07:50;1;69;2;1;1;3;"45;7515400000";"4;8378100000"
202200012660;30;7;2022;18:22;1;69;2;3;1;2;"45;7107600000";"4;8551000000"
202200012661;17;11;2022;13:00;1;971;2;2;1;3;"16;2455200000";" -61;5409200000"
202200012662;25;7;2022;08:50;1;65;2;1;1;6;"43;0881220000";" -0;0500110000"
202200012663;16;11;2022;18:24;5;971;2;9;1;6;"16;2436400000";" -61;5393400000"
202200012664;30;7;2022;20:00;1;64;2;1;1;3;"43;3744332166";" -1;6790161335"
202200012665;13;11;2022;15:45;1;91;2;3;1;6;"48;6998100000";"2;4683500000"
202200012666;30;7;2022;01:20;5;64;2;1;1;1;"43;4982180000";" -1;4822830000"
202200012667;16;11;2022;15:28;1;91;2;9;2;6;"48;4329900000";"2;1543600000"
202200012668;29;7;2022;15:15;1;64;2;1;1;3;"43;4817180000";" -1;4862400000"
202200012669;16;11;2022;03:50;5;87;2;1;2;6;"45;8343900000";"1;2464400000"
202200012670;30;7;2022;15:50;1;59;2;1;1;2;"50;6228223961";"3;0494678020"
202200012671;17;11;2022;22:40;5;83;2;1;3;6;"43;1344000000";"5;9796900000"
202200012672;30;7;2022;09:00;1;56;2;3;1;6;"47;8045000000";" -3;2773000000"
202200012673;17;11;2022;09:00;1;83;2;1;1;3;"43;0942000000";"5;8362700000"
202200012674;16;11;2022;18:00;5;83;2;1;1;6;"43;0806865331";"6;1215044260"
202200012675;30;7;2022;10:30;1;54;2;1;1;6;"48;6885640748";"6;1669510603"
202200012676;29;7;2022;23:40;3;54;1;1;1;6;"49;4724800000";"5;7963500000"
202200012677;17;11;2022;20:00;5;81;2;2;1;6;"43;9238700000";"2;1399200000"
202200012678;16;11;2022;08:15;1;80;2;1;2;7;"50;1098900000";"1;8430500000"
202200012679;30;7;2022;21:10;1;51;2;4;1;7;"49;2629600000";"4;0035500000"
202200012680;14;11;2022;12:00;1;78;2;1;1;3;"48;9883700000";"1;8269600000"
202200012681;30;7;2022;22:19;5;49;2;1;1;7;"47;4691300000";" -0;5496200000"
202200012682;30;7;2022;16:30;1;49;2;1;1;6;"47;4199767871";" -0;4870462418"
202200012683;30;7;2022;01:03;3;37;1;1;1;6;"47;3811300000";"0;7447400000"
202200012684;17;11;2022;11:05;1;77;2;1;2;3;"48;8828000000";"2;6007400000"
202200012685;30;7;2022;19:00;1;35;2;1;7;6;"48;1200000000";" -1;6321700000"
202200012686;30;7;2022;14:00;1;35;2;1;1;6;"48;1074738741";" -1;6512195021"
202200012687;17;11;2022;12:15;1;77;2;1;2;2;"48;8527222517";"2;7619026371"
202200012688;30;7;2022;20:00;1;34;2;1;1;1;"43;5951200000";"3;8695800000"
202200012689;17;11;2022;19:45;5;76;2;3;1;3;"49;4378800000";"1;0935200000"
202200012690;29;7;2022;23:30;5;34;2;1;1;4;"43;5747700000";"3;9416500000"
202200012691;17;11;2022;18:00;5;76;2;3;1;7;"49;2864300000";"1;0373700000"
202200012692;16;11;2022;17:40;5;71;2;1;1;6;"46;7600000000";"4;8400000000"
202200012693;30;7;2022;17:00;1;33;2;3;1;3;"44;8568400000";" -0;6366700000"
202200012694;17;11;2022;18:45;5;69;2;1;2;6;"45;7687264905";"4;8838734630"
202200012695;30;7;2022;10:30;1;30;2;1;1;3;"44;1610000000";"4;6262200000"
202200012696;17;11;2022;18:50;5;69;2;1;2;6;"45;7081900000";"4;9291800000"
202200012697;17;11;2022;17:35;4;69;2;1;3;6;"45;6983891519";"4;8770526052"
202200012698;30;7;2022;13:50;1;29;2;6;1;1;"48;3929900000";" -4;4792510000"
202200012699;17;11;2022;17:50;5;69;2;9;2;6;"45;5894100000";"4;7709200000"
202200012700;30;7;2022;08:40;1;29;2;6;1;6;"48;4028640000";" -4;5036920000"
202200012701;16;11;2022;18:15;5;67;2;1;1;6;"48;5787300000";"7;7108100000"
202200012702;31;7;2022;00:37;5;17;2;1;1;6;"46;1538300000";" -1;1804200000"
202200012703;14;11;2022;18:30;5;66;1;6;1;2;"42;6735720000";"2;8890810000"
202200012704;30;7;2022;18:45;1;13;2;1;1;2;"43;4009532335";"5;3428175508"
202200012705;17;11;2022;16:05;1;64;2;9;2;6;"43;3042500000";" -0;3207700000"
202200012706;30;7;2022;20:30;1;13;2;1;1;1;"43;2908200000";"5;3816000000"
202200012707;17;11;2022;07:50;1;64;2;2;2;3;"43;3093524438";" -0;3745865822"
202200012708;30;7;2022;17:15;1;13;1;1;1;1;"43;2931500000";"5;4048600000"
202200012709;30;7;2022;18:55;1;09;2;9;1;6;"43;1174320000";"1;6185060000"
202200012710;16;11;2022;09:30;1;64;2;1;7;2;"43;3280900000";" -0;3617900000"
202200012711;16;11;2022;21:10;5;64;2;1;1;3;"43;4805300000";" -1;4577800000"
202200012712;25;7;2022;07:50;1;07;2;6;1;3;"44;7197800000";"4;6022400000"
202200012713;12;11;2022;18:10;5;62;2;6;5;3;"50;4718320000";"2;6691490000"
202200012714;30;7;2022;09:02;1;06;2;2;1;3;"43;7024500000";"7;2878100000"
202200012715;16;11;2022;13:00;1;62;2;1;1;6;"50;4259630000";"2;8741260000"
202200012716;29;7;2022;16:30;1;06;2;1;1;5;"43;7137400000";"7;2586100000"
202200012717;30;7;2022;08:20;1;06;1;1;1;7;"43;6627200000";"6;9221400000"
202200012718;18;9;2022;13:25;1;62;2;2;1;3;"50;2884460000";"2;7806860000"
202200012719;29;7;2022;19:35;1;75;2;1;1;5;"48;8300820000";"2;2864170000"
202200012720;16;11;2022;07:40;1;62;2;9;2;4;"50;2771430000";"2;7261400000"
202200012721;17;11;2022;18:20;3;61;1;9;2;6;"48;4453400000";"0;1122800000"
202200012722;30;7;2022;11:30;1;75;2;4;1;3;"48;8431770000";"2;3641510000"
202200012723;16;11;2022;12:00;1;60;2;1;2;6;"49;2559000000";"2;4284400000"
202200012724;17;11;2022;19:15;5;59;1;1;2;5;"50;6276300000";"2;9606800000"
202200012725;30;7;2022;15:40;1;75;2;3;1;3;"48;8976490000";"2;3854800000"
202200012726;16;11;2022;20:00;5;59;2;1;3;1;"50;6443100000";"3;0075400000"
202200012727;30;7;2022;19:35;2;75;2;2;1;3;"48;8977270000";"2;3290280000"
202200012728;17;11;2022;11:05;1;57;2;1;2;7;"49;1301000000";"6;1651000000"
202200012729;27;7;2022;16:30;1;75;2;2;1;3;"48;8977300000";"2;3290260000"
202200012730;15;11;2022;22:25;5;54;2;3;3;6;"48;6617500000";"6;1780600000"
202200012731;30;7;2022;20:05;1;75;2;3;1;2;"48;8358660000";"2;3587740000"
202200012732;17;11;2022;13:33;1;51;2;4;1;2;"49;2420900000";"4;0135500000"
202200012733;17;11;2022;07:23;5;51;2;1;2;3;"49;2203500000";"4;0215500000"
202200012734;16;11;2022;17:35;2;51;2;2;2;3;"49;2475500000";"4;0337200000"
202200012735;30;7;2022;01:22;5;75;2;2;1;4;"48;8458410000";"2;3676370000"
202200012736;15;11;2022;19:20;5;50;2;1;2;7;"49;6353600000";" -1;6653800000"
202200012737;29;7;2022;23:20;5;75;2;3;1;7;"48;8624660000";"2;3054190000"
202200012738;16;11;2022;17:31;5;49;2;1;2;6;"47;4511500000";" -0;5272300000"
202200012739;16;11;2022;20:56;5;49;2;1;2;7;"47;4604600000";" -0;6046500000"
202200012740;16;11;2022;14:58;1;45;2;6;1;4;"47;8936680000";"1;8496450000"
202200012741;30;7;2022;15:35;1;94;2;9;1;2;"48;7237400000";"2;4444200000"
202200012742;17;11;2022;17:00;1;35;2;2;1;3;"48;1051400000";" -1;6503900000"
202200012743;30;7;2022;21:45;5;93;2;1;1;6;"48;9544500000";"2;5482900000"
202200012744;17;11;2022;11:25;1;35;2;5;1;3;"48;0972000000";" -1;6579000000"
202200012745;29;7;2022;22:26;5;93;2;2;1;3;"48;9487200000";"2;5606800000"
202200012746;30;7;2022;13:00;1;93;2;1;1;1;"48;8818000000";"2;5068600000"
202200012747;30;7;2022;07:54;1;93;2;1;1;3;"48;9029457495";"2;4454911947"
202200012748;30;7;2022;20:45;1;93;2;1;1;6;"48;9043517248";"2;4849287867"
202200012749;16;11;2022;22:45;5;33;2;1;1;1;"44;7637800000";" -0;5632400000"
202200012750;30;7;2022;10:07;1;93;2;6;1;6;"48;9087900000";"2;4504100000"
202200012751;30;7;2022;16:10;1;93;2;2;1;3;"48;9405200000";"2;4493000000"
202200012752;30;7;2022;07:00;1;92;2;9;1;6;"48;8226337593";"2;2118497342"
202200012753;16;11;2022;11:30;1;33;2;3;1;6;"44;8555100000";" -0;5635100000"
202200012754;30;7;2022;13:50;1;92;2;1;1;3;"48;8797420178";"2;2640231252"
202200012755;17;11;2022;11:25;1;31;1;1;1;7;"43;1417300000";"0;7357200000"
202200012756;30;7;2022;23:43;3;80;1;1;1;7;"50;0162880000";"2;6191230000"
202200012757;31;7;2022;05:22;2;71;1;1;1;6;"46;6316540000";"4;4660280000"
202200012758;16;11;2022;16:15;1;31;1;1;1;7;"43;1230500000";"0;7111200000"
202200012759;30;7;2022;23:00;3;62;1;1;1;2;"50;8894270265";"2;1185569836"
202200012760;29;7;2022;10:20;1;11;1;1;1;1;"43;1872020000";"2;7328920000"
202200012761;30;5;2022;22:30;3;30;1;1;1;6;"44;1877130000";"4;2359590000"
202200012762;29;7;2022;18:20;1;84;1;2;1;3;"44;1379160000";"4;9324970000"
202200012763;31;7;2022;15:00;1;35;1;1;1;6;"48;0183630000";" -1;2908400000"
202200012764;31;5;2022;17:15;1;48;2;1;1;6;"44;7987040000";"3;2754760000"
202200012765;30;7;2022;23:50;3;26;1;1;1;7;"45;2683700000";"4;8521380000"
202200012766;16;11;2022;17:35;5;27;2;2;3;6;"49;0924500000";"1;4883400000"
202200012767;30;7;2022;16:30;1;974;2;1;1;6;" -21;1685150000";"55;2854940000"
202200012768;30;5;2022;16:15;1;978;1;1;1;5;"18;0989880000";" -63;0460310000"
202200012769;24;7;2022;18:40;1;85;2;6;1;3;"46;8700060000";" -1;0092190000"
202200012770;31;5;2022;13:30;1;973;2;1;2;3;"4;8901460000";" -52;2876750000"
202200012771;29;5;2022;20:00;3;987;1;1;1;2;" -17;5552960000";" -149;5932930000"
202200012772;31;7;2022;14:20;1;83;1;1;1;7;"43;4090580000";"5;9082360000"
202200012773;30;5;2022;15:30;1;49;1;1;1;6;"47;4359260000";" -0;8548740000"
202200012774;16;11;2022;06:50;5;27;2;2;2;6;"49;0037700000";"1;1483200000"
202200012775;30;5;2022;18:30;1;33;1;1;1;7;"44;6067240000";" -0;3718190000"
202200012776;31;7;2022;06:20;2;83;1;1;1;3;"43;4573350000";"5;8413900000"
202200012777;30;5;2022;19:45;1;69;1;1;1;7;"45;5227740000";"4;8659940000"
202200012778;31;7;2022;17:25;1;59;2;1;1;6;"50;0408087550";"4;0325242281"
202200012779;30;5;2022;17:00;1;973;1;2;1;3;"5;0699450000";" -52;5952970000"
202200012780;30;5;2022;00:25;3;978;1;1;1;2;"18;0581560000";" -63;0855560000"
202200012781;30;5;2022;12:50;1;29;1;1;1;2;"47;8670147200";" -3;5854835219"
202200012782;1;5;2022;20:15;1;78;2;1;1;6;"48;8337800000";"1;6581000000"
202200012783;31;5;2022;15:10;1;57;2;1;1;3;"49;2598860000";"6;1582660000"
202200012784;17;11;2022;19:05;5;25;2;5;3;3;"46;9182000000";"6;3436800000"
202200012785;31;5;2022;20:15;2;57;2;1;1;2;"49;1131560000";"6;8409900000"
202200012786;28;5;2022;11:15;1;73;1;4;1;3;"45;6245430000";"6;8188730000"
202200012787;31;5;2022;18:20;1;85;1;2;1;4;"47;0146600000";" -0;9962200000"
202200012788;28;5;2022;01:05;3;50;1;3;1;1;"48;7090140000";" -1;3202960000"
202200012789;14;11;2022;17:30;5;21;2;3;1;3;"47;3199400000";"5;0517500000"
202200012790;30;5;2022;07:55;1;988;2;3;1;2;" -22;2719400000";"166;4506600000"
202200012791;17;11;2022;19:20;5;13;1;1;1;6;"43;4749100000";"5;2281700000"
202200012792;21;5;2022;14:40;1;987;1;8;1;6;" -17;5509500000";" -149;5760100000"
202200012793;30;5;2022;08:05;1;973;2;3;3;3;"4;9366300000";" -52;2970000000"
202200012794;17;11;2022;20:50;5;13;2;3;1;3;"43;2904300000";"5;3758000000"
202200012795;30;5;2022;19:15;1;69;2;2;1;2;"45;7284900000";"4;8814600000"
202200012796;17;11;2022;09:00;1;13;2;1;1;1;"43;3381500000";"5;4162400000"
202200012797;30;5;2022;18:00;1;69;2;1;1;6;"45;7532400000";"4;8631600000"
202200012798;17;11;2022;12:00;1;13;2;1;1;3;"43;2431320864";"5;3687462502"
202200012799;30;5;2022;13:40;1;69;2;3;1;6;"45;7071700000";"4;8590700000"
202200012800;30;5;2022;03:55;5;69;2;2;1;6;"45;7333400000";"4;8787100000"
202200012801;17;11;2022;15:00;1;13;2;3;1;3;"43;2943134462";"5;5950201063"
202200012802;29;5;2022;23:20;5;69;2;3;1;2;"45;7545800000";"4;8668400000"
202200012803;28;5;2022;23:20;5;87;1;1;1;6;"45;8669600000";"1;2769600000"
202200012804;16;11;2022;16:55;2;13;1;1;1;3;"43;4961800000";"5;4037900000"
202200012805;30;5;2022;14:30;1;83;2;1;1;3;"43;1157400000";"6;1391600000"
202200012806;6;10;2022;07:35;1;08;2;2;1;3;"49;6967610000";"4;9387490000"
202200012807;25;5;2022;12:30;1;80;2;3;1;6;"49;8891900000";"2;3056500000"
202200012808;18;12;2022;19:50;5;66;2;6;1;3;"42;7318186614";"2;9332074523"
202200012809;16;11;2022;17:37;5;05;1;3;1;1;"44;5596000000";"6;0863700000"
202200012810;30;5;2022;14:20;1;78;2;1;1;3;"48;9085300000";"2;0318400000"
202200012811;16;11;2022;18:05;5;05;2;4;1;1;"44;5657600000";"6;0932300000"
202200012812;24;12;2022;22:30;3;83;1;1;1;1;"43;3832393260";"5;7362837790"
202200012813;30;5;2022;02:45;3;78;1;1;1;6;"48;7368300000";"1;9064200000"
202200012814;18;11;2022;19:00;5;75;2;1;2;4;"48;8276460000";"2;3936530000"
202200012815;30;5;2022;11:55;1;78;2;2;1;3;"48;9735800000";"1;8422000000"
202200012816;24;12;2022;19:25;3;61;1;3;2;1;"48;5112950000";" -0;3945850000"
202200012817;24;12;2022;14:40;1;41;2;1;2;7;"47;2815500000";"1;3913440000"
202200012818;18;11;2022;09:30;1;75;2;1;1;5;"48;8335690000";"2;4083410000"
202200012819;24;12;2022;08:10;2;25;1;1;2;7;"47;1590010000";"6;2626790000"
202200012820;29;5;2022;03:15;4;77;2;1;1;6;"48;5627100000";"2;5582300000"
202200012821;25;12;2022;09:10;1;06;1;1;1;5;"44;1902820000";"7;0178820000"
202200012822;17;11;2022;07:20;2;75;2;1;2;4;"48;8167070000";"2;3651070000"
202200012823;24;12;2022;19:05;5;21;2;1;2;6;"47;5071900000";"4;4687000000"
202200012824;25;12;2022;07:00;3;30;1;6;5;7;"43;9336300000";"4;2563220000"
202200012825;30;5;2022;06:30;1;77;2;1;1;6;"48;8712000000";"2;7506000000"
202200012826;17;11;2022;06:54;5;75;2;3;2;3;"48;8714710000";"2;3370840000"
202200012827;24;12;2022;21:45;3;59;1;1;2;6;"50;1337639827";"3;1440370754"
202200012828;18;11;2022;13:15;1;75;2;2;1;6;"48;8470930000";"2;3302440000"
202200012829;27;5;2022;11:15;1;76;2;2;1;3;"49;4948200000";"0;1544900000"
202200012830;18;11;2022;19:55;5;75;2;7;1;2;"48;8863390000";"2;3939950000"
202200012831;30;5;2022;08:20;1;74;2;1;1;6;"46;3940500000";"6;5385700000"
202200012832;23;12;2022;19:00;3;78;1;1;1;5;"48;5730010000";"1;9985680000"
202200012833;18;11;2022;22:15;5;75;2;2;2;3;"48;8977300000";"2;3290130000"
202200012834;27;5;2022;06:50;1;72;2;1;1;2;"48;0133600000";"0;1993400000"
202200012835;25;12;2022;00:15;3;973;1;9;3;6;"5;0577153910";" -52;5627565384"
202200012836;18;11;2022;15:10;1;75;2;7;1;6;"48;8853060000";"2;2969070000"
202200012837;30;5;2022;19:30;1;69;2;1;1;3;"45;7509000000";"4;9079000000"
202200012838;25;12;2022;05:30;2;971;1;1;1;6;"16;2803240000";" -61;3457410000"
202200012839;24;12;2022;13:06;1;971;1;9;1;2;"16;2771570000";" -61;6635560000"
202200012840;17;11;2022;19:10;5;75;2;7;8;3;"48;8842520000";"2;3026580000"
202200012841;27;5;2022;15:47;1;66;1;1;1;2;"42;6991345509";"2;9156302661"
202200012842;24;12;2022;20:15;3;11;1;1;1;6;"43;2505010000";"2;4048580000"
202200012843;18;11;2022;19:50;5;75;2;1;1;2;"48;8592300000";"2;2896510000"
202200012844;25;12;2022;14:20;1;26;1;1;1;6;"44;9262830000";"4;8804190000"
202200012845;30;5;2022;12:17;1;63;2;1;1;3;"45;7841200000";"3;0758300000"
202200012846;18;11;2022;20:00;5;75;2;1;1;1;"48;8357490000";"2;2630000000"
202200012847;23;12;2022;23:30;3;69;1;1;1;7;"46;0834940000";"4;7274360000"
202200012848;18;11;2022;05:55;5;75;2;7;1;3;"48;8374110000";"2;3186000000"
202200012849;27;5;2022;12:41;1;63;2;2;1;3;"45;7695900000";"3;0872300000"
202200012850;18;11;2022;01:00;5;75;2;2;8;7;"48;8221090000";"2;3803350000"
202200012851;30;5;2022;17:30;1;59;2;2;1;3;"50;7360092481";"3;1638720632"
202200012852;26;11;2022;14:00;1;86;2;3;1;3;"46;6790830000";"0;4089350000"
202200012853;2;11;2022;22:15;5;75;2;1;1;6;"48;8735900000";"2;3428260000"
202200012854;23;5;2022;18:25;1;59;2;1;2;1;"50;6312607091";"2;9833124578"
202200012855;25;12;2022;05:20;3;27;1;3;3;6;"49;1995886739";"1;4069740815"
202200012856;17;11;2022;19:45;5;94;2;1;2;1;"48;7900000000";"2;3800000000"
202200012857;30;5;2022;07:40;1;59;2;1;1;2;"50;6495650187";"3;0061022043"
202200012858;25;12;2022;01:32;3;76;2;1;1;6;"49;6201090000";"1;4859740000"
202200012859;18;11;2022;07:28;2;94;2;1;1;3;"48;7547600000";"2;4845600000"
202200012860;30;5;2022;15:25;1;59;2;1;1;6;"50;7022655491";"2;8443874419"
202200012861;29;5;2022;11:15;1;56;2;6;1;3;"47;7672200000";" -3;3394900000"
202200012862;18;11;2022;13:55;1;94;2;1;1;3;"48;7876530000";"2;3370380000"
202200012863;18;3;2022;17:45;1;76;2;6;1;3;"49;4599450000";"1;2905450000"
202200012864;1;6;2022;08:10;1;52;1;1;1;3;"48;6209000000";"4;9320000000"
202200012865;18;11;2022;12:40;1;94;2;1;1;6;"48;7910680000";"2;3245560000"
202200012866;24;12;2022;20:09;3;80;1;1;2;6;"49;9213880000";"2;8513810000"
202200012867;30;5;2022;07:56;1;51;1;1;1;2;"49;2433500000";"4;0801000000"
202200012868;18;3;2022;10:25;1;71;2;3;1;6;"46;9495180000";"4;3003050000"
202200012869;18;11;2022;15:29;1;94;2;2;1;2;"48;8043300000";"2;3856500000"
202200012870;30;5;2022;09:35;1;47;2;3;1;1;"44;2071300000";"0;6397000000"
202200012871;17;11;2022;23:30;5;94;2;1;9;6;"48;7949600000";"2;4599700000"
202200012872;17;3;2022;16:15;1;31;1;1;3;1;"43;0709840000";"0;9663890000"
202200012873;24;12;2022;14:20;1;13;1;1;1;5;"43;3836820000";"5;2308990000"
202200012874;30;5;2022;12:25;1;45;2;2;1;3;"47;9214877561";"1;8819049001"
202200012875;18;11;2022;18:00;3;94;2;1;1;3;"48;8074000000";"2;5318000000"
202200012876;18;3;2022;10:20;1;31;2;1;1;6;"43;6785570000";"1;2494800000"
202200012877;23;12;2022;18:05;3;42;1;1;1;4;"45;3954400000";"4;3397700000"
202200012878;30;5;2022;17:45;1;44;2;2;1;3;"47;2781700000";" -2;2211900000"
202200012879;18;11;2022;14:30;1;94;2;3;1;3;"48;8155100000";"2;5180400000"
202200012880;18;3;2022;14:00;1;70;1;1;1;1;"47;8033330000";"6;4020790000"
202200012881;29;5;2022;16:35;1;44;1;2;1;3;"47;3000263000";" -2;2396267000"
202200012882;16;3;2022;15:36;1;72;2;2;1;3;"47;6927430000";"0;4164720000"
202200012883;18;11;2022;12:00;1;93;1;1;1;2;"48;9333000000";"2;3421400000"
202200012884;24;12;2022;17:00;5;94;1;1;1;5;"48;7592617334";"2;3231599645"
202200012885;4;5;2022;18:10;1;43;2;1;1;6;"45;0504800000";"3;8841400000"
202200012886;18;3;2022;08:00;1;06;2;9;1;3;"43;7338520000";"7;3522620000"
202200012887;18;11;2022;19:15;5;93;2;1;1;6;"48;8663756446";"2;4360224605"
202200012888;24;12;2022;06:50;3;91;1;1;1;2;"48;6577000000";"2;3765700000"
202200012889;18;3;2022;17:50;1;50;1;1;1;7;"48;7912380000";" -1;1910990000"
202200012890;30;5;2022;18:25;1;37;2;2;1;3;"47;3860400000";"0;6947100000"
202200012891;18;11;2022;16:00;1;93;2;1;2;6;"48;9623869154";"2;3445966840"
202200012892;29;5;2022;04:15;3;35;2;6;1;6;"48;3518773682";" -1;2342694402"
202200012893;16;3;2022;16:34;1;40;2;3;8;5;"44;4108040000";" -1;1711700000"
202200012894;18;11;2022;18:55;5;93;2;2;2;3;"48;9209600000";"2;3831400000"
202200012895;23;12;2022;16:20;1;91;1;1;1;5;"48;7270000000";"2;3130000000"
202200012896;18;3;2022;12:15;1;04;1;1;1;2;"43;7891270000";"6;0284900000"
202200012897;18;11;2022;22:20;3;93;2;2;1;3;"48;9044000000";"2;4731900000"
202200012898;16;3;2022;14:50;1;85;1;2;8;3;"46;4036200000";" -0;7223200000"
202200012899;24;12;2022;07:20;5;95;1;1;1;3;"49;0768434708";"2;5519233942"
202200012900;30;5;2022;16:25;1;33;2;2;1;6;"44;8784000000";" -0;5438000000"
202200012901;18;11;2022;15:05;1;93;2;1;1;6;"48;8883710000";"2;4818920000"
202200012902;18;3;2022;05:45;3;68;1;1;8;2;"47;8802400000";"7;3828980000"
202200012903;29;5;2022;10:40;1;29;2;1;1;2;"47;9783600000";" -4;0704600000"