Accident_Id;jour;mois;an;hrmn;lum;dep;agg;int;atm;col;lat;long
202200012904;23;12;2022;23:20;5;93;1;9;1;4;"48;9250558882";"2;3571038246"
202200012905;17;11;2022;05:45;5;93;2;3;2;6;"48;9397220000";"2;5078760000"
202200012906;23;12;2022;17:30;3;93;1;1;1;3;"48;8627900000";"2;4829700000"
202200012907;18;11;2022;20:30;5;92;2;2;1;6;"48;8180000000";"2;3223300000"
202200012908;27;5;2022;21:00;2;28;2;2;1;3;"48;7382000000";"1;3610900000"
202200012909;23;12;2022;07:00;5;95;1;1;3;6;"49;0259198913";"2;5364959224"
202200012910;19;3;2022;03:00;3;988;1;4;1;6;" -22;1830800000";"166;4331800000"
202200012911;18;11;2022;16:45;2;92;2;2;1;2;"48;8153400000";"2;3175900000"
202200012912;17;3;2022;18:30;2;69;2;1;1;6;"45;7700860000";"4;7886340000"
202200012913;24;12;2022;15:15;1;77;1;1;2;6;"48;7952300000";"2;6204300000"
202200012914;18;11;2022;09:30;1;92;2;4;1;3;"48;8067800000";"2;2981700000"
202200012915;18;3;2022;13:53;1;33;1;1;1;2;"44;6202880000";" -0;3891780000"
202200012916;18;11;2022;17:45;5;92;2;1;2;6;"48;9113440775";"2;2546002567"
202200012917;17;3;2022;01:30;3;30;1;1;1;7;"43;7496000000";"4;2314530000"
202200012918;28;5;2022;00:40;5;27;2;9;1;3;"49;0930915000";"1;4881906000"
202200012919;23;12;2022;04:25;3;22;2;1;2;1;"48;5070800000";" -2;7323300000"
202200012920;18;3;2022;21:30;5;988;2;3;2;6;" -22;2712760000";"166;6180190000"
202200012921;18;11;2022;08:45;1;92;2;2;1;6;"48;9315193281";"2;2578484118"
202200012922;30;5;2022;16:10;1;25;2;1;1;6;"47;2350220000";"5;9846220000"
202200012923;18;11;2022;15:29;1;92;2;3;8;7;"48;9194550000";"2;3130790000"
202200012924;24;9;2022;23:40;3;22;1;1;1;7;"48;5410000000";" -2;8330000000"
202200012925;18;3;2022;16:40;1;973;2;1;1;3;"5;1559100000";" -52;6702110000"
202200012926;30;5;2022;07:00;2;17;1;1;1;3;"45;7372300000";" -0;7013500000"
202200012927;7;11;2022;10:30;1;92;2;1;1;6;"48;9127230000";"2;2961920000"
202200012928;17;3;2022;14:45;1;972;1;1;1;1;"14;7307570000";" -60;9822430000"
202200012929;30;5;2022;22:40;5;17;2;1;1;6;"46;1345800000";" -1;1193400000"
202200012930;18;11;2022;09:25;1;92;2;1;1;6;"48;7545574046";"2;2980016172"
202200012931;11;8;2022;19:30;2;22;2;1;1;4;"48;5458400000";" -2;7885700000"
202200012932;11;3;2022;18:55;3;37;1;1;2;1;"47;4984960000";"0;8974130000"
202200012933;9;5;2022;17:40;1;13;2;1;1;7;"43;3976300000";"5;0782200000"
202200012934;18;11;2022;08:45;1;92;2;1;1;6;"48;7441000000";"2;2974800000"
202200012935;17;3;2022;15:30;1;13;2;6;1;3;"43;6417470000";"4;8016690000"
202200012936;17;3;2022;16:30;1;26;1;1;1;6;"45;1205220000";"4;8957930000"
202200012937;27;5;2022;15:10;1;13;2;1;1;3;"43;4045500000";"5;0425600000"
202200012938;17;3;2022;18:15;2;67;2;1;1;7;"48;4934370000";"7;4607090000"
202200012939;19;11;2022;09:08;1;01;1;1;2;1;"46;0381850000";"4;9940750000"
202200012940;23;12;2022;17:55;1;974;2;3;1;5;" -20;8724000000";"55;4511200000"
202200012941;30;5;2022;20:30;2;13;2;1;1;3;"43;2837331564";"5;4428370984"
202200012942;8;3;2022;19:10;3;67;1;1;1;1;"48;6793720000";"7;7166080000"
202200012943;11;11;2022;14:00;1;33;1;1;1;6;"44;5346873382";" -0;0759749115"
202200012944;23;12;2022;12:45;1;974;2;1;1;6;" -20;8740800000";"55;4506000000"
202200012945;8;1;2022;10:45;1;01;2;1;1;2;"45;8227730000";"4;9982160000"
202200012946;30;5;2022;21:20;5;13;2;4;1;3;"43;2812900000";"5;3690500000"
202200012947;15;11;2022;19:15;5;31;2;1;2;1;"43;6760740000";"1;4242960000"
202200012948;22;4;2022;18:35;1;11;2;1;8;7;"43;2189223931";"2;3517501354"
202200012949;18;3;2022;15:25;1;69;2;3;8;1;"45;6159510000";"4;6746240000"
202200012950;23;12;2022;14:25;1;974;2;1;1;1;" -20;9367600000";"55;3006200000"
202200012951;19;11;2022;10:40;1;68;2;1;1;7;"48;0812930000";"7;3895190000"
202200012952;26;5;2022;15:40;1;07;1;1;1;7;"44;9355400000";"4;7940100000"
202200012953;11;3;2022;01:00;5;09;1;1;1;6;"43;0719000000";"1;8003240000"
202200012954;15;11;2022;15:55;1;28;2;7;1;6;"48;0703760000";"1;3281410000"
202200012955;23;12;2022;07:50;1;973;1;6;1;3;"4;9078032534";" -52;3225325346"
202200012956;30;5;2022;15:40;1;06;2;1;1;6;"43;6343000000";"6;9519600000"
202200012957;17;3;2022;14:10;1;27;1;1;1;5;"49;2404940000";"1;1133100000"
202200012958;17;11;2022;23:25;5;972;2;1;1;6;"14;6777280000";" -60;9380720000"
202200012959;23;12;2022;10:00;1;69;2;3;8;1;"45;7412499804";"4;8240351676"
202200012960;29;5;2022;13:10;1;75;2;4;1;3;"48;8688270000";"2;4132520000"
202200012961;17;3;2022;14:30;1;13;1;1;1;4;"43;3923500000";"5;3511600000"
202200012962;18;11;2022;21:30;5;972;2;3;1;6;"14;4721100000";" -60;8717170000"
202200012963;23;12;2022;05:45;5;69;2;3;2;2;"45;7630100000";"4;8383600000"
202200012964;7;3;2022;21:15;3;13;1;1;1;7;"43;4181780000";"5;2736890000"
202200012965;16;11;2022;15:45;1;51;1;1;2;7;"49;0462580000";"4;4234350000"
202200012966;29;5;2022;12:40;1;75;2;1;1;4;"48;8739650000";"2;4112290000"
202200012967;23;12;2022;09:59;1;2B;2;2;1;1;"42;6760000000";"9;4387000000"
202200012968;19;11;2022;10:45;1;56;2;1;7;6;"47;6108090000";" -2;6824020000"
202200012969;16;3;2022;12:45;1;59;1;1;1;5;"50;5493716332";"3;0588984489"
202200012970;19;11;2022;02:45;5;67;2;1;2;6;"48;9264330000";"7;0824910000"
202200012971;20;12;2022;17:48;5;2B;2;2;1;1;"42;6992000000";"9;4511300000"
202200012972;30;5;2022;18:35;1;75;2;2;1;3;"48;8768020000";"2;4119920000"
202200012973;23;12;2022;03:20;3;971;1;1;1;6;"16;2797454151";" -61;5104556084"
202200012974;18;11;2022;17:55;3;11;1;1;2;1;"43;0911980000";"2;1428540000"
202200012975;17;3;2022;17:40;1;94;1;1;1;4;"48;7568982229";"2;3308260251"
202200012976;30;5;2022;12:20;1;75;2;4;1;6;"48;8882340000";"2;3958310000"
202200012977;18;11;2022;19:30;3;63;2;1;1;6;"45;3811620000";"3;7576250000"
202200012978;22;12;2022;20:00;5;971;1;1;1;1;"16;2162100000";" -61;4379700000"
202200012979;28;5;2022;12:35;1;75;2;1;1;6;"48;8989743571";"2;3869063289"
202200012980;17;3;2022;15:10;1;91;1;1;1;5;"48;6335170000";"2;4049460000"
202200012981;22;12;2022;10:35;1;971;2;6;1;3;"15;9987268300";" -61;7207756639"
202200012982;18;11;2022;18:35;3;49;1;1;1;4;"47;6374680000";" -0;7251510000"
202200012983;17;3;2022;19:25;3;92;2;1;1;5;"48;9296199221";"2;3281884729"
202200012984;30;5;2022;17:40;1;75;2;2;1;3;"48;8912700000";"2;3632790000"
202200012985;23;12;2022;07:20;5;95;2;1;2;6;"49;0251757345";"2;4636679888"
202200012986;30;5;2022;16:45;1;75;2;1;1;6;"48;8904840000";"2;2983070000"
202200012987;18;11;2022;20:30;3;86;1;1;1;1;"46;9013400000";"0;1320560000"
202200012988;23;12;2022;13:30;1;95;2;1;2;3;"48;9753346085";"2;3353081942"
202200012989;17;3;2022;14:10;1;95;1;1;1;4;"48;9859531675";"2;2421604395"
202200012990;30;5;2022;10:15;1;75;2;2;1;3;"48;8974210000";"2;3231340000"
202200012991;16;3;2022;21:30;3;95;1;1;1;6;"48;9642465504";"2;2687062621"
202200012992;23;12;2022;17:30;5;91;2;1;1;6;"48;7376100000";"2;2716100000"
202200012993;19;11;2022;05:00;5;39;2;4;2;6;"46;6703930000";"5;8240640000"
202200012994;17;3;2022;12:40;1;94;1;1;1;2;"48;8007000000";"2;4470700000"
202200012995;30;5;2022;08:00;1;75;2;2;1;3;"48;8819370000";"2;2919750000"
202200012996;20;12;2022;13:35;1;88;2;1;2;3;"48;1811800000";"6;4476400000"
202200012997;18;11;2022;11:28;1;29;1;1;1;2;"48;5106560000";" -4;3764960000"
202200012998;16;3;2022;09:30;1;59;2;3;1;6;"50;7305570000";"3;1338580000"
202200012999;30;5;2022;11:30;1;75;2;2;1;6;"48;8546850000";"2;2693890000"
202200013000;21;12;2022;17:43;5;87;2;2;2;6;"45;8252900000";"1;2724500000"
202200013001;16;3;2022;11:45;1;75;2;4;1;2;"48;8416950007";"2;3869715631"
202200013002;19;11;2022;02:10;3;02;1;1;1;6;"49;2999980000";"3;2013990000"
202200013003;10;12;2022;18:50;3;84;2;2;1;3;"43;9404200000";"4;8687900000"
202200013004;30;5;2022;09:15;1;75;2;1;1;6;"48;8575430000";"2;2647790000"
202200013005;17;3;2022;00:15;3;974;2;1;1;4;" -20;9591700000";"55;3211000000"
202200013006;18;11;2022;22:30;3;03;1;1;8;6;"46;5774150000";"3;0785110000"
202200013007;28;5;2022;13:00;1;75;2;1;1;2;"48;8561501165";"2;2375347930"
202200013008;23;12;2022;05:45;2;77;2;3;1;3;"48;5980110000";"2;5799690000"
202200013009;19;11;2022;15:55;1;01;1;1;1;1;"46;0897770000";"5;3747060000"
202200013010;16;3;2022;18:05;2;973;2;3;2;3;"4;9380900000";" -52;3064600000"
202200013011;23;12;2022;02:55;5;76;2;2;2;6;"49;4507800000";"1;0577000000"
202200013012;18;11;2022;17:45;3;54;1;3;1;3;"48;4649683840";"6;3529515268"
202200013013;12;3;2022;18:11;1;95;2;1;1;3;"49;0442022879";"2;0275729895"
202200013014;30;5;2022;20:18;1;75;2;7;1;3;"48;8271864560";"2;2926168256"
202200013015;23;12;2022;13:20;1;74;2;1;3;6;"45;8940000000";"6;1062000000"
202200013016;11;3;2022;16:30;1;30;2;9;1;6;"43;9600000000";"4;7506000000"
202200013017;19;11;2022;01:40;3;72;1;1;1;6;"48;4322580000";"0;1620620000"
202200013018;23;12;2022;08:18;5;72;2;9;2;3;"47;9804900000";"0;2258400000"
202200013019;15;3;2022;10:05;1;72;2;3;1;6;"47;9976200000";"0;2148900000"
202200013020;17;11;2022;22:05;3;72;1;1;1;6;"47;9409140000";"0;1642260000"
202200013021;30;5;2022;15:30;1;75;2;2;1;3;"48;8285600000";"2;3014040000"
202200013022;16;3;2022;02:15;5;69;1;1;1;6;"45;9892443681";"4;7248238325"
202200013023;23;12;2022;08:24;5;72;2;9;2;2;"48;0101700000";"0;1961600000"
202200013024;19;11;2022;15:15;1;50;1;1;1;6;"49;1391970000";" -0;9213870000"
202200013025;29;5;2022;10:40;1;75;2;7;1;3;"48;8436928974";"2;3646694307"
202200013026;16;3;2022;19:35;3;68;2;1;1;4;"47;7500388042";"7;3616498710"
202200013027;13;11;2022;09:00;1;36;1;1;2;3;"46;6532117810";"1;4548140764"
202200013028;22;12;2022;21:30;5;72;2;1;1;1;"47;9789500000";"0;2146400000"
202200013029;13;3;2022;17:50;1;67;2;1;1;3;"48;5461860336";"7;7702468634"
202200013030;18;11;2022;21:20;5;85;2;6;8;6;"46;9787230000";" -1;3024700000"
202200013031;29;5;2022;20:16;1;75;2;3;1;3;"48;8489064791";"2;3719876264"
202200013032;22;12;2022;19:50;5;72;2;1;1;3;"48;0093500000";"0;2077600000"
202200013033;18;11;2022;04:40;3;87;1;1;2;6;"45;8517870000";"0;8624210000"
202200013034;11;3;2022;15:10;1;67;2;1;1;4;"48;5689400000";"7;7570100000"
202200013035;30;5;2022;18:40;1;75;2;3;1;6;"48;8579869657";"2;3815644978"
202200013036;18;11;2022;18:15;3;87;1;1;1;6;"46;2210960000";"1;0395600000"
202200013037;15;3;2022;12:10;1;64;2;1;1;7;"43;3358100000";" -0;3631300000"
202200013038;23;12;2022;23:50;5;69;2;2;2;2;"45;7054700000";"4;9347500000"
202200013039;30;5;2022;10:00;1;75;2;2;1;3;"48;8693310000";"2;3542590000"
202200013040;10;3;2022;08:00;1;55;2;6;1;3;"49;1614600000";"5;3899000000"
202200013041;23;12;2022;19:50;5;69;2;1;2;3;"45;6931600000";"4;8600700000"
202200013042;30;5;2022;12:40;1;75;2;1;1;6;"48;8834220738";"2;3478308046"
202200013043;15;3;2022;08:50;1;51;2;6;3;2;"49;2198900000";"4;0343500000"
202200013044;14;3;2022;17:38;1;49;2;1;1;6;"47;4506400000";" -0;5603800000"
202200013045;29;5;2022;18:30;1;75;2;2;1;6;"48;8508280000";"2;3614490000"
202200013046;8;3;2022;11:00;1;42;2;1;1;6;"45;5289790000";"4;6134400000"
202200013047;30;5;2022;13:15;1;94;2;1;1;3;"48;7489100000";"2;4547000000"
202200013048;23;12;2022;18:20;5;69;2;2;2;2;"45;7358400000";"4;9672100000"
202200013049;16;3;2022;08:55;1;38;2;9;1;3;"45;1506200000";"5;7208900000"
202200013050;30;5;2022;16:32;1;94;2;1;1;2;"48;7689100000";"2;3371700000"
202200013051;14;3;2022;04:10;5;37;2;1;2;6;"47;3632369057";"0;6952205300"
202200013052;15;3;2022;12:30;1;37;2;1;1;7;"47;4144990295";"0;6863320246"
202200013053;30;5;2022;18:00;1;94;2;6;1;6;"48;7666720000";"2;5325920000"
202200013054;16;3;2022;23:15;5;33;2;6;1;6;"44;6477207855";" -1;1532036960"
202200013055;30;5;2022;14:13;1;93;2;1;1;6;"48;9514530000";"2;5697550000"
202200013056;15;3;2022;17:20;1;29;2;1;1;3;"48;3913520000";" -4;4360310000"
202200013057;23;12;2022;12:50;1;69;2;6;8;5;"45;7316800000";"4;9306700000"
202200013058;29;5;2022;00:20;3;93;2;1;1;6;"48;8936317835";"2;4359151721"
202200013059;16;3;2022;17:30;1;25;2;2;1;1;"47;2624970000";"6;0401240000"
202200013060;30;5;2022;08:45;1;93;2;1;1;6;"48;8827800000";"2;5263300000"
202200013061;15;3;2022;16:30;1;11;2;1;1;6;"43;2109000000";"2;3394900000"
202200013062;15;3;2022;09:14;1;10;2;1;8;6;"48;3052900000";"4;0741900000"
202200013063;29;5;2022;13:00;1;93;2;2;1;3;"48;9617100000";"2;2951300000"
202200013064;15;3;2022;20:20;5;06;2;1;1;6;"43;5497300000";"6;9699000000"
202200013065;23;12;2022;12:30;1;69;2;2;1;3;"45;7031600000";"4;8874700000"
202200013066;15;3;2022;21:28;5;05;2;6;1;6;"44;5577300000";"6;0685000000"
202200013067;30;5;2022;10:23;1;93;2;9;1;3;"48;9184219498";"2;4199265242"
202200013068;16;3;2022;22:10;3;04;1;1;1;7;"43;8015800000";"5;7888100000"
202200013069;22;12;2022;19:56;5;66;2;3;1;6;"42;6974800000";"2;8890500000"
202200013070;29;5;2022;11:55;1;93;2;1;1;4;"48;9020790000";"2;4613400000"
202200013071;16;3;2022;07:35;1;75;2;4;1;2;"48;8753180000";"2;4103850000"
202200013072;15;3;2022;07:55;5;75;2;1;2;2;"48;8859000000";"2;2881190000"
202200013073;29;5;2022;23:50;5;93;2;6;1;2;"48;9473900000";"2;4586100000"
202200013074;22;12;2022;19:50;5;65;2;2;1;3;"43;2245000000";"0;0653100000"
202200013075;14;3;2022;09:30;1;75;2;1;1;3;"48;8770500000";"2;2793560000"
202200013076;29;5;2022;20:00;1;92;2;7;1;7;"48;8161825662";"2;3115623295"
202200013077;16;3;2022;09:20;1;75;2;2;1;3;"48;8458408686";"2;3676422238"
202200013078;29;5;2022;18:56;2;92;2;1;1;3;"48;9069111879";"2;2638922334"
202200013079;22;12;2022;22:00;5;65;2;2;1;3;"43;2502000000";"0;0896300000"
202200013080;16;3;2022;13:57;1;75;2;2;1;6;"48;8895040189";"2;3357520998"
202200013081;16;3;2022;08:35;1;75;2;1;8;1;"48;8932490000";"2;3508040000"
202200013082;23;12;2022;17:05;2;64;2;1;1;6;"43;3045600000";" -0;3663000000"
202200013083;30;5;2022;12:30;1;92;2;1;1;2;"48;7573345545";"2;3065467328"
202200013084;16;3;2022;07:00;1;75;2;1;1;6;"48;8875000000";"2;3143740000"
202200013085;26;2;2022;16:25;1;14;1;1;1;3;"49;2835120000";" -0;4077390000"
202200013086;23;12;2022;12:40;1;64;2;1;1;2;"43;3082958936";" -0;3640723228"
202200013087;15;3;2022;18:20;1;75;2;1;1;3;"48;8419827395";"2;2674603760"
202200013088;9;2;2022;10:05;1;14;1;1;8;1;"49;2745286778";" -0;1258867979"
202200013089;16;3;2022;18:05;1;75;2;1;8;3;"48;8362770826";"2;3125697672"
202200013090;24;1;2022;08:05;3;14;1;1;1;3;"49;2211290000";" -0;1119020000"
202200013091;23;12;2022;08:05;2;64;1;1;1;3;"43;3455321030";" -0;4546612501"
202200013092;30;5;2022;18:30;1;59;1;1;1;6;"50;2963580000";"3;2423510000"
202200013093;16;3;2022;13:10;1;75;2;7;1;3;"48;8272106013";"2;2926811874"
202200013094;23;12;2022;09:33;1;64;2;3;1;6;"43;4933900000";" -1;4615000000"
202200013095;30;5;2022;18:35;1;59;2;3;1;3;"50;5768530000";"3;1236470000"
202200013096;16;3;2022;09:11;1;75;2;1;1;3;"48;8246689848";"2;3051252961"
202200013097;20;12;2022;15:22;1;62;2;1;2;6;"50;5227910000";"2;6273400000"
202200013098;25;5;2022;12:30;1;13;2;1;1;2;"43;3337000000";"5;3841900000"
202200013099;16;3;2022;20:00;3;75;2;4;1;2;"48;8267920000";"2;3905180000"
202200013100;23;12;2022;10:00;1;61;2;3;2;3;"48;4377300000";"0;0579000000"
202200013101;16;3;2022;10:40;1;75;2;1;8;2;"48;8366472404";"2;3781833053"
202200013102;30;5;2022;04:06;3;13;1;1;1;2;"43;3668451797";"5;3606747791"
202200013103;16;3;2022;12:00;1;75;2;2;1;3;"48;8660220000";"2;3663260000"
202200013104;30;5;2022;16:41;1;33;1;1;1;4;"44;8809250000";" -0;5421490000"
202200013105;23;12;2022;05:10;5;60;2;2;1;3;"49;4141400000";"2;1060400000"
202200013106;16;3;2022;10:25;1;75;2;2;8;3;"48;8486330000";"2;3725470000"
202200013107;19;12;2022;16:50;2;59;2;1;2;6;"50;6327800000";"3;0587500000"
202200013108;16;3;2022;08:00;1;94;2;1;1;6;"48;7984800000";"2;4550400000"
202200013109;30;5;2022;19:15;1;91;1;1;1;2;"48;7597685540";"2;2622524024"
202200013110;15;3;2022;17:25;1;94;2;9;1;2;"48;7992200000";"2;4712200000"
202200013111;22;12;2022;19:34;5;59;2;1;2;3;"50;6420947840";"3;1091201305"
202200013112;15;3;2022;14:10;1;94;2;1;8;6;"48;8049500000";"2;4715700000"
202200013113;30;5;2022;10:36;1;91;1;1;1;6;"48;7161600000";"2;2662600000"
202200013114;30;5;2022;14:40;1;78;1;1;1;7;"48;9624900000";"1;9281300000"
202200013115;16;3;2022;22:50;5;94;2;1;1;2;"48;8162000000";"2;4037600000"
202200013116;21;12;2022;17:45;4;55;2;3;1;3;"49;1676292924";"5;3943112493"
202200013117;29;5;2022;06:10;1;92;1;1;1;6;"48;9209983571";"2;3063262118"
202200013118;16;3;2022;09:00;1;94;2;2;8;2;"48;7779700000";"2;4602700000"
202200013119;30;5;2022;16:05;1;95;1;1;1;2;"48;9909565319";"2;1928989887"
202200013120;27;5;2022;20:45;1;93;1;1;1;2;"48;8853500000";"2;4725100000"
202200013121;15;3;2022;17:25;1;94;2;3;1;5;"48;8224060254";"2;4922989607"
202200013122;28;5;2022;11:38;1;93;1;1;1;7;"48;8842701357";"2;4695885075"
202200013123;23;12;2022;10:33;1;54;2;4;1;3;"49;5221600000";"5;7927700000"
202200013124;16;3;2022;08:15;2;94;2;3;1;6;"48;7596100000";"2;5293600000"
202200013125;23;4;2022;10:50;1;77;1;1;1;5;"48;9358000000";"2;6279700000"
202200013126;15;3;2022;09:50;1;94;2;2;2;3;"48;7199500000";"2;5664100000"
202200013127;23;12;2022;14:11;1;51;2;2;2;7;"49;2608790806";"4;0489313006"
202200013128;8;5;2022;17:00;1;19;1;1;1;6;"44;9894790000";"1;8229580000"
202200013129;15;3;2022;07:50;2;93;2;3;2;1;"48;9504800000";"2;3067100000"
202200013130;6;5;2022;06:50;2;76;2;1;1;6;"49;4906100000";"1;0001000000"
202200013131;23;12;2022;08:35;2;51;2;6;2;3;"49;2664400000";"4;0451600000"
202200013132;15;3;2022;09:02;1;93;2;2;2;1;"48;9433374937";"2;3722873653"
202200013133;7;5;2022;14:20;1;38;1;1;1;2;"45;4949360000";"5;3901990000"
202200013134;22;12;2022;18:56;5;51;2;1;3;7;"49;2409800000";"4;0337300000"
202200013135;7;5;2022;08:50;1;45;1;1;1;7;"47;8062660000";"2;0662450000"
202200013136;16;3;2022;12:15;1;93;2;1;1;7;"48;9228000000";"2;4470500000"
202200013137;7;5;2022;23:15;5;50;2;1;1;6;"48;6903020000";" -1;3555240000"
202200013138;15;3;2022;08:40;1;93;2;9;3;6;"48;9249400000";"2;4476100000"
202200013139;7;5;2022;16:05;1;62;2;1;1;7;"50;6474860000";"2;1349740000"
202200013140;15;12;2022;22:20;5;51;2;2;9;7;"49;0464807660";"3;9640206099"
202200013141;7;5;2022;00:30;3;85;1;1;1;7;"46;8536830000";" -1;2087210000"
202200013142;16;3;2022;11:50;1;93;2;1;8;2;"48;8912800000";"2;5522900000"
202200013143;21;12;2022;12:50;1;50;2;1;1;2;"49;6611000000";" -1;6808200000"
202200013144;6;5;2022;08:00;1;51;1;1;1;2;"48;8517550000";"4;0014050000"
202200013145;16;3;2022;10:00;1;93;2;1;1;3;"48;8888011255";"2;4764373564"
202200013146;7;5;2022;16:00;1;88;1;4;1;3;"48;1645250000";"6;0618460000"
202200013147;16;3;2022;13:20;1;93;2;3;1;3;"48;9346237333";"2;4922549518"
202200013148;7;5;2022;15:44;1;38;2;2;1;6;"45;1767100000";"5;7128700000"
202200013149;16;3;2022;09:10;1;93;2;1;8;6;"48;9399034496";"2;4900194884"
202200013150;21;12;2022;12:15;1;50;2;2;2;3;"49;6312000000";" -1;5859400000"
202200013151;7;5;2022;09:30;1;24;2;1;1;6;"44;8530800000";"0;4875700000"
202200013152;16;3;2022;15:05;1;93;2;9;1;6;"48;9115069093";"2;3795375902"
202200013153;16;3;2022;14:45;1;92;2;2;8;7;"48;8197170610";"2;2934020981"
202200013154;22;12;2022;18:22;3;49;2;1;1;4;"47;4818000000";" -0;4991000000"
202200013155;5;5;2022;12:20;1;88;1;1;8;1;"48;1212650000";"6;9119830000"
202200013156;16;3;2022;14:45;1;92;2;1;1;3;"48;8229154709";"2;3048203289"
202200013157;4;5;2022;07:25;1;33;2;1;1;2;"44;6315230000";" -1;0726810000"
202200013158;11;9;2022;08:30;1;63;1;1;1;3;"45;7770830000";"3;2470800000"
202200013159;22;12;2022;18:10;4;49;2;1;2;6;"47;4746293515";" -0;5747424066"
202200013160;16;3;2022;19:10;2;92;2;1;1;3;"48;8804910000";"2;2291370000"
202200013161;2;5;2022;20:10;1;04;1;1;1;7;"43;7474600000";"6;3299060000"
202200013162;22;12;2022;07:53;3;49;2;1;2;7;"47;4700300000";" -0;4909800000"
202200013163;11;9;2022;00:45;3;42;1;1;1;6;"45;7412091728";"4;1978089213"
202200013164;4;5;2022;12:25;1;06;1;1;1;6;"43;7000180000";"7;1883230000"
202200013165;14;3;2022;09:35;1;92;2;3;1;4;"48;8258418055";"2;2024256587"
202200013166;2;5;2022;12:30;1;72;1;1;1;7;"47;7987860000";" -0;3721400000"
202200013167;11;9;2022;12:03;1;38;1;1;1;5;"45;6509250000";"5;1367140000"
202200013168;15;3;2022;13:00;1;92;2;1;1;3;"48;8496806093";"2;2180122435"
202200013169;21;12;2022;16:05;1;49;2;2;2;3;"47;4855500000";" -0;5332900000"
202200013170;5;5;2022;16:10;1;80;2;1;1;6;"50;1103000000";"1;8363000000"
202200013171;9;9;2022;09:48;1;38;2;1;1;1;"45;1401870000";"5;7909000000"
202200013172;15;3;2022;19:15;1;92;2;1;1;6;"48;9283400000";"2;2885100000"
202200013173;17;12;2022;06:15;5;46;2;9;1;6;"44;4537810000";"1;4391120000"
202200013174;15;3;2022;12:45;1;92;2;2;1;3;"48;9035731496";"2;3175490200"
202200013175;11;9;2022;10:30;1;46;1;1;1;2;"44;5862190000";"2;0877030000"
202200013176;5;5;2022;10:50;1;38;2;3;2;6;"45;1700331397";"5;7382603989"
202200013177;10;9;2022;13:20;1;09;2;6;1;3;"42;9181780000";"1;6405390000"
202200013178;5;5;2022;11:15;1;31;2;1;1;2;"43;6176800000";"1;4550050000"
202200013179;23;12;2022;16:20;1;45;2;3;8;3;"47;8773800000";"1;8694200000"
202200013180;17;3;2022;20:10;5;976;2;1;1;6;" -12;7341220000";"45;1631480000"
202200013181;11;9;2022;11:33;1;33;2;1;1;6;"44;6511690000";" -0;8584570000"
202200013182;15;3;2022;15:30;1;08;2;6;2;3;"49;5027510000";"4;3601780000"
202200013183;22;12;2022;17:45;5;45;2;1;2;6;"47;8878797084";"1;8917636275"
202200013184;10;9;2022;15:20;1;72;1;1;1;6;"47;8280380000";" -0;3843660000"
202200013185;5;5;2022;00:10;5;75;2;1;1;7;"48;8170450000";"2;3484020000"
202200013186;18;12;2022;01:10;4;45;1;9;9;7;"47;9855800000";"2;7422300000"
202200013187;11;9;2022;02:15;3;50;1;1;5;6;"49;5899400000";" -1;7689970000"
202200013188;16;3;2022;18:45;5;95;2;1;1;3;"49;1388609242";"2;2884553671"
202200013189;28;5;2022;18:30;1;35;1;1;1;2;"47;7193780000";" -2;0962030000"
202200013190;10;3;2022;15:40;1;95;2;6;1;3;"49;1573434597";"2;2889220715"
202200013191;11;9;2022;00:05;3;35;2;1;1;1;"48;5924360000";" -2;1093280000"
202200013192;22;12;2022;17:35;5;45;2;2;2;3;"47;9977400000";"2;7365500000"
202200013193;16;3;2022;14:20;1;68;2;4;1;6;"47;8798260000";"7;2120520000"
202200013194;30;5;2022;16:10;1;34;1;1;1;1;"43;3746330000";"3;0492640000"
202200013195;17;3;2022;14:45;1;22;1;9;1;3;"48;4070950000";" -2;3400500000"
202200013196;22;12;2022;23:00;4;44;2;1;3;5;"47;2524720000";" -1;6237030000"
202200013197;30;5;2022;07:10;1;26;1;1;1;1;"45;0805250000";"4;9551670000"
202200013198;10;9;2022;16:55;1;59;2;1;1;7;"50;2705249012";"3;1377580762"
202200013199;15;3;2022;21:00;3;57;1;1;1;6;"49;2074910000";"6;4718480000"
202200013200;23;12;2022;14:50;1;42;2;1;8;6;"46;0286700000";"4;0883600000"
202200013201;9;9;2022;16:50;1;13;1;1;1;3;"43;2829000000";"5;4033000000"
202200013202;16;3;2022;15:23;1;95;2;1;1;3;"49;1179512807";"2;4230110645"
202200013203;30;5;2022;15:50;1;69;2;1;1;1;"45;7168700000";"4;7619190000"
202200013204;23;12;2022;18:00;5;38;2;1;2;6;"45;1888371057";"5;7624479031"
202200013205;10;9;2022;12:20;1;33;1;1;1;3;"44;9320770000";" -0;4681320000"
202200013206;17;3;2022;08:30;1;2B;1;1;1;4;"42;4093418284";"9;5310232014"
202200013207;29;5;2022;21:45;3;83;1;1;1;2;"43;4605199808";"6;5948867798"
202200013208;10;9;2022;17:22;1;91;1;1;8;7;"48;7315600000";"2;1670200000"
202200013209;24;12;2022;00:35;5;37;1;1;2;6;"47;3908900000";"0;6817700000"