Accident_Id;jour;mois;an;hrmn;lum;dep;agg;int;atm;col;lat;long
202200013210;16;3;2022;18:55;1;47;1;1;1;7;"44;4126900000";"0;5474160000"
202200013211;10;9;2022;06:05;3;94;1;1;1;6;"48;7700000000";"2;3440000000"
202200013212;29;5;2022;11:05;1;67;2;3;1;6;"48;7434940000";"7;3607650000"
202200013213;23;12;2022;14:15;1;37;2;1;1;6;"47;4204800000";"0;7167200000"
202200013214;15;3;2022;06:30;2;86;1;1;1;7;"46;4358160000";"0;1868750000"
202200013215;29;5;2022;20:50;1;62;1;1;1;6;"50;7508680000";"1;8665920000"
202200013216;23;12;2022;14:03;1;37;2;1;8;6;"47;3676100000";"0;7309000000"
202200013217;9;9;2022;22:20;3;91;1;1;1;5;"48;6519600000";"2;3825000000"
202200013218;16;3;2022;17:15;1;68;2;9;8;7;"47;5871100000";"7;2585890000"
202200013219;30;5;2022;09:35;1;38;1;2;1;3;"45;3604160000";"5;4339090000"
202200013220;17;3;2022;11:15;1;25;2;6;1;7;"47;0541780000";"6;6013520000"
202200013221;23;12;2022;08:40;1;37;2;1;2;3;"47;3869000000";"0;6982500000"
202200013222;16;3;2022;18:20;2;05;2;1;1;7;"44;5704070000";"5;7365800000"
202200013223;23;12;2022;20:20;5;35;2;1;1;6;"48;1009891277";" -1;6497489810"
202200013224;30;5;2022;14:25;1;54;1;2;1;3;"49;1301377374";"5;9672203642"
202200013225;16;3;2022;22:15;3;50;2;1;1;7;"49;6620670000";" -1;4094710000"
202200013226;9;9;2022;14:40;1;91;1;1;1;5;"48;7130000000";"2;3080000000"
202200013227;30;5;2022;16:20;1;83;1;1;1;7;"43;1499760000";"6;4419630000"
202200013228;14;3;2022;16:55;1;64;1;1;8;6;"43;2777600000";" -1;0103670000"
202200013229;23;12;2022;12:50;1;35;1;1;1;2;"48;0923570000";" -1;6263720000"
202200013230;10;9;2022;15:40;1;92;1;1;1;6;"48;8185495660";"2;1559642527"
202200013231;17;3;2022;02:20;3;18;1;1;1;6;"47;1760310000";"2;5393310000"
202200013232;23;12;2022;01:40;5;31;2;1;1;6;"43;6349200000";"1;4778000000"
202200013233;26;5;2022;17:45;1;71;1;2;1;3;"46;9237910000";"4;9436730000"
202200013234;10;9;2022;13:10;1;78;1;1;2;2;"48;7815980000";"2;1672990000"
202200013235;16;3;2022;16:45;1;16;1;6;8;3;"45;7699700000";"0;1914130000"
202200013236;22;12;2022;08:40;2;25;1;1;2;5;"46;9337900000";"6;3427100000"
202200013237;9;9;2022;20:45;3;95;1;1;3;2;"49;0684866141";"2;3847144842"
202200013238;30;5;2022;07:30;1;34;1;4;1;3;"43;6679180000";"3;8678420000"
202200013239;28;2;2022;14:20;1;40;1;1;1;3;"43;9231450534";"0;0176067784"
202200013240;9;9;2022;21:20;5;974;2;1;1;6;" -21;2994773234";"55;4491567612"
202200013241;29;5;2022;18:05;1;57;1;1;1;6;"48;9773160000";"6;3355280000"
202200013242;17;3;2022;00:45;3;06;1;1;1;2;"43;6837790000";"7;1920320000"
202200013243;23;12;2022;16:00;1;25;2;1;2;2;"47;2348300000";"6;0119700000"
202200013244;29;5;2022;19:00;1;51;2;1;1;7;"48;8384210000";"3;7890710000"
202200013245;17;3;2022;19:55;2;974;2;1;1;6;" -20;9254780000";"55;3377650000"
202200013246;9;9;2022;11:45;1;974;2;1;1;7;" -20;9121500000";"55;4117000000"
202200013247;29;5;2022;16:20;1;79;1;1;1;7;"46;4448800000";" -0;6014400000"
202200013248;12;3;2022;11:35;1;971;1;1;1;6;"16;3239700000";" -61;4129300000"
202200013249;23;12;2022;01:10;3;22;2;6;3;3;"48;4932700000";" -2;7623900000"
202200013250;4;5;2022;00:30;3;80;1;1;1;6;"49;8286710000";"2;8845760000"
202200013251;9;9;2022;08:30;1;974;2;1;1;2;" -20;8856000000";"55;4554100000"
202200013252;29;5;2022;17:40;1;89;2;1;1;6;"47;5581460000";"3;3333120000"
202200013253;17;3;2022;16:50;1;77;2;1;1;6;"48;3193090000";"2;5741010000"
202200013254;23;12;2022;20:15;5;17;2;1;2;3;"46;1530610000";" -1;1142530000"
202200013255;8;9;2022;06:20;1;974;1;1;1;1;" -20;8871300000";"55;4399900000"
202200013256;29;5;2022;20:10;1;63;1;1;1;6;"45;8881779057";"3;1917013228"
202200013257;17;3;2022;08:00;2;95;2;6;8;3;"49;0338170000";"2;3418580000"
202200013258;23;12;2022;07:40;1;13;2;1;1;1;"43;4074500000";"5;2272400000"
202200013259;9;9;2022;17:25;1;973;2;2;1;3;"4;9383331028";" -52;3281893134"
202200013260;17;3;2022;08:10;1;91;2;1;1;1;"48;6001120000";"2;2356530000"
202200013261;29;5;2022;20:10;1;46;2;9;1;6;"44;7827470000";"1;8994330000"
202200013262;22;12;2022;00:25;5;13;2;1;1;3;"43;2944800000";"5;4013400000"
202200013263;9;9;2022;17:20;1;973;2;1;7;3;"4;9348858882";" -52;3211377859"
202200013264;29;5;2022;16:30;1;22;1;1;1;3;"48;6020660000";" -2;8373320000"
202200013265;17;3;2022;09:45;1;38;2;1;1;6;"45;5819530000";"4;7929040000"
202200013266;20;12;2022;11:00;1;13;2;6;1;3;"43;5279700000";"5;4112300000"
202200013267;9;9;2022;12:15;1;973;2;1;1;2;"4;9194500000";" -52;3218300000"
202200013268;30;5;2022;15:00;1;29;1;1;1;6;"48;1590590000";" -3;8828450000"
202200013269;12;3;2022;10:45;1;38;2;1;1;3;"45;3296580000";"5;6210090000"
202200013270;28;5;2022;18:20;1;29;2;1;1;6;"48;2823492082";" -3;5776682049"
202200013271;9;9;2022;22:45;5;69;2;1;8;2;"45;7442500000";"4;8447800000"
202200013272;23;12;2022;23:22;3;11;1;1;1;1;"43;2177700000";"2;3089600000"
202200013273;17;3;2022;17:00;1;27;2;1;1;1;"49;0845760000";"1;6135630000"
202200013274;17;3;2022;07:07;2;60;1;1;1;7;"49;2251090000";"1;8315840000"
202200013275;16;5;2022;09:45;1;38;2;3;1;1;"45;1553450000";"5;3103690000"
202200013276;9;9;2022;08:00;2;69;2;2;1;3;"45;7381000000";"4;8377500000"
202200013277;22;12;2022;17:22;1;11;2;1;1;2;"43;2123800000";"2;3255100000"
202200013278;16;3;2022;20:10;3;69;1;1;1;6;"45;7292684114";"4;8960775137"
202200013279;30;5;2022;12:25;1;02;2;1;1;2;"49;2535380000";"3;0909400000"
202200013280;13;3;2022;14:10;1;59;1;1;1;7;"50;3939550477";"3;1198315322"
202200013281;9;9;2022;06:10;2;69;2;2;1;3;"45;7529032960";"4;8520562053"
202200013282;30;5;2022;15:15;1;03;2;2;1;1;"46;2053750000";"3;4366150000"
202200013283;23;12;2022;19:04;5;06;2;3;1;3;"43;7014030000";"7;2843780000"
202200013284;15;3;2022;09:30;1;78;1;1;2;4;"48;9312220000";"1;9790590000"
202200013285;9;9;2022;02:50;5;69;2;1;1;6;"45;7307481837";"4;8333750665"
202200013286;28;5;2022;19:20;1;01;1;1;7;1;"46;2499040000";"5;3354390000"
202200013287;23;12;2022;12:15;1;06;2;1;1;6;"43;6493750000";"6;9236160000"
202200013288;16;3;2022;09:35;1;95;1;1;1;2;"48;9971000000";"2;1797700000"
202200013289;26;5;2022;17:45;1;26;1;1;1;6;"44;8174180000";"5;1632740000"
202200013290;9;9;2022;07:30;1;972;1;1;1;3;"14;5964600000";" -60;9789400000"
202200013291;22;12;2022;20:10;3;06;2;9;1;3;"43;6621100000";"7;1268520000"
202200013292;29;5;2022;08:16;1;54;1;1;1;6;"48;5564436847";"6;4217448243"
202200013293;16;3;2022;18:40;3;94;1;1;1;2;"48;8295389382";"2;4980603393"
202200013294;9;9;2022;18:55;5;972;2;1;1;2;"14;6148100000";" -61;0510500000"
202200013295;16;3;2022;18:40;2;94;1;1;1;2;"48;8302100000";"2;4870800000"
202200013296;28;5;2022;00:40;3;72;1;1;1;7;"48;4418200000";"0;1630000000"
202200013297;21;12;2022;16:07;1;02;2;3;2;3;"49;3799600000";"3;3576000000"
202200013298;30;5;2022;01:50;3;72;1;9;1;7;"47;8852640000";"0;1426410000"
202200013299;9;9;2022;13:47;1;69;2;6;1;3;"45;6949800000";"4;8266900000"
202200013300;15;3;2022;07:30;1;31;2;1;6;3;"43;6056188332";"1;3396668434"
202200013301;21;12;2022;17:55;5;02;2;1;2;6;"49;8530000000";"3;2898000000"
202200013302;9;9;2022;07:50;1;69;2;1;1;6;"45;7830600000";"4;8440900000"
202200013303;30;5;2022;07:30;1;05;2;1;1;1;"44;5243400000";"5;7586490000"
202200013304;15;3;2022;07:50;1;93;2;1;2;3;"48;9501900000";"2;3827400000"
202200013305;20;12;2022;16:46;3;02;2;3;3;1;"49;8187200000";"3;3121000000"
202200013306;14;3;2022;15:33;1;54;2;1;1;6;"48;6489280964";"6;1449998617"
202200013307;9;9;2022;10:40;1;971;2;2;1;1;"16;2796900000";" -61;5041600000"
202200013308;29;5;2022;21:45;5;60;2;1;1;2;"49;6616470205";"2;8652479531"
202200013309;21;12;2022;19:30;3;974;2;1;1;6;" -20;9046900000";"55;4446000000"
202200013310;14;3;2022;12:49;1;44;2;1;7;6;"47;1930420000";" -1;5706290000"
202200013311;8;9;2022;20:05;5;971;1;9;1;2;"16;2219751843";" -61;5227347612"
202200013312;28;5;2022;16:59;1;73;1;2;1;2;"45;4556910000";"5;7811210000"
202200013313;16;3;2022;01:45;5;976;2;1;1;7;" -12;8010500000";"45;2088200000"
202200013314;21;12;2022;10:50;1;974;2;2;1;6;" -20;8814600000";"55;4570500000"
202200013315;8;9;2022;17:55;5;971;2;1;1;3;"16;0509100000";" -61;5633400000"
202200013316;30;5;2022;08:00;1;07;1;1;1;1;"45;3133990000";"4;7003640000"
202200013317;22;12;2022;19:55;5;974;2;1;1;6;" -20;9440500000";"55;6617300000"
202200013318;15;3;2022;15:00;1;974;1;1;1;2;" -21;3492900000";"55;5031000000"
202200013319;9;9;2022;14:14;1;2A;2;1;1;2;"41;9417500000";"8;7487100000"
202200013320;22;12;2022;12:40;1;69;2;1;1;6;"45;7562400000";"4;8541000000"
202200013321;29;5;2022;01:35;3;87;2;1;1;6;"45;6281030000";"1;0393990000"
202200013322;15;3;2022;16:50;1;69;2;3;8;3;"45;7391400000";"4;8598200000"
202200013323;9;9;2022;20:00;3;95;2;1;1;3;"49;0298257785";"2;4782806635"
202200013324;29;5;2022;20:40;1;08;1;1;1;6;"49;8795030000";"4;8303100000"
202200013325;22;12;2022;06:50;5;69;2;2;1;3;"45;7372600000";"4;8615600000"
202200013326;9;9;2022;09:00;1;91;2;1;8;6;"48;6648420000";"2;4195770000"
202200013327;15;3;2022;13:00;1;69;2;1;1;6;"45;7130000000";"4;8550000000"
202200013328;22;12;2022;16:08;1;69;2;1;2;6;"45;7576038947";"4;8355168104"
202200013329;30;5;2022;09:10;1;31;1;1;1;2;"43;6548300000";"1;5316220000"
202200013330;8;9;2022;12:30;1;87;2;3;1;6;"45;8395800000";"1;2510800000"
202200013331;16;12;2022;08:10;2;91;2;3;8;6;"48;6396400000";"2;3415400000"
202200013332;15;3;2022;10:48;1;69;2;1;8;4;"45;7306368916";"4;8876143983"
202200013333;26;5;2022;12:30;1;34;1;1;1;3;"43;6639360000";"3;7656960000"
202200013334;2;9;2022;13:48;1;87;2;3;1;6;"45;8072900000";"1;2646500000"
202200013335;22;12;2022;13:12;1;91;2;1;1;6;"48;7269500000";"2;2770700000"
202200013336;30;5;2022;11:55;1;38;1;1;1;5;"45;3495400000";"5;4646790000"
202200013337;15;3;2022;09:15;1;69;2;3;8;3;"45;7289600000";"4;8666600000"
202200013338;22;12;2022;15:40;1;91;2;1;2;2;"48;6750000000";"2;5358000000"
202200013339;30;5;2022;16:45;1;11;1;1;1;2;"43;0341570000";"2;9529190000"
202200013340;7;9;2022;04:45;5;83;2;9;1;2;"43;1195600000";"5;8127450000"
202200013341;15;3;2022;00:44;5;69;2;2;2;3;"45;7376100000";"4;8655100000"
202200013342;22;12;2022;13:05;1;91;1;1;2;2;"48;7190000000";"2;3700000000"
202200013343;25;5;2022;06:00;2;13;1;1;1;5;"43;6171260000";"5;1394770000"
202200013344;15;3;2022;12:35;1;972;1;1;1;6;"14;5990400000";" -61;0020400000"
202200013345;9;9;2022;23:10;5;81;2;1;1;3;"43;6060700000";"2;2425800000"
202200013346;15;3;2022;08:33;1;972;2;1;2;6;"14;6114100000";" -61;0539200000"
202200013347;21;12;2022;19:25;5;88;2;2;1;3;"48;2834700000";"6;9560700000"
202200013348;9;9;2022;08:40;1;78;2;1;2;6;"48;8951600000";"2;0722800000"
202200013349;25;5;2022;14:05;1;73;1;3;1;3;"45;4255920000";"6;4851500000"
202200013350;15;3;2022;09:00;1;69;2;1;1;6;"45;7672073415";"4;7910314798"
202200013351;9;9;2022;09:00;1;78;2;1;1;6;"48;9891270000";"1;8983160000"
202200013352;22;12;2022;21:25;3;79;2;1;2;6;"46;9967900000";" -0;2077900000"
202200013353;14;3;2022;09:00;1;2B;1;1;2;2;"42;6050929746";"9;4381435498"
202200013354;29;5;2022;07:00;1;33;2;2;1;3;"44;7323760000";" -1;0798140000"
202200013355;9;9;2022;07:02;2;78;2;1;1;1;"48;9221640000";"2;0248550000"
202200013356;15;3;2022;20:25;5;971;1;9;1;6;"16;2175986364";" -61;4938319474"
202200013357;22;12;2022;08:10;5;72;2;9;1;6;"48;0208000000";"0;2262600000"
202200013358;28;5;2022;18:35;1;78;1;1;1;7;"48;5190720000";"1;7957270000"
202200013359;21;12;2022;13:19;1;72;2;1;2;6;"47;9690000000";"0;2040000000"
202200013360;5;3;2022;23:50;5;971;2;9;9;7;"16;2586200000";" -61;5114900000"
202200013361;23;5;2022;20:15;5;987;2;7;1;7;" -16;4954170000";" -151;7388890000"
202200013362;9;9;2022;21:40;5;76;1;6;2;6;"49;8736500000";"1;0995000000"
202200013363;21;12;2022;09:45;1;71;2;1;1;6;"46;6768400000";"4;3707500000"
202200013364;14;3;2022;15:00;1;971;1;1;1;3;"16;2103923161";" -61;4728349447"
202200013365;26;5;2022;15:15;1;988;1;1;1;6;" -22;0629700000";"166;2615100000"
202200013366;24;5;2022;19:30;1;77;1;1;1;7;"48;8270610000";"2;7906350000"
202200013367;14;3;2022;11:22;1;2A;2;9;1;3;"41;9339100000";"8;7548300000"
202200013368;29;5;2022;16:00;1;91;1;1;1;7;"48;3969550000";"2;4158870000"
202200013369;9;9;2022;14:45;1;74;2;2;1;3;"46;1980800000";"6;2638200000"
202200013370;21;12;2022;13:55;1;70;2;2;1;3;"47;6171256630";"6;1605660617"
202200013371;15;3;2022;18:25;2;91;2;3;1;6;"48;7418600000";"2;2264500000"
202200013372;30;5;2022;07:50;1;2B;1;1;1;2;"42;5892750000";"9;4393690000"
202200013373;15;3;2022;13:30;1;91;2;1;2;2;"48;6870400000";"2;4931300000"
202200013374;6;9;2022;16:20;1;74;2;1;1;6;"46;1909900000";"6;2377600000"
202200013375;21;12;2022;13:10;1;69;2;1;1;2;"45;9885358145";"4;7433614731"
202200013376;15;3;2022;08:15;1;91;2;1;2;6;"48;6719030000";"2;3545500000"
202200013377;30;5;2022;15:00;1;84;1;1;1;1;"43;7769430000";"5;4276000000"
202200013378;9;9;2022;19:20;2;72;2;9;2;7;"47;9742700000";"0;2425500000"
202200013379;14;3;2022;12:31;1;87;2;1;1;3;"45;8358615386";"1;2755366564"
202200013380;29;5;2022;21:00;1;83;2;1;1;6;"43;1933500000";"5;7564280000"
202200013381;23;12;2022;01:50;5;69;2;2;2;3;"45;7047500000";"4;9156100000"
202200013382;12;3;2022;05:30;5;83;1;1;2;7;"43;1069904807";"6;0507658124"
202200013383;9;9;2022;02:20;5;71;2;1;1;6;"46;6559585221";"4;3494653215"
202200013384;15;3;2022;18:05;1;79;2;6;1;3;"46;3420300000";" -0;4523800000"
202200013385;9;9;2022;18:30;1;67;1;6;2;3;"48;8278700000";"7;7554400000"
202200013386;21;12;2022;07:00;3;64;1;1;1;1;"43;3335700000";" -1;6874100000"
202200013387;15;3;2022;19:45;3;77;2;6;1;6;"48;5872700000";"2;5932200000"
202200013388;15;3;2022;09:55;1;76;2;1;1;7;"49;5549500000";"0;1173300000"
202200013389;8;9;2022;17:40;1;67;2;3;1;3;"48;8032100000";"7;7695900000"
202200013390;14;3;2022;15:15;1;76;2;4;1;3;"49;4983100000";"0;1625500000"
202200013391;15;3;2022;07:40;1;74;2;1;2;3;"46;1762100000";"6;2421500000"
202200013392;14;3;2022;11:15;1;74;2;2;1;1;"46;1914000000";"6;2388000000"
202200013393;9;9;2022;17:35;1;64;1;1;1;1;"43;3758900000";" -1;6472900000"
202200013394;13;12;2022;08:20;2;62;1;2;8;3;"50;7232810000";"2;2923320000"
202200013395;14;3;2022;14:45;1;73;2;2;1;3;"45;6947130895";"5;8974294439"
202200013396;9;9;2022;12:20;1;64;1;1;8;1;"43;3676100000";" -1;6646700000"
202200013397;13;12;2022;17:40;5;62;2;1;1;6;"50;7429000000";"2;2718100000"
202200013398;15;3;2022;04:05;5;72;2;2;2;3;"47;9991500433";"0;1995420454"
202200013399;9;9;2022;11:00;1;64;1;6;2;3;"43;3231500000";" -0;3255800000"
202200013400;22;12;2022;10:10;1;59;2;9;8;2;"50;7167700000";"3;1585100000"
202200013401;14;3;2022;08:45;1;72;1;1;1;6;"47;9519640000";"0;1962000000"
202200013402;13;3;2022;19:40;5;72;2;1;1;6;"47;9748900000";"0;2151800000"
202200013403;9;9;2022;17:20;1;59;2;9;1;3;"50;7079266676";"3;1866279244"
202200013404;22;12;2022;07:10;5;59;2;2;2;3;"50;7146581941";"3;2026273012"
202200013405;15;3;2022;22:45;4;69;2;1;1;6;"45;7521400000";"4;9074900000"
202200013406;9;9;2022;12:45;1;59;2;1;2;2;"50;5905757768";"3;0891872942"
202200013407;15;3;2022;18:30;1;69;2;2;1;6;"45;7705700000";"4;9590900000"
202200013408;22;12;2022;08:20;1;59;2;6;8;3;"50;6053300000";"3;0294900000"
202200013409;8;9;2022;15:15;1;59;2;1;8;6;"50;6175049933";"3;0269064009"
202200013410;15;3;2022;08:50;1;69;2;6;8;6;"45;7064500000";"4;9403100000"
202200013411;22;12;2022;13:30;1;56;2;1;2;3;"47;7993800000";" -3;2605500000"
202200013412;15;3;2022;14:00;1;69;2;1;1;3;"45;9855543545";"4;7218680382"
202200013413;8;9;2022;12:45;1;54;2;2;1;3;"48;6755669372";"6;1718139052"
202200013414;20;12;2022;20:42;5;56;2;1;1;6;"47;7758500000";" -3;3387300000"
202200013415;9;9;2022;21:04;5;49;2;1;1;2;"47;4642600000";" -0;5485200000"
202200013416;15;3;2022;07:45;1;67;2;3;1;3;"48;5775659972";"7;7530217171"
202200013417;21;12;2022;18:25;5;56;2;1;2;4;"47;7560100000";" -3;3549210000"
202200013418;12;3;2022;19:00;5;67;2;1;1;6;"48;5626485471";"7;6945737000"
202200013419;9;9;2022;16:13;1;49;2;1;1;3;"47;4675140000";" -0;5558490000"
202200013420;22;12;2022;21:45;5;54;2;2;3;6;"48;6834400000";"6;1735500000"
202200013421;9;9;2022;06:52;2;49;2;1;1;7;"47;4601527681";" -0;5545561016"
202200013422;14;3;2022;16:25;1;67;2;3;1;3;"48;5959600000";"7;7078400000"
202200013423;22;12;2022;05:19;3;54;1;1;3;2;"49;5441500000";"5;7671100000"
202200013424;8;9;2022;14:00;1;49;2;1;1;2;"47;4614000000";" -0;5489300000"
202200013425;14;3;2022;20:14;3;66;1;1;1;6;"42;7359900000";"2;8846400000"
202200013426;22;12;2022;16:35;5;51;2;6;2;3;"49;2299200000";"4;0145100000"
202200013427;8;9;2022;12:47;1;49;2;1;1;2;"47;4923700000";" -0;5540400000"
202200013428;14;3;2022;08:25;1;63;2;2;1;1;"45;7667000000";"3;1074000000"
202200013429;21;12;2022;10:39;1;49;1;1;3;6;"47;4698300000";" -0;5892700000"
202200013430;7;9;2022;19:32;1;49;2;1;1;6;"47;4743400000";" -0;5663700000"
202200013431;15;3;2022;02:00;5;62;2;1;1;6;"50;5175980000";"2;6745810000"
202200013432;20;12;2022;13:50;1;49;2;1;2;7;"47;4670000000";" -0;5267000000"
202200013433;22;12;2022;10:50;1;48;2;1;8;7;"44;5094000000";"3;5044100000"
202200013434;8;9;2022;16:45;1;47;1;1;1;5;"44;4345260000";"0;7714900000"
202200013435;15;3;2022;08:00;2;61;2;2;2;3;"48;4349500000";"0;1060000000"
202200013436;15;3;2022;11:45;1;60;2;1;2;6;"49;4250000000";"2;0977000000"
202200013437;9;9;2022;11:25;1;45;2;1;1;3;"47;9289456729";"1;8392550945"
202200013438;22;12;2022;08:15;1;45;2;2;1;3;"47;9118600000";"1;8971100000"
202200013439;9;9;2022;14:50;1;43;2;6;1;3;"45;0499600000";"3;8814400000"
202200013440;15;3;2022;14:15;1;59;2;1;1;4;"50;6504469297";"3;0048918128"
202200013441;22;12;2022;22:30;5;44;2;3;3;6;"47;2213500000";" -1;5518200000"
202200013442;9;9;2022;13:00;1;37;2;3;1;3;"47;4203712094";"0;6944024563"
202200013443;28;2;2022;12:50;1;59;2;6;1;6;"50;6169600000";"3;1469600000"
202200013444;21;12;2022;17:15;5;42;2;1;1;6;"45;4210300000";"4;3923000000"
202200013445;14;3;2022;16:00;1;59;2;2;1;3;"50;3713700000";"3;0844900000"
202200013446;24;8;2022;18:10;1;36;1;6;1;3;"46;7919400000";"1;7117500000"
202200013447;15;3;2022;16:35;1;57;2;1;1;6;"49;0976200000";"6;1738000000"
202200013448;22;12;2022;18:00;3;34;1;1;1;2;"43;3076400000";"3;4368200000"
202200013449;15;3;2022;09:45;1;57;2;1;3;3;"49;1175400000";"6;1712100000"
202200013450;21;12;2022;09:00;1;33;2;1;1;6;"44;7794700000";" -0;6589800000"
202200013451;14;3;2022;17:06;1;56;2;3;7;6;"47;7496400000";" -3;3597300000"
202200013452;9;9;2022;16:00;1;35;1;3;1;2;"48;0673400000";" -1;7143700000"
202200013453;22;12;2022;04:45;5;33;2;1;1;7;"44;6210108202";" -1;1397671700"
202200013454;11;3;2022;14:11;1;56;2;1;1;6;"47;7486600000";" -3;3643200000"
202200013455;11;3;2022;08:41;1;56;2;2;1;3;"47;7488100000";" -3;3629900000"
202200013456;9;9;2022;09:10;1;35;1;1;1;4;"48;0846800000";" -1;6406800000"
202200013457;22;12;2022;07:40;5;31;2;6;1;1;"43;5783970000";"1;3944930000"
202200013458;14;3;2022;17:15;1;54;2;1;1;2;"48;6547100000";"6;2323200000"
202200013459;8;9;2022;21:30;5;34;2;2;1;3;"43;3409800000";"3;1868200000"
202200013460;14;3;2022;08:55;1;54;2;1;1;3;"48;6743731871";"6;1796727777"
202200013461;22;12;2022;09:00;2;29;2;6;2;3;"47;9912600000";" -4;0735700000"
202200013462;14;3;2022;17:55;1;49;2;1;1;7;"47;4736300000";" -0;4859700000"
202200013463;9;9;2022;20:40;5;33;2;3;1;3;"44;8449800000";" -0;5708500000"
202200013464;21;12;2022;17:00;2;29;2;8;2;3;"48;3949639320";" -4;4786813426"
202200013465;9;9;2022;18:27;1;33;2;1;1;2;"44;8471800000";" -0;7165700000"
202200013466;14;3;2022;16:09;1;49;2;1;1;3;"47;4539300000";" -0;5535400000"
202200013467;21;12;2022;15:00;1;29;1;6;3;2;"48;3900490000";" -4;4586460000"
202200013468;9;9;2022;12:20;1;31;2;1;2;3;"43;6524100000";"1;4248400000"
202200013469;2;9;2022;19:45;2;30;1;3;8;2;"43;8370000000";"4;4305000000"
202200013470;22;12;2022;15:20;1;27;2;2;2;3;"49;0821400000";"1;4799100000"
202200013471;9;9;2022;16:30;1;30;2;1;1;4;"44;1446000000";"4;0886900000"
202200013472;16;12;2022;09:15;1;24;1;1;1;6;"45;1899500000";"0;7454200000"
202200013473;9;9;2022;12:24;1;29;2;9;2;3;"48;0064300000";" -4;1077410000"
202200013474;22;12;2022;09:25;1;22;2;1;1;3;"48;5132137230";" -2;7594909221"
202200013475;9;9;2022;08:00;1;29;1;1;1;6;"48;0027700000";" -4;1367200000"
202200013476;23;12;2022;00:50;3;13;2;1;1;6;"43;2438700000";"5;3709600000"
202200013477;22;12;2022;09:30;1;13;2;1;1;1;"43;2951000000";"5;3818100000"
202200013478;9;9;2022;21:35;5;29;2;3;1;3;"48;3972700000";" -4;4831100000"
202200013479;8;9;2022;09:00;1;29;2;1;2;2;"48;3645700000";" -4;5494400000"
202200013480;22;12;2022;01:50;5;13;2;1;1;1;"43;2967600000";"5;4765200000"
202200013481;9;9;2022;16:40;1;27;2;2;1;3;"49;0111100000";"1;1386900000"
202200013482;21;12;2022;17:50;3;13;1;3;1;2;"43;3062600000";"5;5918500000"
202200013483;9;9;2022;10:14;1;26;1;1;1;2;"44;5516900000";"4;6995300000"
202200013484;21;12;2022;04:15;3;10;1;1;2;2;"48;3210300000";"4;0242900000"
202200013485;9;9;2022;16:30;1;25;2;1;1;3;"47;2382100000";"6;0611500000"
202200013486;22;12;2022;16:25;1;06;2;1;1;6;"43;6913800000";"7;2453700000"
202200013487;9;9;2022;10:45;1;25;2;1;8;6;"47;2166700000";"5;9481100000"
202200013488;9;9;2022;09:00;1;22;2;1;1;1;"48;5177700000";" -2;7664000000"
202200013489;23;4;2022;19:00;1;2A;1;3;1;6;"41;5022780000";"9;0299890000"
202200013490;22;12;2022;10:40;1;06;2;1;1;2;"43;6850000000";"7;2230000000"
202200013491;17;4;2022;05:45;3;13;1;1;1;7;"43;8006580000";"4;9829650000"
202200013492;16;8;2022;07:45;1;15;2;1;1;3;"44;9223000000";"2;4279800000"
202200013493;28;4;2022;16:10;1;13;1;1;1;5;"43;2229010000";"5;5497680000"
202200013494;23;12;2022;18:30;5;75;2;4;1;2;"48;9008440000";"2;3670720000"
202200013495;7;9;2022;17:10;1;14;2;1;1;3;"49;1373900000";"0;2232560000"
202200013496;10;7;2022;22:00;3;13;1;1;1;1;"43;3762300000";"5;0646700000"
202200013497;23;12;2022;17:50;5;75;2;1;1;3;"48;8698870000";"2;2715100000"
202200013498;27;4;2022;19:00;1;25;1;2;1;3;"47;2604170000";"6;3214090000"
202200013499;22;12;2022;01:30;5;75;2;1;2;2;"48;8944260000";"2;3948290000"
202200013500;27;4;2022;18:30;1;67;2;6;7;3;"48;6906610000";"7;7847920000"
202200013501;9;9;2022;15:45;1;13;2;3;1;4;"43;2921400000";"5;3926400000"
202200013502;26;4;2022;09:46;1;67;1;1;1;6;"48;4177980000";"7;5301410000"
202200013503;9;9;2022;14:30;1;13;2;9;1;3;"43;3358500000";"5;3985200000"
202200013504;23;12;2022;15:24;1;75;2;3;8;3;"48;8866610000";"2;3848230000"
202200013505;9;9;2022;15:15;1;13;2;6;1;3;"43;2817400000";"5;6038600000"
202200013506;27;4;2022;19:10;1;88;1;1;1;7;"48;3091920000";"5;6242970000"
202200013507;23;12;2022;06:40;5;75;2;7;2;3;"48;8547040000";"2;2888730000"
202200013508;9;9;2022;09:00;1;13;2;4;1;3;"43;4894400000";"5;4080800000"
202200013509;28;4;2022;18:10;1;42;2;2;1;3;"45;5943600000";"4;0747740000"
202200013510;7;9;2022;20:20;1;11;1;9;1;2;"43;2022000000";"2;3149000000"
202200013511;23;12;2022;19:30;5;75;2;3;2;6;"48;8287820000";"2;3277130000"
202200013512;8;9;2022;07:45;1;10;2;3;1;3;"48;2963100000";"4;0498800000"
202200013513;23;12;2022;18:00;5;75;2;3;2;3;"48;8453130000";"2;3982980000"
202200013514;9;9;2022;10:15;1;07;2;6;1;3;"44;9324300000";"4;8696400000"
202200013515;28;4;2022;14:10;1;61;1;1;1;3;"48;3916980000";"0;0532470000"