Accident_Id;jour;mois;an;hrmn;lum;dep;agg;int;atm;col;lat;long
202200015667;7;9;2022;19:50;2;21;2;1;8;1;"47;2976110000";"5;4060690000"
202200015668;20;12;2022;19:30;5;69;2;1;1;3;"45;7727000000";"4;8571200000"
202200015669;8;9;2022;23:00;3;85;2;1;1;6;"46;3315500000";" -1;3273920000"
202200015670;4;2;2022;14:20;1;67;1;6;1;6;"48;4120340000";"7;6536890000"
202200015671;20;12;2022;18:00;5;69;2;2;1;3;"45;7691809838";"4;8489797116"
202200015672;2;9;2022;08:00;1;85;2;4;7;2;"46;8357896000";" -1;8546637100"
202200015673;7;9;2022;21:15;3;37;1;1;2;2;"47;4741130000";"0;7570370000"
202200015674;5;2;2022;19:45;4;74;1;1;1;2;"46;2348270000";"6;3176640000"
202200015675;19;12;2022;20:29;5;69;2;3;1;6;"45;7615100000";"4;8698700000"
202200015676;1;9;2022;20:30;5;88;2;1;1;1;"47;9668750000";"6;4641770000"
202200015677;1;9;2022;11:10;1;06;2;1;1;3;"43;5893200000";"6;9777130000"
202200015678;19;12;2022;16:30;2;69;2;3;1;3;"45;7532887893";"4;8561635613"
202200015679;9;9;2022;13:55;1;38;1;1;1;7;"45;0696410000";"5;8704010000"
202200015680;1;9;2022;01:40;5;987;1;1;1;3;" -16;4987850000";" -151;7000590000"
202200015681;8;9;2022;07:05;1;973;2;1;1;3;"5;0112180000";" -52;4703060000"
202200015682;8;9;2022;23:00;3;971;1;1;1;1;"16;3413080000";" -61;7173290000"
202200015683;9;9;2022;07:20;2;28;1;1;8;1;"48;8376620000";"1;4232770000"
202200015684;8;9;2022;18:37;1;77;2;3;1;6;"49;0500760000";"2;7716020000"
202200015685;5;9;2022;11:35;1;77;2;1;1;1;"49;0717360000";"3;0205360000"
202200015686;8;9;2022;17:00;1;77;1;3;8;2;"48;9258270000";"3;0015420000"
202200015687;8;9;2022;17:10;1;66;1;2;1;1;"42;6483380000";"2;8903160000"
202200015688;9;9;2022;15:08;1;84;1;1;1;1;"43;8816240000";"5;0397420000"
202200015689;9;9;2022;06:54;2;06;1;1;1;3;"43;9319920000";"7;1751880000"
202200015690;8;9;2022;15:44;1;13;1;1;1;1;"43;4649240000";"5;7146880000"
202200015691;8;9;2022;08:10;1;13;2;1;1;6;"43;4264480000";"5;3881390000"
202200015692;6;9;2022;16:30;1;42;2;1;3;6;"45;6092340000";"4;0573020000"
202200015693;8;9;2022;11:15;1;38;2;1;1;2;"45;3824770000";"4;7988050000"
202200015694;9;9;2022;13:05;1;38;1;1;1;1;"45;6632240000";"5;3268030000"
202200015695;8;9;2022;15:20;1;69;1;1;1;2;"46;0290460000";"4;6494050000"
202200015696;6;9;2022;19:35;1;17;1;1;1;6;"46;1661190000";" -1;2525170000"
202200015697;6;8;2022;15:05;1;14;2;2;1;3;"49;2958481584";" -0;2974194288"
202200015698;9;9;2022;15:40;1;22;1;1;1;1;"48;7779410000";" -3;5271690000"
202200015699;9;9;2022;01:00;3;60;1;1;1;7;"49;0851335732";"2;7642650306"
202200015700;8;9;2022;19:20;2;59;2;1;2;6;"50;0207830000";"3;1960770000"
202200015701;9;9;2022;02:30;3;59;1;1;1;6;"50;5565496434";"3;2101696730"
202200015702;7;9;2022;15:00;1;83;2;9;1;2;"43;1273125598";"5;9176687002"
202200015703;6;9;2022;08:30;1;33;1;1;1;2;"44;7150040000";" -0;5181770000"
202200015704;8;9;2022;16:40;1;92;1;1;1;7;"48;7663930838";"2;2446641971"
202200015705;7;9;2022;14:45;1;91;1;1;2;3;"48;6106500000";"2;4449500000"
202200015706;8;9;2022;19:00;1;78;1;1;1;2;"48;7925670000";"2;0541850000"
202200015707;8;9;2022;19:00;1;93;1;1;1;3;"48;9209477807";"2;3716716074"
202200015708;8;9;2022;16:30;1;93;1;9;1;2;"48;9237309191";"2;3569409743"
202200015709;8;9;2022;13:00;1;93;1;1;1;2;"48;9090000000";"2;3586800000"
202200015710;8;9;2022;21:05;3;77;1;1;1;2;"48;8306220000";"2;6931690000"
202200015711;7;9;2022;08:15;1;77;1;1;1;5;"48;9113880000";"2;6360390000"
202200015712;7;9;2022;07:15;2;77;1;1;1;6;"48;8204760000";"2;6158640000"
202200015713;6;9;2022;15:00;1;83;2;1;1;6;"43;1082000000";"5;8794800000"
202200015714;6;9;2022;14:20;1;66;1;6;1;6;"42;7267419460";"2;9005622864"
202200015715;5;9;2022;18:00;2;987;2;1;1;3;" -17;5340930000";" -149;5616830000"
202200015716;7;9;2022;10:00;1;974;1;9;1;4;" -21;3297700000";"55;4536700000"
202200015717;7;9;2022;13:40;1;974;1;1;1;7;" -20;8949300000";"55;4817500000"
202200015718;7;9;2022;00:45;4;973;2;1;1;6;"4;9327200000";" -52;2904900000"
202200015719;7;9;2022;13:35;1;69;2;4;1;6;"45;7417348039";"4;8603187502"
202200015720;7;9;2022;17:00;1;972;1;1;1;5;"14;6178800000";" -61;0262900000"
202200015721;7;9;2022;09:27;1;972;2;9;1;7;"14;6213900000";" -61;0064800000"
202200015722;8;9;2022;00:20;5;69;2;3;9;6;"45;7764200000";"4;7966300000"
202200015723;6;9;2022;19:05;5;971;2;3;1;6;"16;0518572396";" -61;5649312735"
202200015724;7;9;2022;10:25;1;2A;2;2;1;2;"41;9261000000";"8;7286700000"
202200015725;7;9;2022;20:20;3;95;2;1;8;3;"49;0156000000";"2;4699400000"
202200015726;7;9;2022;19:30;2;95;2;1;2;6;"49;0078802297";"2;3140007257"
202200015727;7;9;2022;17:10;1;91;2;1;2;2;"48;7185600000";"2;4886800000"
202200015728;6;9;2022;20:05;5;91;1;1;1;6;"48;6833440000";"2;4906040000"
202200015729;7;9;2022;19:50;2;91;2;2;3;3;"48;7104900000";"2;3885100000"
202200015730;7;9;2022;18:09;1;91;2;1;2;6;"48;6940700000";"2;3712000000"
202200015731;6;9;2022;17:26;1;87;2;3;2;3;"45;8267300000";"1;2914400000"
202200015732;24;4;2022;14:15;1;94;2;3;1;3;"48;8183300000";"2;3953600000"
202200015733;6;9;2022;12:00;1;85;2;3;2;3;"46;4666200000";" -1;7314800000"
202200015734;24;4;2022;21:10;5;93;2;1;1;6;"48;9471500000";"2;5329400000"
202200015735;7;9;2022;06:45;2;83;2;7;1;6;"43;1241500000";"5;9361200000"
202200015736;5;9;2022;08:20;1;83;2;1;1;6;"43;5325470000";"6;4674110000"
202200015737;24;4;2022;21:00;5;93;2;2;1;1;"48;8830600000";"2;4918300000"
202200015738;5;9;2022;12:02;1;83;2;9;1;1;"43;5313440000";"6;4495570000"
202200015739;5;9;2022;16:20;1;72;2;1;1;2;"47;9972900000";"0;2170800000"
202200015740;23;4;2022;22:30;5;93;2;1;1;3;"48;9320100000";"2;3918300000"
202200015741;5;9;2022;13:15;1;72;2;1;1;3;"48;0249166137";"0;1789140699"
202200015742;24;4;2022;22:20;5;93;2;3;1;3;"48;9082300000";"2;5048500000"
202200015743;5;9;2022;08:50;1;72;1;9;2;6;"48;0208700000";"0;1694200000"
202200015744;4;9;2022;19:20;1;71;2;6;1;6;"46;7908900000";"4;8620400000"
202200015745;24;4;2022;07:00;2;93;2;1;1;6;"48;9030000000";"2;4455310000"
202200015746;7;9;2022;08:05;1;69;2;1;1;7;"46;0033900000";"4;6859600000"
202200015747;24;4;2022;01:20;5;93;2;2;1;3;"48;8984400000";"2;4422200000"
202200015748;7;9;2022;11:20;1;69;1;2;1;3;"45;7432400000";"4;9373200000"
202200015749;24;4;2022;17:20;1;93;2;6;1;2;"48;9544510000";"2;5093390000"
202200015750;24;4;2022;20:10;1;92;2;1;1;7;"48;9099537239";"2;3100307882"
202200015751;24;4;2022;15:25;1;92;2;2;1;2;"48;9008272350";"2;3158409893"
202200015752;26;4;2022;00:00;3;54;1;1;5;6;"48;7636574453";"6;4085483551"
202200015753;26;4;2022;14:55;1;07;1;1;1;3;"44;4943320000";"4;6802720000"
202200015754;26;4;2022;03:30;3;71;1;1;8;6;"46;2610060000";"4;7927690000"
202200015755;26;4;2022;08:25;1;35;1;9;1;1;"48;4006002377";" -1;7266851515"
202200015756;25;4;2022;07:20;2;86;1;3;1;6;"46;6506440000";"0;8710960000"
202200015757;25;4;2022;17:55;1;21;1;1;2;6;"47;3368614357";"4;4722656906"
202200015758;23;4;2022;15:45;1;41;1;1;1;6;"47;7590890000";"1;1583390000"
202200015759;26;4;2022;11:45;1;62;1;1;1;6;"50;1402000000";"2;8989470000"
202200015760;20;4;2022;15:00;1;51;1;1;1;7;"48;8430280000";"4;0777950000"
202200015761;26;4;2022;16:15;1;19;1;1;1;5;"45;2168460000";"1;4366630000"
202200015762;25;4;2022;15:50;1;56;1;1;1;6;"48;0050160000";" -3;5425700000"
202200015763;25;4;2022;19:55;2;65;1;3;1;3;"43;3011810000";"0;2181950000"
202200015764;24;4;2022;05:40;5;71;2;1;1;3;"46;6670270000";"5;3851630000"
202200015765;15;4;2022;14:30;1;42;2;3;1;3;"45;4850000000";"4;3792160000"
202200015766;26;4;2022;12:11;1;34;1;2;1;5;"43;4976820000";"3;3283530000"
202200015767;23;4;2022;11:50;1;22;1;1;1;7;"48;3537500000";" -3;2168700000"
202200015768;26;4;2022;18:00;1;39;2;1;1;6;"46;3906170000";"5;8640280000"
202200015769;25;4;2022;16:15;1;35;1;1;1;3;"48;6580660000";" -1;9020940000"
202200015770;25;4;2022;17:15;1;29;1;1;1;6;"48;6347380000";" -3;7768720000"
202200015771;26;4;2022;08:30;1;14;1;1;7;1;"48;9726120000";" -0;0937160000"
202200015772;26;4;2022;19:25;1;14;1;3;7;3;"49;2761310000";" -0;0132910000"
202200015773;25;4;2022;14:45;1;54;1;1;1;6;"49;5053100000";"5;7892200000"
202200015774;25;4;2022;17:40;1;53;1;3;1;2;"48;1467400000";" -0;8873070000"
202200015775;15;2;2022;02:00;5;35;2;1;8;6;"48;1043605933";" -1;6639612914"
202200015776;26;4;2022;07:45;1;53;1;1;7;2;"48;1027550000";" -0;3790190000"
202200015777;16;4;2022;09:55;1;17;2;2;7;6;"46;1682500000";" -1;1321600000"
202200015778;9;2;2022;08:05;1;17;2;1;1;6;"46;1562000000";" -1;1310800000"
202200015779;26;4;2022;13:25;1;21;1;3;1;1;"46;9283282897";"4;7420265153"
202200015780;9;2;2022;08:06;1;17;2;3;1;3;"46;1731610000";" -1;1258530000"
202200015781;4;2;2022;21:55;5;17;2;1;1;3;"46;1690900000";" -1;1498000000"
202200015782;25;4;2022;10:20;1;04;1;3;1;1;"43;8962220000";"6;1287620000"
202200015783;16;4;2022;21:50;5;02;2;7;1;3;"49;3819800000";"3;3216300000"
202200015784;22;4;2022;21:15;3;87;1;1;1;6;"45;7261880000";"1;3438890000"
202200015785;27;6;2022;16:15;1;988;2;2;1;6;" -22;2745500000";"166;4438400000"
202200015786;25;4;2022;15:10;1;30;1;1;1;7;"44;0923940000";"3;5620590000"
202200015787;27;6;2022;06:30;2;974;1;2;1;1;" -21;3211500000";"55;4829500000"
202200015788;16;2;2022;12:42;1;67;1;1;1;7;"48;5330930000";"7;6916370000"
202200015789;27;6;2022;09:45;1;974;2;2;7;6;" -20;8780700000";"55;4457500000"
202200015790;27;6;2022;11:50;1;973;2;3;1;3;"4;9175300000";" -52;3129500000"
202200015791;27;6;2022;15:10;1;69;2;2;1;6;"45;7722400000";"4;8054300000"
202200015792;25;4;2022;17:15;1;18;1;1;1;6;"47;1082270000";"2;2986420000"
202200015793;24;6;2022;17:55;1;971;1;1;1;3;"16;2117400000";" -61;4744700000"
202200015794;25;4;2022;16:45;1;89;1;9;3;6;"47;5484770000";"3;9658150000"
202200015795;27;6;2022;10:05;1;91;2;2;1;3;"48;6823340000";"2;3434910000"
202200015796;25;4;2022;14:29;1;89;1;1;1;3;"47;6612450000";"3;8797760000"
202200015797;25;6;2022;00:26;5;87;2;2;1;3;"45;8351900000";"1;2605000000"
202200015798;24;6;2022;17:26;1;87;2;3;1;3;"45;8336500000";"1;2290000000"
202200015799;26;4;2022;17:35;1;55;2;3;1;6;"48;7598530000";"5;5893480000"
202200015800;25;4;2022;18:40;3;988;1;1;1;7;" -22;2497250000";"166;6088250000"
202200015801;27;6;2022;09:30;1;78;2;9;1;6;"48;9424770000";"2;0281140000"
202200015802;10;4;2022;17:50;1;66;1;1;1;1;"42;6793910000";"2;7517750000"
202200015803;27;6;2022;09:00;1;76;2;3;1;3;"49;4278500000";"1;0633000000"
202200015804;25;4;2022;17:45;1;83;1;1;7;1;"43;4790050000";"6;6653650000"
202200015805;25;6;2022;06:31;1;76;2;2;1;6;"49;4948800000";"0;1060200000"
202200015806;25;6;2022;07:15;1;76;2;3;1;6;"49;5363900000";"0;1432200000"
202200015807;26;4;2022;14:01;1;06;1;4;1;2;"43;7935430000";"7;3290960000"
202200015808;26;4;2022;07:50;1;61;2;6;1;7;"48;4141980000";" -0;0370470000"
202200015809;26;4;2022;09:25;1;50;2;6;1;2;"49;3105120000";" -1;2620170000"
202200015810;27;6;2022;06:30;1;74;2;1;1;3;"45;8979700000";"6;1306900000"
202200015811;25;4;2022;22:55;3;60;1;1;1;1;"49;2162100000";"1;8827180000"
202200015812;25;6;2022;17:04;1;72;2;3;1;3;"48;0288151679";"0;1737749574"
202200015813;27;6;2022;23:00;5;69;2;1;1;6;"45;7488093897";"4;9273802529"
202200015814;24;4;2022;15:00;1;13;1;1;1;5;"43;3257100000";"5;3784800000"
202200015815;27;6;2022;18:30;1;69;2;9;1;4;"45;8228800000";"4;9098700000"
202200015816;23;4;2022;19:15;1;13;1;1;3;1;"43;3989110000";"5;2938340000"
202200015817;27;6;2022;19:00;1;69;2;2;1;1;"45;7710000000";"4;8682200000"
202200015818;23;4;2022;17:20;1;13;1;1;2;2;"43;4051900000";"5;3602100000"
202200015819;26;6;2022;02:45;5;67;2;3;1;3;"48;5559200000";"7;7519000000"
202200015820;25;6;2022;21:20;1;67;2;1;1;6;"48;5998200000";"7;7411200000"
202200015821;23;4;2022;02:40;3;13;1;1;8;1;"43;3871000000";"5;3508400000"
202200015822;25;6;2022;16:00;1;67;2;1;1;6;"48;5878154144";"7;7016936243"
202200015823;22;4;2022;18:00;1;67;1;1;1;2;"48;5861800000";"7;7195700000"
202200015824;11;6;2022;19:45;1;67;2;3;1;3;"48;6090800000";"7;7462000000"
202200015825;24;4;2022;16:40;1;91;1;1;1;2;"48;7437500000";"2;1898800000"
202200015826;25;4;2022;00:45;3;95;1;1;1;2;"48;9896705372";"2;1990466118"
202200015827;24;6;2022;18:35;1;66;2;1;1;3;"42;7067200000";"2;9001700000"
202200015828;22;4;2022;19:30;1;95;1;1;1;3;"48;9614735641";"2;2682690620"
202200015829;22;4;2022;20:35;5;974;2;1;1;3;" -21;3435000000";"55;4739500000"
202200015830;27;6;2022;10:30;1;65;2;2;2;3;"43;2242000000";"0;0683900000"
202200015831;26;6;2022;21:35;1;64;2;6;2;7;"43;4944700000";" -1;5183000000"
202200015832;23;4;2022;20:20;3;974;2;1;1;3;" -20;9553100000";"55;3118100000"
202200015833;29;4;2022;22:45;5;63;2;1;1;6;"45;7900400000";"3;0908600000"
202200015834;27;6;2022;05:40;1;61;2;9;1;7;"48;4200580000";"0;0895440000"
202200015835;22;4;2022;14:15;1;974;2;9;1;3;" -20;9530000000";"55;3160000000"
202200015836;27;6;2022;13:15;1;60;2;2;1;3;"49;4300600000";"2;1050400000"
202200015837;23;4;2022;20:45;5;973;2;3;1;3;"4;9418805084";" -52;3300708830"
202200015838;27;6;2022;22:40;5;59;1;9;1;6;"50;7595900000";"3;1338900000"
202200015839;23;4;2022;14:30;1;69;2;2;1;6;"45;7530300000";"4;8451500000"
202200015840;11;6;2022;12:05;1;59;2;3;7;2;"50;7071300000";"3;1027780000"
202200015841;23;4;2022;10:45;1;69;2;3;1;6;"45;7613300000";"4;8654900000"
202200015842;27;6;2022;08:30;1;59;2;2;1;5;"50;6242554789";"3;0609951541"
202200015843;23;4;2022;12:30;1;972;2;1;1;2;"14;6138800000";" -61;0105300000"
202200015844;25;6;2022;12:09;1;56;2;1;1;3;"47;7637200000";" -3;3609900000"
202200015845;23;4;2022;05:00;2;972;1;1;2;6;"14;6196800000";" -61;0562300000"
202200015846;26;6;2022;16:55;1;50;1;3;1;3;"49;6674100000";" -1;6966500000"
202200015847;23;4;2022;14:13;1;971;1;1;3;6;"16;2645989391";" -61;4674115181"
202200015848;26;6;2022;00:45;5;47;1;6;2;3;"44;3940000000";"0;6930000000"
202200015849;27;6;2022;13:30;1;45;2;1;1;6;"47;9022352843";"1;8593463153"
202200015850;22;4;2022;22:45;3;91;2;1;1;3;"48;7070000000";"2;2500000000"
202200015851;27;6;2022;19:15;1;44;1;1;1;2;"47;2347470000";" -1;6254330000"
202200015852;22;4;2022;22:45;5;83;2;1;1;3;"43;1086869974";"5;8134822249"
202200015853;7;6;2022;04:50;4;41;2;1;1;6;"47;6171460000";"1;3701170000"
202200015854;4;4;2022;09:44;1;83;2;6;1;3;"43;4324205321";"6;7492611408"
202200015855;27;6;2022;11:20;1;37;2;1;1;4;"47;3600000000";"0;6974100000"
202200015856;27;6;2022;11:00;1;37;2;1;1;3;"47;3553569021";"0;6987959146"
202200015857;23;4;2022;13:50;1;78;2;1;1;2;"49;0015990000";"1;8933490000"
202200015858;27;6;2022;23:40;5;35;2;6;1;3;"48;1325970199";" -1;6907827556"
202200015859;23;4;2022;09:55;1;69;2;3;1;1;"45;7830300000";"4;9947000000"
202200015860;27;6;2022;09:00;1;35;2;1;1;3;"48;1086609803";" -1;6537092626"
202200015861;26;6;2022;18:35;1;35;2;1;1;1;"48;1420301196";" -1;6716795601"
202200015862;22;4;2022;16:40;1;69;2;2;1;3;"45;7678600000";"4;9365800000"
202200015863;27;6;2022;10:25;1;34;2;3;1;3;"43;5932600000";"3;8825800000"
202200015864;23;4;2022;10:12;1;65;2;1;2;6;"43;2516430000";"0;0726920000"
202200015865;27;6;2022;14:45;1;33;1;1;1;7;"44;5789300000";" -1;1255800000"
202200015866;23;4;2022;03:20;3;65;2;1;1;6;"43;2199600000";"0;0594300000"
202200015867;27;6;2022;00:45;5;31;1;1;2;2;"43;6574100000";"1;4280700000"
202200015868;23;4;2022;11:26;1;47;2;5;2;3;"44;1947910000";"0;6076070000"
202200015869;27;6;2022;21:05;5;26;2;3;1;5;"44;9271300000";"4;8997700000"
202200015870;26;6;2022;19:40;1;22;2;1;1;6;"48;4980638427";" -2;7724544406"
202200015871;19;4;2022;12:40;1;44;2;2;1;3;"47;2802500000";" -2;2285300000"
202200015872;27;6;2022;13:35;1;17;2;1;1;6;"45;6208410000";" -1;0364890000"
202200015873;23;4;2022;20:10;2;37;2;1;1;3;"47;3601000000";"0;6704900000"
202200015874;27;6;2022;14:35;1;14;1;1;1;6;"49;3966700000";"0;1967490000"
202200015875;22;4;2022;16:10;1;37;2;1;1;1;"47;3374921730";"0;6534880400"
202200015876;27;6;2022;14:55;1;13;1;1;1;6;"43;6735100000";"5;0922900000"
202200015877;27;6;2022;11:30;1;13;2;1;1;2;"43;2914700000";"5;3738500000"
202200015878;23;4;2022;23:30;5;33;2;2;1;3;"44;8364000000";" -0;5810100000"
202200015879;23;4;2022;19:30;1;33;2;1;2;6;"44;8772300000";" -0;5685300000"
202200015880;27;6;2022;10:05;1;13;2;2;1;1;"43;2947300000";"5;5640900000"
202200015881;27;6;2022;23:14;3;06;2;1;1;1;"43;8122000000";"7;4856200000"
202200015882;27;6;2022;20:05;2;06;2;1;1;6;"43;7875500000";"7;4927700000"
202200015883;22;4;2022;17:40;1;13;2;1;1;4;"43;6359200000";"5;0804300000"
202200015884;26;6;2022;14:00;1;06;2;1;1;1;"43;7006000000";"7;1733700000"
202200015885;15;4;2022;05:45;5;13;2;1;1;6;"43;2987900000";"5;4009100000"
202200015886;27;6;2022;20:36;1;05;2;6;1;6;"44;5639079566";"6;0955774784"
202200015887;27;6;2022;02:05;5;01;2;1;1;7;"46;2016200000";"5;2418900000"
202200015888;23;4;2022;13:00;1;06;2;1;3;1;"43;6462170000";"6;9206660000"
202200015889;22;4;2022;18:22;1;75;2;1;1;4;"48;8203870000";"2;3244410000"
202200015890;23;4;2022;18:30;1;75;2;3;1;2;"48;8578125330";"2;3352950066"
202200015891;23;4;2022;13:50;1;75;2;1;1;2;"48;9015358297";"2;3722247901"
202200015892;23;4;2022;10:15;1;75;2;1;1;3;"48;8968771487";"2;3846420063"
202200015893;26;6;2022;10:18;1;75;2;2;1;6;"48;8951400000";"2;3119780000"
202200015894;26;6;2022;01:14;5;75;2;3;1;6;"48;8401950000";"2;3347830000"
202200015895;23;4;2022;12:20;1;75;2;3;1;2;"48;8388030000";"2;2613190000"
202200015896;24;6;2022;05:05;5;75;2;3;2;6;"48;8704460000";"2;3490890000"
202200015897;23;4;2022;11:00;1;75;2;3;1;6;"48;8315461166";"2;3153294539"
202200015898;27;6;2022;17:40;1;75;2;3;1;6;"48;8423940000";"2;3284050000"
202200015899;22;4;2022;18:10;1;75;2;3;1;6;"48;8213683213";"2;3287108892"
202200015900;27;6;2022;12:15;1;75;2;1;1;2;"48;8507480000";"2;3371490000"
202200015901;23;4;2022;00:10;5;75;2;5;1;3;"48;8628871975";"2;3872338673"
202200015902;27;6;2022;01:07;5;75;2;2;1;3;"48;8517570000";"2;3370420000"
202200015903;27;6;2022;18:30;1;75;2;1;1;6;"48;8676510000";"2;4008730000"
202200015904;22;4;2022;17:10;1;75;2;3;1;3;"48;8710560000";"2;3457250000"
202200015905;27;6;2022;12:45;1;75;2;2;1;6;"48;8852440000";"2;3846090000"
202200015906;22;4;2022;23:55;5;75;2;7;1;6;"48;8706790000";"2;3255520000"
202200015907;27;6;2022;10:10;1;75;2;2;1;3;"48;8911320000";"2;3775720000"
202200015908;23;4;2022;17:15;1;75;2;3;2;2;"48;8576311210";"2;3327104747"
202200015909;27;6;2022;16:30;1;75;2;2;1;3;"48;8808460000";"2;2899580000"
202200015910;27;6;2022;16:10;1;75;2;7;1;3;"48;8696380000";"2;2856520000"
202200015911;23;4;2022;15:00;1;75;2;2;1;3;"48;8695310000";"2;3368110000"
202200015912;27;6;2022;07:45;1;75;2;1;1;5;"48;8268970000";"2;3570450000"
202200015913;23;4;2022;14:20;1;75;2;2;1;7;"48;8634033712";"2;3509647277"
202200015914;27;6;2022;12:27;1;75;2;2;1;2;"48;8386600000";"2;3895680000"
202200015915;23;4;2022;19:30;1;94;2;1;1;2;"48;7945900000";"2;4026600000"
202200015916;27;6;2022;09:30;1;75;2;1;1;6;"48;8504530000";"2;3687750000"
202200015917;27;6;2022;07:10;1;75;2;1;1;3;"48;8301360000";"2;4183720000"
202200015918;23;4;2022;00:58;5;94;2;6;1;7;"48;7975300000";"2;4391100000"
202200015919;27;6;2022;13:55;1;75;2;2;1;3;"48;8646040000";"2;3780520000"
202200015920;23;4;2022;16:15;1;93;1;1;2;2;"48;9713850000";"2;4987900000"
202200015921;26;6;2022;12:45;1;75;2;2;1;6;"48;8577960000";"2;3709360000"
202200015922;27;6;2022;12:05;1;75;2;3;1;3;"48;8805390000";"2;3287900000"
202200015923;27;6;2022;09:30;1;75;2;1;1;6;"48;8763050000";"2;3334620000"
202200015924;23;4;2022;15:44;1;93;2;2;1;3;"48;9175990000";"2;5230540000"
202200015925;27;6;2022;15:20;1;94;2;1;1;3;"48;7738800000";"2;4949800000"
202200015926;23;4;2022;03:05;5;93;2;2;1;6;"48;8494410000";"2;5472950000"
202200015927;27;6;2022;14:30;1;94;2;2;1;3;"48;8137300000";"2;5102000000"
202200015928;26;6;2022;18:55;1;93;2;1;1;6;"48;9510700000";"2;5817300000"
202200015929;27;6;2022;14:00;1;93;2;1;1;6;"48;8906899002";"2;4002755882"
202200015930;22;4;2022;23:35;5;93;2;2;1;3;"48;8640880000";"2;5169540000"
202200015931;27;6;2022;19:00;1;93;2;2;1;3;"48;9164800000";"2;5315800000"
202200015932;23;4;2022;20:00;1;93;2;3;2;6;"48;9593570000";"2;2998850000"
202200015933;27;6;2022;09:36;1;93;2;2;1;6;"48;9555610000";"2;4161960000"
202200015934;23;4;2022;12:00;1;93;2;1;1;3;"48;9358800000";"2;4673200000"
202200015935;27;6;2022;20:40;1;93;2;1;1;5;"48;9043376203";"2;4849545360"
202200015936;23;4;2022;15:24;1;93;2;1;2;2;"48;9487031554";"2;5150644779"
202200015937;27;6;2022;10:30;1;93;2;2;8;2;"48;9075700000";"2;4256700000"
202200015938;22;4;2022;20:50;2;93;2;1;1;3;"48;9086600000";"2;3916800000"
202200015939;26;6;2022;14:51;1;93;2;3;1;3;"48;9398980000";"2;4546980000"
202200015940;27;6;2022;16:00;1;93;2;1;1;2;"48;9300100000";"2;5149700000"
202200015941;23;4;2022;14:30;1;92;2;2;1;1;"48;8825225594";"2;2044696361"
202200015942;27;6;2022;17:34;1;92;2;1;1;3;"48;8040063955";"2;3031146452"
202200015943;23;4;2022;15:10;1;92;2;2;1;6;"48;8422501909";"2;2401089519"
202200015944;26;6;2022;00:10;5;92;2;9;1;6;"48;8121600000";"2;3260900000"
202200015945;22;4;2022;19:35;1;39;2;1;1;6;"46;8437960000";"5;7032450000"
202200015946;26;6;2022;16:30;1;92;2;1;1;6;"48;9076500000";"2;2381500000"
202200015947;27;6;2022;18:50;1;92;2;9;1;6;"48;9019044435";"2;2639952302"
202200015948;21;4;2022;10:00;1;38;1;9;1;3;"45;4856240000";"4;8958900000"
202200015949;19;6;2022;01:05;5;92;2;1;1;7;"48;9148904762";"2;2335339188"
202200015950;27;6;2022;11:52;1;92;2;3;1;6;"48;8328838917";"2;2413898408"
202200015951;25;6;2022;23:30;5;92;2;1;1;6;"48;9190382719";"2;2735546231"
202200015952;26;6;2022;07:15;2;92;2;1;1;6;"48;9079725751";"2;2676036060"
202200015953;23;4;2022;19:30;1;57;1;1;1;6;"48;7898420000";"6;8234970000"
202200015954;27;6;2022;15:23;1;83;1;1;1;5;"43;5041220000";"6;3400130000"
202200015955;24;4;2022;01:20;5;972;2;1;1;1;"14;5088640000";" -60;9605710000"
202200015956;26;6;2022;03:30;5;01;2;2;2;3;"45;9571990000";"5;3331650000"
202200015957;17;6;2022;12:30;1;17;2;6;1;3;"46;0769480000";" -1;0879420000"
202200015958;25;4;2022;06:10;3;34;1;1;1;6;"43;6239200000";"3;6227750000"
202200015959;27;6;2022;21:50;3;95;1;1;1;6;"49;1460080000";"2;3162700000"
202200015960;25;4;2022;15:30;1;30;1;1;1;7;"44;0432420000";"4;4062040000"
202200015961;28;6;2022;09:35;1;33;2;1;1;6;"45;0159030000";" -0;0589480000"
202200015962;28;6;2022;15:20;1;81;1;1;1;1;"43;5113173154";"2;4112200737"
202200015963;28;6;2022;14:42;1;01;1;1;1;7;"46;1907200000";"5;9591500000"
202200015964;24;4;2022;10:25;1;30;1;2;8;3;"44;1352910000";"4;4748800000"
202200015965;26;6;2022;23:05;5;62;2;2;1;1;"50;9066590000";"1;9329450000"
202200015966;27;6;2022;11:07;1;50;1;1;1;2;"49;4815760000";" -1;3878650000"
202200015967;25;4;2022;15:50;1;50;1;2;1;3;"48;9330730000";" -1;1771250000"
202200015968;28;6;2022;07:40;1;22;1;1;7;6;"48;2426750000";" -2;2416750000"
202200015969;25;4;2022;09:30;1;51;1;1;1;7;"49;1470870000";"4;8166940000"
202200015970;24;6;2022;16:10;1;04;1;1;1;3;"44;5088710000";"6;3525010000"
202200015971;28;6;2022;11:55;1;56;1;1;1;6;"47;6962450000";" -2;5429920000"
202200015972;13;6;2022;18:55;1;80;2;6;1;7;"50;0762260000";"1;5418890000"
202200015973;15;6;2022;22:15;3;34;1;1;1;1;"43;5359768891";"3;4550525048"
202200015974;9;4;2022;13:30;1;51;1;2;1;5;"48;7182671352";"3;7429744005"