Accident_Id;jour;mois;an;hrmn;lum;dep;agg;int;atm;col;lat;long
202200015975;26;6;2022;17:15;1;22;2;2;1;3;"48;1826560000";" -2;5803600000"
202200015976;23;4;2022;05:30;3;56;1;1;1;6;"48;0543860000";" -3;6376820000"
202200015977;28;6;2022;17:55;1;39;1;1;1;5;"46;6188340000";"5;6047760000"
202200015978;27;6;2022;19:15;1;35;2;1;1;6;"48;3396969068";" -1;3144956529"
202200015979;26;6;2022;23:50;3;35;1;1;1;6;"48;2322367110";" -2;1744621545"
202200015980;26;6;2022;19:30;1;29;1;1;1;1;"48;4394699566";" -4;4558286669"
202200015981;19;4;2022;08:00;1;71;2;1;1;6;"46;6796860000";"5;2511050000"
202200015982;28;6;2022;10:20;1;15;1;1;1;3;"45;2454830000";"2;5410870000"
202200015983;24;4;2022;16:45;1;49;2;1;1;1;"47;1556850000";" -0;2957410000"
202200015984;28;6;2022;13:50;1;72;1;1;1;7;"48;2360200000";"0;2505100000"
202200015985;24;4;2022;14:15;1;29;1;1;1;2;"48;3687270000";" -3;7912330000"
202200015986;27;6;2022;08:30;1;72;1;1;1;6;"48;0986040000";"0;5742900000"
202200015987;22;4;2022;02:30;3;01;1;1;1;6;"46;1633440000";"5;6971940000"
202200015988;27;6;2022;05:45;1;72;1;1;1;1;"47;9361410000";"0;0916140000"
202200015989;19;6;2022;14:50;1;83;1;1;1;1;"43;4982480000";"6;1623430000"
202200015990;25;4;2022;15:20;1;26;2;2;1;1;"44;7533660000";"4;8176040000"
202200015991;26;6;2022;14:30;1;73;1;1;1;6;"45;6662760000";"6;3013670000"
202200015992;27;6;2022;08:40;1;21;1;1;2;6;"47;4387000000";"5;2906600000"
202200015993;22;4;2022;13:13;1;66;2;1;1;7;"42;4988310000";"2;0322020000"
202200015994;14;6;2022;11:10;1;40;1;1;1;6;"44;3441690000";" -0;9490730000"
202200015995;27;6;2022;14:15;1;27;1;1;1;1;"48;7466670000";"0;8102360000"
202200015996;24;4;2022;17:00;1;66;2;2;1;3;"42;4874550000";"3;1268280000"
202200015997;27;6;2022;15:30;1;28;1;1;1;3;"48;6610270000";"1;3651780000"
202200015998;14;4;2022;21:55;3;45;1;1;1;7;"48;1018930000";"2;7338630000"
202200015999;15;3;2022;09:30;1;45;1;1;8;7;"47;9544444334";"3;0605641901"
202200016000;27;6;2022;19:45;1;87;1;2;1;3;"46;2773000000";"1;3998500000"
202200016001;27;6;2022;22:20;3;31;1;1;1;6;"43;0919260000";"0;5350690000"
202200016002;24;4;2022;11:30;1;45;1;2;1;3;"47;9192830000";"2;9728420000"
202200016003;27;6;2022;08:00;1;42;1;4;8;3;"45;4546630000";"4;1477870000"
202200016004;24;4;2022;07:00;2;07;1;1;8;6;"44;5074740000";"4;3148640000"
202200016005;27;6;2022;12:15;1;68;1;1;2;5;"47;7473320000";"7;2757070000"
202200016006;20;4;2022;15:45;1;21;1;1;1;2;"47;5957000000";"5;2375000000"
202200016007;26;6;2022;02:35;3;57;1;1;1;3;"49;1333110000";"6;5491500000"
202200016008;26;6;2022;01:48;5;73;1;1;1;6;"45;4912770000";"6;9412140000"
202200016009;22;4;2022;15:20;1;24;1;4;1;7;"45;0104020000";"1;0208590000"
202200016010;28;6;2022;12:25;1;76;1;1;1;1;"49;3409440000";"0;9369060000"
202200016011;11;10;2022;08:55;1;75;2;3;1;6;"48;8852310000";"2;3254120000"
202200016012;28;6;2022;03:10;3;13;1;9;1;2;"43;6733780000";"5;0959690000"
202200016013;25;4;2022;14:30;1;85;1;1;1;5;"46;9373180000";" -1;9749620000"
202200016014;26;6;2022;23:00;3;987;1;1;2;7;" -17;8100000000";" -149;2450000000"
202200016015;11;10;2022;17:27;1;75;2;3;1;3;"48;8731660000";"2;2844680000"
202200016016;27;6;2022;17:40;2;976;1;1;1;2;" -12;8538330000";"45;1954150000"
202200016017;28;6;2022;11:30;1;971;1;1;1;6;"15;8440310000";" -61;6334940000"
202200016018;11;10;2022;08:20;1;75;2;1;1;3;"48;8540690000";"2;2262220000"
202200016019;25;6;2022;13:15;1;28;1;2;2;3;"48;7880180000";"1;4254870000"
202200016020;9;4;2022;19:10;2;17;2;1;7;1;"45;3749410000";" -0;5054410000"
202200016021;11;10;2022;10:15;1;75;2;1;1;1;"48;8394800000";"2;2672900000"
202200016022;25;4;2022;08:37;1;52;1;1;8;3;"48;2708540000";"5;4221180000"
202200016023;28;6;2022;14:15;1;77;1;2;1;6;"48;7169670000";"2;8691050000"
202200016024;11;10;2022;15:30;1;75;2;1;1;3;"48;8426040000";"2;2730720000"
202200016025;11;10;2022;08:55;1;75;2;2;1;6;"48;8429970000";"2;3127940000"
202200016026;24;4;2022;18:15;3;987;1;1;1;3;" -16;5230610000";" -151;7350640000"
202200016027;11;10;2022;09:00;1;75;2;3;1;6;"48;8526650000";"2;2872880000"
202200016028;28;6;2022;08:00;1;78;1;3;7;3;"48;6693720000";"1;9566980000"
202200016029;25;4;2022;15:30;1;976;2;1;1;6;" -12;8660080000";"45;1984730000"
202200016030;10;10;2022;11:05;1;75;2;1;1;3;"48;8386300000";"2;3366260000"
202200016031;27;6;2022;10:15;1;71;1;1;2;6;"46;7816810000";"4;1406550000"
202200016032;24;4;2022;19:30;1;2B;2;1;1;6;"42;5695210000";"8;9601180000"
202200016033;25;6;2022;03:45;5;73;2;1;1;1;"45;4629960000";"6;4421590000"
202200016034;11;10;2022;09:08;1;75;2;2;1;4;"48;8366790000";"2;3718720000"
202200016035;28;6;2022;11:00;1;42;1;3;7;3;"45;6208740000";"4;1386860000"
202200016036;22;4;2022;22:20;3;2B;1;1;1;1;"42;6286170000";"8;9507270000"
202200016037;28;6;2022;03:20;3;38;1;1;1;6;"45;3720090000";"5;6932680000"
202200016038;24;4;2022;09:15;1;2B;1;1;3;3;"42;6772400000";"9;3856180000"
202200016039;11;10;2022;08:10;1;75;2;1;1;3;"48;8321020000";"2;4576680000"
202200016040;11;10;2022;09:30;1;75;2;1;1;6;"48;8526690000";"2;3713100000"
202200016041;24;4;2022;10:40;1;83;1;1;1;1;"43;2796350000";"5;9544560000"
202200016042;25;6;2022;14:15;1;26;1;2;1;3;"44;4033300000";"4;7001020000"
202200016043;28;6;2022;17:00;1;69;2;3;7;3;"45;7491990000";"4;6861410000"
202200016044;18;4;2022;19:20;2;57;2;1;1;2;"49;1057840000";"6;9573410000"
202200016045;11;10;2022;13:30;1;75;2;3;1;3;"48;8784760000";"2;3566690000"
202200016046;27;6;2022;07:45;1;33;1;1;1;2;"44;9351430000";" -0;7121800000"
202200016047;15;4;2022;17:50;1;03;1;1;1;7;"46;6507770000";"3;2664590000"
202200016048;28;6;2022;08:15;1;14;1;1;1;7;"48;9533160000";" -0;2240320000"
202200016049;11;10;2022;18:20;2;75;2;1;1;7;"48;8556050000";"2;3310890000"
202200016050;28;6;2022;08:05;1;22;2;1;1;3;"48;5868740000";" -2;5332930000"
202200016051;11;10;2022;18:15;1;75;2;1;1;3;"48;8532080000";"2;3521360000"
202200016052;26;6;2022;21:45;2;59;1;1;1;7;"50;2630890000";"3;6724810000"
202200016053;24;4;2022;14:35;1;81;2;1;1;1;"43;9061910000";"1;9143460000"
202200016054;28;6;2022;07:10;1;59;2;6;1;3;"50;5480040000";"2;8245110000"
202200016055;11;10;2022;00:20;5;75;2;3;1;6;"48;8565469879";"2;3555991054"
202200016056;27;6;2022;17:45;1;13;1;1;1;6;"43;3299700000";"5;3894300000"
202200016057;23;6;2022;08:35;1;13;2;1;1;3;"43;3300189325";"5;3951050484"
202200016058;23;4;2022;11:00;1;44;1;6;1;3;"47;2803070000";" -1;4516550000"
202200016059;23;6;2022;16:32;1;13;1;1;1;2;"43;3907776987";"5;3509971499"
202200016060;11;10;2022;10:32;1;94;2;1;1;2;"48;8083040000";"2;4413890000"
202200016061;4;4;2022;17:00;1;44;2;1;1;2;"47;2737240000";" -1;4715560000"
202200016062;11;10;2022;09:50;1;94;2;1;1;3;"48;8161800000";"2;3334500000"
202200016063;8;6;2022;19:20;1;69;1;1;2;3;"45;7477126989";"4;9070048332"
202200016064;25;6;2022;04:30;3;59;1;1;1;2;"51;0322865556";"2;4356689452"
202200016065;22;4;2022;15:45;1;13;1;1;1;2;"43;2924500000";"5;4539500000"
202200016066;27;6;2022;14:40;1;94;1;1;1;7;"48;8166900000";"2;3371400000"
202200016067;23;4;2022;14:20;1;91;1;1;1;2;"48;6876700000";"2;3257200000"
202200016068;27;6;2022;08:24;1;91;1;1;1;2;"48;6420400000";"2;5355400000"
202200016069;11;10;2022;20:10;5;93;2;3;1;2;"48;9597300000";"2;3822300000"
202200016070;22;4;2022;23:45;3;92;1;1;1;6;"48;9424432251";"2;2899144727"
202200016071;27;6;2022;12:45;1;78;1;1;1;2;"48;9704750000";"1;8737010000"
202200016072;14;4;2022;20:45;2;92;1;1;1;3;"48;9283084303";"2;3316245851"
202200016073;26;6;2022;22:36;5;92;1;1;1;3;"48;8273423681";"2;2244655267"
202200016074;11;10;2022;11:55;1;93;2;1;1;4;"48;8904674742";"2;4099640635"
202200016075;26;6;2022;16:30;1;78;1;1;1;6;"48;9755840000";"1;7239730000"
202200016076;22;4;2022;07:25;1;94;1;1;1;2;"48;8586231423";"2;4869211857"
202200016077;26;6;2022;03:00;5;92;1;1;1;2;"48;8810060864";"2;2720879002"
202200016078;11;10;2022;14:40;1;93;2;1;1;5;"48;8390300000";"2;5429100000"
202200016079;14;4;2022;13:10;1;94;1;1;1;3;"48;8284416936";"2;5027316394"
202200016080;11;10;2022;18:40;1;93;2;1;1;1;"48;8678476760";"2;4343898732"
202200016081;14;4;2022;11:15;1;93;1;1;1;2;"48;8351523817";"2;5760945539"
202200016082;25;6;2022;10:44;1;78;1;1;2;4;"48;8911700000";"2;0095000000"
202200016083;21;4;2022;12:00;1;987;2;1;1;6;" -17;5354700000";" -149;5651600000"
202200016084;27;6;2022;18:10;1;92;1;1;1;2;"48;9390027228";"2;2956647869"
202200016085;11;10;2022;11:10;1;93;2;2;1;3;"48;8571878611";"2;4411794999"
202200016086;22;4;2022;10:00;1;974;2;1;1;2;" -20;8856300000";"55;4713900000"
202200016087;25;6;2022;20:15;1;93;1;1;1;3;"48;9221655771";"2;3610144854"
202200016088;11;10;2022;12:55;1;93;2;1;1;6;"48;9543707320";"2;3348750174"
202200016089;22;4;2022;20:00;5;974;2;9;3;3;" -20;9326170000";"55;6484550000"
202200016090;25;6;2022;17:30;1;93;1;1;2;2;"48;9507985275";"2;4743666025"
202200016091;22;4;2022;12:07;1;973;2;1;1;3;"4;9346957120";" -52;2917944193"
202200016092;11;10;2022;18:30;2;93;2;3;1;3;"48;9061737322";"2;4831607907"
202200016093;25;6;2022;04:40;3;93;1;1;1;4;"48;8959400000";"2;4705400000"
202200016094;22;4;2022;21:50;5;69;2;2;1;3;"45;7245612524";"4;8712322116"
202200016095;11;10;2022;10:50;1;92;2;3;1;6;"48;8906761446";"2;2790907025"
202200016096;17;4;2022;19:10;5;972;1;1;1;7;"14;5989530000";" -61;0516640000"
202200016097;27;6;2022;16:40;1;77;1;1;1;6;"48;8825796143";"2;6679437381"
202200016098;26;6;2022;21:45;2;94;1;1;1;6;"48;8176590351";"2;4128117856"
202200016099;11;10;2022;13:20;1;92;2;5;1;3;"48;8977248965";"2;2401380539"
202200016100;26;6;2022;15:52;1;94;1;1;1;2;"48;7776016949";"2;4400786182"
202200016101;22;4;2022;17:10;1;69;2;3;1;2;"45;7404200000";"4;8047400000"
202200016102;11;10;2022;19:00;2;92;2;4;1;3;"48;8442132474";"2;2501113117"
202200016103;26;6;2022;01:15;3;77;1;1;1;6;"48;9070300000";"2;6393300000"
202200016104;22;4;2022;12:40;1;69;2;2;1;1;"45;8010200000";"4;8551800000"
202200016105;26;6;2022;03:00;5;35;2;1;1;2;"48;1114690000";" -1;6861060000"
202200016106;11;10;2022;07:40;1;92;2;1;1;2;"48;8488887393";"2;2409496903"
202200016107;22;4;2022;18:40;1;2B;1;1;1;4;"42;6487100000";"9;4404400000"
202200016108;26;6;2022;15:00;1;33;2;2;1;3;"44;6566200000";" -1;1602400000"
202200016109;10;10;2022;13:10;1;92;2;2;1;1;"48;9105900000";"2;2608500000"
202200016110;22;4;2022;05:30;2;971;1;1;1;6;"16;2177651840";" -61;4918518066"
202200016111;24;4;2022;07:30;2;19;1;1;3;2;"45;1616956826";"1;4285659790"
202200016112;11;10;2022;19:40;2;92;2;1;1;3;"48;7476438577";"2;3038163781"
202200016113;21;4;2022;22:40;5;971;1;9;1;3;"16;2177033725";" -61;4925169945"
202200016114;26;6;2022;17:00;1;69;2;2;1;6;"45;7430400000";"4;8769000000"
202200016115;21;4;2022;12:40;1;95;1;1;1;3;"48;9787200000";"2;4650700000"
202200016116;2;9;2022;01:25;3;35;1;1;2;6;"47;9988710000";" -1;5141020000"
202200016117;26;6;2022;13:50;1;69;2;2;1;3;"45;7524000000";"4;8443500000"
202200016118;22;4;2022;18:50;1;95;2;1;1;6;"48;9779500000";"2;2412800000"
202200016119;20;4;2022;21:36;5;91;2;1;1;7;"48;4505400000";"2;1829500000"
202200016120;29;9;2022;15:40;1;40;2;2;3;1;"43;6421040000";" -1;4304440000"
202200016121;26;6;2022;07:40;1;972;1;1;3;3;"14;6280700000";" -60;9722000000"
202200016122;8;4;2022;19:55;2;89;1;1;3;1;"48;1741600000";"3;2267100000"
202200016123;11;10;2022;12:15;1;44;1;1;1;2;"47;0582130000";" -1;6155160000"
202200016124;23;6;2022;21:55;3;972;1;9;1;2;"14;6584584000";" -60;9719090000"
202200016125;21;4;2022;13:03;1;87;2;3;1;3;"45;8308500000";"1;2447700000"
202200016126;2;10;2022;10:35;1;974;2;6;1;6;" -21;2849280000";"55;5193660000"
202200016127;26;6;2022;10:25;1;972;1;1;2;2;"14;6115300000";" -61;0793800000"
202200016128;22;4;2022;23:50;5;78;2;1;1;3;"48;8972200000";"2;0983900000"
202200016129;25;6;2022;02:20;5;972;2;3;1;3;"14;6048100000";" -61;0691800000"
202200016130;12;10;2022;12:40;1;26;1;1;8;2;"44;6183630000";"4;7929570000"
202200016131;22;4;2022;08:30;1;78;2;1;1;6;"48;9899100000";"1;9132310000"
202200016132;12;10;2022;03:40;5;83;2;1;1;6;"43;1502490000";"6;4027440000"
202200016133;22;4;2022;13:20;1;78;1;1;1;3;"48;9587900000";"2;0176100000"
202200016134;26;6;2022;18:56;1;69;2;2;1;3;"45;8123600000";"4;8936200000"
202200016135;11;10;2022;21:10;3;50;1;1;1;2;"48;7828807164";" -1;2676154900"
202200016136;22;4;2022;18:00;1;77;2;1;1;6;"48;8841200000";"2;7102900000"
202200016137;26;6;2022;16:20;1;69;2;1;1;6;"45;7888600000";"4;8402100000"
202200016138;26;6;2022;14:00;1;95;2;1;1;3;"48;9923739042";"2;3890328407"
202200016139;22;4;2022;16:30;1;77;2;1;1;1;"48;8776700000";"2;7321500000"
202200016140;26;6;2022;19:15;1;91;2;1;1;7;"48;6737400000";"2;3266500000"
202200016141;22;4;2022;15:00;1;77;2;1;1;3;"48;8769000000";"2;6847800000"
202200016142;25;6;2022;07:45;1;91;2;1;2;7;"48;6969910000";"2;3717780000"
202200016143;22;4;2022;18:20;1;76;2;1;1;1;"49;4448300000";"1;0682900000"
202200016144;25;6;2022;08:09;1;91;2;1;1;3;"48;7010800000";"2;3717400000"
202200016145;7;10;2022;18:39;2;14;1;1;1;4;"49;1580520000";" -0;4716990000"
202200016146;12;4;2022;18:00;1;72;2;1;8;6;"48;0072700000";"0;1995300000"
202200016147;25;6;2022;14:10;1;83;1;1;1;1;"43;1271400000";"5;7861220000"
202200016148;11;10;2022;13:00;1;37;1;1;1;6;"47;3080448901";"0;6046772003"
202200016149;20;4;2022;09:20;1;71;2;1;1;6;"46;3353000000";"4;8265900000"
202200016150;11;10;2022;07:15;2;62;1;1;1;7;"50;1858130000";"2;9027180000"
202200016151;21;4;2022;17:30;1;71;2;1;1;3;"46;7687540000";"4;8433880000"
202200016152;25;6;2022;10:20;1;81;2;6;1;2;"43;6195535000";"2;2701580000"
202200016153;11;10;2022;18:40;2;19;1;1;1;3;"45;0844090000";"1;9717210000"
202200016154;21;4;2022;17:37;1;66;2;3;2;3;"42;7039800000";"2;8827300000"
202200016155;2;10;2022;22:48;3;56;2;1;1;6;"47;5185800000";" -2;7552980000"
202200016156;26;6;2022;06:00;2;69;2;1;3;6;"45;7575800000";"4;8909300000"
202200016157;11;10;2022;20:20;3;59;1;1;1;6;"50;8029950000";"2;5139380000"
202200016158;19;4;2022;16:20;1;58;1;1;1;3;"46;9875400000";"3;1376900000"
202200016159;26;6;2022;08:00;1;69;1;1;2;6;"46;0166927663";"4;7028210516"
202200016160;12;10;2022;03:30;5;76;2;2;5;6;"49;3584410000";"0;9456610000"
202200016161;21;4;2022;19:56;1;56;2;6;1;6;"47;7396400000";" -3;3798000000"
202200016162;24;6;2022;16:30;1;69;2;1;2;3;"45;5865600000";"4;7551200000"
202200016163;22;4;2022;15:50;1;51;2;6;1;3;"49;2202133365";"4;0208137035"
202200016164;11;10;2022;17:00;1;80;2;1;1;1;"50;0610250000";"1;5913680000"
202200016165;11;10;2022;12:12;1;32;1;1;1;1;"43;8411590000";"0;0929760000"
202200016166;22;4;2022;18:15;1;47;2;1;1;1;"44;1992900000";"0;6232200000"
202200016167;21;4;2022;13:45;1;47;1;1;8;2;"44;1765600000";"0;6169300000"
202200016168;8;10;2022;15:15;1;71;2;3;1;5;"46;4273420000";"4;7842780000"
202200016169;11;10;2022;18:15;1;63;2;1;2;1;"45;8706400000";"3;6131430000"
202200016170;15;4;2022;14:40;1;43;2;1;1;2;"45;0284200000";"3;8807200000"
202200016171;12;10;2022;10:15;1;44;2;1;7;6;"47;1693900000";" -1;7209780000"
202200016172;21;4;2022;10:20;1;38;2;6;8;6;"45;1582400000";"5;7243000000"
202200016173;11;10;2022;12:00;1;29;2;9;1;6;"47;8170050000";" -4;3766520000"
202200016174;22;4;2022;05:28;5;37;2;2;1;2;"47;3975300000";"0;6994300000"
202200016175;4;10;2022;12:55;1;13;1;9;1;3;"43;8960790000";"4;7850720000"
202200016176;11;10;2022;17:35;1;03;2;1;2;6;"46;2864610000";"2;7297000000"
202200016177;22;4;2022;17:00;1;35;2;1;1;3;"48;0969013363";" -1;6332104802"
202200016178;12;10;2022;07:30;2;03;1;1;5;6;"46;5472550000";"3;3027970000"
202200016179;11;10;2022;19:00;2;01;1;2;1;1;"46;0817450000";"5;0704480000"
202200016180;11;10;2022;17:55;1;14;2;2;1;1;"49;0545800000";" -0;2151240000"
202200016181;10;10;2022;15:00;1;50;1;3;1;2;"49;3054230000";" -1;4278200000"
202200016182;12;10;2022;16:39;1;50;1;2;7;3;"49;6907070000";" -1;3590110000"
202200016183;27;9;2022;18:30;2;45;1;1;8;3;"47;7799220000";"1;8824490000"
202200016184;12;10;2022;18:20;2;64;2;2;1;3;"43;1680810000";" -1;2583320000"
202200016185;11;10;2022;18:30;2;16;1;1;1;3;"45;8446610000";"0;7899530000"
202200016186;12;10;2022;13:50;1;07;1;5;1;1;"44;7094675830";"4;7222489125"
202200016187;11;10;2022;16:40;1;53;2;6;1;1;"48;3025710000";" -0;6112000000"
202200016188;12;10;2022;07:35;2;53;1;1;1;7;"48;1401970000";" -1;0560860000"
202200016189;2;10;2022;12:10;1;21;2;2;1;3;"47;3109000000";"5;4096290000"
202200016190;10;10;2022;23:30;3;17;1;1;2;7;"46;0158000000";" -0;5159710000"
202200016191;12;10;2022;10:05;1;08;1;2;7;5;"49;3229868436";"4;7219109535"
202200016192;11;10;2022;07:30;2;08;1;1;1;1;"49;6925190000";"5;1866140000"
202200016193;11;10;2022;22:00;3;13;1;1;1;2;"43;5132960000";"5;4735200000"
202200016194;12;10;2022;17:55;1;68;1;1;1;4;"47;7177310000";"7;1413280000"
202200016195;11;10;2022;07:00;2;38;1;1;5;3;"45;1146510000";"6;0047280000"
202200016196;11;10;2022;16:35;1;971;1;3;1;2;"16;3027220000";" -61;3663350000"
202200016197;8;9;2022;12:00;1;77;2;1;2;3;"48;9039800000";"2;8797480000"
202200016198;16;9;2022;20:05;3;78;1;1;1;6;"48;5366700000";"1;8290950000"
202200016199;10;10;2022;19:47;3;34;1;5;1;3;"43;3870740000";"3;4199350000"
202200016200;4;7;2022;19:28;2;84;2;1;1;6;"44;2431250000";"4;7116400000"
202200016201;5;10;2022;10:45;1;83;1;1;1;2;"43;4023860000";"6;0988390000"
202200016202;11;10;2022;17:15;1;83;1;1;1;1;"43;6091250000";"6;8123980000"
202200016203;10;10;2022;17:45;1;26;1;3;1;3;"45;0317855760";"4;8678443457"
202200016204;11;10;2022;18:05;1;26;2;1;1;6;"45;0086960000";"4;9285380000"
202200016205;11;10;2022;14:17;1;86;1;1;1;7;"46;5697870000";"0;0206960000"
202200016206;7;10;2022;23:05;5;33;2;6;1;3;"44;8991620000";" -0;2122910000"
202200016207;5;10;2022;09:15;1;85;2;4;1;3;"46;6760457094";" -1;6124160703"
202200016208;9;10;2022;15:10;1;44;1;1;1;1;"47;1382880000";" -1;4213800000"
202200016209;11;10;2022;12:15;1;14;2;1;1;6;"48;8569080000";" -0;8801260000"
202200016210;12;10;2022;09:00;1;22;1;3;1;3;"48;4920940000";" -1;9207620000"
202200016211;11;10;2022;09:00;1;13;1;1;1;2;"43;3995952580";"5;3492407618"
202200016212;11;10;2022;08:00;1;13;1;1;1;3;"43;2850000000";"5;4250000000"
202200016213;10;10;2022;08:50;1;69;1;1;1;3;"45;7654500000";"4;7999300000"
202200016214;11;10;2022;07:30;2;69;1;1;1;5;"45;6395000000";"4;8248400000"
202200016215;10;10;2022;23:00;3;69;1;1;1;6;"45;6859900000";"4;8471100000"
202200016216;9;10;2022;04:50;3;59;1;1;1;5;"50;4203769837";"3;6336636543"
202200016217;8;10;2022;05:35;3;59;1;1;1;6;"50;3962966147";"3;1168435514"
202200016218;7;10;2022;15:20;1;59;1;1;1;2;"50;6178283432";"2;9794996977"
202200016219;6;10;2022;16:00;1;59;1;1;1;2;"50;6539319515";"3;1065747142"
202200016220;6;10;2022;15:50;1;59;1;1;1;4;"50;6513697525";"3;1026023626"
202200016221;11;10;2022;09:10;1;94;1;9;1;3;"48;7743600000";"2;3460400000"
202200016222;10;10;2022;23:55;5;94;1;1;1;1;"48;8153700000";"2;3364500000"
202200016223;11;10;2022;08:55;1;78;1;1;1;2;"48;7773760000";"2;2222100000"
202200016224;10;10;2022;21:40;3;78;1;1;1;3;"48;7878610000";"2;1441120000"
202200016225;10;10;2022;20:00;5;93;1;1;1;2;"48;9308700000";"2;3678400000"
202200016226;11;10;2022;06:40;3;94;1;1;1;3;"48;8269800000";"2;5128900000"
202200016227;10;10;2022;19:40;3;77;1;1;1;2;"48;8292000000";"2;7165200000"
202200016228;9;10;2022;02:05;3;94;1;1;1;4;"48;7760849626";"2;4295495219"
202200016229;13;4;2022;16:45;1;38;2;1;1;1;"45;5151500000";"4;8900200000"
202200016230;21;7;2022;08:33;1;38;1;1;1;5;"45;1640300000";"5;7016000000"
202200016231;8;10;2022;12:30;1;75;2;4;1;2;"48;8954681180";"2;3075419664"
202200016232;10;10;2022;13:20;1;75;2;1;1;2;"48;8781750000";"2;3721240000"
202200016233;10;10;2022;08:20;1;75;2;2;1;2;"48;8864670000";"2;2957770000"
202200016234;10;10;2022;10:20;1;75;2;1;1;3;"48;8650620000";"2;2724550000"
202200016235;9;10;2022;18:24;1;75;2;7;1;3;"48;8647040000";"2;3009420000"
202200016236;10;10;2022;11:30;1;75;2;3;1;3;"48;8205490000";"2;3374130000"
202200016237;10;10;2022;06:55;5;75;2;2;1;7;"48;8591060000";"2;3464400000"
202200016238;10;10;2022;02:45;5;75;2;7;1;6;"48;8592130000";"2;3621400000"
202200016239;9;10;2022;15:10;1;75;2;2;1;6;"48;8666960000";"2;3255750000"
202200016240;9;10;2022;13:35;1;75;2;4;1;6;"48;8644450000";"2;3426340000"
202200016241;7;10;2022;12:00;1;94;2;3;1;3;"48;8382500000";"2;4894280000"
202200016242;10;10;2022;12:00;1;94;2;1;1;3;"48;8143700000";"2;3598200000"
202200016243;10;10;2022;09:50;1;94;2;1;1;3;"48;7934500000";"2;3691300000"
202200016244;9;10;2022;22:40;5;94;2;9;1;1;"48;7678000000";"2;3760000000"
202200016245;10;10;2022;09:45;1;94;2;2;1;2;"48;8251300000";"2;5100100000"
202200016246;10;10;2022;06:50;3;94;2;1;1;2;"48;7276800000";"2;5467100000"
202200016247;10;10;2022;16:00;1;93;1;6;1;3;"48;9892000000";"2;5197700000"
202200016248;10;10;2022;15:00;1;93;2;1;1;2;"48;9775096515";"2;5169041873"
202200016249;10;10;2022;10:10;1;93;2;1;1;6;"48;9277700000";"2;3530900000"
202200016250;10;10;2022;14:00;1;93;2;3;1;6;"48;8882300000";"2;4599500000"
202200016251;10;10;2022;07:40;1;93;2;2;1;3;"48;8485600000";"2;5654900000"
202200016252;10;10;2022;13:20;1;93;2;6;1;3;"48;9178680297";"2;4177609104"
202200016253;10;10;2022;17:50;1;93;2;9;1;3;"48;9399570301";"2;4712124907"
202200016254;10;10;2022;09:00;1;92;2;2;1;7;"48;8254000000";"2;2158000000"
202200016255;6;10;2022;08:50;1;92;2;1;1;3;"48;8920219771";"2;2566902339"
202200016256;8;10;2022;16:10;1;92;2;1;1;4;"48;9153646382";"2;3149797320"
202200016257;11;10;2022;15:45;1;35;1;3;1;1;"47;9378230000";" -1;4614070000"
202200016258;10;10;2022;20:40;3;14;1;3;1;3;"48;9592690000";" -0;1170110000"
202200016259;11;10;2022;15:05;1;73;1;1;1;3;"45;7926109584";"5;8626155555"
202200016260;11;10;2022;09:06;1;28;1;1;1;6;"48;2784590000";"1;2029390000"
202200016261;13;9;2022;23:30;3;14;1;1;2;6;"48;9798194592";" -0;6412767470"
202200016262;7;10;2022;17:15;1;72;1;1;1;2;"47;9385000000";"0;3412300000"
202200016263;9;10;2022;23:20;3;34;1;1;2;6;"43;6474730000";"3;5463950000"
202200016264;11;10;2022;06:45;5;62;2;1;1;6;"50;7868860000";"2;1807750000"
202200016265;9;10;2022;03:40;4;95;2;1;1;6;"49;1269340299";"2;3701661825"
202200016266;19;9;2022;08:45;1;76;2;3;1;3;"49;5327317827";"0;9956462340"
202200016267;11;10;2022;14:53;1;82;1;2;1;2;"43;9578340000";"1;2866460000"
202200016268;10;10;2022;18:00;1;42;2;1;1;6;"45;9397030000";"4;2679360000"
202200016269;9;10;2022;14:25;1;41;1;1;1;3;"47;2508630000";"1;4278260000"
202200016270;11;10;2022;16:30;1;39;1;3;1;3;"46;6372440000";"5;6289510000"
202200016271;9;10;2022;00:45;3;44;1;1;1;1;"47;3753840000";" -2;3474370000"
202200016272;9;10;2022;06:25;3;35;1;1;1;1;"48;1907810000";" -2;0486930000"
202200016273;31;7;2022;16:43;1;29;1;1;8;6;"48;1641189537";" -3;6482992170"
202200016274;11;10;2022;17:05;1;29;1;6;7;6;"48;4980770000";" -4;4277460000"
202200016275;10;10;2022;07:00;2;14;1;1;1;1;"49;1687140000";" -0;4790000000"
202200016276;10;10;2022;11:15;1;60;1;1;1;3;"49;4408407950";"1;8539560971"
202200016277;11;10;2022;10:00;2;64;2;8;5;3;"43;2394990000";" -1;3086260000"
202200016278;10;10;2022;16:45;1;10;1;1;3;6;"48;0365440000";"4;6485040000"
202200016279;9;10;2022;03:00;3;36;1;1;1;6;"46;8958232064";"1;3849425316"