Accident_Id;jour;mois;an;hrmn;lum;dep;agg;int;atm;col;lat;long
202200016280;11;10;2022;18:10;3;24;1;1;2;6;"45;1037660000";"0;2217760000"
202200016281;10;10;2022;08:00;1;85;2;2;1;3;"46;7914700000";" -2;0613630000"
202200016282;10;10;2022;14:30;1;48;1;2;1;3;"44;7405110000";"3;3977470000"
202200016283;10;10;2022;15:10;1;52;2;1;1;6;"47;8045800000";"5;4352710000"
202200016284;10;10;2022;15:05;1;01;1;1;1;3;"46;1644310000";"5;2991940000"
202200016285;8;10;2022;19:00;5;987;2;1;1;3;" -17;5541750000";" -149;5883950000"
202200016286;29;9;2022;09:50;1;17;1;1;2;1;"45;2089640000";" -0;3681010000"
202200016287;2;10;2022;05:30;3;86;1;1;1;2;"46;9445620000";"0;5470230000"
202200016288;10;10;2022;20:52;3;38;1;1;1;5;"45;2681700000";"5;6283260000"
202200016289;10;10;2022;07:15;2;83;1;3;1;2;"43;1288210000";"6;0769680000"
202200016290;11;10;2022;16:25;1;06;2;1;1;1;"43;9477840000";"7;0075040000"
202200016291;21;8;2022;09:21;1;13;2;3;1;1;"43;4814690000";"5;1705050000"
202200016292;11;10;2022;16:15;1;71;2;1;1;1;"46;1969580000";"4;7578950000"
202200016293;9;10;2022;16:10;1;21;2;1;1;5;"47;2240420000";"5;0618650000"
202200016294;5;10;2022;16:57;2;67;2;6;1;3;"48;4477990000";"7;5494290000"
202200016295;10;10;2022;15:08;1;57;2;1;1;2;"49;1663320000";"6;9623820000"
202200016296;11;10;2022;08:40;1;38;1;1;1;3;"45;5965110000";"5;5358430000"
202200016297;10;10;2022;20:30;3;07;1;1;1;6;"44;6838200000";"4;2820070000"
202200016298;10;10;2022;07:50;2;79;2;1;1;6;"46;8302360000";" -0;4987890000"
202200016299;10;10;2022;17:55;2;16;2;1;1;3;"45;7011740000";"0;1816020000"
202200016300;3;10;2022;17:30;1;86;2;1;1;1;"46;6754020000";"0;4015480000"
202200016301;11;10;2022;08:05;2;64;1;1;9;7;"43;4819300000";" -1;4222100000"
202200016302;9;10;2022;18:40;1;50;1;1;1;1;"49;2975910000";" -1;1886640000"
202200016303;18;9;2022;19:35;2;56;1;1;1;7;"47;6517870000";" -2;8832140000"
202200016304;11;10;2022;08:40;2;76;1;1;7;2;"49;5344770000";"0;9240750000"
202200016305;9;10;2022;22:43;3;59;2;1;1;6;"50;5107202148";"3;1946504116"
202200016306;10;10;2022;17:00;1;83;1;1;1;2;"43;1973900713";"5;7611909382"
202200016307;10;10;2022;14:45;1;33;1;1;1;4;"44;8819000000";" -0;6241300000"
202200016308;9;10;2022;02:37;4;33;1;1;1;2;"44;8870000000";" -0;5704200000"
202200016309;6;10;2022;14:00;1;62;1;1;1;7;"50;4622690000";"2;9744090000"
202200016310;10;10;2022;17:10;1;94;1;1;1;6;"48;7828929028";"2;3471321325"
202200016311;10;10;2022;10:25;1;92;1;1;1;4;"48;7295420000";"2;3069390000"
202200016312;10;10;2022;07:45;1;91;1;1;1;2;"48;7478366855";"2;3272195931"
202200016313;10;10;2022;16:40;1;93;1;1;1;2;"48;9411800000";"2;4269100000"
202200016314;9;10;2022;22:30;3;95;1;1;1;2;"49;0184789544";"2;1405771375"
202200016315;14;10;2022;00:46;3;94;1;1;2;2;"48;8174509582";"2;4185959238"
202200016316;23;7;2022;15:40;1;69;2;2;1;6;"45;7495700000";"4;8841000000"
202200016317;16;11;2022;16:10;1;35;2;1;3;6;"48;1519995788";" -1;6849449277"
202200016318;16;11;2022;07:45;1;34;2;1;1;6;"43;6206400000";"3;8975200000"
202200016319;12;11;2022;17:30;2;34;1;1;1;2;"43;3484700000";"3;2522100000"
202200016320;16;11;2022;22:27;5;33;2;1;2;3;"44;8008725636";" -0;5952170491"
202200016321;16;11;2022;09:35;1;33;2;1;1;3;"44;8763000000";" -0;5226500000"
202200016322;16;11;2022;07:30;3;33;2;2;2;3;"44;7907339839";" -0;6572431326"
202200016323;15;11;2022;17:50;5;31;2;1;1;6;"43;5871370000";"1;3493600000"
202200016324;15;11;2022;21:55;5;29;2;1;3;3;"48;3850805863";" -4;4941808581"
202200016325;15;11;2022;20:20;5;29;2;3;2;1;"48;4132550000";" -4;4866540000"
202200016326;15;11;2022;18:00;5;27;2;3;2;3;"49;0867700000";"1;4803000000"
202200016327;16;11;2022;16:15;1;17;2;1;2;7;"45;7440900000";" -0;6521500000"
202200016328;15;11;2022;19:00;2;11;2;1;1;6;"43;1913000000";"3;0071000000"
202200016329;15;11;2022;16:10;1;11;2;1;1;6;"43;2142300000";"2;3686300000"
202200016330;16;11;2022;20:50;5;10;2;1;2;3;"48;2782223739";"4;0818688273"
202200016331;16;11;2022;15:50;1;10;2;1;1;1;"48;2835000000";"4;0567000000"
202200016332;16;11;2022;14:52;1;10;2;6;1;2;"48;3084366755";"4;0686267614"
202200016333;24;10;2022;08:20;1;06;2;3;1;6;"43;7698700000";"7;4922700000"
202200016334;29;10;2022;21:00;3;05;1;9;1;2;"44;5800500000";"6;0845400000"
202200016335;16;11;2022;20:25;5;04;2;9;1;6;"43;8254000000";"5;7878600000"
202200016336;14;11;2022;11:50;1;03;2;2;1;3;"46;1124420000";"3;4438820000"
202200016337;23;8;2022;09:23;1;69;2;3;1;3;"45;7697900000";"4;8779000000"
202200016338;22;5;2022;16:55;1;69;2;3;1;6;"45;7613800000";"4;8638500000"
202200016339;21;5;2022;03:10;5;69;1;2;1;3;"45;7452000000";"4;8418000000"
202200016340;20;5;2022;12:15;1;69;2;3;1;2;"45;7232233127";"4;8540760466"
202200016341;19;5;2022;08:20;1;69;2;1;1;6;"45;7265100000";"4;8747500000"
202200016342;15;5;2022;10:19;1;69;2;3;1;3;"45;7540200000";"4;8395900000"
202200016343;13;5;2022;16:20;1;69;2;2;1;3;"45;7486100000";"4;8838000000"
202200016344;12;5;2022;22:00;4;69;2;2;1;1;"45;7274560202";"4;8621127009"
202200016345;12;5;2022;13:10;1;69;2;2;1;3;"45;7434300000";"4;8653500000"
202200016346;14;8;2022;15:20;1;14;1;1;1;7;"49;0617373735";" -0;2954936028"
202200016347;7;11;2022;09:51;1;75;2;1;8;3;"48;8162800000";"2;3375730000"
202200016348;14;11;2022;18:55;5;75;2;1;1;6;"48;8350220000";"2;3581520000"
202200016349;16;11;2022;13:43;1;75;2;2;1;6;"48;8838560000";"2;3447600000"
202200016350;16;11;2022;17:40;5;75;2;4;3;6;"48;8789830000";"2;2927640000"
202200016351;16;11;2022;13:50;1;75;2;6;1;3;"48;8775090000";"2;2699030000"
202200016352;16;11;2022;08:12;1;75;2;3;8;6;"48;8351259865";"2;3037748039"
202200016353;16;11;2022;08:18;2;75;2;2;8;2;"48;8226440000";"2;3148330000"
202200016354;15;11;2022;13:25;1;75;2;2;2;6;"48;8320140000";"2;3274260000"
202200016355;16;11;2022;19:15;5;75;2;3;2;3;"48;8202350000";"2;3479640000"
202200016356;16;11;2022;17:20;5;75;2;2;2;3;"48;8215450000";"2;3724690000"
202200016357;16;11;2022;22:40;5;75;2;2;2;6;"48;8473420000";"2;3867720000"
202200016358;16;11;2022;10:10;1;75;2;2;1;2;"48;8590020000";"2;3398500000"
202200016359;16;11;2022;09:05;1;75;2;4;8;3;"48;8654810000";"2;3532290000"
202200016360;15;11;2022;10:20;1;75;2;2;2;3;"48;8539730000";"2;3647970000"
202200016361;16;11;2022;08:00;1;94;2;1;1;3;"48;8481620000";"2;4504300000"
202200016362;16;11;2022;19:50;5;94;2;6;2;3;"48;7703600000";"2;4466800000"
202200016363;16;11;2022;17:05;2;94;2;1;2;3;"48;8108900000";"2;4322600000"
202200016364;16;11;2022;17:40;5;94;2;1;2;6;"48;7912800000";"2;3536600000"
202200016365;16;11;2022;12:50;1;94;2;1;8;3;"48;8056600000";"2;3257400000"
202200016366;16;11;2022;11:05;1;94;2;7;2;3;"48;8524040000";"2;4629370000"
202200016367;16;11;2022;12:10;1;94;2;1;1;2;"48;7928800000";"2;5540000000"
202200016368;15;11;2022;19:40;5;94;2;2;2;6;"48;8179634688";"2;5390918110"
202200016369;29;7;2022;17:40;1;49;1;3;1;3;"47;3976140000";" -0;6155160000"
202200016370;15;11;2022;12:00;1;94;2;2;2;6;"48;8322600000";"2;5451500000"
202200016371;28;7;2022;17:25;1;42;2;1;1;3;"45;5868710000";"4;2496810000"
202200016372;28;7;2022;09:40;1;42;1;1;1;7;"45;7085770000";"3;8568020000"
202200016373;16;11;2022;19:00;5;94;2;3;3;6;"48;8190800000";"2;5088200000"
202200016374;28;7;2022;10:40;1;42;2;1;1;6;"45;7458600000";"4;0042910000"
202200016375;16;11;2022;17:20;3;94;1;1;3;7;"48;7277470000";"2;5298480000"
202200016376;29;7;2022;16:30;1;47;1;1;1;7;"44;1795150921";"0;2485370618"
202200016377;16;11;2022;12:15;1;94;2;6;1;3;"48;7615026216";"2;5332391262"
202200016378;29;7;2022;14:50;1;41;2;3;1;3;"47;2777230000";"1;5580190000"
202200016379;26;7;2022;14:45;1;86;1;1;1;6;"46;8913650000";"0;1641730000"
202200016380;16;11;2022;15:24;1;93;2;1;3;3;"48;9127544218";"2;3327144980"
202200016381;29;7;2022;19:25;1;44;1;2;1;3;"46;9795170000";" -1;7760620000"
202200016382;16;11;2022;17:05;5;93;2;2;2;6;"48;8433100000";"2;5469500000"
202200016383;29;7;2022;13:30;1;35;1;1;1;2;"48;1966420000";" -1;9402770000"
202200016384;16;11;2022;17:56;4;93;2;1;2;3;"48;8686700000";"2;5334700000"
202200016385;30;7;2022;06:45;2;29;1;1;1;6;"48;5204561000";" -3;9311310000"
202200016386;11;7;2022;07:35;1;31;2;1;1;1;"43;0842050000";"0;8969090000"
202200016387;16;11;2022;00:15;5;93;2;2;1;3;"48;8607080000";"2;4597730000"
202200016388;30;7;2022;09:30;1;02;1;1;1;7;"49;5669480000";"3;5697840000"
202200016389;16;11;2022;17:30;5;92;2;3;2;2;"48;8245487581";"2;2200751305"
202200016390;28;7;2022;18:15;1;06;2;1;1;3;"43;7259130000";"7;3959900000"
202200016391;15;11;2022;19:30;5;92;2;9;8;6;"48;8826800000";"2;1885800000"
202200016392;30;7;2022;16:30;1;05;1;4;1;3;"44;5349750000";"6;3919240000"
202200016393;14;11;2022;22:05;5;92;2;1;9;3;"48;8872600000";"2;1816600000"
202200016394;29;7;2022;20:00;1;50;1;1;1;7;"49;3253740000";" -1;4650650000"
202200016395;30;7;2022;07:00;1;60;1;1;1;6;"49;2865670000";"2;6022850000"
202200016396;16;11;2022;13:07;1;92;2;9;1;3;"48;8838220915";"2;2715587914"
202200016397;30;7;2022;11:00;1;64;2;3;1;3;"43;2347450000";" -1;2968910000"
202200016398;16;11;2022;08:50;1;92;2;2;1;3;"48;8857200000";"2;2010400000"
202200016399;16;11;2022;14:25;1;92;2;1;2;2;"48;8944200000";"2;2441600000"
202200016400;30;7;2022;07:20;1;43;1;1;1;1;"45;1588420000";"4;1307310000"
202200016401;15;11;2022;20:10;5;92;2;1;2;6;"48;9183170000";"2;2390400000"
202200016402;15;11;2022;12:20;1;92;2;2;1;2;"48;9030100000";"2;2834700000"
202200016403;30;7;2022;11:45;1;07;1;2;1;3;"44;9085960000";"4;6519370000"
202200016404;16;11;2022;20:50;5;92;2;1;2;6;"48;7531580069";"2;2988950610"
202200016405;29;7;2022;16:10;1;07;1;4;2;3;"44;4850170000";"4;2625020000"
202200016406;16;11;2022;08:05;1;92;2;1;8;4;"48;7397380092";"2;2785360217"
202200016407;30;7;2022;10:30;1;53;1;1;1;6;"48;0293200000";" -0;9920096390"
202200016408;16;11;2022;15:47;1;47;2;9;1;7;"44;6516500000";"0;5924680000"
202200016409;29;7;2022;17:00;1;40;2;1;1;6;"44;0274690000";" -0;9079970000"
202200016410;16;11;2022;09:30;1;67;1;1;8;7;"48;9219920000";"7;3459050000"
202200016411;29;7;2022;14:55;1;04;2;1;9;1;"44;0787220000";"5;9942220000"
202200016412;17;11;2022;19:30;5;33;1;1;1;6;"44;5930880000";" -0;0302070000"
202200016413;29;7;2022;19:55;1;27;2;1;1;1;"48;8908750000";"0;9266230000"
202200016414;17;11;2022;08:00;2;14;2;1;3;3;"49;0149000000";" -0;6391100000"
202200016415;30;7;2022;11:30;1;37;1;1;1;1;"47;0853300000";"1;0521070000"
202200016416;13;11;2022;15:50;1;62;2;2;7;3;"50;4750890000";"1;5928510000"
202200016417;3;7;2022;14:45;1;37;1;1;1;7;"47;1274400000";"1;1430930000"
202200016418;17;11;2022;12:58;1;50;1;1;3;7;"48;9836710000";" -0;9413360000"
202200016419;26;7;2022;09:45;1;37;2;5;1;3;"47;3490510000";"0;7009630000"
202200016420;16;11;2022;16:05;1;30;1;1;1;6;"44;2083960000";"4;5498150000"
202200016421;30;7;2022;09:30;1;48;1;1;1;1;"44;6155000000";"3;4781710000"
202200016422;15;11;2022;09:30;1;62;1;1;2;1;"50;5624510000";"2;5607370000"
202200016423;13;11;2022;16:40;1;19;2;1;1;6;"45;1707960000";"1;5723680000"
202200016424;28;7;2022;01:00;3;10;1;1;1;2;"48;2084019609";"4;2487907410"
202200016425;30;7;2022;14:00;1;45;1;1;1;2;"48;0388970000";"2;6721510000"
202200016426;16;11;2022;20:35;3;80;1;1;3;6;"49;8337200000";"1;7685840000"
202200016427;16;11;2022;17:30;2;11;1;1;1;6;"42;9716540000";"2;3862220000"
202200016428;30;7;2022;03:55;5;987;2;1;1;1;" -17;5840000000";" -149;5600000000"
202200016429;16;11;2022;16:26;1;11;2;1;1;6;"43;0508390000";"2;2179240000"
202200016430;29;7;2022;10:00;1;06;1;1;1;3;"43;6076960000";"7;0958050000"
202200016431;16;11;2022;07:51;2;55;1;1;2;6;"49;2306860000";"5;3614140000"
202200016432;30;7;2022;09:00;1;60;1;1;1;7;"49;2743557806";"2;6956948936"
202200016433;16;11;2022;07:30;2;49;2;1;2;3;"47;5452640000";" -0;6073430000"
202200016434;30;7;2022;03:00;5;987;2;1;1;6;" -23;3730000000";" -149;4630000000"
202200016435;30;7;2022;18:50;5;988;2;1;2;6;" -22;2336420000";"166;5648150000"
202200016436;16;11;2022;19:20;3;12;1;1;1;1;"44;4508000000";"2;4325970000"
202200016437;30;7;2022;08:10;1;978;2;1;1;1;"18;0583840000";" -63;1039790000"
202200016438;17;11;2022;14:00;1;42;1;1;2;1;"45;7998490000";"3;7370990000"
202200016439;30;7;2022;17:45;1;45;2;1;1;1;"47;7845000000";"2;4592210000"
202200016440;16;11;2022;16:00;1;47;1;1;2;1;"44;5970990000";"0;4198730000"
202200016441;17;11;2022;10:00;1;39;1;1;1;1;"47;0032610000";"5;8597250000"
202200016442;30;7;2022;07:50;1;66;1;1;1;7;"42;7851450000";"2;8304330000"
202200016443;13;11;2022;04:00;3;44;1;1;1;6;"47;3085830000";" -2;4299850000"
202200016444;30;7;2022;05:30;3;34;1;1;1;1;"43;4689770000";"3;6743310000"
202200016445;17;11;2022;15:30;1;38;2;1;2;6;"45;3985860000";"5;4669000000"
202200016446;30;7;2022;16:15;1;83;1;1;1;1;"43;3372510000";"6;6087430000"
202200016447;16;11;2022;13:00;1;58;2;1;1;6;"47;1006400000";"3;3394680000"
202200016448;16;11;2022;18:30;3;64;1;1;1;6;"43;0534300000";" -0;8810090000"
202200016449;22;7;2022;20:15;2;83;2;1;7;6;"43;3668156589";"6;7122387886"
202200016450;15;11;2022;21:30;3;07;1;1;3;7;"44;4109148520";"4;1489481927"
202200016451;29;7;2022;17:30;1;04;1;1;1;2;"44;4459140000";"6;7417480000"
202200016452;14;11;2022;12:55;1;40;1;1;2;5;"43;9767580000";" -0;2406480000"
202200016453;30;7;2022;16:28;1;71;1;1;1;7;"46;9299420000";"4;0486980000"
202200016454;17;11;2022;10:40;1;30;1;1;1;6;"43;9340300000";"4;3855400000"
202200016455;29;7;2022;17:30;1;71;1;1;1;7;"46;3570140000";"4;7374950000"
202200016456;17;11;2022;09:10;1;01;1;2;1;3;"45;9077490000";"4;8924860000"
202200016457;30;7;2022;09:30;1;68;2;2;1;6;"48;0182500000";"7;5302060000"
202200016458;17;11;2022;17:00;2;65;1;1;3;6;"43;1990820000";"0;1581670000"
202200016459;30;7;2022;10:45;1;88;2;3;1;3;"48;3025770000";"5;8334260000"
202200016460;12;11;2022;07:00;2;67;1;6;5;7;"48;5224030000";"7;6664190000"
202200016461;29;7;2022;11:45;1;88;2;1;1;1;"48;3540030000";"5;6844030000"
202200016462;29;7;2022;15:30;1;73;1;1;1;7;"45;4478590000";"6;6864250000"
202200016463;17;11;2022;14:45;1;42;1;1;1;2;"45;5904980000";"4;2111110000"
202200016464;30;7;2022;17:00;1;42;1;4;7;3;"45;5998070000";"3;9572880000"
202200016465;16;11;2022;17:30;2;38;1;1;1;4;"45;3241850000";"5;9514360000"
202200016466;30;7;2022;02:00;3;69;1;1;1;3;"45;8054730000";"4;6600540000"
202200016467;7;11;2022;18:34;3;73;1;1;1;6;"45;7421320000";"5;9262220000"
202200016468;29;7;2022;23:30;5;46;1;1;1;6;"44;5988940000";"2;0441010000"
202200016469;30;7;2022;00:20;3;85;1;1;1;6;"46;6255400000";" -1;5417700000"
202200016470;16;11;2022;23:38;3;21;1;1;2;2;"47;1222730000";"4;9662940000"
202200016471;28;7;2022;19:45;1;56;1;6;1;3;"48;0405620000";" -2;9492420000"
202200016472;16;11;2022;17:10;5;95;2;1;2;1;"49;0960930000";"2;5138930000"
202200016473;13;7;2022;13:10;5;76;2;6;1;3;"49;4028680000";"1;1665570000"
202200016474;15;11;2022;15:05;1;30;1;1;2;7;"44;3364000000";"3;9582910000"
202200016475;30;7;2022;15:15;1;60;2;1;1;3;"49;3197680000";"2;4488640000"
202200016476;30;7;2022;00:10;5;59;2;1;1;6;"50;4679490000";"3;2527460000"
202200016477;28;7;2022;14:26;1;42;1;9;7;2;"45;4782100000";"4;3529600000"
202200016478;29;7;2022;19:25;1;57;1;9;1;2;"49;4047200000";"6;1118000000"
202200016479;15;11;2022;18:10;2;04;1;1;1;4;"43;8566570000";"5;8311060000"
202200016480;17;11;2022;18:50;3;70;1;1;8;6;"47;5317880000";"5;5334030000"
202200016481;29;7;2022;11:00;1;91;1;1;1;2;"48;7488000000";"2;2147000000"
202200016482;28;7;2022;11:29;1;27;2;1;1;6;"49;0202000000";"1;1383000000"
202200016483;17;11;2022;15:45;1;89;1;1;1;1;"47;9528790000";"3;4600060000"
202200016484;27;7;2022;16:40;1;971;2;1;1;3;"16;2114980922";" -61;5007460117"
202200016485;3;11;2022;18:30;5;67;2;3;3;1;"48;3239250000";"7;6980150000"
202200016486;27;7;2022;10:10;1;27;2;9;1;6;"49;2150000000";"1;1670000000"
202200016487;16;11;2022;22:30;3;26;1;1;1;6;"45;0071860000";"4;8597120000"
202200016488;27;4;2022;21:48;3;84;2;3;1;3;"43;9482100000";"4;8111000000"
202200016489;17;11;2022;15:45;1;07;1;1;8;1;"44;5692760000";"4;5101340000"
202200016490;15;4;2022;09:30;1;26;2;6;1;2;"44;9398200000";"4;9160100000"
202200016491;17;11;2022;07:40;2;01;1;1;1;7;"45;8106750000";"5;2145790000"
202200016492;10;5;2022;11:48;1;33;1;1;1;2;"44;9930200000";" -0;4270900000"
202200016493;16;11;2022;18:05;5;69;2;1;1;3;"45;9002740000";"4;7009360000"
202200016494;28;7;2022;17:05;1;974;1;1;1;4;" -21;3415200000";"55;4958000000"
202200016495;12;11;2022;14:00;1;81;1;1;1;1;"43;6727817013";"1;8406069279"
202200016496;28;7;2022;10:00;1;974;2;3;1;6;" -21;2862600000";"55;4705500000"
202200016497;17;11;2022;09:00;1;80;1;1;1;6;"49;7559020000";"2;5835900000"
202200016498;27;7;2022;13:10;1;974;2;1;1;3;" -20;9252000000";"55;4944400000"
202200016499;27;7;2022;13:30;1;974;2;2;1;3;" -20;8823000000";"55;4526600000"
202200016500;28;7;2022;05:30;3;974;1;1;1;5;" -20;9492500000";"55;6538900000"
202200016501;11;11;2022;02:25;3;69;1;1;1;6;"45;7239283140";"4;9748244882"
202200016502;28;7;2022;15:05;1;973;1;1;1;3;"4;9043380654";" -52;3178708553"
202200016503;15;11;2022;22:10;3;01;1;1;2;6;"45;8304700000";"5;0281800000"
202200016504;28;7;2022;19:40;1;69;2;1;1;6;"45;7220911498";"4;8840381195"
202200016505;16;11;2022;12:25;1;33;1;1;1;6;"44;8835500000";" -0;5612500000"
202200016506;16;11;2022;08:50;1;33;1;1;2;7;"44;8818700000";" -0;5476200000"
202200016507;28;7;2022;18:30;1;69;2;2;1;3;"45;7396000000";"4;8657300000"
202200016508;16;11;2022;15:25;1;91;1;1;3;3;"48;6260500000";"2;3532100000"
202200016509;28;7;2022;13:05;1;69;1;9;1;3;"45;7371100000";"4;8503600000"
202200016510;16;11;2022;09:00;1;92;1;1;1;2;"48;8913250000";"2;2407690000"
202200016511;28;7;2022;11:40;1;69;2;2;1;7;"45;7491300000";"4;8535500000"
202200016512;16;11;2022;03:10;3;92;1;1;1;6;"48;9354217595";"2;2605830961"
202200016513;28;7;2022;14:20;1;972;2;1;1;3;"14;6253440522";" -60;9793379903"
202200016514;16;11;2022;10:45;1;93;1;1;1;6;"48;8876800000";"2;4726200000"
202200016515;27;7;2022;15:10;1;69;2;2;1;3;"45;7468648572";"4;8273481590"
202200016516;15;11;2022;23:30;3;93;1;1;8;3;"48;8645800000";"2;4150000000"
202200016517;28;7;2022;19:20;2;91;2;1;1;6;"48;6635200000";"2;4182600000"
202200016518;15;11;2022;22:30;3;93;1;1;1;6;"48;8875111248";"2;4748206139"
202200016519;28;7;2022;16:45;1;91;2;5;1;3;"48;6925400000";"2;4449000000"
202200016520;26;8;2022;21:55;3;14;2;1;1;6;"49;1400080000";"0;2061860000"
202200016521;28;7;2022;13:40;1;91;2;1;1;2;"48;7016500000";"2;3718100000"
202200016522;25;8;2022;01:10;5;14;2;9;1;6;"49;3480230000";"0;0817460000"
202200016523;27;7;2022;16:50;1;88;2;1;1;6;"48;1931300000";"6;4531600000"
202200016524;19;7;2022;15:50;1;83;2;1;1;2;"43;0932900000";"5;8433500000"
202200016525;23;7;2022;22:40;3;14;1;1;1;7;"49;3872500000";"0;1081300000"
202200016526;27;7;2022;14:15;1;83;2;1;1;6;"43;1368400000";"5;7596600000"
202200016527;7;9;2022;09:46;1;22;2;6;2;3;"48;7215900000";" -3;4811000000"
202200016528;22;10;2022;09:35;1;91;2;7;1;6;"48;7127800000";"2;3633600000"
202200016529;26;7;2022;17:45;1;83;1;1;7;5;"43;1271480000";"5;7861110000"
202200016530;15;11;2022;15:40;1;69;2;1;2;6;"45;8172400000";"4;8911800000"
202200016531;26;7;2022;16:50;1;83;2;1;1;3;"43;0925100000";"6;0770300000"
202200016532;27;7;2022;16:15;1;81;2;1;1;7;"43;9190900984";"2;1248298883"
202200016533;13;11;2022;00:04;5;66;2;3;1;6;"42;6948300000";"2;8893900000"
202200016534;10;11;2022;13:50;1;12;2;6;1;6;"44;5624441207";"2;2482419015"
202200016535;28;7;2022;09:05;1;77;2;1;1;2;"48;7705600000";"3;0414400000"
202200016536;15;11;2022;17:00;1;988;2;1;1;4;" -22;2351300000";"166;4435000000"
202200016537;27;7;2022;17:20;1;76;1;1;1;3;"49;9074300000";"1;1073700000"
202200016538;15;11;2022;13:00;1;988;2;2;1;3;" -22;2761500000";"166;4465700000"
202200016539;27;7;2022;09:00;1;74;2;3;1;3;"46;1975000000";"6;2671800000"
202200016540;27;7;2022;18:00;1;69;2;1;1;7;"45;9655300000";"4;7162800000"
202200016541;11;11;2022;04:40;2;987;1;1;1;3;" -17;5308000000";" -149;5631730000"
202200016542;15;11;2022;08:30;1;974;2;1;1;3;" -21;3255800000";"55;4877800000"
202200016543;27;7;2022;13:42;1;68;2;2;1;3;"48;0908390000";"7;3601250000"
202200016544;26;7;2022;17:45;1;67;1;1;1;6;"48;5981508171";"7;7997726202"
202200016545;14;11;2022;20:00;5;974;2;1;1;2;" -20;9055500000";"55;4785000000"
202200016546;28;7;2022;21:40;5;64;2;9;1;3;"43;3598215863";" -1;7755520910"
202200016547;14;11;2022;10:30;1;974;2;1;1;4;" -20;8854400000";"55;4689100000"
202200016548;28;7;2022;14:21;1;64;2;1;1;3;"43;3933900000";" -1;6873000000"
202200016549;15;11;2022;17:40;1;974;2;1;1;3;" -20;9593600000";"55;3149100000"
202200016550;28;7;2022;17:50;1;64;2;1;1;7;"43;3347400000";" -0;3659500000"
202200016551;26;7;2022;16:47;1;63;2;3;1;3;"45;7789900000";"3;0648600000"
202200016552;15;11;2022;11:00;1;973;2;3;1;5;"4;9311100000";" -52;3166900000"
202200016553;15;11;2022;08:02;1;973;2;1;2;6;"4;9339400000";" -52;3271200000"
202200016554;27;7;2022;12:00;1;63;2;1;1;6;"45;7744000000";"3;0628800000"
202200016555;28;7;2022;11:35;1;54;2;1;1;2;"48;6605514561";"6;1718219519"
202200016556;15;11;2022;07:40;2;69;2;2;8;3;"45;7466293661";"4;8681020737"
202200016557;15;11;2022;09:45;1;69;2;2;8;6;"45;7030200000";"4;8208700000"
202200016558;28;7;2022;16:22;1;51;2;1;1;7;"49;2532243430";"3;9772814512"
202200016559;9;11;2022;11:50;1;971;2;3;1;6;"16;2557400000";" -61;5156900000"
202200016560;26;7;2022;20:10;1;50;2;3;1;3;"49;6268000000";" -1;6342900000"
202200016561;15;11;2022;16:23;1;2A;1;1;3;2;"41;9402200000";"8;7442600000"
202200016562;28;7;2022;09:22;1;47;2;3;1;3;"44;1918950000";"0;5930030000"
202200016563;15;11;2022;07:10;2;2A;2;1;8;2;"41;9364808024";"8;7359090051"
202200016564;22;7;2022;13:10;1;42;1;1;1;6;"45;4375503272";"4;3902182579"
202200016565;27;7;2022;14:25;1;37;2;1;1;4;"47;4247700000";"0;6562000000"
202200016566;28;7;2022;17:30;1;35;1;6;1;3;"48;0783800000";" -1;6323000000"
202200016567;15;11;2022;08:00;1;91;2;1;1;3;"48;6544800000";"2;3129600000"
202200016568;15;11;2022;20:00;5;91;2;1;2;7;"48;7144900000";"2;4480500000"
202200016569;26;6;2022;20:10;1;34;2;1;1;2;"43;2754700000";"3;5022700000"
202200016570;15;11;2022;14:00;1;91;2;3;2;7;"48;7220330000";"2;5102740000"
202200016571;27;7;2022;19:00;1;33;2;1;1;6;"44;8648600000";" -0;6046000000"
202200016572;15;11;2022;21:00;5;91;2;3;2;2;"48;6889900000";"2;3710000000"
202200016573;28;7;2022;07:55;1;31;2;1;1;3;"43;6218100000";"1;4351900000"
202200016574;14;11;2022;18:03;5;87;2;1;2;6;"45;8380000000";"1;2588400000"
202200016575;27;7;2022;12:20;1;29;1;1;1;2;"47;8927008000";" -3;9150161100"
202200016576;23;7;2022;13:20;1;28;2;1;1;7;"48;4743280000";"1;4810610000"
202200016577;28;7;2022;14:00;1;26;2;1;7;2;"44;9199100000";"4;8783700000"
202200016578;10;11;2022;12:35;1;78;2;1;1;1;"48;9747400000";"1;8027000000"
202200016579;14;11;2022;17:40;5;77;2;1;1;6;"48;8717806499";"2;7282289401"
202200016580;14;11;2022;17:25;2;77;2;1;8;2;"48;8619067092";"2;6738713710"
202200016581;14;11;2022;15:00;1;77;1;1;1;1;"48;3000100000";"2;6789600000"
202200016582;28;7;2022;12:15;1;15;2;6;1;3;"44;9173020000";"2;4222850000"
202200016583;15;11;2022;18:20;5;76;2;6;2;6;"49;3095800000";"0;9954900000"