Accident_Id;jour;mois;an;hrmn;lum;dep;agg;int;atm;col;lat;long
202200016892;26;5;2022;05:00;2;67;1;6;1;7;"48;6645560000";"7;7605590000"
202200016893;13;1;2022;17:42;3;02;2;1;1;6;"49;1679780000";"3;2649160000"
202200016894;25;5;2022;06:59;1;67;2;2;1;3;"48;5244413728";"7;4911603332"
202200016895;12;1;2022;19:00;3;02;1;1;5;3;"49;8236360000";"3;2272550000"
202200016896;29;5;2022;10:45;1;88;1;1;1;3;"48;2965560000";"5;8567430000"
202200016897;2;2;2022;08:20;1;75;2;1;1;5;"48;8748430000";"2;2634940000"
202200016898;13;3;2022;21:35;5;988;2;3;1;3;" -22;2483400000";"166;4637700000"
202200016899;27;5;2022;14:40;1;54;2;2;1;3;"48;8444350000";"5;8434260000"
202200016900;2;2;2022;07:59;1;75;2;1;1;6;"48;8779810000";"2;2781450000"
202200016901;13;3;2022;18:00;1;974;2;1;8;2;" -21;3481200000";"55;4872100000"
202200016902;26;5;2022;18:15;1;54;1;1;1;7;"48;7440285574";"6;5400195116"
202200016903;13;3;2022;03:30;3;974;1;1;2;7;" -21;3246400000";"55;4892800000"
202200016904;27;5;2022;01:00;5;54;2;1;1;6;"48;7919480000";"6;1220870000"
202200016905;26;2;2022;18:50;5;974;2;1;1;1;" -20;9313300000";"55;6493000000"
202200016906;3;2;2022;08:15;1;75;2;4;1;3;"48;8383500000";"2;2939580000"
202200016907;13;3;2022;14:45;1;973;2;9;3;3;"4;9292193233";" -52;3024964333"
202200016908;27;5;2022;17:15;1;57;2;1;1;4;"49;0756960000";"7;0145230000"
202200016909;12;3;2022;15:42;1;69;2;2;1;3;"45;6994706497";"4;8666751385"
202200016910;3;2;2022;21:10;5;75;2;1;1;6;"48;8621360000";"2;3876510000"
202200016911;29;5;2022;05:20;2;03;1;1;1;6;"46;5268110000";"3;7638630000"
202200016912;13;3;2022;19:00;5;972;2;1;1;1;"14;6398900000";" -61;0416600000"
202200016913;26;5;2022;05:55;2;42;2;2;1;3;"45;7431460000";"4;2192920000"
202200016914;13;3;2022;22:14;5;69;2;2;8;3;"45;7546200000";"4;8301500000"
202200016915;25;5;2022;19:50;2;42;1;1;1;1;"45;5829970000";"4;4027170000"
202200016916;13;3;2022;21:24;5;69;2;1;2;4;"45;7787400000";"4;8411200000"
202200016917;2;2;2022;14:38;1;75;2;7;1;2;"48;8667780000";"2;3219930000"
202200016918;13;3;2022;05:05;5;69;2;1;1;7;"45;7533900000";"4;8226800000"
202200016919;27;5;2022;17:00;1;38;1;3;1;6;"45;3234420000";"4;8565150000"
202200016920;14;5;2022;11:40;1;38;2;6;1;6;"45;2122700000";"5;6556740000"
202200016921;27;5;2022;19:15;1;07;2;1;1;6;"44;3781800000";"4;6476670000"
202200016922;12;3;2022;00:36;5;69;2;2;1;3;"45;7662600000";"4;8287400000"
202200016923;13;3;2022;13:40;1;2B;2;1;2;2;"42;6796140000";"9;4386690000"
202200016924;26;5;2022;14:15;1;07;1;1;1;1;"44;4137500000";"4;6528920000"
202200016925;2;2;2022;13:00;1;75;2;1;1;3;"48;8523730000";"2;3081020000"
202200016926;26;5;2022;13:05;1;07;1;1;1;7;"44;3306630000";"4;5421170000"
202200016927;13;3;2022;18:15;1;91;2;2;2;3;"48;6877340000";"2;3409600000"
202200016928;27;5;2022;21:10;2;01;2;1;1;6;"45;8157220000";"4;9299700000"
202200016929;12;3;2022;16:20;1;91;2;2;8;1;"48;7142060000";"2;3902050000"
202200016930;2;2;2022;13:00;1;94;2;2;1;6;"48;8363600000";"2;4698600000"
202200016931;13;3;2022;14:45;1;91;2;1;2;6;"48;6847000000";"2;3817500000"
202200016932;26;5;2022;11:00;1;01;1;1;7;2;"45;9859590000";"5;5623220000"
202200016933;13;3;2022;03:15;3;88;1;9;2;7;"48;3137700000";"6;9631200000"
202200016934;29;5;2022;12:10;1;69;2;1;1;3;"45;8746080000";"4;6465300000"
202200016935;1;2;2022;09:50;1;94;2;1;2;5;"48;8201400000";"2;4690900000"
202200016936;11;2;2022;11:10;1;83;2;1;1;3;"43;4252499322";"6;7688065320"
202200016937;28;5;2022;17:10;1;69;2;9;1;3;"45;6102210000";"4;8392420000"
202200016938;3;2;2022;07:00;2;93;2;1;1;2;"48;9575256361";"2;3826786876"
202200016939;28;5;2022;12:45;1;69;1;1;1;1;"45;7471470000";"4;6621940000"
202200016940;12;3;2022;15:10;1;77;2;1;1;3;"48;8415900000";"2;6620800000"
202200016941;27;5;2022;13:50;1;69;2;6;7;3;"45;7466700000";"4;7034500000"
202200016942;3;2;2022;08:50;1;93;2;1;1;2;"48;9393780830";"2;5383782387"
202200016943;13;3;2022;04:25;3;77;1;6;1;6;"48;4517581204";"2;6235918402"
202200016944;28;5;2022;14:30;1;46;1;1;1;6;"44;6738020000";"2;0461080000"
202200016945;28;5;2022;05:42;2;31;1;1;1;6;"43;4238730000";"1;3611940000"
202200016946;13;3;2022;06:45;2;76;2;1;2;1;"49;4354800000";"1;1456900000"
202200016947;28;5;2022;15:15;1;86;2;1;1;6;"46;7118320000";"0;3855430000"
202200016948;12;3;2022;20:40;3;74;1;1;1;1;"46;1678000000";"6;2687000000"
202200016949;28;5;2022;20:00;2;33;1;1;7;6;"44;8364410000";" -0;3484510000"
202200016950;3;2;2022;14:50;1;93;2;1;1;3;"48;8663500000";"2;5278300000"
202200016951;29;5;2022;04:20;3;33;1;1;1;6;"45;3291600000";" -0;9702730000"
202200016952;12;3;2022;16:00;1;69;2;3;8;6;"45;9946000000";"4;7151500000"
202200016953;2;2;2022;14:00;1;93;2;1;1;3;"48;8791222269";"2;4136009812"
202200016954;19;12;2022;09:50;1;69;2;1;1;3;"45;7620900000";"4;8511500000"
202200016955;11;3;2022;12:25;1;67;1;3;1;7;"48;8021200000";"7;8346600000"
202200016956;28;5;2022;00:49;5;33;2;2;1;3;"45;0899684997";" -0;4190321267"
202200016957;3;2;2022;18:30;5;93;2;2;1;2;"48;9500700000";"2;3285500000"
202200016958;13;3;2022;12:50;1;62;2;1;1;6;"50;4486730000";"2;5432790000"
202200016959;18;12;2022;19:45;5;69;2;2;1;3;"45;7545200000";"4;8665300000"
202200016960;18;5;2022;16:20;1;85;1;1;1;7;"46;7075850000";" -1;5154105000"
202200016961;3;2;2022;13:03;1;93;2;3;1;3;"48;9321699227";"2;4134060740"
202200016962;13;3;2022;16:00;1;59;2;2;1;3;"50;6753265241";"3;2024422288"
202200016963;28;5;2022;20:50;1;53;2;1;1;6;"48;0197800000";" -0;8729290000"
202200016964;18;12;2022;18:40;5;69;2;2;1;3;"45;7490900000";"4;8361000000"
202200016965;3;2;2022;20:00;5;93;2;9;2;6;"48;9029207353";"2;5764897466"
202200016966;17;12;2022;09:30;1;69;2;2;1;6;"45;7295400000";"4;8676200000"
202200016967;3;2;2022;12:30;1;93;2;1;1;1;"48;9111131140";"2;3738525945"
202200016968;24;5;2022;10:30;1;56;2;1;1;6;"48;0631430000";" -2;9659370000"
202200016969;11;3;2022;20:15;2;59;2;5;2;3;"50;2817001404";"3;9528840780"
202200016970;20;12;2022;07:08;1;972;2;1;1;3;"14;6204200000";" -60;9928200000"
202200016971;3;2;2022;08:30;1;93;2;3;1;6;"48;9086081241";"2;3326338199"
202200016972;18;12;2022;05:20;5;972;1;1;1;6;"14;6070000000";" -61;0041100000"
202200016973;13;3;2022;07:19;1;49;2;1;2;7;"47;4257100000";" -0;5128300000"
202200016974;30;4;2022;15:15;1;35;1;1;1;6;"47;8849980000";" -1;6174520000"
202200016975;1;2;2022;16:05;1;92;2;1;8;3;"48;8423249052";"2;1989999413"
202200016976;19;12;2022;07:30;1;972;1;1;1;6;"14;6120700000";" -61;0600300000"
202200016977;13;3;2022;20:03;3;45;1;1;2;3;"47;9483855280";"1;8648837805"
202200016978;3;2;2022;07:40;2;92;2;1;1;6;"48;8789010560";"2;1862656176"
202200016979;29;5;2022;01:10;5;974;2;5;1;3;" -20;8910000000";"55;4550000000"
202200016980;18;12;2022;21:10;5;972;1;1;1;6;"14;6090400000";" -61;0557200000"
202200016981;3;2;2022;19:15;5;92;2;5;1;6;"48;8982100000";"2;2201400000"
202200016982;18;12;2022;07:13;4;69;2;1;1;1;"45;7883100000";"4;8082200000"
202200016983;28;5;2022;05:30;5;974;2;1;1;7;" -20;8863400000";"55;4833500000"
202200016984;12;3;2022;15:50;1;37;2;1;1;5;"47;3950700000";"0;6850200000"
202200016985;21;12;2022;09:35;1;2B;2;1;1;3;"42;6822000000";"9;4373900000"
202200016986;3;2;2022;16:50;1;92;2;2;1;3;"48;9013300000";"2;3152100000"
202200016987;13;3;2022;17:50;1;35;2;1;2;3;"48;1484100000";" -1;6565900000"
202200016988;28;5;2022;11:50;1;973;1;9;1;3;"4;8970500000";" -52;3282700000"
202200016989;19;12;2022;19:30;5;2B;2;2;1;3;"42;6994900000";"9;4498600000"
202200016990;13;3;2022;02:30;5;33;2;2;1;3;"44;8646500000";" -0;5637800000"
202200016991;19;12;2022;19:10;5;2B;1;6;1;2;"42;5957000000";"9;4387000000"
202200016992;3;2;2022;16:20;1;26;2;4;1;3;"44;5160470000";"4;8605170000"
202200016993;19;12;2022;09:05;1;2B;2;1;1;1;"42;6711500000";"9;4420800000"
202200016994;12;3;2022;10:15;1;33;2;2;1;3;"44;8274432173";" -0;5757723749"
202200016995;27;5;2022;16:20;1;973;2;1;1;3;"4;9142800000";" -52;3208300000"
202200016996;3;2;2022;17:10;1;40;1;1;1;1;"43;6574750000";" -1;3455780000"
202200016997;13;3;2022;03:00;5;33;2;1;1;7;"44;6562100000";" -1;1767800000"
202200016998;17;12;2022;09:58;1;2B;2;1;1;6;"42;7069700000";"9;4529200000"
202200016999;4;2;2022;00:40;3;77;1;1;1;2;"48;8937290771";"2;9078241075"
202200017000;28;5;2022;17:05;1;69;2;2;1;6;"45;7450900000";"4;8662100000"
202200017001;4;2;2022;06:25;3;13;1;1;5;1;"43;4078840000";"4;8197840000"
202200017002;12;3;2022;16:00;1;31;1;9;1;5;"43;5883200000";"1;4006800000"
202200017003;20;12;2022;08:00;1;971;2;3;1;2;"16;2506598519";" -61;5200686455"
202200017004;4;2;2022;17:00;1;974;2;1;1;6;" -21;3325490000";"55;6429410000"
202200017005;12;3;2022;18:00;1;31;1;1;1;1;"43;0900500000";"0;7294700000"
202200017006;27;5;2022;17:30;1;69;2;1;1;6;"45;7598420706";"4;8522761272"
202200017007;21;12;2022;13:37;1;2A;2;4;2;3;"41;9166800000";"8;7317200000"
202200017008;3;2;2022;23:45;3;52;1;1;2;6;"47;9787590000";"5;1345760000"
202200017009;12;3;2022;17:35;1;30;2;1;1;3;"44;1339042076";"4;1057009697"
202200017010;1;2;2022;12:30;1;79;2;1;1;6;"46;0994090000";" -0;0473030000"
202200017011;17;12;2022;01:05;5;2A;2;2;1;3;"41;9186251397";"8;7369493246"
202200017012;28;5;2022;00:24;5;69;2;3;1;3;"45;7267300000";"4;8317900000"
202200017013;13;3;2022;19:50;5;29;2;1;2;6;"48;3841050000";" -4;5168810000"
202200017014;18;12;2022;19:30;5;95;2;1;2;6;"48;9961236440";"2;3502266407"
202200017015;12;3;2022;20:07;5;29;2;6;2;6;"48;3831700000";" -4;4859600000"
202200017016;15;12;2022;22:15;3;95;1;1;5;2;"48;9746491597";"2;4600255489"
202200017017;30;1;2022;09:30;1;974;2;2;1;3;" -21;1995720000";"55;3286770000"
202200017018;13;3;2022;17:40;2;70;2;1;1;6;"47;5752121406";"6;7553126737"
202200017019;31;1;2022;23:05;3;83;1;1;1;6;"43;4124750000";"5;9088740000"
202200017020;27;5;2022;15:30;1;69;2;2;1;3;"45;7026833486";"4;8702384531"
202200017021;3;2;2022;11:00;1;59;1;1;8;1;"50;1251150000";"3;6708770000"
202200017022;13;3;2022;22:00;5;13;2;1;2;3;"43;3594109707";"5;3649491260"
202200017023;4;2;2022;07:15;3;79;1;1;5;1;"46;4535000000";" -0;3822260000"
202200017024;27;5;2022;11:30;1;69;2;3;1;2;"45;6949500000";"4;8910400000"
202200017025;2;2;2022;10:50;1;2B;2;1;1;6;"42;5595923555";"8;7567043297"
202200017026;14;3;2022;00:15;5;13;1;1;2;6;"43;5636786122";"5;4617485010"
202200017027;21;12;2022;09:45;1;91;2;1;8;1;"48;6474800000";"2;3754900000"
202200017028;14;3;2022;01:35;3;09;1;1;1;6;"43;0950300000";"1;6333000000"
202200017029;4;2;2022;16:30;1;2B;1;1;1;4;"42;3976247230";"9;5308488620"
202200017030;19;12;2022;17:35;5;91;2;1;1;3;"48;6632300000";"2;3584200000"
202200017031;26;5;2022;17:50;1;69;2;3;1;3;"45;7764400000";"4;8447400000"
202200017032;13;3;2022;15:50;1;06;2;1;2;6;"43;6502200000";"6;9220000000"
202200017033;4;2;2022;09:00;1;69;1;1;8;6;"46;2303520991";"4;6898226142"
202200017034;3;2;2022;19:10;5;89;2;1;1;6;"48;3342310000";"3;0884420000"
202200017035;18;12;2022;03:20;5;91;2;4;9;6;"48;6594600000";"2;3729000000"
202200017036;13;3;2022;19:30;3;01;1;1;3;7;"46;2365420000";"5;2284810000"
202200017037;28;5;2022;16:15;1;972;1;1;2;6;"14;6667200000";" -60;9949500000"
202200017038;20;1;2022;11:00;1;29;2;1;1;6;"48;3471320000";" -4;7041970000"
202200017039;20;12;2022;11:45;1;91;2;1;2;2;"48;4495900000";"2;1584300000"
202200017040;4;2;2022;16:55;1;29;2;1;1;6;"48;0420820000";" -4;4939120000"
202200017041;28;5;2022;12:40;1;972;1;1;2;3;"14;5939500000";" -60;9839900000"
202200017042;12;3;2022;23:12;5;75;2;2;2;6;"48;8700878490";"2;3066434264"
202200017043;18;12;2022;10:50;1;88;2;1;1;6;"48;1598700000";"6;4511100000"
202200017044;26;5;2022;17:00;1;972;2;1;1;2;"14;6202900000";" -61;0213800000"
202200017045;3;2;2022;08:10;1;38;1;1;1;1;"45;3915509227";"5;1214025988"
202200017046;13;3;2022;18:55;2;75;2;2;2;3;"48;8514020000";"2;3431850000"
202200017047;21;12;2022;07:56;5;87;2;2;2;3;"45;8397800000";"1;2360500000"
202200017048;4;2;2022;13:30;1;03;1;1;1;6;"46;3285430000";"2;7401880000"
202200017049;26;1;2022;15:20;1;03;1;6;5;6;"46;3324100000";"2;7162840000"
202200017050;28;5;2022;22:00;5;69;2;6;1;3;"45;7660300000";"4;8560100000"
202200017051;20;12;2022;16:02;1;87;1;3;2;2;"45;9022700000";"1;2297500000"
202200017052;19;1;2022;17:30;5;01;2;1;1;6;"45;7605620000";"5;6884420000"
202200017053;12;3;2022;22:40;5;75;2;4;2;3;"48;8518740000";"2;3286600000"
202200017054;28;5;2022;06:45;1;69;2;1;1;2;"45;7820000000";"4;8435700000"
202200017055;17;12;2022;19:28;5;87;2;2;1;3;"45;8526800000";"1;2495700000"
202200017056;4;2;2022;20:10;3;26;2;1;1;2;"44;2385350000";"5;1851820000"
202200017057;13;3;2022;19:00;2;75;2;2;1;3;"48;8591410000";"2;4021240000"
202200017058;16;12;2022;17:32;5;87;2;2;1;3;"45;8388900000";"1;2665500000"
202200017059;3;2;2022;12:10;1;66;2;3;7;6;"42;4865970000";"2;7500900000"
202200017060;27;5;2022;21:00;2;69;2;1;1;2;"45;7863860182";"4;8113979371"
202200017061;13;3;2022;08:30;1;75;2;1;1;6;"48;8748410000";"2;4030300000"
202200017062;3;2;2022;17:30;1;66;2;1;1;6;"42;4585750000";"2;6365100000"
202200017063;20;12;2022;07:20;2;83;2;1;2;6;"43;1653200000";"5;9375000000"
202200017064;27;5;2022;17:00;1;2B;2;9;1;3;"42;6218100000";"9;4368600000"
202200017065;13;3;2022;03:20;5;75;2;2;1;2;"48;8830120000";"2;3855480000"
202200017066;14;12;2022;12:15;1;83;2;1;1;6;"43;4278200000";"6;7663400000"
202200017067;3;2;2022;11:45;1;83;1;1;1;6;"43;6446950000";"6;1845370000"
202200017068;26;5;2022;14:50;1;971;1;1;1;2;"16;2534400000";" -61;5478300000"
202200017069;13;3;2022;13:00;1;75;2;3;2;6;"48;8929220000";"2;3270200000"
202200017070;29;1;2022;16:20;1;36;1;1;1;7;"46;4766670000";"1;7416010000"
202200017071;17;12;2022;20:35;5;82;2;1;1;1;"44;0391500000";"1;1117900000"
202200017072;3;2;2022;18:00;3;85;2;3;2;3;"46;7961400000";" -1;1583800000"
202200017073;17;12;2022;20:25;5;81;2;1;1;2;"43;5060100000";"2;3790800000"
202200017074;22;5;2022;23:20;5;971;1;1;1;3;"16;2078900000";" -61;4530400000"
202200017075;12;3;2022;21:15;5;75;2;2;2;3;"48;8923339099";"2;3010912538"
202200017076;16;12;2022;21:00;3;79;1;1;1;1;"46;3373400000";" -0;4626500000"
202200017077;3;2;2022;09:30;1;30;1;1;1;5;"43;8509010000";"4;1512660000"
202200017078;28;5;2022;22:25;5;2A;2;9;1;3;"41;9280900000";"8;7386600000"
202200017079;13;3;2022;03:25;5;75;2;7;2;6;"48;8646250000";"2;2937090000"
202200017080;16;1;2022;04:25;5;26;2;4;5;6;"45;2584180000";"4;8230110000"
202200017081;2;2;2022;18:34;5;67;2;1;2;6;"48;6529470374";"7;7510046959"
202200017082;13;3;2022;16:20;1;75;2;3;2;1;"48;8462240000";"2;2794120000"
202200017083;27;5;2022;08:50;1;95;2;1;8;3;"48;9888022366";"2;2967192531"
202200017084;4;2;2022;15:55;1;973;2;9;1;3;"4;9063140000";" -52;2730240000"
202200017085;13;3;2022;18:05;1;75;2;2;2;7;"48;8337040000";"2;3824670000"
202200017086;19;12;2022;18:30;5;78;1;6;9;2;"48;9594410000";"1;8407340000"
202200017087;4;2;2022;15:15;1;973;2;1;1;3;"4;9073960000";" -52;2678590000"
202200017088;13;3;2022;12:40;1;75;2;2;2;3;"48;8481440000";"2;3991170000"
202200017089;17;12;2022;17:20;5;78;2;4;1;3;"48;9612070000";"1;8501620000"
202200017090;28;5;2022;21:25;2;91;2;2;1;1;"48;5872820000";"2;2486850000"
202200017091;3;2;2022;14:00;1;06;1;1;1;2;"43;5932950000";"7;0389530000"
202200017092;13;3;2022;05:05;5;75;2;3;8;4;"48;8710810000";"2;3035020000"
202200017093;21;12;2022;09:35;1;78;2;5;8;6;"48;9867200000";"1;6804800000"
202200017094;27;5;2022;04:50;3;91;1;1;1;7;"48;7110200000";"2;4417100000"
202200017095;13;3;2022;18:15;2;94;2;1;2;1;"48;7495900000";"2;4103600000"
202200017096;3;2;2022;20:30;5;84;2;4;1;1;"43;9540700000";"4;8583120000"
202200017097;26;5;2022;18:00;1;91;2;9;1;3;"48;6947000000";"2;5024000000"
202200017098;13;3;2022;14:10;1;93;2;2;2;6;"48;9231800000";"2;3700500000"
202200017099;3;2;2022;11:30;1;83;2;3;1;1;"43;4527670000";"6;6907540000"
202200017100;26;5;2022;08:45;1;91;1;1;1;7;"48;4723200000";"2;1374100000"
202200017101;13;3;2022;08:30;1;92;2;9;1;3;"48;8241009736";"2;2982061356"
202200017102;4;2;2022;07:30;1;55;1;1;8;1;"48;8095730267";"5;2050857971"
202200017103;16;12;2022;18:00;5;77;2;3;1;6;"48;7906090000";"2;6133890000"
202200017104;2;2;2022;18:15;5;74;2;3;1;6;"46;0606880000";"6;3085130000"
202200017105;13;3;2022;00:20;5;92;2;3;2;1;"48;7792404774";"2;2284915671"
202200017106;4;2;2022;10:30;1;81;2;2;1;3;"43;7694360000";"1;9986530000"
202200017107;8;3;2022;18:15;1;71;1;1;1;2;"46;2690050000";"4;7885370000"
202200017108;19;12;2022;14:00;1;77;2;6;1;3;"48;8990400000";"2;7133800000"
202200017109;13;3;2022;20:15;3;84;1;1;3;7;"44;1697240000";"4;9544150000"
202200017110;2;2;2022;16:50;1;33;1;1;1;6;"44;9238750000";" -0;2155210000"
202200017111;20;12;2022;17:40;5;77;2;1;2;6;"48;4022000000";"2;6968800000"
202200017112;14;3;2022;19:20;3;59;1;3;1;3;"50;9783110000";"2;3601130000"
202200017113;27;1;2022;19:30;3;14;1;2;2;3;"48;8787010000";" -0;2305200000"
202200017114;14;3;2022;10:30;1;23;1;1;7;1;"46;2902570000";"1;5965370000"
202200017115;28;5;2022;17:35;1;83;2;1;1;3;"43;1227600000";"5;9458500000"
202200017116;14;3;2022;06:30;2;87;1;1;9;7;"45;8125590000";"1;0791490000"
202200017117;17;12;2022;18:50;3;77;1;1;1;5;"48;8336100000";"3;0009700000"
202200017118;3;2;2022;17:15;1;22;2;2;1;5;"48;5534860000";" -3;1669060000"
202200017119;27;5;2022;14:20;1;83;2;9;1;2;"43;1085600000";"5;9596500000"
202200017120;6;3;2022;00:50;3;44;1;1;1;7;"47;1572310000";" -1;4131760000"
202200017121;18;12;2022;16:10;1;76;2;2;3;6;"49;4403000000";"1;1022000000"
202200017122;2;2;2022;22:15;5;27;2;3;1;3;"49;2458520000";"1;4138780000"
202200017123;12;3;2022;11:00;1;51;1;6;1;3;"49;2519800000";"3;9237710000"
202200017124;14;5;2022;18:40;1;83;2;1;1;3;"43;1349500000";"5;7948000000"
202200017125;17;12;2022;16:10;1;76;2;3;1;6;"49;5137100000";"0;1748500000"
202200017126;13;3;2022;13:00;1;69;2;1;1;6;"46;0022271180";"4;4457989937"
202200017127;2;2;2022;15:00;1;60;2;2;1;3;"49;3579980953";"2;7551522254"
202200017128;10;3;2022;22:44;5;69;2;1;1;1;"45;8150570000";"4;8667070000"
202200017129;3;2;2022;17:00;1;59;2;3;2;6;"50;8095760000";"2;6795270000"
202200017130;17;5;2022;08:50;1;83;2;9;1;3;"43;4337400000";"6;7739700000"
202200017131;13;3;2022;17:40;2;89;2;1;2;1;"48;3416414182";"3;0763944983"
202200017132;16;12;2022;17:55;3;76;2;1;1;6;"49;5063310000";"0;1417500000"
202200017133;3;2;2022;08:08;1;13;1;1;1;1;"43;2840996229";"5;5936224048"
202200017134;21;5;2022;14:55;1;83;1;9;1;2;"43;4923470000";"6;4855910000"
202200017135;14;3;2022;14:00;1;89;1;1;1;3;"47;9920110000";"3;7343110000"
202200017136;18;12;2022;17:50;5;76;2;3;2;6;"49;5146500000";"0;1536500000"
202200017137;3;2;2022;17:55;2;91;1;1;1;3;"48;6794900000";"2;3334200000"
202200017138;14;3;2022;11:45;1;61;1;3;1;2;"48;7575400000";"0;6939840000"
202200017139;20;12;2022;11:10;1;76;2;9;2;6;"49;9100000000";"1;0780000000"
202200017140;3;2;2022;09:50;1;94;1;1;1;5;"48;7617700000";"2;3452100000"
202200017141;28;5;2022;10:20;1;81;2;6;1;2;"43;9268000000";"2;1535400000"
202200017142;14;3;2022;18:25;1;25;1;3;1;3;"47;2377530000";"6;4447690000"
202200017143;16;12;2022;16:05;1;76;1;9;8;3;"49;9071700000";"1;1059600000"
202200017144;3;2;2022;06:50;3;91;1;1;1;3;"48;6209500000";"2;4616400000"
202200017145;13;3;2022;16:10;1;31;1;1;1;6;"43;2352610000";"0;7449250000"
202200017146;28;5;2022;14:40;1;79;2;1;1;2;"46;3162600000";" -0;4768300000"
202200017147;13;3;2022;17:45;1;01;1;1;3;7;"46;1473950000";"5;3118470000"
202200017148;2;2;2022;22:45;3;91;1;1;1;2;"48;5677600000";"2;4721300000"
202200017149;19;12;2022;15:00;1;74;2;4;1;2;"46;1865800000";"6;2478400000"
202200017150;26;5;2022;18:55;1;78;2;1;1;6;"48;9011800000";"2;1068800000"
202200017151;13;3;2022;20:45;3;70;1;1;3;2;"47;3633190000";"6;0398200000"
202200017152;2;2;2022;12:50;1;78;1;1;1;2;"48;7967440000";"2;0260860000"
202200017153;3;3;2022;23:00;3;26;2;4;1;6;"44;2859793558";"4;8359665275"
202200017154;27;5;2022;17:35;1;78;2;1;1;2;"49;0033830000";"1;9066700000"
202200017155;3;2;2022;13:30;1;77;1;1;1;2;"48;7824478757";"2;6161280087"
202200017156;6;9;2022;19:50;2;67;2;1;1;3;"48;5807500000";"7;7373700000"
202200017157;12;3;2022;16:40;1;64;1;1;1;6;"43;1115730000";" -0;2620410000"
202200017158;21;12;2022;23:00;3;73;1;4;2;3;"45;5681600000";"5;9407300000"
202200017159;2;2;2022;12:35;1;94;1;1;1;4;"48;7609888888";"2;3826099002"
202200017160;25;5;2022;15:00;1;77;1;1;1;1;"48;8408500000";"2;5963700000"
202200017161;6;9;2022;08:45;1;67;2;3;1;3;"48;5707500000";"7;7697500000"
202200017162;2;2;2022;14:40;1;44;2;1;1;6;"47;2440900000";" -1;5753700000"
202200017163;13;3;2022;18:45;3;88;1;1;2;3;"48;0986400000";"5;7371380000"
202200017164;20;12;2022;18:40;5;72;2;1;3;2;"47;9794900000";"0;1979200000"
202200017165;27;5;2022;23:10;5;77;1;2;1;3;"48;6247400000";"2;5664800000"
202200017166;6;9;2022;16:52;1;66;1;1;1;4;"42;7269600000";"2;8997800000"
202200017167;31;1;2022;08:38;1;05;2;1;1;6;"44;5596800000";"6;0757900000"
202200017168;13;3;2022;17:15;1;34;1;1;3;6;"43;3030550000";"3;2206790000"
202200017169;16;12;2022;13:58;1;72;2;1;1;3;"47;9733600000";"0;2230190000"
202200017170;28;5;2022;22:15;5;77;2;1;1;6;"48;3999500000";"2;7133400000"
202200017171;6;9;2022;08:04;1;66;2;1;1;3;"42;7176028111";"2;8874368966"
202200017172;13;1;2022;14:12;1;91;2;1;1;6;"48;6016430000";"2;4699870000"
202200017173;14;3;2022;12:45;1;51;1;1;1;7;"49;0270600000";"4;5087800000"
202200017174;13;12;2022;15:00;1;71;2;3;1;3;"46;7891200000";"4;4357300000"
202200017175;27;5;2022;04:53;5;76;1;1;1;6;"49;4493000000";"1;0628500000"
202200017176;14;3;2022;05:36;2;988;1;1;1;6;" -21;4209870000";"165;2632090000"
202200017177;1;2;2022;09:55;1;973;2;1;2;7;"4;9386907392";" -52;3267221451"
202200017178;3;9;2022;11:56;1;66;1;6;1;6;"42;6582228249";"2;8846675158"
202200017179;21;12;2022;18:10;5;69;2;3;1;3;"45;8132400000";"4;8934500000"
202200017180;31;1;2022;10:50;1;973;1;6;1;3;"4;9069600000";" -52;3223400000"
202200017181;24;5;2022;10:15;1;76;1;1;1;3;"49;3309500000";"1;1045780000"
202200017182;29;1;2022;00:00;5;69;2;1;1;6;"45;7589400000";"4;8409700000"
202200017183;7;9;2022;11:40;1;64;2;3;1;3;"43;3500046686";" -1;7812769693"
202200017184;27;5;2022;13:35;1;76;2;1;1;7;"49;5212021197";"0;1090983152"
202200017185;19;12;2022;19:10;5;69;2;2;8;3;"45;7581300000";"4;8933100000"
202200017186;13;3;2022;18:20;2;77;1;2;3;3;"48;2404150000";"2;8093160000"
202200017187;6;9;2022;16:00;1;64;1;1;1;3;"43;2629770763";" -0;3901648521"
202200017188;2;2;2022;12:40;1;69;2;1;1;3;"45;7656268727";"4;8515260220"
202200017189;17;12;2022;21:25;3;69;2;1;1;6;"45;7846700000";"4;8880100000"
202200017190;28;5;2022;12:50;1;76;2;2;1;3;"49;9245600000";"1;1034500000"
202200017191;14;3;2022;10:35;1;95;1;1;1;5;"49;0892980000";"1;9141530000"
202200017192;1;2;2022;06:00;5;69;2;3;1;6;"45;7703000000";"4;8009000000"
202200017193;5;9;2022;14:10;1;64;2;9;1;3;"43;4300530000";" -1;5730240000"
202200017194;28;5;2022;09:50;1;74;2;1;1;6;"46;3547800000";"6;4348600000"
202200017195;14;3;2022;09:30;1;95;1;1;1;6;"49;1003040323";"1;8956780434"
202200017196;17;12;2022;12:05;1;69;2;3;1;3;"45;9830500000";"4;7314300000"
202200017197;31;1;2022;07:40;1;971;2;2;1;3;"16;2758300000";" -61;5074600000"
202200017198;7;9;2022;16:40;1;64;2;1;1;3;"43;4965700000";" -1;4506100000"