Accident_Id;jour;mois;an;hrmn;lum;dep;agg;int;atm;col;lat;long
202200017814;23;4;2022;17:30;1;29;1;1;1;6;"48;0598110000";" -4;2746740000"
202200017815;23;4;2022;12:05;1;27;1;1;7;1;"49;2538040000";"1;4155730000"
202200017816;24;6;2022;13:00;1;37;1;1;1;5;"47;4054770000";"0;8053870000"
202200017817;24;4;2022;17:20;1;60;1;1;1;6;"49;1540184688";"2;8135857581"
202200017818;26;6;2022;15:45;1;82;1;9;1;7;"44;0175900000";"1;3005120000"
202200017819;27;6;2022;04:00;3;68;1;1;3;2;"47;7132120000";"7;4372020000"
202200017820;23;4;2022;21:20;3;60;1;1;1;2;"49;4247358650";"2;1420035361"
202200017821;26;6;2022;05:00;2;13;1;1;1;2;"43;5174980000";"5;4311080000"
202200017822;24;4;2022;00:30;5;80;2;1;1;6;"49;6496120000";"2;5700070000"
202200017823;27;6;2022;16:49;1;51;1;1;1;7;"49;0775673379";"4;8266243935"
202200017824;27;6;2022;03:30;3;38;1;1;1;2;"45;6307250000";"5;1644330000"
202200017825;20;4;2022;14:35;1;83;1;1;2;2;"43;1203800000";"5;8449200000"
202200017826;26;6;2022;03:00;3;987;2;1;1;1;" -17;5920000000";" -149;3910000000"
202200017827;22;4;2022;15:00;1;91;1;1;1;2;"48;6256100000";"2;3377400000"
202200017828;25;6;2022;23:30;3;972;2;9;8;6;"14;7428500000";" -60;9629420000"
202200017829;22;4;2022;16:23;1;91;1;1;1;5;"48;6190200000";"2;4583300000"
202200017830;22;4;2022;07:50;1;78;1;1;1;6;"48;8016100000";"1;9449900000"
202200017831;26;6;2022;17:27;1;77;1;3;1;1;"49;0449110000";"2;7610710000"
202200017832;26;6;2022;21:34;3;95;1;1;1;6;"49;0595400000";"2;5205420000"
202200017833;21;4;2022;09:15;1;92;1;1;1;4;"48;8240584102";"2;2215897809"
202200017834;22;4;2022;18:20;1;95;1;1;1;6;"49;0368200000";"2;1213500000"
202200017835;26;6;2022;15:40;1;95;1;1;1;3;"49;0655750000";"2;5648360000"
202200017836;25;6;2022;18:50;1;2B;2;1;7;7;"42;6221165417";"8;9499065280"
202200017837;18;4;2022;01:05;3;77;1;1;1;3;"48;6873060000";"2;5968000000"
202200017838;21;6;2022;19:00;2;11;1;1;3;6;"43;1919580000";"2;1111770000"
202200017839;20;4;2022;20:05;3;974;2;9;1;3;" -21;2841000000";"55;4714000000"
202200017840;21;4;2022;12:30;1;974;2;1;1;3;" -21;2969300000";"55;4600500000"
202200017841;27;6;2022;17:10;1;83;1;3;1;3;"43;3579182984";"6;0921764374"
202200017842;20;4;2022;10:00;1;974;2;1;1;3;" -21;2930800000";"55;4510800000"
202200017843;27;6;2022;17:00;1;05;1;1;1;3;"44;5517630000";"6;7003940000"
202200017844;26;6;2022;11:35;1;68;1;1;2;7;"47;9414460000";"6;9617270000"
202200017845;21;4;2022;20:30;5;973;2;1;1;3;"4;9445400000";" -52;3106400000"
202200017846;26;6;2022;20:30;2;68;1;1;1;7;"47;9408420000";"7;0075610000"
202200017847;21;4;2022;18:35;2;973;2;1;2;3;"4;9242100000";" -52;3124100000"
202200017848;26;6;2022;23:45;3;38;1;1;1;7;"45;7668080000";"5;0881180000"
202200017849;26;6;2022;18:51;1;38;1;1;1;3;"45;1085220000";"5;7900420000"
202200017850;21;4;2022;20:40;5;69;2;4;1;6;"45;7552276786";"4;8430368304"
202200017851;26;6;2022;17:40;1;01;2;9;1;6;"45;8256830000";"4;9537230000"
202200017852;21;4;2022;17:25;1;69;2;6;1;3;"45;6973700000";"4;8909500000"
202200017853;27;6;2022;16:20;1;81;2;2;1;3;"43;8930450000";"2;0028160000"
202200017854;21;4;2022;16:25;1;69;2;3;1;6;"45;7583700000";"4;8408600000"
202200017855;25;6;2022;09:59;1;50;2;1;1;1;"49;3067730000";" -1;2524470000"
202200017856;21;4;2022;06:15;1;972;2;1;2;6;"14;6067000000";" -61;0669200000"
202200017857;27;6;2022;07:05;1;35;2;2;7;1;"48;2613240000";" -1;4042280000"
202200017858;20;4;2022;06:30;1;972;2;1;2;1;"14;6634600000";" -61;0858600000"
202200017859;26;6;2022;22:40;3;60;1;1;1;7;"49;2083560284";"2;2765946387"
202200017860;21;4;2022;16:10;1;69;2;2;1;3;"45;7155613847";"4;8088252544"
202200017861;24;6;2022;17:45;1;80;1;3;1;3;"49;6965680000";"2;8064700000"
202200017862;27;6;2022;07:35;1;80;1;1;2;1;"50;1793030000";"1;6049480000"
202200017863;20;4;2022;13:36;1;69;2;1;1;4;"45;7719300000";"4;8383100000"
202200017864;24;6;2022;13:35;1;59;2;1;1;6;"50;6960880000";"2;6439370000"
202200017865;26;6;2022;14:25;1;13;1;1;1;7;"43;2937318030";"5;3644279802"
202200017866;21;4;2022;16:10;1;2B;1;1;2;4;"42;6490000000";"9;4400000000"
202200017867;21;4;2022;14:00;1;971;2;1;1;6;"16;2460504660";" -61;5416094661"
202200017868;21;4;2022;16:15;1;95;2;1;1;3;"49;0584387198";"2;1257579327"
202200017869;25;6;2022;18:30;1;13;1;1;1;4;"43;3168666606";"5;3644070337"
202200017870;16;4;2022;20:45;5;91;2;1;1;3;"48;6905700000";"2;4112900000"
202200017871;25;6;2022;17:16;1;13;1;1;1;3;"43;3299667624";"5;4035000000"
202200017872;24;6;2022;17:30;1;13;1;1;1;3;"43;3581883980";"5;3626914472"
202200017873;24;6;2022;18:30;1;69;1;1;1;2;"45;7931200000";"4;8799000000"
202200017874;20;4;2022;07:49;1;87;2;2;2;3;"45;8211400000";"1;2629600000"
202200017875;26;6;2022;00:00;3;33;1;1;1;7;"44;7459150000";" -0;7012470000"
202200017876;21;4;2022;17:50;1;78;1;1;1;3;"48;8866400000";"2;0923800000"
202200017877;26;6;2022;16:55;1;92;1;1;1;6;"48;8931574950";"2;2336139391"
202200017878;26;6;2022;18:20;1;93;1;1;1;3;"48;9478500000";"2;4439300000"
202200017879;21;4;2022;14:40;1;77;2;1;1;3;"48;9390900000";"2;8793800000"
202200017880;26;6;2022;15:30;1;93;1;1;1;2;"48;9602419884";"2;4733228737"
202200017881;26;6;2022;15:45;1;95;1;1;1;6;"48;9960110154";"2;1812689304"
202200017882;21;4;2022;13:45;1;77;2;2;1;1;"48;4132900000";"2;7062100000"
202200017883;24;1;2022;14:00;1;73;2;1;1;3;"45;6816118680";"5;9138622891"
202200017884;21;4;2022;21:15;5;71;2;2;1;3;"46;3261843834";"4;8280996084"
202200017885;24;6;2022;22:15;3;972;1;1;2;2;"14;6135800000";" -61;0644200000"
202200017886;21;4;2022;13:15;1;69;2;1;1;3;"45;7484600000";"4;9186500000"
202200017887;21;4;2022;12:19;1;60;2;9;1;3;"49;4265922356";"2;0820245147"
202200017888;19;4;2022;16:26;1;67;2;3;1;3;"48;5471000000";"7;7581500000"
202200017889;25;6;2022;19:35;5;988;2;6;2;6;" -22;2312000000";"166;4812300000"
202200017890;19;4;2022;04:00;4;67;2;3;1;3;"48;5411700000";"7;7584500000"
202200017891;25;6;2022;13:40;1;974;1;3;1;5;" -21;3159020000";"55;4415360000"
202200017892;17;4;2022;18:45;1;67;2;1;1;2;"48;5706090000";"7;7262290000"
202200017893;25;6;2022;11:20;1;974;2;3;7;6;" -21;2829900000";"55;4725100000"
202200017894;21;4;2022;09:20;1;66;2;3;8;3;"42;7008008683";"2;8917284310"
202200017895;25;6;2022;20:30;5;974;2;1;1;7;" -20;9205400000";"55;4011200000"
202200017896;21;4;2022;01:50;5;66;1;6;3;6;"42;6783700000";"2;8811200000"
202200017897;25;6;2022;01:35;3;974;1;1;1;2;" -20;9730600000";"55;6549200000"
202200017898;20;4;2022;21:39;5;60;2;2;1;3;"49;4271300000";"2;0717800000"
202200017899;24;6;2022;23:20;3;973;1;1;1;2;"4;9049153005";" -52;3234283924"
202200017900;21;4;2022;16:45;1;59;2;1;1;6;"50;6209255807";"3;1209540367"
202200017901;25;6;2022;21:12;2;69;2;2;1;3;"45;7499200000";"4;8857300000"
202200017902;20;4;2022;20:29;1;56;2;6;1;3;"47;7411700000";" -3;3957100000"
202200017903;25;6;2022;13:45;1;69;2;2;1;3;"45;7521166316";"4;8466403763"
202200017904;25;6;2022;23:15;5;69;2;1;1;1;"45;7786900000";"4;8425500000"
202200017905;20;4;2022;13:45;1;56;2;1;1;3;"47;7760000000";" -3;3430000000"
202200017906;25;6;2022;16:25;1;95;2;6;2;3;"48;9930500000";"2;4429100000"
202200017907;21;4;2022;00:10;3;54;2;1;1;7;"48;6837500000";"6;2450500000"
202200017908;15;4;2022;08:15;1;54;2;1;1;2;"49;5084400000";"5;7566700000"
202200017909;24;6;2022;16:39;1;95;2;1;1;5;"49;0635800000";"2;0891100000"
202200017910;24;6;2022;12:30;1;95;2;2;1;6;"49;0297272954";"2;0691847801"
202200017911;21;4;2022;07:20;1;51;2;3;1;3;"49;2813049635";"4;0281589329"
202200017912;26;6;2022;00:21;3;91;1;1;1;3;"48;7145300000";"2;3342800000"
202200017913;17;4;2022;14:05;1;50;2;1;1;6;"49;6443700000";" -1;6333600000"
202200017914;25;6;2022;15:30;1;91;2;3;2;3;"48;7468300000";"2;2676400000"
202200017915;21;4;2022;17:00;1;45;2;1;1;2;"47;9011700000";"1;8912700000"
202200017916;25;6;2022;23:25;3;91;2;1;1;7;"48;6981170000";"2;4132590000"
202200017917;9;4;2022;07:10;5;44;2;1;1;6;"47;2157190000";" -1;5509870000"
202200017918;24;6;2022;20:30;1;91;2;1;1;7;"48;7024000000";"2;4964700000"
202200017919;24;6;2022;16:20;1;91;2;1;1;7;"48;6952900000";"2;4996600000"
202200017920;19;4;2022;16:10;1;41;1;1;1;7;"47;5821200000";"1;2943920000"
202200017921;26;6;2022;00:05;5;83;2;1;1;6;"43;4246868240";"6;7620152235"
202200017922;21;4;2022;17:25;1;37;2;1;1;2;"47;3652153521";"0;7119977474"
202200017923;25;6;2022;02:50;4;81;2;1;2;6;"43;5021713000";"2;3817482000"
202200017924;20;4;2022;08:35;1;34;2;1;8;3;"43;6233297341";"3;8541908186"
202200017925;21;4;2022;11:00;1;33;2;1;1;1;"44;7944480000";" -0;5431170000"
202200017926;24;6;2022;19:00;1;78;2;1;1;4;"48;9235700000";"2;0876500000"
202200017927;21;4;2022;17:30;1;32;2;3;1;3;"43;6334500000";"0;5883300000"
202200017928;21;4;2022;17:25;1;31;2;1;8;3;"43;5534100000";"1;4041500000"
202200017929;21;4;2022;17:15;1;29;1;1;1;2;"47;9779500000";" -4;0275000000"
202200017930;25;6;2022;03:55;5;78;2;2;2;3;"48;9287600000";"2;0487900000"
202200017931;19;4;2022;18:45;1;29;1;9;1;5;"48;5964430000";" -3;8133740000"
202200017932;25;6;2022;06:45;1;77;1;3;1;6;"48;4606130000";"2;6973540000"
202200017933;25;6;2022;06:20;2;76;1;1;1;6;"49;3703300000";"1;1145200000"
202200017934;21;4;2022;21:40;5;25;2;3;1;3;"47;2339000000";"6;0072000000"
202200017935;25;6;2022;18:00;1;72;2;6;1;1;"47;9831100000";"0;2107500000"
202200017936;14;4;2022;18:07;1;22;2;1;1;4;"48;5059500000";" -2;7341000000"
202200017937;25;6;2022;23:25;5;71;2;1;2;6;"46;6736860000";"4;3615420000"
202200017938;22;4;2022;00:15;5;13;2;1;1;3;"43;3309800000";"5;3945300000"
202200017939;25;6;2022;18:45;1;71;2;1;3;3;"46;6712600000";"4;3827070000"
202200017940;21;4;2022;16:40;1;13;2;1;1;2;"43;3306203412";"5;4115415541"
202200017941;21;4;2022;14:50;1;13;2;1;8;2;"43;3265183104";"5;4383296631"
202200017942;20;4;2022;23:10;5;13;1;1;1;7;"43;3526200000";"5;3378400000"
202200017943;25;6;2022;17:15;1;69;2;1;6;6;"45;7675100000";"4;8905800000"
202200017944;20;4;2022;17:10;1;13;2;1;1;1;"43;3392636597";"5;4277728887"
202200017945;24;6;2022;16:30;1;69;2;1;2;4;"45;9765300000";"4;7290800000"
202200017946;20;4;2022;20:25;2;07;2;1;2;6;"44;6100100000";"4;3963980000"
202200017947;25;6;2022;09:45;1;64;2;1;1;3;"43;3216600000";" -0;3630500000"
202200017948;21;4;2022;04:50;5;06;2;1;1;7;"43;6413620000";"6;9110050000"
202200017949;25;6;2022;04:56;5;64;2;1;1;7;"43;4499600000";" -1;5686500000"
202200017950;15;4;2022;21:23;5;06;2;1;1;3;"43;5499710000";"6;9647500000"
202200017951;26;6;2022;01:50;5;64;2;1;2;7;"43;4970100000";" -1;5002600000"
202200017952;6;4;2022;19:00;1;05;2;6;1;5;"44;5619000000";"6;0839600000"
202200017953;24;6;2022;14:30;1;59;1;1;1;1;"50;5585000000";"3;0314300000"
202200017954;21;4;2022;09:10;1;75;2;1;1;4;"48;8509350000";"2;4154350000"
202200017955;21;4;2022;10:50;1;75;2;1;1;3;"48;8355390000";"2;2586700000"
202200017956;24;6;2022;19:10;1;50;2;9;1;3;"49;1146360000";" -1;0686410000"
202200017957;20;4;2022;19:55;5;75;2;4;1;6;"48;8857190000";"2;3976590000"
202200017958;25;6;2022;08:17;1;49;2;4;1;3;"47;4832000000";" -0;5697000000"
202200017959;20;4;2022;06:30;1;75;2;4;1;4;"48;8756982384";"2;4101823362"
202200017960;25;6;2022;02:45;3;49;2;1;2;6;"47;4582600000";" -0;5728900000"
202200017961;25;6;2022;05:08;2;45;2;3;1;3;"47;9977400000";"2;7365900000"
202200017962;21;4;2022;00:30;5;75;2;4;1;4;"48;8748940000";"2;2764150000"
202200017963;25;6;2022;17:40;1;44;2;1;1;6;"47;2146000000";" -1;5277900000"
202200017964;21;4;2022;17:55;1;75;2;3;1;3;"48;8531857342";"2;4088439623"
202200017965;24;6;2022;18:00;1;44;1;1;2;2;"47;2637200000";" -1;5849700000"
202200017966;21;4;2022;09:42;1;75;2;4;1;6;"48;8959395221";"2;3813668482"
202200017967;25;6;2022;06:04;2;35;1;9;1;3;"48;1755880951";" -1;7174003273"
202200017968;21;4;2022;09:50;1;75;2;3;1;2;"48;8848140000";"2;3228040000"
202200017969;20;4;2022;16:00;1;75;2;3;1;3;"48;8678127706";"2;2907082220"
202200017970;25;6;2022;13:55;1;33;2;6;1;3;"44;6303000000";" -1;1541500000"
202200017971;21;4;2022;21:30;5;75;2;3;1;2;"48;8574797543";"2;2910116955"
202200017972;25;6;2022;08:50;1;31;2;1;1;3;"43;5841700000";"1;4371000000"
202200017973;21;4;2022;18:30;1;75;2;3;1;3;"48;8213070000";"2;3338230000"
202200017974;25;6;2022;21:12;1;27;2;2;1;3;"49;2706800000";"1;2134200000"
202200017975;20;4;2022;21:50;5;75;2;1;1;3;"48;8396700000";"2;4311190000"
202200017976;19;4;2022;20:06;2;75;2;7;1;3;"48;8397275363";"2;3955120114"
202200017977;25;6;2022;23:55;5;17;1;5;1;3;"46;1712000000";" -1;1229100000"
202200017978;25;6;2022;14:00;1;13;2;9;1;6;"43;3091900000";"5;5005500000"
202200017979;21;4;2022;13:50;1;75;2;3;1;6;"48;8591479387";"2;3749577935"
202200017980;25;6;2022;04:20;5;13;2;1;1;6;"43;2732924123";"5;3990110494"
202200017981;21;4;2022;10:45;1;75;2;3;1;6;"48;8594843314";"2;3676170373"
202200017982;25;6;2022;02:17;5;13;2;1;1;6;"43;2766485679";"5;3577910996"
202200017983;21;4;2022;08:00;1;75;2;3;1;3;"48;8598335445";"2;3887641381"
202200017984;21;4;2022;12:35;1;75;2;3;1;2;"48;8837430000";"2;3512690000"
202200017985;25;6;2022;01:30;3;06;1;1;1;5;"43;6032220000";"7;0648130000"
202200017986;21;4;2022;09:03;1;75;2;7;1;3;"48;8677531599";"2;3139700065"
202200017987;24;6;2022;10:02;1;05;2;1;1;6;"44;5641194390";"6;0815817118"
202200017988;21;4;2022;10:50;1;75;2;2;1;3;"48;8537439870";"2;3656787486"
202200017989;24;6;2022;20:35;1;04;2;1;7;6;"43;8277600000";"5;7978100000"
202200017990;21;4;2022;11:00;1;94;2;3;1;3;"48;7781323988";"2;3963713645"
202200017991;25;6;2022;12:25;1;01;1;2;1;3;"46;1648800000";"5;2207000000"
202200017992;20;4;2022;20:11;2;94;2;1;1;6;"48;8451800000";"2;4652800000"
202200017993;21;4;2022;20:20;5;94;2;3;1;3;"48;7923300000";"2;5260100000"
202200017994;21;4;2022;17:40;1;94;2;1;1;2;"48;8258350181";"2;4085123837"
202200017995;24;6;2022;20:22;1;75;2;2;1;5;"48;8496270000";"2;3503560000"
202200017996;21;4;2022;08:20;1;93;2;1;1;3;"48;9731600000";"2;3660500000"
202200017997;25;6;2022;20:33;2;75;2;3;1;6;"48;8518330000";"2;3433930000"
202200017998;21;4;2022;11:55;1;93;2;1;1;3;"48;9141600000";"2;3365800000"
202200017999;25;6;2022;02:45;5;75;2;1;1;3;"48;8988150000";"2;3835660000"
202200018000;21;4;2022;07:00;1;93;2;7;1;6;"48;8607600000";"2;5096100000"
202200018001;25;6;2022;20:30;1;75;2;3;1;6;"48;8949190000";"2;3649250000"
202200018002;20;4;2022;12:28;1;93;2;3;1;3;"48;8660180000";"2;4178330000"
202200018003;25;6;2022;15:15;1;75;2;7;1;6;"48;8382780000";"2;2565130000"
202200018004;21;4;2022;09:57;1;93;2;3;1;5;"48;9171200000";"2;4567600000"
202200018005;25;6;2022;08:30;1;75;2;3;1;7;"48;8633220000";"2;2963620000"
202200018006;21;4;2022;14:00;1;93;2;3;1;1;"48;9064310000";"2;3802910000"
202200018007;24;6;2022;20:50;1;75;2;2;1;3;"48;8649810000";"2;2886730000"
202200018008;21;4;2022;09:08;1;92;2;1;1;6;"48;8033300000";"2;2421500000"
202200018009;24;6;2022;15:55;1;75;2;1;1;7;"48;8570320000";"2;2867430000"
202200018010;21;4;2022;08:50;1;92;2;2;1;2;"48;8119100000";"2;2374600000"
202200018011;25;6;2022;00:45;5;75;2;2;1;6;"48;8546060000";"2;2888930000"
202200018012;21;4;2022;14:40;1;92;2;7;1;2;"48;9068800000";"2;2392500000"
202200018013;25;6;2022;12:00;1;75;2;1;1;3;"48;8367350000";"2;3782390000"
202200018014;21;4;2022;08:00;1;92;2;2;1;3;"48;9084800000";"2;3000800000"
202200018015;25;6;2022;14:15;1;75;2;5;2;3;"48;8831360000";"2;3468970000"
202200018016;21;4;2022;16:40;1;92;2;1;1;6;"48;8315109546";"2;2343007624"
202200018017;25;6;2022;02:40;5;75;2;2;2;3;"48;8625760000";"2;3104090000"
202200018018;21;4;2022;10:00;1;92;2;2;1;6;"48;8416679625";"2;2369534671"
202200018019;25;6;2022;22:05;5;75;2;1;1;7;"48;8565430000";"2;3572280000"
202200018020;20;4;2022;20:57;1;92;2;1;1;3;"48;7593730000";"2;3073560000"
202200018021;21;4;2022;14:08;1;92;2;1;1;6;"48;7473800000";"2;3113800000"
202200018022;24;6;2022;22:40;5;75;2;3;1;6;"48;8571620000";"2;3413970000"
202200018023;22;4;2022;20:30;2;60;2;2;1;3;"49;6518280000";"1;7539820000"
202200018024;25;6;2022;21:05;1;94;2;2;1;3;"48;7949832196";"2;3543432823"
202200018025;23;4;2022;15:00;1;06;2;1;2;1;"43;7554110000";"7;3230330000"
202200018026;25;6;2022;14:25;1;94;2;2;2;3;"48;8037700000";"2;4070000000"
202200018027;21;4;2022;17:04;1;84;1;1;1;1;"43;9689210000";"4;9826110000"
202200018028;22;4;2022;20:35;2;95;1;1;1;1;"49;1602575554";"2;3256468773"
202200018029;24;6;2022;22:12;5;94;2;1;1;3;"48;7795200000";"2;3756200000"
202200018030;18;4;2022;17:13;1;49;1;1;1;2;"47;7178460000";" -0;3901770000"
202200018031;3;3;2022;22:40;3;31;2;1;1;6;"43;5272875753";"1;4627225697"
202200018032;25;6;2022;00:30;5;94;2;1;1;2;"48;7655420000";"2;4415320000"
202200018033;23;4;2022;06:40;2;11;1;1;1;6;"43;2853320000";"2;8310770000"
202200018034;8;10;2022;12:45;1;976;2;1;1;1;" -12;8018400000";"45;2150000000"
202200018035;8;10;2022;12:10;1;976;2;1;1;1;" -12;7755200000";"45;2307200000"
202200018036;9;10;2022;16:50;1;973;2;1;1;3;"4;9339759809";" -52;3339587450"
202200018037;8;10;2022;07:10;1;972;2;1;1;6;"14;6307400000";" -61;0789900000"
202200018038;9;10;2022;12:46;1;2B;2;1;1;3;"42;6902600000";"9;4471800000"
202200018039;9;10;2022;09:30;1;95;1;1;1;7;"49;0063800000";"2;4265900000"
202200018040;9;10;2022;08:10;1;95;2;1;1;1;"48;9770110000";"2;3071300000"
202200018041;8;10;2022;11:40;1;95;2;1;1;1;"48;9628480000";"2;3232310000"
202200018042;8;10;2022;12:00;1;95;2;1;1;3;"48;9988500000";"2;1819600000"
202200018043;8;10;2022;18:10;1;91;2;2;1;3;"48;7068500000";"2;5101100000"
202200018044;8;10;2022;12:50;1;91;2;9;1;2;"48;7121160000";"2;4420440000"
202200018045;8;10;2022;06:00;5;88;2;3;1;3;"48;2854870024";"6;9333574176"
202200018046;9;10;2022;20:15;3;78;2;1;1;6;"48;8771500000";"2;1141000000"
202200018047;9;10;2022;11:35;1;78;2;1;1;4;"48;9976110000";"1;9097870000"
202200018048;9;10;2022;10:30;1;78;2;3;1;1;"48;9869300000";"1;9670300000"
202200018049;8;10;2022;18:00;1;77;2;1;1;5;"48;8503300000";"2;8280100000"
202200018050;8;10;2022;17:00;1;76;2;1;1;6;"49;8942800000";"1;0768400000"
202200018051;9;10;2022;00:48;5;65;2;2;1;3;"43;2440200000";"0;0663500000"
202200018052;9;10;2022;18:20;1;64;2;3;1;3;"43;3028500000";" -0;3620100000"
202200018053;9;10;2022;18:15;1;64;2;1;1;6;"43;3014500000";" -0;3580700000"
202200018054;8;10;2022;19:10;2;64;2;1;1;6;"43;3180700000";" -0;4299700000"
202200018055;9;10;2022;17:30;1;62;2;3;1;3;"50;4768700000";"2;6698900000"
202200018056;9;10;2022;19:40;5;62;2;1;1;6;"50;4289500000";"2;8191940000"
202200018057;8;10;2022;12:00;1;61;2;1;7;6;"48;7430270000";" -0;5589810000"
202200018058;9;10;2022;16:50;1;59;2;2;1;3;"50;5904526060";"3;1162896752"
202200018059;9;10;2022;00:05;5;50;2;1;1;6;"49;6389100000";" -1;6184200000"
202200018060;7;10;2022;13:00;1;49;2;6;1;2;"47;0393200000";" -0;8854900000"
202200018061;9;10;2022;13:55;1;49;2;2;1;3;"47;4685300000";" -0;5386700000"
202200018062;9;10;2022;18:30;2;42;2;1;1;6;"45;4432900000";"4;4189100000"
202200018063;8;10;2022;12:40;1;35;2;2;1;3;"48;0937600000";" -1;6745200000"
202200018064;9;10;2022;00:51;5;34;2;2;1;6;"43;3984200000";"3;6565800000"
202200018065;8;10;2022;13:35;1;34;2;1;1;6;"43;5956070000";"3;8744200000"
202200018066;9;10;2022;23:05;5;33;2;2;1;3;"44;8767900000";" -0;6798700000"
202200018067;8;10;2022;19:00;3;28;2;1;1;1;"48;7439200000";"1;3818100000"
202200018068;8;10;2022;00:20;5;25;2;1;1;6;"47;2242290000";"5;9734450000"
202200018069;8;10;2022;11:24;1;23;2;3;1;1;"46;1697400000";"1;8719200000"
202200018070;8;10;2022;17:35;1;22;2;1;1;-1;"48;4963100000";" -2;7897000000"
202200018071;8;10;2022;17:57;1;22;2;1;1;1;"48;4970400000";" -2;7275600000"
202200018072;9;10;2022;01:30;5;13;2;3;1;3;"43;2746518774";"5;4152051482"
202200018073;8;10;2022;18:00;1;06;1;1;2;4;"43;6662240000";"6;9399940000"
202200018074;9;10;2022;02:10;5;75;2;1;1;2;"48;8696690000";"2;2715650000"
202200018075;7;10;2022;23:30;5;75;2;4;1;2;"48;8683188402";"2;4134784937"
202200018076;7;10;2022;09:15;1;75;2;1;1;2;"48;8269160000";"2;3903580000"
202200018077;7;10;2022;06:59;2;75;2;1;1;6;"48;8897990000";"2;3970760000"
202200018078;8;10;2022;21:30;3;75;2;2;9;2;"48;8469260000";"2;3168580000"
202200018079;9;10;2022;19:25;1;75;2;2;1;6;"48;8548410000";"2;3990930000"
202200018080;9;10;2022;10:30;1;75;2;2;1;3;"48;8819980000";"2;4024880000"
202200018081;9;10;2022;13:40;1;75;2;4;1;3;"48;8871180000";"2;3137940000"
202200018082;9;10;2022;11:20;1;75;2;1;1;2;"48;8741830000";"2;2559370000"
202200018083;9;10;2022;17:40;1;75;2;3;1;6;"48;8533930000";"2;2882510000"
202200018084;9;10;2022;19:18;5;75;2;2;1;3;"48;8261650000";"2;3572750000"
202200018085;9;10;2022;11:30;1;75;2;4;1;2;"48;8464280000";"2;3668770000"
202200018086;9;10;2022;16:10;1;75;2;2;1;3;"48;8597540000";"2;3768590000"
202200018087;9;10;2022;13:35;1;75;2;2;1;3;"48;8609330000";"2;3408560000"
202200018088;9;10;2022;19:07;1;94;2;3;1;1;"48;8352600000";"2;4987700000"
202200018089;8;10;2022;12:30;1;94;2;9;1;3;"48;7690740000";"2;3372100000"
202200018090;9;10;2022;18:55;2;94;2;2;1;2;"48;7526100000";"2;4057100000"
202200018091;9;10;2022;21:45;5;94;2;3;1;3;"48;8022800000";"2;3970000000"
202200018092;9;10;2022;18:45;1;93;2;3;1;3;"48;8848800000";"2;4735000000"
202200018093;9;10;2022;16:00;1;93;2;1;1;3;"48;8373102698";"2;5450106585"
202200018094;9;10;2022;17:00;1;93;2;3;1;1;"48;9112725181";"2;4912826717"
202200018095;9;10;2022;10:00;1;93;2;1;1;1;"48;9100869285";"2;5185791641"
202200018096;9;10;2022;13:50;1;93;2;1;1;3;"48;9499172064";"2;5162196671"
202200018097;9;10;2022;12:30;1;92;2;2;1;3;"48;8651500000";"2;2086000000"
202200018098;8;10;2022;16:05;1;35;1;1;1;3;"48;2161149787";" -1;8342635036"
202200018099;9;10;2022;19:45;3;14;1;1;1;6;"48;9098573357";" -0;4061371641"
202200018100;8;10;2022;21:00;3;973;2;1;1;7;"3;6430078259";" -54;0357533097"
202200018101;10;10;2022;15:05;1;31;1;1;1;6;"43;4001170000";"1;1275600000"
202200018102;9;10;2022;09:09;1;81;1;1;1;1;"43;7187200000";"2;1733570000"
202200018103;9;10;2022;14:58;1;21;1;1;1;7;"47;3908560000";"4;3642140000"
202200018104;9;10;2022;19:15;3;67;1;1;1;5;"48;7219710000";"7;5337670000"
202200018105;9;10;2022;17:30;1;14;1;1;1;6;"48;9450074802";" -0;8023644433"
202200018106;7;10;2022;15:20;1;51;1;1;1;7;"48;7285390000";"3;6657000000"
202200018107;9;10;2022;21:30;5;19;1;1;1;2;"45;1404740000";"1;4605160000"
202200018108;28;9;2022;16:30;1;79;1;3;2;3;"47;0414650000";" -0;1994170000"
202200018109;10;10;2022;09:30;1;89;2;1;2;1;"47;7569730000";"3;4203430000"
202200018110;10;10;2022;18:40;1;61;1;1;1;7;"48;4409140000";"0;7700940000"
202200018111;9;10;2022;16:53;1;61;2;1;1;6;"48;6504680000";"0;6733310000"
202200018112;9;10;2022;10:25;1;55;2;2;1;2;"48;6199100000";"5;2915160000"
202200018113;9;10;2022;13:50;1;49;2;9;1;6;"47;3346270000";" -1;2521140000"
202200018114;9;10;2022;23:15;3;44;2;1;1;6;"47;4437940000";" -2;1916790000"
202200018115;9;10;2022;11:55;1;44;1;6;1;3;"47;4156410000";" -1;8338330000"
202200018116;30;9;2022;21:00;3;35;1;1;2;1;"48;6533770206";" -1;9358441234"
202200018117;10;10;2022;08:20;2;35;1;1;1;4;"48;1861435189";" -1;9565185905"
202200018118;10;10;2022;06:45;3;29;2;3;1;3;"47;8185566310";" -4;3003031010"
202200018119;8;10;2022;09:20;1;70;2;4;5;3;"47;7662810000";"6;0922920000"
202200018120;9;10;2022;08:40;1;14;1;1;1;6;"49;1428360000";" -0;3078100000"