Accident_Id;jour;mois;an;hrmn;lum;dep;agg;int;atm;col;lat;long
202200018121;10;10;2022;00:15;3;64;1;1;1;1;"43;4141430000";" -1;5750360000"
202200018122;10;10;2022;06:30;3;16;1;1;1;6;"45;6195055600";"0;2547240200"
202200018123;10;10;2022;08:25;1;40;2;1;1;1;"43;5750990000";" -1;3526580000"
202200018124;9;10;2022;16:45;1;17;2;7;1;6;"45;9635530000";" -0;5625610000"
202200018125;5;10;2022;07:00;5;30;2;1;2;6;"44;1306440000";"4;1225390000"
202200018126;10;10;2022;07:30;2;52;1;2;5;3;"48;0239630000";"5;6161920000"
202200018127;4;10;2022;07:50;2;24;1;1;1;6;"44;7327110000";"0;5471710000"
202200018128;8;10;2022;19:30;3;987;2;3;1;1;" -17;6492110000";" -149;6019830000"
202200018129;9;10;2022;04:00;3;67;1;1;1;2;"48;3098450000";"7;4767330000"
202200018130;8;10;2022;13:30;1;987;2;1;1;7;" -16;8210000000";" -151;4040000000"
202200018131;9;10;2022;21:50;3;988;1;1;1;6;" -22;2279600000";"166;5021100000"
202200018132;9;10;2022;15:30;1;45;1;4;1;2;"47;8267270000";"2;1486640000"
202200018133;29;9;2022;10:45;1;23;1;1;1;7;"45;6973080000";"2;2687140000"
202200018134;9;10;2022;10:50;1;17;1;1;1;7;"46;2062660000";" -1;5232430000"
202200018135;11;9;2022;15:20;1;33;1;1;1;1;"44;9516240000";" -0;7000360000"
202200018136;10;10;2022;07:45;3;27;1;3;1;3;"49;1577550000";"1;3458570000"
202200018137;10;10;2022;06:30;3;80;1;1;1;1;"49;6542660000";"2;6899340000"
202200018138;9;10;2022;18:25;1;59;2;1;1;7;"50;4522704163";"3;2142647356"
202200018139;9;10;2022;04:50;5;13;1;1;1;2;"43;2878200000";"5;4248600000"
202200018140;8;10;2022;14:40;1;69;2;1;1;4;"45;7310184135";"4;8992228517"
202200018141;9;10;2022;00:40;3;33;1;1;1;2;"44;7369900000";" -0;5336100000"
202200018142;9;10;2022;15:15;1;91;1;1;1;4;"48;6899100000";"2;3235100000"
202200018143;9;10;2022;07:45;2;91;1;1;1;6;"48;7407600000";"2;3200400000"
202200018144;9;10;2022;18:20;2;93;1;1;1;2;"48;9472780510";"2;4434651229"
202200018145;9;10;2022;14:20;1;95;1;1;1;2;"48;9711080000";"2;2487860000"
202200018146;8;10;2022;16:50;1;93;1;1;1;2;"48;9325300000";"2;4807300000"
202200018147;9;10;2022;02:35;3;95;1;1;1;2;"49;0233817284";"2;1337026358"
202200018148;9;10;2022;01:40;3;95;1;1;1;6;"48;9935800000";"2;5143000000"
202200018149;8;10;2022;19:40;5;93;1;1;1;5;"48;9167600000";"2;4296500000"
202200018150;9;10;2022;14:20;1;77;1;1;1;6;"48;9237498081";"2;6295883070"
202200018151;8;10;2022;09:30;1;94;1;9;1;6;"48;8305234709";"2;4889139112"
202200018152;8;10;2022;15:00;1;976;2;1;1;3;" -12;8163700000";"45;1989700000"
202200018153;8;10;2022;09:45;1;976;2;1;1;6;" -12;7838600000";"45;2188400000"
202200018154;7;10;2022;15:10;1;974;2;3;1;7;" -21;3008160000";"55;4921380000"
202200018155;8;10;2022;09:40;1;974;2;2;1;6;" -20;8815000000";"55;4570100000"
202200018156;8;10;2022;07:40;1;974;2;2;1;3;" -20;8907400000";"55;4578600000"
202200018157;7;10;2022;17:40;1;974;2;1;1;6;" -20;9594300000";"55;6568600000"
202200018158;8;10;2022;09:20;1;973;2;6;1;3;"4;9240500000";" -52;3243000000"
202200018159;2;10;2022;03:45;5;973;2;1;1;7;"4;9406400000";" -52;3047600000"
202200018160;7;10;2022;20:55;3;972;2;9;1;2;"14;6164884000";" -61;0716694000"
202200018161;7;10;2022;22:55;5;69;2;1;1;1;"45;7679300000";"4;8054400000"
202200018162;8;10;2022;20:45;5;2A;2;9;1;6;"41;9159004257";"8;7309599519"
202200018163;8;10;2022;10:00;1;2A;2;1;1;2;"41;9559600000";"8;7825200000"
202200018164;6;10;2022;08:15;1;95;1;1;1;5;"49;0555700000";"2;0499800000"
202200018165;8;10;2022;16:45;1;91;2;6;1;3;"48;6353300000";"2;3499100000"
202200018166;7;10;2022;15:35;1;91;2;3;1;6;"48;6974600000";"2;2949700000"
202200018167;8;10;2022;10:10;1;83;2;1;2;3;"43;1188358077";"5;9398216009"
202200018168;8;10;2022;19:05;1;78;1;2;1;3;"49;0132000000";"1;9255700000"
202200018169;8;10;2022;01:07;3;77;1;1;1;6;"48;6442200000";"2;5707400000"
202200018170;8;10;2022;08:45;1;76;2;1;1;1;"49;4840455357";"1;0420512139"
202200018171;8;10;2022;10:15;1;72;1;1;1;6;"47;9531100000";"0;1968300000"
202200018172;8;10;2022;18:55;1;71;2;1;1;7;"46;6893580000";"4;3909110000"
202200018173;8;10;2022;15:20;1;64;2;1;1;2;"43;3940500000";" -1;6502000000"
202200018174;8;10;2022;15:00;1;64;2;3;1;3;"43;4303514328";" -1;5992510319"
202200018175;8;10;2022;13:55;1;59;2;3;1;6;"50;7367000000";"3;1621800000"
202200018176;8;10;2022;18:03;1;59;1;1;1;2;"50;5458549409";"3;0506721139"
202200018177;8;10;2022;10:30;1;59;1;6;1;3;"50;6564849417";"3;0311912298"
202200018178;8;10;2022;20:29;5;49;2;1;1;3;"47;4896801162";" -0;5629809201"
202200018179;8;10;2022;18:22;1;49;2;6;1;7;"47;4743791638";" -0;5157834291"
202200018180;24;9;2022;17:00;1;42;2;2;1;3;"45;4636600000";"4;3822700000"
202200018181;28;9;2022;18:10;1;42;2;1;2;1;"45;4630400000";"4;3695100000"
202200018182;8;10;2022;22:05;5;38;2;1;1;1;"45;1844000000";"5;7435000000"
202200018183;7;10;2022;23:20;5;37;2;1;1;7;"47;4201200000";"0;7167700000"
202200018184;8;10;2022;20:15;5;35;2;6;1;3;"48;0998800000";" -1;6721400000"
202200018185;7;10;2022;16:25;1;34;2;9;1;3;"43;2973400000";"3;5248600000"
202200018186;8;10;2022;01:00;5;33;2;2;1;3;"44;8091000000";" -0;6328200000"
202200018187;8;10;2022;01:30;3;31;1;1;1;1;"43;6053200000";"1;2905300000"
202200018188;8;10;2022;13:15;1;27;2;1;1;7;"49;0019100000";"1;1419000000"
202200018189;8;10;2022;09:30;1;27;2;6;1;3;"49;0197400000";"1;1715200000"
202200018190;9;10;2022;01:55;3;25;1;1;1;2;"47;2391560000";"5;9797010000"
202200018191;7;10;2022;08:50;1;14;1;6;7;6;"49;2031440000";" -0;3909840000"
202200018192;8;10;2022;23:35;5;13;1;1;1;3;"43;4804200000";"5;3563100000"
202200018193;8;10;2022;16:28;1;10;2;6;1;3;"48;2896100000";"4;0671600000"
202200018194;8;10;2022;04:40;2;06;2;1;2;4;"43;5540410000";"7;0251340000"
202200018195;29;6;2022;21:05;1;14;1;1;2;6;"49;3922400000";"0;2495600000"
202200018196;7;10;2022;15:10;1;75;2;1;1;2;"48;8590330000";"2;4141100000"
202200018197;8;10;2022;09:53;1;75;2;3;1;6;"48;8491840000";"2;3384200000"
202200018198;8;10;2022;00:45;5;75;2;2;1;3;"48;8820050000";"2;4025100000"
202200018199;8;10;2022;20:52;5;75;2;2;1;2;"48;8905720000";"2;3202100000"
202200018200;7;10;2022;09:00;1;75;2;2;1;3;"48;8676600000";"2;2508950000"
202200018201;8;10;2022;01:45;5;75;2;2;1;3;"48;8725320000";"2;2644370000"
202200018202;8;10;2022;07:30;1;75;2;1;1;3;"48;8307280000";"2;2767500000"
202200018203;7;10;2022;10:05;1;75;2;1;1;7;"48;8206440000";"2;3376820000"
202200018204;8;10;2022;20:50;5;75;2;7;1;3;"48;8309470000";"2;3557750000"
202200018205;8;10;2022;00:30;5;75;2;2;1;3;"48;8472990000";"2;3753180000"
202200018206;8;10;2022;17:50;2;75;2;7;1;6;"48;8673390000";"2;3633290000"
202200018207;8;10;2022;15:15;1;75;2;3;1;6;"48;8698100000";"2;3406030000"
202200018208;8;10;2022;04:35;5;75;2;2;1;3;"48;8575320000";"2;3513530000"
202200018209;6;10;2022;23:00;4;94;2;9;1;1;"48;7908200000";"2;5065700000"
202200018210;8;10;2022;20:30;5;93;2;1;1;6;"48;9459985755";"2;3759932816"
202200018211;8;10;2022;06:45;5;93;2;1;1;3;"48;9214800000";"2;5415400000"
202200018212;8;10;2022;05:57;5;93;2;2;1;3;"48;8754600000";"2;4243300000"
202200018213;8;10;2022;09:00;1;93;2;1;1;6;"48;9211917901";"2;4140910045"
202200018214;8;10;2022;09:20;1;93;2;1;7;6;"48;9371539718";"2;4945439788"
202200018215;8;10;2022;18:25;1;92;2;1;1;2;"48;8611132325";"2;2248525470"
202200018216;8;10;2022;21:00;2;92;2;6;1;3;"48;8421687685";"2;2074105441"
202200018217;8;10;2022;14:30;1;92;2;3;1;7;"48;8918894500";"2;1744373441"
202200018218;7;10;2022;22:25;5;92;2;1;1;3;"48;8679515631";"2;1992220282"
202200018219;8;10;2022;14:58;1;92;2;2;1;6;"48;8914000000";"2;1923000000"
202200018220;8;10;2022;08:40;1;92;2;1;1;7;"48;8914457505";"2;2579484582"
202200018221;8;10;2022;07:30;2;92;2;3;1;3;"48;7520500000";"2;2968400000"
202200018222;9;10;2022;06:05;3;95;1;1;1;2;"49;1413292481";"2;2521865368"
202200018223;8;10;2022;18:50;1;41;1;1;7;6;"47;6083480000";"1;2346100000"
202200018224;15;11;2022;15:04;1;35;2;6;3;6;"48;1367332667";" -1;6669419408"
202200018225;15;11;2022;13:30;1;35;2;3;1;3;"48;1242412236";" -1;7001530528"
202200018226;15;11;2022;07:40;5;35;2;1;2;6;"48;0867100000";" -1;6729400000"
202200018227;15;11;2022;19:20;5;33;2;3;2;2;"44;7981800000";" -0;6434400000"
202200018228;15;11;2022;20:40;5;33;2;3;8;3;"44;8369900000";" -0;6067600000"
202200018229;15;11;2022;18:55;5;33;2;2;2;3;"44;8570700000";" -0;5911400000"
202200018230;15;11;2022;16:00;1;33;2;1;2;3;"44;6446764372";" -1;1953405291"
202200018231;15;11;2022;13:15;1;33;2;1;2;7;"44;6320000000";" -1;1366000000"
202200018232;15;11;2022;10:05;1;31;2;1;1;3;"43;6424135367";"1;3794788718"
202200018233;10;11;2022;17:51;1;29;2;6;1;3;"48;3830800000";" -4;5274700000"
202200018234;10;11;2022;17:47;5;27;2;1;8;4;"49;0234802249";"1;1343598366"
202200018235;15;11;2022;18:00;5;25;2;2;2;3;"47;2461800000";"5;9990500000"
202200018236;15;11;2022;09:55;1;22;2;1;2;6;"48;5013600000";" -2;7817700000"
202200018237;11;11;2022;06:05;5;21;2;9;5;3;"47;0148160000";"4;8395400000"
202200018238;15;11;2022;22:10;5;17;2;6;1;3;"46;1645400000";" -1;1977800000"
202200018239;15;11;2022;20:00;5;14;2;1;1;3;"49;1965000000";" -0;3774700000"
202200018240;15;11;2022;12:05;1;13;2;1;1;6;"43;3908600000";"5;3327000000"
202200018241;15;11;2022;07:20;2;13;2;1;1;3;"43;2865810476";"5;3994482426"
202200018242;15;11;2022;17:44;5;13;2;1;2;3;"43;6936100000";"4;6395400000"
202200018243;14;11;2022;12:30;1;11;2;3;1;3;"43;2196700000";"2;3416000000"
202200018244;14;11;2022;10:40;1;10;2;1;1;7;"48;3040000000";"4;1119000000"
202200018245;15;11;2022;16:05;1;06;2;1;2;2;"43;7008463675";"7;2774527122"
202200018246;15;11;2022;10:30;1;04;2;6;8;3;"43;8291400000";"5;7823500000"
202200018247;14;11;2022;16:00;1;91;2;1;1;7;"48;6905530000";"2;4397210000"
202200018248;10;11;2022;17:45;2;82;2;3;1;6;"44;0149900000";"1;3520300000"
202200018249;14;11;2022;10:15;1;78;2;1;5;4;"49;0071890000";"1;9054670000"
202200018250;11;11;2022;16:40;1;76;2;9;1;6;"49;7531400000";"0;3718500000"
202200018251;7;11;2022;18:15;5;62;2;1;1;6;"50;4399300000";"2;7937900000"
202200018252;13;11;2022;11:15;1;49;1;2;1;6;"47;0492800000";" -0;8351900000"
202200018253;14;11;2022;18:50;5;29;2;3;2;6;"48;3994700000";" -4;5066100000"
202200018254;10;9;2022;09:30;1;91;2;1;1;6;"48;6106511995";"2;4624618566"
202200018255;25;6;2022;23:00;5;84;2;3;1;3;"43;9266000000";"4;8095000000"
202200018256;6;8;2022;22:38;5;26;2;2;1;3;"44;9243280000";"4;8942360000"
202200018257;10;11;2022;16:20;1;976;2;3;1;3;" -12;7650300000";"45;2266700000"
202200018258;10;11;2022;17:50;1;974;2;1;1;4;" -21;2866100000";"55;4711700000"
202200018259;10;11;2022;15:55;1;974;2;1;1;3;" -20;8811000000";"55;4587500000"
202200018260;14;11;2022;09:55;1;973;2;1;1;2;"4;9320813387";" -52;3279787600"
202200018261;13;11;2022;22:00;5;973;2;2;1;3;"4;9400299810";" -52;3266470432"
202200018262;14;11;2022;21:30;5;69;2;2;2;6;"45;7536800000";"4;8595300000"
202200018263;14;11;2022;21:20;5;69;2;2;3;3;"45;7679200000";"4;8440400000"
202200018264;14;11;2022;20:25;5;69;2;2;2;3;"45;7504700000";"4;8570400000"
202200018265;14;11;2022;12:40;1;69;2;1;1;2;"45;7380638543";"4;8780611157"
202200018266;10;11;2022;18:30;5;69;2;2;1;6;"45;7315800000";"4;8278300000"
202200018267;14;11;2022;17:25;1;972;1;1;2;2;"14;6158539200";" -61;0144300000"
202200018268;9;11;2022;19:15;3;972;1;1;8;2;"14;6150000000";" -61;0100000000"
202200018269;3;11;2022;15:25;1;972;1;9;1;7;"14;6134400000";" -61;0648800000"
202200018270;14;11;2022;17:49;2;69;2;1;2;6;"45;7923300000";"4;8382400000"
202200018271;13;11;2022;22:20;5;69;2;3;1;3;"45;7074100000";"4;8140500000"
202200018272;10;11;2022;14:20;1;69;1;4;1;2;"45;7721000000";"4;7899000000"
202200018273;12;11;2022;20:45;5;971;1;9;3;3;"16;2805500000";" -61;4971300000"
202200018274;10;11;2022;14:00;1;971;1;1;1;3;"16;2096400000";" -61;4721000000"
202200018275;9;11;2022;20:15;5;971;2;9;1;6;"16;2372296713";" -61;5332329273"
202200018276;4;11;2022;17:00;2;971;1;1;1;6;"16;2173943150";" -61;4595365524"
202200018277;14;11;2022;08:15;1;91;2;9;1;6;"48;7248370000";"2;3202730000"
202200018278;1;9;2022;18:10;1;91;1;1;1;5;"48;6302200000";"2;4395100000"
202200018279;9;11;2022;19:49;5;91;2;1;1;7;"48;4291000000";"2;1433500000"
202200018280;11;11;2022;17:15;1;87;2;1;1;6;"45;8184800000";"1;2400600000"
202200018281;9;11;2022;18:13;2;87;2;1;1;4;"45;8336800000";"1;2653700000"
202200018282;9;11;2022;19:34;1;87;2;1;1;6;"45;8460300000";"1;2455900000"
202200018283;8;11;2022;11:17;1;87;2;2;1;3;"45;8803200000";"1;2698600000"
202200018284;10;11;2022;14:33;1;86;2;1;8;6;"46;5615130000";"0;3789690000"
202200018285;13;11;2022;12:26;1;80;2;3;1;3;"49;8971600000";"2;2802900000"
202200018286;9;11;2022;18:25;5;80;2;1;1;6;"49;9137900000";"2;3232500000"
202200018287;9;11;2022;13:45;1;78;2;2;1;6;"48;7833430000";"2;1898870000"
202200018288;14;11;2022;22:30;5;77;2;3;1;6;"48;8546000000";"2;6667000000"
202200018289;14;11;2022;14:05;1;77;2;1;1;6;"48;8390110573";"2;7181779401"
202200018290;10;11;2022;17:00;2;77;2;1;1;2;"48;8544000000";"2;7673300000"
202200018291;10;11;2022;21:40;4;77;2;1;1;1;"48;8090394787";"3;0813275671"
202200018292;10;11;2022;23:25;5;76;2;3;1;3;"49;4317300000";"1;1095800000"
202200018293;13;11;2022;12:55;1;76;1;4;1;2;"49;5036600000";"0;1936500000"
202200018294;11;11;2022;05:19;5;76;2;1;1;6;"49;4911400000";"0;1140500000"
202200018295;11;11;2022;17:00;1;76;2;3;1;6;"49;4917100000";"0;0968500000"
202200018296;9;11;2022;15:20;1;76;2;3;1;3;"49;4976500791";"0;1279145479"
202200018297;13;11;2022;07:13;3;72;2;1;1;6;"47;9675500000";"0;1577500000"
202200018298;13;11;2022;11:00;1;72;2;1;1;6;"48;0052800000";"0;1951000000"
202200018299;10;11;2022;20:20;5;72;2;1;1;2;"48;0144800000";"0;1620100000"
202200018300;10;11;2022;19:10;5;72;2;1;1;3;"47;9978100000";"0;2007000000"
202200018301;13;11;2022;16:30;1;71;2;1;5;7;"46;7974700000";"4;3931300000"
202200018302;10;11;2022;17:50;3;71;1;1;1;2;"46;7734300000";"4;4479100000"
202200018303;10;11;2022;12:50;1;69;2;3;1;3;"45;7576100000";"4;8825700000"
202200018304;11;11;2022;01:15;5;69;2;2;1;3;"45;9871700000";"4;7213600000"
202200018305;10;11;2022;14:00;1;69;2;6;1;3;"45;9939100000";"4;7345700000"
202200018306;9;11;2022;08:05;1;69;1;1;2;7;"46;0035300000";"4;6779100000"
202200018307;14;11;2022;13:35;1;69;2;1;1;6;"45;7080723021";"4;8576079309"
202200018308;10;11;2022;18:44;5;69;2;1;1;3;"45;7283800000";"4;8868400000"
202200018309;28;7;2022;20:35;1;60;1;2;7;1;"49;6421580000";"2;3462030000"
202200018310;2;2;2022;18:05;1;64;2;1;1;2;"43;4126649537";" -1;6168698306"
202200018311;10;11;2022;19:50;5;69;2;3;1;3;"45;5910500000";"4;7727400000"
202200018312;2;2;2022;16:38;1;64;2;1;1;2;"43;3002000000";" -0;3680600000"
202200018313;13;11;2022;20:10;5;67;2;3;1;6;"48;5754200000";"7;7546900000"
202200018314;28;7;2022;18:00;1;43;1;1;2;6;"44;9798260000";"4;2200800000"
202200018315;12;11;2022;05:40;5;67;2;1;2;6;"48;5971100000";"7;7035400000"
202200018316;2;2;2022;20:15;5;59;2;6;1;6;"50;7306740945";"3;1676405668"
202200018317;29;7;2022;18:00;1;10;2;1;1;6;"48;5003413514";"4;3808841705"
202200018318;11;11;2022;19:45;5;67;2;1;1;2;"48;6068277788";"7;7492022514"
202200018319;1;2;2022;16:30;1;59;2;1;1;6;"50;6413100000";"2;9719900000"
202200018320;11;11;2022;13:10;1;67;2;3;1;6;"48;5842900000";"7;7475900000"
202200018321;29;7;2022;10:00;1;07;2;6;2;6;"45;2562090000";"4;6957430000"
202200018322;2;2;2022;07:20;2;58;2;3;1;3;"46;9911400000";"3;1605400000"
202200018323;10;11;2022;19:45;5;67;2;3;1;3;"48;5892000000";"7;7525900000"
202200018324;27;7;2022;21:25;2;04;1;6;1;7;"44;0505180000";"6;1481760000"
202200018325;1;2;2022;19:15;2;58;2;1;1;6;"46;9961400000";"3;1239100000"
202200018326;10;11;2022;12:20;1;67;2;3;1;1;"48;5862400000";"7;7456800000"
202200018327;1;2;2022;17:30;5;58;2;1;1;1;"46;9925800000";"3;1603100000"
202200018328;26;4;2022;17:00;1;85;2;1;1;6;"46;8492859094";" -1;8736852705"
202200018329;1;2;2022;16:56;1;56;2;6;8;6;"47;7365500000";" -3;3830100000"
202200018330;28;7;2022;20:20;2;72;1;1;1;6;"48;4188860000";"0;1334003300"
202200018331;10;11;2022;08:20;1;67;2;3;5;3;"48;5654000000";"7;7070900000"
202200018332;1;2;2022;17:50;5;54;2;1;2;6;"49;1649500000";"5;8726000000"
202200018333;27;7;2022;19:30;1;67;1;1;1;7;"48;7597023099";"7;9258564314"
202200018334;9;11;2022;19:45;5;67;2;3;2;4;"48;6107800000";"7;7352400000"
202200018335;2;2;2022;10:45;1;51;2;6;8;7;"49;2222018396";"3;9993031862"
202200018336;25;7;2022;18:55;1;06;2;6;1;1;"43;6182410000";"6;9723810000"
202200018337;9;11;2022;17:50;5;67;2;1;2;1;"48;5450700000";"7;7825700000"
202200018338;1;2;2022;07:35;5;51;2;1;2;7;"49;0419376653";"3;9661002793"
202200018339;9;11;2022;15:30;1;67;2;1;2;2;"48;5716100000";"7;7218100000"
202200018340;29;7;2022;08:25;1;69;2;1;1;3;"45;7531031241";"4;7687895742"
202200018341;1;2;2022;17:10;1;49;2;1;1;4;"47;4878900000";" -0;5370600000"
202200018342;10;11;2022;16:50;1;66;2;3;1;3;"42;7361700000";"2;8905800000"
202200018343;1;2;2022;22:44;5;47;2;1;2;6;"44;2124300000";"0;6072800000"
202200018344;24;7;2022;20:15;1;69;2;3;7;3;"45;7568400000";"4;7813540000"
202200018345;10;11;2022;11:10;1;66;2;9;7;6;"42;6874703920";"2;9082401097"
202200018346;14;11;2022;10:30;1;65;2;2;2;3;"43;2347570000";"0;0820100000"
202200018347;2;2;2022;19:11;2;45;2;3;1;3;"47;9086451006";"1;9763267040"
202200018348;29;7;2022;15:35;1;69;1;1;1;2;"45;7596940000";"5;0893310000"
202200018349;2;2;2022;09:20;1;45;2;1;2;6;"47;9116805066";"1;8774899840"
202200018350;10;11;2022;07:28;5;65;2;3;1;3;"43;2321450000";"0;0783870000"
202200018351;29;7;2022;11:30;1;2A;1;1;1;1;"41;4908670000";"8;9708090000"
202200018352;2;2;2022;13:00;1;38;2;2;1;3;"45;1626700000";"5;7189000000"
202200018353;14;11;2022;17:25;5;64;2;2;1;3;"43;3073800000";" -0;3550200000"
202200018354;18;7;2022;10:10;1;30;2;1;1;7;"43;7656000000";"4;4240000000"
202200018355;14;11;2022;14:55;1;64;1;1;2;1;"43;3210850000";" -0;3639180000"
202200018356;31;1;2022;09:30;1;38;2;3;1;3;"45;1852800000";"5;7684100000"
202200018357;10;11;2022;16:40;1;64;2;2;1;1;"43;4845000000";" -1;5547000000"
202200018358;29;7;2022;14:25;1;34;2;2;1;1;"43;6688900000";"4;1435060000"
202200018359;1;2;2022;19:02;5;33;2;2;1;3;"44;8324600000";" -0;6021600000"
202200018360;14;11;2022;09:00;1;64;2;1;2;2;"43;4769200000";" -1;5100900000"
202200018361;25;7;2022;03:00;5;84;2;4;1;7;"44;2755380000";"4;7500470000"
202200018362;3;2;2022;00:20;5;31;2;3;1;3;"43;6063000000";"1;4387300000"
202200018363;13;11;2022;18:25;5;64;2;1;1;7;"43;4811100000";" -1;5116500000"
202200018364;8;7;2022;07:30;1;13;1;9;1;3;"43;8162750000";"5;0112780000"
202200018365;10;11;2022;19:10;5;64;2;1;1;2;"43;5037900000";" -1;4710500000"
202200018366;2;2;2022;16:38;1;31;2;6;1;3;"43;6367100000";"1;4390800000"
202200018367;1;2;2022;20:00;3;29;2;4;1;6;"47;9872983631";" -4;0496563911"
202200018368;24;7;2022;11:15;1;71;2;1;1;6;"46;4905390000";"3;9976660000"
202200018369;9;11;2022;22:49;5;64;2;1;1;4;"43;4935800000";" -1;4667800000"
202200018370;2;2;2022;18:55;5;29;2;1;1;7;"48;5715700000";" -3;8398700000"
202200018371;10;11;2022;07:45;2;63;2;1;1;6;"45;7419000000";"3;1819800000"
202200018372;2;2;2022;12:25;1;28;2;1;8;1;"48;4421600000";"1;4809900000"
202200018373;16;7;2022;18:05;1;67;2;2;1;3;"48;4499800000";"7;5430910000"
202200018374;29;7;2022;17:55;1;88;1;1;1;1;"48;2650410000";"6;7515710000"
202200018375;9;11;2022;17:40;5;62;2;7;1;3;"50;5330500000";"2;6375500000"
202200018376;2;2;2022;12:10;1;28;2;9;1;7;"48;4659900000";"1;4222300000"
202200018377;2;2;2022;11:55;1;27;1;1;2;7;"49;0027600000";"1;1302588057"
202200018378;28;7;2022;10:10;1;74;2;1;1;2;"46;3755670000";"6;5548680000"
202200018379;5;11;2022;23:20;5;61;2;1;1;3;"48;4379700000";"0;1018400000"
202200018380;2;2;2022;19:25;5;25;2;2;2;3;"47;5023300000";"6;8085300000"
202200018381;24;7;2022;22:52;5;26;2;1;1;7;"44;3765930000";"4;6926960000"
202200018382;8;11;2022;12:55;1;60;2;1;1;6;"49;4218800000";"2;8238600000"
202200018383;14;1;2022;18:35;3;16;1;1;1;1;"45;6277067978";"0;2004039288"
202200018384;28;7;2022;16:20;1;01;2;1;1;3;"45;8490480000";"5;0502990000"
202200018385;10;11;2022;07:13;4;60;2;1;1;6;"49;4292549542";"2;1187101602"
202200018386;14;11;2022;20:35;5;59;2;3;1;6;"50;7233166068";"3;1603422761"
202200018387;29;7;2022;15:20;1;81;2;4;1;3;"43;6832980000";"1;8346200000"
202200018388;25;1;2022;11:30;1;13;1;3;1;3;"43;3694400000";"5;0602900000"
202200018389;10;11;2022;10:00;1;59;2;2;1;3;"50;7371567812";"3;1709825993"
202200018390;2;2;2022;14:00;1;13;2;9;1;3;"43;3160033398";"5;3844665294"
202200018391;14;11;2022;16:00;1;59;2;2;1;3;"50;6777500000";"3;1820400000"
202200018392;29;7;2022;08:50;1;79;1;2;1;3;"46;4081780000";" -0;2485200000"
202200018393;1;2;2022;07:30;5;11;2;1;1;3;"43;2103200000";"2;3475100000"
202200018394;14;11;2022;20:00;5;59;2;1;1;6;"50;2600000000";"3;9600000000"
202200018395;31;1;2022;16:02;1;11;2;2;2;3;"43;2112600000";"2;3265100000"
202200018396;10;11;2022;12:40;1;59;2;1;1;1;"50;5443811475";"3;0238741636"
202200018397;28;7;2022;04:00;3;33;2;9;1;6;"45;0043350000";" -0;2830490000"
202200018398;2;2;2022;18:00;5;10;2;1;8;6;"48;2930349341";"4;0691578388"
202200018399;9;11;2022;12:35;1;59;2;2;1;3;"50;6580200000";"3;1409200000"
202200018400;2;2;2022;18:45;1;06;2;1;1;2;"43;7123260000";"7;2615180000"
202200018401;28;7;2022;09:00;1;33;1;2;1;3;"44;5268640000";" -0;3254810000"
202200018402;10;11;2022;08:35;1;59;2;1;1;2;"50;6598400000";"3;0380000000"
202200018403;2;2;2022;16:40;1;06;2;1;1;3;"43;6472190000";"7;1481780000"
202200018404;28;7;2022;12:00;1;33;2;1;1;2;"44;6051660000";" -0;9372200000"
202200018405;10;11;2022;17:30;2;57;2;1;1;7;"49;1499100000";"6;1592700000"
202200018406;13;11;2022;10:40;1;56;2;6;1;6;"47;7656170000";" -3;3293680000"
202200018407;26;1;2022;08:37;1;05;2;1;1;2;"44;5408000000";"6;0573600000"
202200018408;10;11;2022;07:50;1;56;2;1;1;6;"47;7490600000";" -3;3812430000"
202200018409;13;7;2022;17:30;1;44;2;1;1;1;"47;2836130000";" -1;4750780000"
202200018410;9;11;2022;16:35;1;56;2;6;1;3;"47;7568560000";" -3;3646460000"
202200018411;14;11;2022;19:05;5;54;2;1;1;1;"48;6794020000";"6;1444980000"
202200018412;29;7;2022;16:57;1;60;1;1;1;1;"49;2141490000";"2;6043610000"
202200018413;10;11;2022;17:30;3;54;2;1;1;6;"48;6723500000";"6;1936200000"
202200018414;29;7;2022;15:45;1;60;2;1;1;6;"49;4285960000";"2;6585950000"
202200018415;9;11;2022;16:40;1;54;2;1;1;1;"48;6635170000";"6;1892470000"
202200018416;25;1;2022;22:04;5;05;2;3;1;3;"44;5566782373";"6;0769495368"
202200018417;2;2;2022;21:20;5;03;2;1;1;2;"46;3498300000";"2;5933800000"
202200018418;2;2;2022;17:30;5;75;2;1;1;2;"48;8214600000";"2;3192260000"
202200018419;14;11;2022;12:43;1;52;1;1;1;1;"48;6186300000";"4;9955300000"
202200018420;28;7;2022;18:08;1;60;1;1;1;1;"49;4182780000";"2;7415500000"
202200018421;2;2;2022;16:45;5;75;2;1;1;3;"48;8893710000";"2;2960980000"
202200018422;2;2;2022;09:10;1;75;2;1;1;3;"48;8474280000";"2;4145600000"
202200018423;1;2;2022;06:40;5;75;2;4;2;2;"48;8270360000";"2;3899570000"
202200018424;1;2;2022;01:40;5;75;2;4;1;3;"48;8683480000";"2;4131800000"
202200018425;14;11;2022;07:00;2;51;2;3;1;1;"49;2520600000";"4;0537200000"