Accident_Id;jour;mois;an;hrmn;lum;dep;agg;int;atm;col;lat;long
202200018426;28;7;2022;17:30;1;13;1;1;1;2;"43;4128742915";"5;2813970908"
202200018427;31;1;2022;21:45;5;75;2;4;1;2;"48;9009230000";"2;3472320000"
202200018428;31;1;2022;17:35;5;75;2;1;1;5;"48;8780610000";"2;4084470000"
202200018429;10;11;2022;09:40;1;51;1;6;1;3;"49;2746600000";"4;0331200000"
202200018430;25;5;2022;19:30;1;49;2;1;1;7;"47;5035200000";" -0;5960100000"
202200018431;27;7;2022;23:29;4;69;1;1;1;3;"45;6708500000";"4;9355400000"
202200018432;25;5;2022;18:42;1;48;2;1;1;6;"44;5191000000";"3;5025200000"
202200018433;9;11;2022;16:55;2;50;1;9;7;6;"48;8422200000";" -1;5559200000"
202200018434;2;2;2022;19:50;5;75;2;4;1;3;"48;8590670000";"2;2771210000"
202200018435;28;7;2022;19:15;2;42;1;1;8;2;"45;4522600000";"4;4769900000"
202200018436;2;2;2022;14:05;1;75;2;1;1;3;"48;8715940000";"2;2934480000"
202200018437;9;11;2022;22:00;5;50;2;1;1;6;"49;6397700000";" -1;6359100000"
202200018438;28;5;2022;11:45;1;45;2;3;1;3;"47;8787900000";"1;9551330000"
202200018439;9;11;2022;15:50;1;50;2;1;1;6;"49;6351700000";" -1;6285200000"
202200018440;28;7;2022;15:55;1;33;1;1;1;2;"44;7677360000";" -0;6676930000"
202200018441;2;2;2022;11:15;1;75;2;3;8;2;"48;8278210000";"2;3289600000"
202200018442;27;5;2022;17:55;1;45;2;3;7;3;"47;9152242452";"1;9168125987"
202200018443;8;11;2022;16:50;1;50;2;1;1;6;"49;6629700000";" -1;6844600000"
202200018444;10;11;2022;16:13;1;49;2;1;1;7;"47;4746000000";" -0;5605400000"
202200018445;27;5;2022;22:40;5;44;2;1;1;6;"47;2132300000";" -1;5543700000"
202200018446;28;7;2022;21:45;2;93;1;1;1;6;"48;9072000000";"2;4733600000"
202200018447;2;2;2022;09:55;1;75;2;3;1;3;"48;8316020000";"2;3412510000"
202200018448;8;11;2022;19:03;2;49;2;1;1;3;"47;4789000000";" -0;5450300000"
202200018449;6;5;2022;20:05;1;44;2;1;1;3;"47;2096800000";" -1;6303900000"
202200018450;2;2;2022;08:30;1;75;2;1;1;3;"48;8291290000";"2;3707720000"
202200018451;28;7;2022;08:30;1;95;1;1;1;2;"48;9541200583";"2;2790434957"
202200018452;14;11;2022;08:15;1;45;2;3;1;3;"47;9166500000";"1;8348300000"
202200018453;1;2;2022;23:00;5;75;2;1;1;7;"48;8220700000";"2;3705480000"
202200018454;28;5;2022;10:30;1;42;1;1;1;6;"45;5400000000";"4;5999000000"
202200018455;10;11;2022;04:00;5;45;2;1;1;6;"47;9170000000";"1;9172000000"
202200018456;2;2;2022;20:10;5;75;2;2;1;6;"48;8619820000";"2;3501720000"
202200018457;27;5;2022;17:30;1;42;2;1;1;2;"45;4401200000";"4;4284300000"
202200018458;29;5;2022;00:05;5;38;2;2;1;7;"45;1646500000";"5;7286700000"
202200018459;2;2;2022;08:25;1;94;2;2;2;3;"48;7780300000";"2;3964300000"
202200018460;28;7;2022;08:50;1;95;1;1;1;4;"49;0068081517";"2;1626999974"
202200018461;10;11;2022;11:50;1;42;2;1;1;2;"45;5335460069";"4;6286325930"
202200018462;27;5;2022;14:30;1;37;2;1;1;6;"47;3885405259";"0;6893947721"
202200018463;1;2;2022;05:35;5;94;2;9;2;6;"48;7826800000";"2;3938800000"
202200018464;27;5;2022;09:45;1;37;2;1;1;7;"47;3633718021";"0;7193899155"
202200018465;6;11;2022;09:15;1;42;2;4;1;1;"45;4836500000";"4;5167700000"
202200018466;2;2;2022;11:15;1;94;2;1;1;6;"48;7305700000";"2;4468700000"
202200018467;28;7;2022;09:00;1;95;1;1;1;4;"48;9998214845";"2;1746975183"
202200018468;27;5;2022;02:25;5;37;2;2;1;3;"47;4197500000";"0;6651400000"
202200018469;2;2;2022;15:20;1;94;2;3;1;1;"48;8373600000";"2;5002000000"
202200018470;28;7;2022;07:55;1;92;1;1;1;3;"48;9452569232";"2;2843730158"
202200018471;22;10;2022;17:45;1;42;2;1;1;6;"45;4136600000";"4;3952100000"
202200018472;28;5;2022;16:10;1;35;2;3;1;3;"48;1007689502";" -1;6589070484"
202200018473;28;7;2022;03:10;3;95;1;9;1;7;"48;9897209915";"2;1983036399"
202200018474;2;2;2022;09:20;1;94;2;3;2;6;"48;8320700000";"2;4765400000"
202200018475;14;11;2022;07:30;1;42;2;2;1;1;"45;3940700000";"4;3030300000"
202200018476;1;2;2022;11:50;1;94;2;1;1;3;"48;7566100000";"2;3149600000"
202200018477;28;7;2022;18:15;1;75;1;1;1;2;"48;8195712373";"2;4590277672"
202200018478;26;5;2022;19:20;1;35;2;3;1;3;"48;1235400000";" -1;6595500000"
202200018479;2;2;2022;12:42;1;94;2;1;1;3;"48;8254730000";"2;3931090000"
202200018480;10;11;2022;22:45;5;38;2;3;1;3;"45;1967200000";"5;6937900000"
202200018481;28;5;2022;05:25;5;33;2;8;1;3;"44;8365070390";" -0;5656953156"
202200018482;28;7;2022;16:00;1;94;1;1;1;3;"48;7715133249";"2;3920170109"
202200018483;1;2;2022;18:20;5;94;2;1;2;7;"48;7646100000";"2;5380270000"
202200018484;10;11;2022;18:21;5;38;2;1;1;6;"45;2046300000";"5;7378400000"
202200018485;27;5;2022;01:45;5;33;2;1;1;6;"44;8581900000";" -0;5580200000"
202200018486;28;7;2022;11:30;1;94;1;1;1;2;"48;8303228960";"2;4893496496"
202200018487;30;1;2022;00:00;5;93;2;3;8;3;"48;9384331462";"2;3552615940"
202200018488;10;11;2022;13:20;1;37;1;1;1;2;"47;3216900000";"0;7040100000"
202200018489;2;2;2022;22:00;5;93;2;1;2;7;"48;8681579149";"2;4921787240"
202200018490;26;5;2022;01:00;5;33;2;3;1;3;"44;8461900000";" -0;5771500000"
202200018491;2;2;2022;20:40;5;93;2;9;1;1;"48;8846557657";"2;4834061862"
202200018492;10;11;2022;08:04;1;36;2;1;1;6;"46;8194549204";"1;6725718975"
202200018493;28;4;2022;08:33;1;57;1;1;1;4;"49;1256000000";"6;1604000000"
202200018494;2;2;2022;07:08;5;93;2;1;1;3;"48;8911622785";"2;3987357543"
202200018495;14;11;2022;17:25;5;35;2;6;1;3;"48;0915896740";" -1;6585144401"
202200018496;29;5;2022;01:45;5;33;2;3;1;3;"44;6342700000";" -1;2024700000"
202200018497;27;7;2022;11:42;1;32;2;1;1;6;"43;6481000000";"0;5869000000"
202200018498;1;2;2022;21:15;5;93;2;1;1;3;"48;9500960000";"2;4583150000"
202200018499;14;11;2022;08:15;1;35;2;2;2;3;"48;1346600000";" -1;6589200000"
202200018500;28;5;2022;18:10;1;33;2;1;1;3;"44;6415900000";" -1;1559100000"
202200018501;2;2;2022;09:30;1;93;2;1;8;1;"48;9587282942";"2;4856469347"
202200018502;10;11;2022;09:20;1;35;2;3;1;3;"48;1296700000";" -1;6960600000"
202200018503;27;5;2022;17:35;1;30;2;4;1;3;"43;8474000000";"4;3899000000"
202200018504;10;11;2022;13:48;1;34;2;1;7;6;"43;4078800000";"3;6623600000"
202200018505;2;2;2022;16:15;1;92;2;9;1;6;"48;8633960000";"2;2145830000"
202200018506;27;5;2022;14:20;1;33;2;3;1;3;"44;6332000000";" -1;1428500000"
202200018507;22;5;2022;20:25;2;30;2;1;1;6;"43;8464000000";"4;3869000000"
202200018508;2;2;2022;14:05;1;92;2;1;1;6;"48;8876925754";"2;2336286008"
202200018509;26;5;2022;17:40;1;33;2;2;1;3;"44;6395000000";" -1;1941300000"
202200018510;14;11;2022;18:40;5;34;2;3;1;3;"43;6270300000";"3;8730400000"
202200018511;28;5;2022;17:50;1;31;2;1;1;6;"43;5649000000";"1;4100600000"
202200018512;9;11;2022;18:50;5;34;2;1;1;6;"43;6143100000";"3;8495500000"
202200018513;13;5;2022;14:50;1;30;2;6;1;3;"43;8250000000";"4;3617000000"
202200018514;14;11;2022;05:00;5;33;2;3;1;6;"44;8348800000";" -0;5633100000"
202200018515;27;5;2022;11:10;1;29;2;1;1;5;"48;3828670000";" -4;5170160000"
202200018516;2;2;2022;09:20;1;92;2;2;1;2;"48;8974335107";"2;3105406761"
202200018517;10;11;2022;20:09;5;33;2;1;1;4;"44;8588323382";" -0;5522118509"
202200018518;5;3;2022;13:45;1;30;2;1;1;3;"44;1509000000";"4;6125000000"
202200018519;2;2;2022;08:00;5;92;2;1;1;3;"48;9095613082";"2;2862594426"
202200018520;10;11;2022;19:20;5;33;2;2;1;6;"44;8288100000";" -0;6645000000"
202200018521;2;2;2022;09:10;1;08;2;1;2;6;"49;7086010000";"4;9107810000"
202200018522;10;11;2022;05:05;5;33;2;1;1;6;"44;8017300000";" -0;6783500000"
202200018523;28;5;2022;19:00;1;27;2;6;1;3;"49;0232300000";"1;1692400000"
202200018524;2;2;2022;12:55;1;06;2;1;1;2;"43;7341890000";"7;3024540000"
202200018525;28;4;2022;17:50;1;33;1;1;1;4;"44;8798700000";" -0;5365200000"
202200018526;10;11;2022;14:45;1;33;2;3;1;3;"44;8331758850";" -0;5617913604"
202200018527;2;2;2022;14:06;1;22;1;2;1;1;"48;5334700000";" -2;9395400000"
202200018528;10;11;2022;17:45;5;31;2;1;1;6;"43;5803200000";"1;4417000000"
202200018529;2;2;2022;18:17;5;06;2;1;1;3;"43;6864130000";"7;1078440000"
202200018530;27;7;2022;04:20;5;974;2;5;1;3;" -20;8920000000";"55;4820000000"
202200018531;28;5;2022;11:10;1;27;2;1;1;2;"49;0446300000";"1;1608000000"
202200018532;10;11;2022;14:40;1;31;2;6;1;3;"43;6049500000";"1;3075400000"
202200018533;27;1;2022;18:30;3;972;1;1;1;3;"14;6090000000";" -60;8784630000"
202200018534;28;5;2022;03:30;5;25;2;3;1;6;"46;9074170000";"6;3438100000"
202200018535;10;11;2022;07:30;1;31;2;2;1;3;"43;5881600000";"1;3553800000"
202200018536;2;2;2022;16:49;1;22;1;1;1;1;"48;3110587195";" -2;1317982677"
202200018537;26;7;2022;17:29;1;973;2;2;1;3;"4;9335550982";" -52;3133312166"
202200018538;27;5;2022;03:20;3;25;1;1;5;7;"46;9340200000";"6;3430200000"
202200018539;28;1;2022;15:30;1;51;1;2;1;3;"49;3751190000";"3;9203920000"
202200018540;9;11;2022;18:05;4;31;1;1;1;4;"43;6309400000";"1;4781700000"
202200018541;27;7;2022;15:30;1;69;2;2;1;3;"45;7663700000";"4;8671100000"
202200018542;30;1;2022;12:00;1;56;1;1;1;7;"47;7327860000";" -3;2523290000"
202200018543;27;5;2022;19:43;1;25;2;1;1;6;"47;2408000000";"6;0401800000"
202200018544;8;11;2022;18:30;2;31;2;2;1;3;"43;5745000000";"1;4573300000"
202200018545;14;11;2022;18:40;5;29;2;1;1;6;"47;9812400000";" -4;0967400000"
202200018546;3;2;2022;07:15;3;78;1;1;1;1;"48;9125650000";"1;7431460000"
202200018547;27;7;2022;07:30;1;69;2;3;1;6;"45;7857400000";"4;8133800000"
202200018548;27;5;2022;16:40;1;25;2;9;1;6;"47;2451900000";"6;0205900000"
202200018549;14;11;2022;10:05;1;29;2;1;1;6;"48;0076500000";" -4;0967200000"
202200018550;27;1;2022;07:20;2;33;1;1;5;3;"44;7160860000";" -0;0429800000"
202200018551;27;7;2022;08:43;1;2B;2;1;1;3;"42;6289600000";"9;4374300000"
202200018552;10;11;2022;22:20;3;29;1;1;1;7;"47;9800100000";" -4;1071800000"
202200018553;1;2;2022;23:50;5;81;2;1;5;6;"43;5674720000";"2;3142210000"
202200018554;10;11;2022;18:50;5;29;1;1;1;7;"47;9756500000";" -4;0205200000"
202200018555;26;5;2022;21:15;2;25;1;1;1;6;"47;2810700000";"6;0205500000"
202200018556;27;7;2022;04:57;5;2A;2;2;1;1;"41;9323400000";"8;7407900000"
202200018557;1;2;2022;16:40;1;89;2;1;8;3;"48;2805370000";"3;2166770000"
202200018558;9;11;2022;16:07;1;29;1;1;1;3;"48;0131700000";" -4;0746900000"
202200018559;25;7;2022;19:50;1;2A;1;1;1;6;"41;9188700000";"8;7380500000"
202200018560;1;5;2022;10:05;1;25;2;2;1;3;"47;2382000000";"5;9882000000"
202200018561;11;11;2022;01:21;5;29;2;1;1;6;"48;3942120146";" -4;4843261540"
202200018562;2;2;2022;22:45;3;89;1;3;1;7;"47;6636240000";"3;5057540000"
202200018563;27;5;2022;10:50;1;23;2;1;1;6;"46;1684802918";"1;8700790405"
202200018564;2;2;2022;17:00;1;61;1;9;8;1;"48;6165980000";" -0;3587080000"
202200018565;10;11;2022;18:15;3;29;1;1;1;4;"48;4179610000";" -4;4787910000"
202200018566;21;1;2022;06:30;5;49;2;1;1;6;"47;7098060000";" -0;9837400000"
202200018567;28;5;2022;17:25;1;22;2;6;1;3;"48;5005000000";" -2;7768600000"
202200018568;27;7;2022;18:45;1;91;1;1;1;5;"48;6312750000";"2;2638140000"
202200018569;21;10;2022;08:30;1;27;2;1;1;2;"49;0186330454";"1;1578624248"
202200018570;26;7;2022;18:25;1;91;2;1;1;7;"48;5864800000";"2;2344800000"
202200018571;3;2;2022;07:05;2;49;1;2;1;3;"47;5806080000";" -0;0633590000"
202200018572;3;5;2022;17:00;1;18;2;1;1;6;"47;0576320000";"2;4051230000"
202200018573;3;2;2022;11:15;1;42;1;3;1;3;"45;7066060000";"4;0337200000"
202200018574;27;7;2022;15:02;1;87;2;1;1;2;"45;8280500000";"1;2267700000"
202200018575;14;11;2022;18:15;5;25;2;1;1;3;"46;9105400000";"6;3482300000"
202200018576;28;5;2022;10:00;1;17;2;7;1;3;"45;6247100000";" -1;0240700000"
202200018577;2;2;2022;07:35;3;22;1;3;1;7;"48;6101220000";" -2;8470250000"
202200018578;10;11;2022;16:45;1;25;2;6;1;3;"47;2430240000";"6;0076880000"
202200018579;26;7;2022;18:05;1;80;2;3;1;3;"49;8891900000";"2;3056500000"
202200018580;10;11;2022;14:48;1;24;1;1;1;1;"45;1955700000";"0;6464300000"
202200018581;26;5;2022;08:55;1;15;2;1;1;3;"44;9000400000";"2;4600100000"
202200018582;28;7;2022;00:30;5;78;2;6;1;6;"48;9645700000";"1;8662290000"
202200018583;7;7;2022;13:20;1;22;2;2;1;3;"48;4979900000";" -2;7529900000"
202200018584;3;2;2022;18:10;3;26;1;5;1;3;"44;8103400000";"4;9051430000"
202200018585;27;5;2022;20:15;1;13;2;1;1;2;"43;4027600000";"5;3056200000"
202200018586;28;1;2022;16:10;1;14;1;1;1;6;"49;0170100000";"0;0577640000"
202200018587;10;11;2022;16:45;1;19;2;1;1;6;"45;1571500000";"1;5062700000"
202200018588;3;2;2022;15:35;1;14;1;1;1;1;"49;1164670000";" -0;4491520000"
202200018589;9;11;2022;07:50;2;17;2;1;1;1;"45;7431900000";" -0;6657800000"
202200018590;28;5;2022;19:11;1;13;2;2;1;5;"43;2890900000";"5;3841400000"
202200018591;14;11;2022;22:10;3;17;2;2;1;1;"46;1579000000";" -1;1422900000"
202200018592;28;5;2022;06:45;1;13;2;1;1;2;"43;3210000000";"5;4110000000"
202200018593;10;11;2022;22:05;3;17;1;1;5;6;"46;1281700000";" -1;1038200000"
202200018594;2;2;2022;12:00;1;83;2;3;1;3;"43;4739520000";"6;1800720000"
202200018595;27;7;2022;20:10;1;76;2;1;1;2;"49;2916424371";"1;0145643353"
202200018596;27;5;2022;20:50;3;13;1;1;1;7;"43;2374065730";"5;4988288879"
202200018597;28;1;2022;22:00;3;28;1;1;2;7;"48;2275820000";"1;3535070000"
202200018598;10;11;2022;19:55;3;17;1;1;5;4;"46;1732490000";" -1;1165330000"
202200018599;10;11;2022;15:25;1;15;2;1;1;2;"44;9260280000";"2;4398060000"
202200018600;2;2;2022;19:05;3;87;1;1;8;5;"45;9178070000";"1;0398250000"
202200018601;27;7;2022;17:40;1;69;2;3;1;1;"45;7631300000";"4;9139800000"
202200018602;27;5;2022;18:30;1;13;2;1;1;1;"43;3497522043";"5;3479868996"
202200018603;14;11;2022;08:10;1;14;2;1;1;3;"49;1864500000";" -0;3911300000"
202200018604;3;2;2022;19:45;5;37;1;6;1;2;"47;3959560000";"0;6457310000"
202200018605;27;7;2022;17:55;1;69;2;3;1;2;"45;7582800000";"4;8973500000"
202200018606;13;11;2022;18:10;5;14;2;9;1;7;"49;2101500000";" -0;3319300000"
202200018607;27;5;2022;07:54;1;13;2;2;1;2;"43;3015800000";"5;3698300000"
202200018608;2;2;2022;17:45;2;49;1;1;1;1;"47;3491390000";" -1;0960360000"
202200018609;26;7;2022;21:30;1;67;2;1;1;6;"48;5568200000";"7;7134300000"
202200018610;11;11;2022;01:00;5;14;2;1;8;6;"49;1840940000";" -0;3564540000"
202200018611;2;2;2022;17:00;1;49;1;1;1;7;"47;0515940000";" -0;8357760000"
202200018612;11;11;2022;01:40;5;14;2;1;1;6;"49;1791300000";" -0;3572600000"
202200018613;26;7;2022;10:10;1;66;2;3;1;3;"42;6915700000";"2;8966900000"
202200018614;27;5;2022;03:30;5;13;2;2;1;3;"43;3103000000";"5;3854100000"
202200018615;27;7;2022;11:00;1;64;2;1;1;3;"43;3082500000";" -0;4075400000"
202200018616;9;11;2022;18:00;5;14;2;6;2;3;"49;1722100000";" -0;2821910000"
202200018617;26;5;2022;22:40;5;13;2;1;1;3;"43;2697400000";"5;3869500000"
202200018618;14;1;2022;16:30;1;21;2;1;1;3;"47;2738860000";"5;0618220000"
202200018619;27;7;2022;12:30;1;64;2;1;1;2;"43;4982180000";" -1;4822830000"
202200018620;18;10;2022;07:40;2;13;1;1;1;3;"43;3806400000";"5;0312800000"
202200018621;3;2;2022;12:15;1;2A;1;3;1;1;"41;6399060000";"9;2946640000"
202200018622;28;5;2022;02:30;3;13;1;1;1;7;"43;4522800000";"5;0116700000"
202200018623;26;7;2022;19:35;1;64;2;1;1;3;"43;4853980000";" -1;5129300000"
202200018624;27;5;2022;00:15;3;13;1;1;1;6;"43;5395920000";"4;9740410000"
202200018625;2;2;2022;06:55;2;83;2;1;1;6;"43;2979126192";"6;6249796450"
202200018626;27;6;2022;18:00;1;59;1;2;1;3;"50;7219600000";"2;7034400000"
202200018627;21;1;2022;02:20;3;13;1;1;1;6;"43;8106850000";"5;0234990000"
202200018628;26;5;2022;15:30;1;13;2;1;1;5;"43;1923999084";"5;6046370153"
202200018629;28;1;2022;14:45;1;68;2;1;8;7;"47;6558270000";"7;4563050000"
202200018630;16;7;2022;18:35;1;57;2;1;1;3;"49;2431265184";"6;1694743635"
202200018631;27;1;2022;15:20;1;55;1;1;2;6;"48;9786680000";"5;0518230000"
202200018632;27;5;2022;19:00;1;13;2;3;1;3;"43;5074100000";"5;4012500000"
202200018633;17;7;2022;20:20;1;57;2;1;1;6;"49;2465459138";"6;1082337651"
202200018634;3;2;2022;10:50;1;01;2;6;1;2;"45;8483410000";"5;0579540000"
202200018635;22;5;2022;17:10;1;12;2;3;1;3;"44;1144500000";"3;0831500000"
202200018636;29;1;2022;18:15;3;69;1;1;1;1;"45;8992370000";"4;5880790000"
202200018637;27;5;2022;14:40;1;07;1;1;1;2;"44;9200500000";"4;8622200000"
202200018638;27;7;2022;05:55;2;54;2;2;1;3;"48;6895300000";"6;1937400000"
202200018639;3;2;2022;07:15;2;59;2;1;1;1;"50;4610320000";"3;2027020000"
202200018640;26;5;2022;03:43;5;06;2;6;1;6;"43;7601910000";"7;4524580000"
202200018641;26;7;2022;15:50;1;52;2;1;1;1;"48;1182900000";"5;1560800000"
202200018642;1;2;2022;18:30;3;59;1;1;1;2;"50;6067300000";"3;0972600000"
202200018643;28;5;2022;13:45;1;06;2;2;1;3;"43;6622100000";"6;9340000000"
202200018644;27;7;2022;17:20;1;51;1;1;1;7;"49;0117718905";"3;9501643181"
202200018645;2;2;2022;16:10;1;91;1;1;1;4;"48;7425200000";"2;3216700000"
202200018646;27;7;2022;00:37;5;49;2;1;1;7;"47;4738300000";" -0;5796900000"
202200018647;2;2;2022;19:15;3;93;1;1;1;2;"48;9673000000";"2;5110000000"
202200018648;27;5;2022;15:40;1;06;2;3;1;3;"43;6455800000";"6;9412300000"
202200018649;2;2;2022;00:30;3;93;1;1;1;2;"48;8657026993";"2;4180956359"
202200018650;1;2;2022;22:40;3;94;1;1;1;6;"48;7715541339";"2;3934748629"
202200018651;10;5;2022;21:35;3;06;2;1;1;1;"43;5543790000";"6;9918630000"
202200018652;26;7;2022;15:23;1;49;2;2;1;4;"47;4912100000";" -0;5298200000"
202200018653;28;5;2022;18:10;1;06;2;1;1;7;"43;6500000000";"7;1500000000"
202200018654;1;2;2022;17:00;2;75;2;4;1;4;"48;8959660000";"2;3797070000"
202200018655;26;7;2022;21:47;5;45;2;1;1;3;"47;9624000000";"2;7645900000"
202200018656;1;2;2022;08:35;1;72;2;1;1;6;"48;0098900000";"0;1891900000"
202200018657;27;5;2022;08:20;1;06;2;1;1;2;"43;6503100000";"7;1512890000"
202200018658;31;1;2022;19:00;5;32;2;1;1;6;"43;6501900000";"0;5943100000"
202200018659;27;7;2022;06:40;2;44;2;1;1;7;"47;2727200000";" -1;6140130000"
202200018660;31;1;2022;16:45;1;32;2;1;2;7;"43;6432700000";"0;5974300000"
202200018661;26;5;2022;15:45;1;06;1;1;1;2;"43;6748210000";"7;1860370000"
202200018662;27;7;2022;23:25;5;35;2;1;1;3;"48;1103892508";" -1;6742308438"
202200018663;31;1;2022;13:25;1;33;2;1;3;6;"44;6318841033";" -1;1471968889"
202200018664;26;5;2022;18:06;1;05;2;1;1;7;"44;5614200000";"6;0814000000"
202200018665;27;7;2022;15:17;1;35;1;1;1;2;"48;0797400000";" -1;6851000000"
202200018666;2;2;2022;10:00;1;988;2;1;1;2;" -22;2744500000";"166;4414900000"
202200018667;1;2;2022;17:15;1;988;2;3;2;3;" -22;2402500000";"166;4713700000"
202200018668;1;2;2022;12:30;1;976;2;1;1;7;" -12;7755400000";"45;2307800000"
202200018669;28;5;2022;19:00;1;75;2;1;1;4;"48;9009420000";"2;3575530000"
202200018670;27;7;2022;18:40;1;33;1;4;1;3;"44;8930500000";" -0;6684200000"
202200018671;1;2;2022;20:30;5;974;2;6;1;3;" -20;8900500000";"55;4615000000"
202200018672;31;1;2022;15:45;1;974;2;2;1;6;" -20;8835800000";"55;4602600000"
202200018673;28;5;2022;14:15;1;75;2;1;1;4;"48;8285560000";"2;3910750000"
202200018674;30;1;2022;12:15;1;974;1;9;1;6;" -20;8996100000";"55;4800300000"
202200018675;27;5;2022;19:20;1;75;2;1;1;2;"48;8646034025";"2;2669862006"
202200018676;27;7;2022;17:00;1;33;2;3;1;3;"44;8070100000";" -0;5489400000"
202200018677;1;2;2022;23:50;5;69;2;2;1;3;"45;7626500000";"4;8575100000"
202200018678;27;5;2022;12:50;1;75;2;1;1;7;"48;9006416077";"2;3326749648"
202200018679;27;7;2022;11:45;1;33;2;1;1;6;"44;6291000000";" -1;1468000000"
202200018680;1;2;2022;19:30;5;69;2;1;2;6;"45;6914600000";"4;8845000000"
202200018681;27;5;2022;00:45;3;75;2;1;1;7;"48;8819144640";"2;2827011222"
202200018682;1;2;2022;17:20;1;69;2;1;1;3;"45;7373415917";"4;8290206655"
202200018683;27;7;2022;19:00;1;31;2;1;1;3;"43;6058000000";"1;4484800000"
202200018684;26;5;2022;21:10;2;75;2;1;1;3;"48;8359910000";"2;4120530000"
202200018685;1;2;2022;06:30;5;69;2;1;1;2;"45;7711145851";"4;8410640657"
202200018686;29;5;2022;15:10;1;30;2;3;1;3;"43;8385000000";"4;3727000000"
202200018687;31;1;2022;15:00;1;69;2;3;2;6;"45;6733600000";"4;8576200000"
202200018688;12;6;2022;03:25;5;30;2;6;1;7;"43;8572000000";"4;4052000000"
202200018689;26;5;2022;10:40;1;75;2;1;1;2;"48;8581262839";"2;4140954585"
202200018690;31;1;2022;11:30;1;69;2;2;2;3;"45;7680517601";"4;8658168316"
202200018691;25;7;2022;14:00;1;29;2;2;1;3;"48;3928650000";" -4;4620680000"
202200018692;26;5;2022;05:20;5;75;2;1;1;3;"48;8739650000";"2;4112290000"
202200018693;31;1;2022;12:30;1;69;2;2;8;3;"45;7379600000";"4;8715500000"
202200018694;27;7;2022;01:40;5;27;2;1;1;6;"49;0824200000";"1;4852900000"
202200018695;31;1;2022;12:15;1;69;2;1;2;6;"45;6923400000";"4;8983300000"
202200018696;26;5;2022;00:15;5;75;2;1;1;7;"48;8268940000";"2;3914810000"
202200018697;27;7;2022;08:05;1;27;1;3;1;5;"49;2502400000";"1;2359800000"
202200018698;25;5;2022;12:00;1;75;2;1;1;3;"48;8449410000";"2;4140352900"
202200018699;31;1;2022;09:50;1;69;2;6;2;3;"45;6853663329";"4;8601412773"
202200018700;26;7;2022;16:25;1;25;2;3;1;3;"47;5001000000";"6;7983900000"
202200018701;25;5;2022;07:20;1;75;2;1;1;2;"48;9009090000";"2;3376800000"
202200018702;1;2;2022;11:05;1;972;2;6;1;3;"14;6186100000";" -61;0040500000"
202200018703;27;7;2022;21:10;1;17;1;9;1;7;"46;1742800000";" -1;1759900000"
202200018704;31;1;2022;06:15;5;69;2;4;1;3;"45;7649300000";"4;8011600000"
202200018705;25;5;2022;08:45;1;75;2;1;1;4;"48;8705360000";"2;4132240000"
202200018706;24;5;2022;07:50;1;75;2;1;1;2;"48;9003590000";"2;3766420000"
202200018707;27;1;2022;15:30;1;69;2;1;1;6;"45;7027900000";"4;8211600000"
202200018708;27;7;2022;20:30;1;17;2;2;1;3;"46;1631100000";" -1;1651600000"
202200018709;27;7;2022;20:05;1;17;2;1;1;2;"46;1781400000";" -1;1529100000"
202200018710;1;2;2022;14:10;1;2B;2;9;1;4;"42;6956800000";"9;4523000000"
202200018711;27;7;2022;07:30;1;13;2;1;1;2;"43;2594295032";"5;3941355485"
202200018712;1;2;2022;14:38;1;2B;2;1;1;1;"42;6898200000";"9;4470100000"
202200018713;27;7;2022;15:03;1;10;1;1;1;2;"48;2866800000";"4;0399500000"
202200018714;31;1;2022;16:50;1;971;1;3;1;6;"16;3008200000";" -61;5114000000"
202200018715;28;5;2022;15:55;1;75;2;1;1;1;"48;8420185334";"2;3556600052"
202200018716;25;7;2022;10:00;1;05;1;2;1;3;"44;9097900000";"6;6640300000"
202200018717;30;1;2022;16:25;1;971;2;1;1;1;"16;2730400000";" -61;5050800000"
202200018718;27;7;2022;06:50;1;75;2;4;1;2;"48;8466820000";"2;2545660000"
202200018719;26;7;2022;16:40;1;75;2;1;1;3;"48;9008600000";"2;3657120000"
202200018720;29;1;2022;17:30;1;971;1;1;1;2;"16;2073000000";" -61;4441900000"
202200018721;26;5;2022;12:16;1;75;2;2;1;3;"48;8410178084";"2;3361306867"
202200018722;27;7;2022;13:30;1;75;2;2;1;3;"48;8499760000";"2;3548750000"
202200018723;26;5;2022;03:30;3;75;2;1;1;6;"48;8512200000";"2;3466020000"
202200018724;1;2;2022;10:10;1;971;2;1;1;7;"16;0517575708";" -61;5645450354"
202200018725;27;7;2022;20:05;1;75;2;3;1;1;"48;8841180000";"2;3494680000"
202200018726;31;1;2022;07:15;1;2A;1;1;1;2;"41;9236000000";"8;8129000000"
202200018727;27;7;2022;15:08;1;75;2;2;1;3;"48;8936420000";"2;3363780000"
202200018728;28;5;2022;18:30;1;75;2;2;1;3;"48;8728835795";"2;4086423213"
202200018729;1;2;2022;11:00;1;95;2;1;2;6;"48;9719870870";"2;3949873447"
202200018730;27;7;2022;19:15;1;75;2;7;1;6;"48;8848210000";"2;2966340000"
202200018731;20;1;2022;07:10;5;95;2;1;2;6;"48;9742125330";"2;3989999294"
202200018732;31;1;2022;19:15;5;91;2;9;1;3;"48;6444800000";"2;2700900000"