Accident_Id;jour;mois;an;hrmn;lum;dep;agg;int;atm;col;lat;long
202200018733;27;7;2022;20:00;2;75;2;1;1;5;"48;8625660000";"2;2308020000"
202200018734;28;5;2022;18:00;1;75;2;4;1;6;"48;8737070398";"2;3895405406"
202200018735;31;1;2022;16:25;1;91;2;1;1;2;"48;6725700000";"2;5374400000"
202200018736;26;7;2022;16:00;1;75;2;1;1;5;"48;8709300000";"2;2956700000"
202200018737;29;1;2022;23:30;5;91;2;2;2;2;"48;6866200000";"2;4928400000"
202200018738;26;7;2022;19:00;1;75;2;2;1;2;"48;8169890000";"2;3321440000"
202200018739;31;1;2022;17:30;2;91;2;1;1;3;"48;6000000000";"2;3000000000"
202200018740;27;7;2022;13:20;1;75;2;2;1;2;"48;8306470000";"2;3526550000"
202200018741;28;1;2022;13:00;1;88;2;1;1;6;"48;1629100000";"6;4497800000"
202200018742;26;5;2022;19:55;1;75;2;7;1;3;"48;9009992741";"2;3880865009"
202200018743;29;1;2022;21:37;4;87;1;1;2;6;"45;8662710799";"1;2876635348"
202200018744;27;7;2022;10:30;1;75;2;2;1;7;"48;8303450000";"2;3458850000"
202200018745;26;5;2022;19:50;1;75;2;1;1;3;"48;8985105205";"2;3441999407"
202200018746;26;7;2022;23:02;5;75;2;2;1;3;"48;8366220000";"2;3931760000"
202200018747;29;1;2022;17:57;1;87;2;3;1;3;"45;8288900000";"1;2434400000"
202200018748;25;7;2022;19:25;1;75;2;2;1;3;"48;8480380000";"2;3928640000"
202200018749;27;5;2022;20:40;1;75;2;2;1;3;"48;8850310000";"2;3207720000"
202200018750;1;2;2022;19:50;5;83;2;1;1;2;"43;1380700000";"5;9917900000"
202200018751;27;7;2022;19:00;1;75;2;1;1;3;"48;8632230000";"2;3760610000"
202200018752;26;5;2022;10:00;1;75;2;1;2;2;"48;8837876495";"2;2968123387"
202200018753;27;7;2022;16:40;1;75;2;7;1;3;"48;8648270000";"2;3203780000"
202200018754;31;1;2022;16:15;1;83;1;1;1;2;"43;1383950000";"6;0026290000"
202200018755;25;5;2022;22:00;5;75;2;4;1;3;"48;9004629296";"2;3296782374"
202200018756;27;7;2022;18:20;1;75;2;2;1;2;"48;8659360000";"2;3278910000"
202200018757;27;7;2022;15:40;1;75;2;3;1;7;"48;8589890000";"2;3398710000"
202200018758;27;5;2022;00:50;5;75;2;2;1;2;"48;8493821032";"2;2815548308"
202200018759;30;1;2022;12:15;1;83;2;1;1;3;"43;1176000000";"6;1286100000"
202200018760;27;7;2022;11:00;1;75;2;3;1;7;"48;8554720000";"2;3601030000"
202200018761;28;5;2022;17:15;1;75;2;2;1;6;"48;8487170000";"2;2852170000"
202200018762;26;7;2022;11:30;1;75;2;2;1;3;"48;8591000000";"2;3464240000"
202200018763;26;1;2022;16:15;1;83;1;1;1;7;"43;0929700000";"6;1304900000"
202200018764;25;7;2022;19:15;1;94;2;2;1;3;"48;7898410000";"2;5149480000"
202200018765;27;5;2022;15:10;1;75;2;2;1;1;"48;8348140668";"2;3416080797"
202200018766;27;7;2022;03:50;5;94;2;1;1;6;"48;7472400000";"2;4112700000"
202200018767;26;5;2022;17:08;1;75;2;1;1;6;"48;8325050000";"2;3183090000"
202200018768;31;1;2022;17:05;2;81;1;9;2;3;"43;4645100000";"2;3550500000"
202200018769;27;5;2022;21:41;5;75;2;2;1;3;"48;8261790000";"2;3572800000"
202200018770;27;7;2022;08:30;1;95;1;1;1;4;"49;0176200000";"2;5319200000"
202200018771;27;7;2022;08:00;1;93;2;1;1;3;"48;9504450000";"2;3660580000"
202200018772;30;1;2022;18:15;3;80;2;1;1;6;"49;8775100000";"2;2707100000"
202200018773;27;5;2022;14:10;1;75;2;5;8;2;"48;8258182386";"2;3503802885"
202200018774;27;7;2022;12:00;1;93;2;2;1;3;"48;9127000000";"2;3345500000"
202200018775;27;5;2022;12:20;1;75;2;7;1;2;"48;8160214635";"2;3443184827"
202200018776;28;1;2022;16:00;1;80;2;1;1;6;"49;8704900000";"2;2425700000"
202200018777;27;7;2022;17:48;1;93;2;2;1;3;"48;9232100000";"2;3701500000"
202200018778;27;5;2022;04:30;5;75;2;2;1;3;"48;8272940817";"2;3685233151"
202200018779;27;7;2022;18:10;1;93;2;2;1;3;"48;8789500000";"2;5066600000"
202200018780;27;5;2022;19:50;1;75;2;1;1;3;"48;8459929132";"2;3750001309"
202200018781;28;1;2022;12:40;1;80;2;1;1;4;"49;8765800000";"2;2602300000"
202200018782;27;7;2022;09:25;1;93;2;3;1;4;"48;9555200000";"2;5390000000"
202200018783;26;5;2022;03:30;5;75;2;4;1;3;"48;8464397658";"2;3668490388"
202200018784;26;7;2022;18:57;1;93;2;3;1;6;"48;8908700000";"2;4015100000"
202200018785;1;2;2022;09:30;1;78;2;1;2;6;"48;8958400000";"2;0957700000"
202200018786;28;5;2022;20:25;1;75;2;2;1;2;"48;8782130000";"2;3555590000"
202200018787;27;7;2022;13:25;1;93;2;2;1;1;"48;8572000000";"2;4411000000"
202200018788;28;5;2022;07:17;1;75;2;1;1;6;"48;8764274634";"2;3608013764"
202200018789;1;2;2022;07:25;5;77;2;4;2;6;"48;8787800000";"2;7015500000"
202200018790;27;7;2022;13:14;1;93;2;2;1;3;"48;8907180000";"2;5585570000"
202200018791;26;5;2022;13:45;1;75;2;2;1;3;"48;8793150301";"2;3570858375"
202200018792;11;6;2022;02:09;5;92;1;9;1;6;"48;9278870000";"2;3310450000"
202200018793;26;7;2022;07:00;2;92;2;2;1;6;"48;8100510992";"2;3191390335"
202200018794;25;5;2022;15:40;1;75;2;2;1;3;"48;8827920000";"2;3320810000"
202200018795;27;7;2022;08:53;1;92;2;1;1;3;"48;8394169219";"2;2430745363"
202200018796;1;2;2022;12:50;1;77;2;3;2;1;"48;4086800000";"2;6875500000"
202200018797;28;5;2022;18:00;1;75;2;7;1;3;"48;8690756600";"2;3103194052"
202200018798;27;7;2022;17:40;1;92;2;9;1;6;"48;7459194565";"2;3035095334"
202200018799;27;5;2022;12:25;1;75;2;1;1;6;"48;8580660000";"2;3270020000"
202200018800;28;7;2022;14:00;1;26;2;1;1;6;"45;1206360000";"4;9827720000"
202200018801;26;5;2022;09:07;1;75;2;1;1;6;"48;8571970000";"2;3293210000"
202200018802;29;1;2022;19:15;5;76;2;3;2;3;"49;4482700000";"1;0667700000"
202200018803;22;7;2022;11:40;1;25;1;1;1;2;"47;1986940000";"5;8099650000"
202200018804;26;5;2022;04:00;5;75;2;1;1;7;"48;8629070000";"2;3175060000"
202200018805;28;7;2022;06:43;2;17;1;2;1;3;"46;1351110000";" -0;9974280000"
202200018806;25;5;2022;13:15;1;75;2;1;1;6;"48;8578140625";"2;3604411632"
202200018807;28;1;2022;19:30;5;76;2;1;1;6;"49;4926300000";"0;1396100000"
202200018808;26;5;2022;17:15;1;94;2;1;1;1;"48;7794700000";"2;3746300000"
202200018809;25;7;2022;10:25;1;40;1;1;1;5;"43;7043940000";" -1;4124620000"
202200018810;26;5;2022;05:22;5;94;2;3;1;3;"48;7991000000";"2;4997400000"
202200018811;27;7;2022;08:56;1;31;2;3;1;3;"43;5126620000";"1;5245620000"
202200018812;28;5;2022;14:00;1;94;2;1;1;3;"48;7947500000";"2;3688760000"
202200018813;26;5;2022;12:30;1;94;2;1;1;3;"48;7884600000";"2;3650300000"
202200018814;27;7;2022;21:00;2;28;1;1;1;2;"48;4221660000";"1;5117140000"
202200018815;26;5;2022;18:50;1;94;2;1;1;6;"48;7790100000";"2;3675700000"
202200018816;26;5;2022;12:50;1;94;2;1;1;3;"48;7872700000";"2;3656100000"
202200018817;27;7;2022;18:30;1;83;1;1;1;5;"43;1601767444";"6;0480165482"
202200018818;27;7;2022;08:50;1;84;1;6;1;3;"44;0969010000";"4;7305260000"
202200018819;27;5;2022;18:10;1;94;2;2;1;3;"48;7676179307";"2;4062919721"
202200018820;1;2;2022;12:35;1;74;2;3;8;3;"46;1881700000";"6;2093400000"
202200018821;27;5;2022;10:10;1;94;2;1;1;3;"48;8158700000";"2;5132600000"
202200018822;28;7;2022;07:20;1;50;1;9;1;6;"49;3033560000";" -1;1659030000"
202200018823;26;5;2022;14:50;1;94;2;6;1;2;"48;8136400000";"2;5275700000"
202200018824;25;5;2022;22:10;5;94;2;3;1;2;"48;8145700000";"2;4129640000"
202200018825;27;7;2022;21:07;5;34;2;4;1;2;"43;5724730000";"3;7728430000"
202200018826;28;5;2022;13:30;1;93;2;1;1;3;"48;9157100000";"2;3225600000"
202200018827;27;7;2022;07:50;1;56;1;6;1;3;"47;7593560000";" -3;2831100000"
202200018828;27;7;2022;20:20;1;67;1;1;1;3;"49;0446200000";"7;9532860000"
202200018829;27;5;2022;19:10;1;93;2;2;7;3;"48;9211140000";"2;3615860000"
202200018830;27;7;2022;20:00;1;79;1;1;1;7;"46;4171510000";" -0;3291110000"
202200018831;11;1;2022;08:35;1;74;2;6;1;4;"45;9228500000";"6;1239000000"
202200018832;26;5;2022;12:40;1;93;1;1;1;5;"48;8371500000";"2;5434100000"
202200018833;28;7;2022;07:50;1;82;1;1;1;1;"44;0363160000";"1;4559350000"
202200018834;24;7;2022;08:27;1;63;1;1;1;6;"45;7647310000";"3;3047390000"
202200018835;28;5;2022;15:30;1;93;2;1;1;1;"48;8684810853";"2;4337452650"
202200018836;27;7;2022;18:40;1;61;1;1;1;6;"48;6838700000";" -0;3606180000"
202200018837;26;5;2022;20:03;1;93;2;3;1;3;"48;8762300000";"2;5561100000"
202200018838;28;7;2022;15:55;1;55;1;1;1;7;"49;1267190000";"5;6192060000"
202200018839;30;1;2022;06:55;5;71;2;2;2;3;"46;3075400000";"4;8203500000"
202200018840;13;7;2022;19:10;1;49;1;1;1;3;"47;3064340000";" -0;4478320000"
202200018841;27;5;2022;11:57;1;93;2;2;1;3;"48;9271000000";"2;4382400000"
202200018842;28;7;2022;11:35;1;34;1;1;1;6;"43;5099580000";"3;2778310000"
202200018843;27;5;2022;23:20;5;93;2;5;1;1;"48;8993124585";"2;5395804370"
202200018844;1;2;2022;07:40;2;69;2;3;1;6;"45;7697500000";"4;8756300000"
202200018845;26;2;2022;15:00;1;93;2;2;1;3;"48;9013610249";"2;4890259950"
202200018846;28;7;2022;15:40;1;25;2;1;1;5;"46;8066070000";"6;1778350000"
202200018847;28;7;2022;00:45;5;29;1;1;1;2;"47;8708050000";" -4;1640760000"
202200018848;27;5;2022;13:35;1;93;2;1;1;6;"48;9097564147";"2;3786526918"
202200018849;27;7;2022;15:30;1;38;2;6;1;3;"45;5868940000";"5;6036500000"
202200018850;27;5;2022;15:30;1;92;2;3;1;3;"48;8258301069";"2;2029059082"
202200018851;31;1;2022;17:55;2;69;2;3;2;1;"45;7594300000";"4;9692700000"
202200018852;28;7;2022;06:00;1;13;1;2;1;1;"43;8957080000";"4;7890570000"
202200018853;28;7;2022;11:28;1;02;2;1;1;6;"49;4058890000";"3;1157230000"
202200018854;28;5;2022;19:55;1;92;2;2;1;3;"48;8131686784";"2;3147563040"
202200018855;27;7;2022;19:45;1;02;1;1;1;6;"49;5429170000";"3;4932470000"
202200018856;28;5;2022;12:30;1;92;2;6;1;3;"48;7865408729";"2;2240110040"
202200018857;31;1;2022;12:15;1;67;2;1;1;2;"48;5644500000";"7;7524800000"
202200018858;27;7;2022;19:00;1;15;1;3;7;1;"44;8407390000";"2;3902720000"
202200018859;26;5;2022;16:00;1;92;2;1;1;6;"48;8225035648";"2;2798696160"
202200018860;27;7;2022;15:47;1;66;1;6;1;3;"42;4922270000";"3;1190120000"
202200018861;27;5;2022;12:20;1;92;2;1;1;6;"48;9229090000";"2;2554660000"
202200018862;27;7;2022;11:40;1;14;1;3;1;5;"49;0268210038";" -0;0217709543"
202200018863;28;5;2022;00:00;5;92;2;2;1;1;"48;9000548643";"2;3062185645"
202200018864;30;1;2022;21:05;5;66;2;3;1;3;"42;6944000000";"2;8763400000"
202200018865;27;7;2022;16:15;1;50;1;1;1;3;"48;5624150000";" -1;5122830000"
202200018866;27;5;2022;11:40;1;92;2;1;8;2;"48;8388550000";"2;2326370000"
202200018867;28;7;2022;13:15;1;50;1;1;1;1;"49;1886120000";" -1;1877280000"
202200018868;27;5;2022;09:58;1;92;2;1;1;6;"48;8453869051";"2;2358982861"
202200018869;10;7;2022;21:28;1;45;2;6;1;3;"48;0575780000";"2;2922640000"
202200018870;28;1;2022;16:35;1;66;2;2;1;3;"42;6881900000";"2;9137200000"
202200018871;26;5;2022;00:50;5;92;2;2;1;3;"48;8414139830";"2;2390948087"
202200018872;25;5;2022;21:30;5;92;2;1;1;2;"48;9162238471";"2;3046379387"
202200018873;18;7;2022;15:55;1;73;1;3;1;3;"45;5920590000";"5;6400850000"
202200018874;28;1;2022;16:47;1;66;2;1;1;6;"42;6928100000";"2;8857600000"
202200018875;27;7;2022;12:50;1;18;1;1;1;6;"46;7548760000";"2;1606050000"
202200018876;28;7;2022;06:15;2;16;2;1;1;6;"46;0204070000";"0;1992790000"
202200018877;16;7;2022;14:24;1;87;1;1;1;6;"46;2166323000";"1;0587877000"
202200018878;27;7;2022;05:00;3;87;2;1;1;7;"45;7747750000";"1;3900710000"
202200018879;30;4;2022;13:31;1;37;1;1;1;2;"47;4904102184";"0;8192472160"
202200018880;28;7;2022;14:05;1;24;2;1;1;1;"44;6785690000";"0;4094980000"
202200018881;30;4;2022;19:45;1;63;2;1;1;6;"45;5462137981";"3;1977765262"
202200018882;1;2;2022;10:05;1;64;2;2;1;3;"43;2982900000";" -0;3583400000"
202200018883;27;7;2022;16:00;1;988;1;3;1;1;" -22;1421420000";"166;4358220000"
202200018884;27;7;2022;09:30;1;34;1;9;1;6;"43;4851500000";"3;7996000000"
202200018885;30;4;2022;16:00;1;49;1;1;1;7;"47;1904780000";" -0;0663690000"
202200018886;15;7;2022;18:00;1;18;1;1;1;6;"47;0662820000";"2;2909070000"
202200018887;30;4;2022;14:25;1;42;1;1;1;1;"45;8991360000";"4;0131290000"
202200018888;28;7;2022;11:30;1;06;2;1;1;3;"43;6227720000";"7;0172250000"
202200018889;28;7;2022;17:15;1;30;1;3;1;3;"44;0358700000";"4;7639400000"
202200018890;1;5;2022;17:20;1;38;1;1;1;1;"45;5621110000";"4;9837370000"
202200018891;27;7;2022;11:20;1;22;1;1;1;6;"48;4296210000";" -2;8215470000"
202200018892;30;4;2022;22:10;3;64;1;1;1;6;"43;1619400000";" -1;2476330000"
202200018893;31;1;2022;18:15;5;64;1;1;2;4;"43;3216400000";" -0;3950600000"
202200018894;30;4;2022;19:30;1;08;2;1;1;7;"49;4693370000";"4;1186610000"
202200018895;13;7;2022;11:43;1;11;1;1;1;4;"43;1892750000";"3;0648420000"
202200018896;22;7;2022;23:00;3;971;1;1;1;6;"16;3176800000";" -61;4791540000"
202200018897;31;1;2022;13:55;1;64;2;1;2;6;"43;3121900000";" -0;3674200000"
202200018898;30;4;2022;17:18;1;68;2;6;2;7;"47;9672840000";"7;3024160000"
202200018899;27;7;2022;21:00;3;83;2;1;1;1;"43;1940540000";"5;7009870000"
202200018900;30;4;2022;20:45;1;49;1;1;1;1;"47;4320610000";" -0;2281490000"
202200018901;28;7;2022;08:00;1;89;1;1;1;6;"47;7531620000";"3;6752070000"
202200018902;1;2;2022;20:05;5;64;2;1;2;1;"43;4476191635";" -1;5736571213"
202200018903;27;7;2022;20:50;2;52;2;1;1;7;"48;0336570000";"5;3423810000"
202200018904;28;5;2022;12:10;1;33;1;1;1;2;"44;8834143815";" -0;5554264784"
202200018905;26;7;2022;20:00;1;54;1;1;1;7;"48;6202150000";"6;6657400000"
202200018906;28;5;2022;03:10;4;33;1;1;1;6;"44;8418880000";" -0;6732580000"
202200018907;30;1;2022;21:15;5;64;2;6;5;7;"43;4828900000";" -1;4661000000"
202200018908;27;7;2022;19:00;2;42;2;1;7;3;"45;5507900000";"4;1280000000"
202200018909;27;7;2022;21:08;2;38;1;1;1;7;"45;5880050000";"4;8673190000"
202200018910;17;6;2022;13:45;1;44;2;3;1;1;"47;2744500000";" -1;5476100000"
202200018911;27;5;2022;20:00;1;91;1;1;1;4;"48;6818870000";"2;1901460000"
202200018912;27;7;2022;09:09;1;69;2;1;1;3;"45;8253301106";"4;7732599229"
202200018913;27;5;2022;16:15;1;94;1;1;1;3;"48;7716800000";"2;3452700000"
202200018914;28;7;2022;08:35;1;17;2;1;1;1;"45;2931920000";" -0;4131350000"
202200018915;27;5;2022;12:30;1;91;1;1;1;3;"48;7414100000";"2;3211900000"
202200018916;12;3;2022;22:35;3;46;1;1;2;6;"44;8541490000";"1;8466450000"
202200018917;28;5;2022;14:00;1;78;1;1;1;6;"48;8502320000";"2;0687160000"
202200018918;13;3;2022;15:55;1;47;1;1;4;6;"44;6474500396";"0;5108816149"
202200018919;31;1;2022;12:40;1;60;2;1;1;3;"49;4397735183";"2;0892517269"
202200018920;28;5;2022;02:30;3;78;1;1;1;2;"48;9151500000";"2;0059100000"
202200018921;12;3;2022;09:00;1;22;2;7;1;6;"48;5707290000";" -2;8182770000"
202200018922;28;5;2022;13:30;1;93;1;1;1;3;"48;9690093983";"2;4804863075"
202200018923;12;3;2022;12:29;1;72;1;1;1;2;"47;9411500000";" -0;2560100000"
202200018924;28;5;2022;14:00;1;93;1;1;1;2;"48;9393100000";"2;4186700000"
202200018925;12;3;2022;17:55;1;14;1;1;1;6;"49;2272390000";" -0;5294040000"
202200018926;31;1;2022;15:10;1;59;2;9;1;1;"50;6253090143";"3;0136549473"
202200018927;28;5;2022;06:20;1;93;1;1;1;3;"48;8927000000";"2;4726900000"
202200018928;28;5;2022;01:20;3;95;1;1;1;2;"48;9909700000";"2;2447500000"
202200018929;12;3;2022;06:30;3;09;1;1;2;7;"43;0923180000";"1;7085130000"
202200018930;28;5;2022;05:55;1;75;1;1;1;3;"48;8243243040";"2;4633634831"
202200018931;12;3;2022;16:20;1;24;2;1;8;3;"45;1199620000";"1;2282800000"
202200018932;13;3;2022;10:40;1;30;2;2;2;3;"43;8830000000";"4;1940000000"
202200018933;31;1;2022;08:15;1;59;2;2;1;3;"50;6054100000";"3;0533100000"
202200018934;27;5;2022;18:30;1;60;1;2;1;5;"49;2388270000";"2;3001120000"
202200018935;13;3;2022;09:37;1;48;1;1;8;6;"44;7866780000";"3;2891290000"
202200018936;28;5;2022;05:15;2;60;2;2;1;3;"49;3834730000";"2;4044820000"
202200018937;27;5;2022;23:27;5;60;2;1;1;7;"49;5643380000";"2;3925970000"
202200018938;13;3;2022;09:50;1;88;1;1;1;2;"47;9519630000";"6;8262920000"
202200018939;30;1;2022;17:40;2;59;2;1;1;6;"50;5565490000";"3;0585480000"
202200018940;28;5;2022;20:00;1;80;1;1;1;7;"49;8766610000";"2;4944970000"
202200018941;26;1;2022;12:15;1;59;2;1;1;6;"51;0343709363";"2;3433387280"
202200018942;13;3;2022;02:15;3;06;1;2;1;3;"43;6081180000";"7;0549120000"
202200018943;30;1;2022;15:00;1;59;2;1;1;6;"50;3671200000";"3;0877600000"
202200018944;24;5;2022;18:20;1;13;1;1;1;3;"43;2847405615";"5;4172860800"
202200018945;30;1;2022;22:20;5;58;2;1;1;6;"46;9776500000";"3;1250100000"
202200018946;12;3;2022;16:45;1;971;1;1;1;3;"16;2530150000";" -61;5788410000"
202200018947;19;12;2022;11:42;1;13;2;1;1;1;"43;3292600000";"5;3653700000"
202200018948;25;5;2022;19:07;1;13;1;1;8;2;"43;3690500000";"5;3608800000"
202200018949;27;1;2022;19:00;5;58;2;3;1;3;"46;9874100000";"3;1326100000"
202200018950;19;12;2022;23:00;5;13;2;1;1;1;"43;2448775920";"5;4073683011"
202200018951;11;3;2022;16:56;1;78;1;1;8;3;"48;4873970000";"1;9124890000"
202200018952;27;5;2022;02:30;3;69;1;1;1;5;"45;7103885426";"4;9508723617"
202200018953;28;1;2022;22:11;3;57;2;1;9;1;"49;1071600000";"7;0857400000"
202200018954;18;12;2022;16:10;1;13;2;1;1;2;"43;3457200000";"5;4247600000"
202200018955;11;3;2022;16:05;1;987;2;3;1;3;" -17;4948930000";" -149;7634360000"
202200018956;31;1;2022;08:30;1;53;2;1;1;6;"48;0740300000";" -0;7749100000"
202200018957;23;5;2022;07:10;1;67;1;1;1;2;"48;5300700000";"7;6937000000"
202200018958;17;12;2022;18:55;5;13;2;1;1;1;"43;2769000000";"5;3840900000"
202200018959;31;1;2022;07:14;5;51;2;7;2;7;"49;0436305709";"3;9508265637"
202200018960;12;3;2022;19:30;3;973;2;1;1;6;"5;7411530000";" -53;9211340000"
202200018961;17;12;2022;07:34;2;13;2;2;1;3;"43;2922127892";"5;3772845864"
202200018962;27;5;2022;05:30;3;33;1;1;1;2;"44;8721617035";" -0;6405707363"
202200018963;30;1;2022;08:25;2;50;2;1;1;1;"49;1212200000";" -1;0883600000"
202200018964;12;3;2022;16:00;1;971;1;1;1;3;"16;3015160000";" -61;4093130000"
202200018965;17;12;2022;09:30;1;13;2;1;1;6;"43;2857675665";"5;4423487495"
202200018966;27;5;2022;18:10;1;95;1;1;1;3;"48;9605400000";"2;2699800000"
202200018967;20;12;2022;07:30;4;13;2;1;1;6;"43;6012340000";"4;9440900000"
202200018968;28;1;2022;13:20;1;50;2;6;1;3;"49;6365700000";" -1;5962600000"
202200018969;20;12;2022;13:40;1;13;1;1;8;6;"43;4545950179";"5;3167998790"
202200018970;27;5;2022;17:10;1;93;1;1;1;6;"48;9645100000";"2;5199200000"
202200018971;13;3;2022;12:30;1;971;1;1;1;1;"16;2251410000";" -61;6555090000"
202200018972;16;12;2022;09:00;1;12;1;1;5;6;"44;5136909995";"2;2774386408"
202200018973;31;1;2022;19:15;3;49;2;3;1;3;"47;4825000000";" -0;5020000000"
202200018974;21;4;2022;16:13;1;16;2;1;1;6;"45;8879756686";"0;1754880000"
202200018975;13;3;2022;12:10;1;34;1;1;6;1;"43;6962300000";"4;1428760000"
202200018976;20;12;2022;17:17;1;11;2;1;1;3;"43;2151130000";"2;3239340000"
202200018977;31;1;2022;14:36;1;49;2;1;1;2;"47;4537400000";" -0;5396900000"
202200018978;13;3;2022;12:50;1;13;1;1;1;6;"43;2520640000";"5;6687090000"
202200018979;21;12;2022;15:40;1;09;1;6;7;3;"43;0029150000";"1;6136530000"
202200018980;31;1;2022;07:49;5;49;2;1;1;3;"47;4517900000";" -0;5248700000"
202200018981;12;3;2022;14:30;1;68;1;1;1;7;"47;7681470000";"7;0904090000"
202200018982;26;5;2022;17:30;1;62;1;1;1;1;"50;3938530000";"2;6150110000"
202200018983;29;1;2022;20:29;3;49;2;1;8;7;"47;5037100000";" -0;6195200000"
202200018984;20;12;2022;10:00;1;09;2;1;1;2;"42;9726040000";"1;6079640000"
202200018985;12;3;2022;12:15;1;01;1;1;6;2;"46;0561890000";"5;5932260000"
202200018986;31;1;2022;13:20;1;47;2;1;1;2;"44;2072000000";"0;6233400000"
202200018987;7;3;2022;16:30;1;69;1;1;1;5;"46;0294260000";"4;4975070000"
202200018988;26;5;2022;17:20;1;33;1;1;1;4;"44;8918620000";" -0;5013030000"
202200018989;12;3;2022;02:45;3;81;1;1;2;2;"43;8879920000";"2;0168100000"
202200018990;19;12;2022;16:10;1;07;1;1;2;3;"44;5935200000";"4;4189300000"
202200018991;26;5;2022;01:55;3;92;1;1;1;2;"48;9274239062";"2;2374158506"
202200018992;26;5;2022;06:20;1;93;1;1;2;2;"48;9097212416";"2;4455699022"
202200018993;11;3;2022;16:30;1;33;1;6;1;4;"44;9433380000";" -0;5602330000"
202200018994;21;12;2022;19:00;5;06;2;9;2;3;"43;6748100000";"7;2267400000"
202200018995;12;3;2022;13:50;1;22;2;9;1;6;"48;5607220000";" -3;1533940000"
202200018996;26;5;2022;12:35;1;77;1;1;1;2;"48;8368290000";"2;6649340000"
202200018997;25;5;2022;23:05;3;94;1;1;1;6;"48;8274342642";"2;4691540168"
202200018998;21;12;2022;02:47;5;06;2;1;2;6;"43;6824100000";"7;2320500000"
202200018999;13;3;2022;19:40;3;60;1;9;2;5;"49;2113040000";"2;6073220000"
202200019000;25;5;2022;16:15;1;94;1;1;1;7;"48;7605503444";"2;3825440405"
202200019001;13;3;2022;11:15;1;59;1;1;1;6;"50;7489926132";"2;6599144936"
202200019002;3;5;2022;09:20;1;94;1;1;1;4;"48;8283361632";"2;5023593274"
202200019003;28;4;2022;14:35;1;35;2;1;1;6;"47;9664497495";" -1;7937269434"
202200019004;11;2;2022;17:29;1;13;1;1;1;4;"43;4629190607";"5;2347794230"
202200019005;20;12;2022;05:25;5;06;2;1;1;6;"43;7008900000";"7;2605900000"
202200019006;29;4;2022;00:30;3;41;1;1;1;7;"47;6112550000";"1;9662090000"
202200019007;11;3;2022;11:30;1;13;1;9;1;6;"43;3465000000";"5;3451000000"
202200019008;18;12;2022;19:45;5;06;2;1;1;6;"43;7061600000";"7;2703900000"
202200019009;27;4;2022;15:45;1;29;1;1;1;7;"48;3926240000";" -3;7263180000"
202200019010;18;12;2022;21:10;5;06;2;9;1;6;"43;7246400000";"7;2587000000"
202200019011;8;3;2022;16:59;1;13;1;1;1;2;"43;3442000000";"5;3749300000"
202200019012;29;4;2022;09:30;1;70;1;1;1;7;"47;6257340000";"6;0738520000"
202200019013;12;12;2022;20:00;5;06;2;1;1;1;"43;6800700000";"6;9584100000"
202200019014;11;3;2022;11:25;1;69;1;1;1;6;"45;5709900000";"4;7119200000"
202200019015;18;12;2022;12:20;1;06;2;1;1;7;"43;6245000000";"6;9652800000"
202200019016;28;4;2022;16:30;1;16;2;1;1;7;"45;6685210000";"0;5045690000"
202200019017;12;3;2022;16:45;1;92;1;1;1;3;"48;9350431573";"2;2827114928"
202200019018;20;12;2022;17:50;5;06;2;1;1;2;"43;5786100000";"7;0119000000"
202200019019;29;4;2022;14:40;1;62;2;2;1;6;"50;4093240000";"1;5660300000"
202200019020;21;12;2022;06:15;3;04;2;1;3;6;"43;8434400000";"5;8094700000"
202200019021;11;3;2022;23:15;3;92;1;1;1;2;"48;8350422017";"2;1744212904"
202200019022;29;4;2022;01:13;5;94;2;1;1;6;"48;8245385450";"2;4073963160"
202200019023;18;12;2022;09:30;1;03;2;1;1;6;"46;1279000000";"3;4379900000"
202200019024;18;12;2022;19:00;5;01;1;1;1;7;"46;2182800000";"5;2056000000"
202200019025;11;3;2022;18:45;2;92;1;1;1;4;"48;9280993721";"2;2383538616"
202200019026;16;4;2022;12:00;1;73;2;1;1;2;"45;6172720000";"6;7704640000"
202200019027;20;12;2022;17:40;5;75;2;1;2;2;"48;8554470000";"2;4138260000"
202200019028;12;3;2022;07:10;1;95;1;1;1;6;"49;0381280000";"2;1237880000"
202200019029;19;12;2022;08:20;1;75;2;1;2;3;"48;8413570000";"2;4135520000"
202200019030;28;4;2022;08:40;1;60;2;4;1;6;"49;4256000000";"2;0768500000"
202200019031;18;12;2022;02:00;5;75;2;1;1;2;"48;8343510000";"2;2760140000"
202200019032;12;3;2022;06:35;2;95;1;1;1;7;"49;0278300000";"2;5198860000"
202200019033;18;12;2022;01:40;5;75;2;4;2;6;"48;8355067456";"2;2714474797"
202200019034;12;3;2022;05:50;3;93;1;1;1;2;"48;8974000000";"2;4698000000"
202200019035;26;4;2022;08:55;1;45;1;3;1;3;"47;7989170000";"1;9314800000"
202200019036;18;12;2022;21:40;5;75;2;2;1;2;"48;8646790000";"2;3136540000"
202200019037;8;3;2022;07:00;2;95;1;1;1;2;"48;9810000000";"2;4995900000"
202200019038;16;12;2022;19:25;5;75;2;3;1;3;"48;8710840000";"2;3035280000"
202200019039;26;4;2022;23:20;5;17;2;1;1;7;"45;6322410000";" -0;6528820000"
202200019040;20;12;2022;15:12;1;75;2;2;2;3;"48;8461580000";"2;3490930000"