Accident_Id;jour;mois;an;hrmn;lum;dep;agg;int;atm;col;lat;long
202200019347;6;9;2022;17:30;1;59;1;1;1;4;"50;5936450000";"2;9313760000"
202200019348;11;3;2022;21:15;5;92;2;5;2;7;"48;8248337258";"2;2441720963"
202200019349;8;8;2022;20:30;1;68;1;1;1;7;"47;8504189753";"7;2394806147"
202200019350;21;12;2022;16:05;1;44;1;1;3;6;"47;3840770000";" -1;0090090000"
202200019351;10;3;2022;20:20;3;92;2;1;1;3;"48;9197680928";"2;2801124901"
202200019352;7;9;2022;14:30;1;30;1;1;1;6;"44;0603060000";"4;7367600000"
202200019353;11;3;2022;11:45;1;35;2;1;2;6;"47;6499635949";" -2;0872360468"
202200019354;22;12;2022;12:30;1;29;2;1;2;1;"47;8542350000";" -4;2352940000"
202200019355;7;9;2022;10:20;1;87;1;1;1;6;"45;8454750000";"1;1736490000"
202200019356;12;3;2022;16:20;1;54;1;1;1;7;"48;7815042300";"6;2858104707"
202200019357;19;12;2022;07:16;4;29;2;1;8;7;"47;8671640000";" -4;2288030000"
202200019358;6;9;2022;16:20;1;62;1;2;1;3;"50;3175424437";"2;2842195332"
202200019359;21;12;2022;14:22;1;31;1;1;7;6;"43;7156630000";"1;0694990000"
202200019360;11;3;2022;16:50;1;86;1;2;3;1;"46;8092840000";"0;3113790000"
202200019361;3;9;2022;15:00;1;51;1;1;1;7;"48;6779410000";"4;0152880000"
202200019362;3;12;2022;23:30;3;38;2;1;2;7;"45;4555250000";"5;1830900000"
202200019363;5;9;2022;15:00;1;31;1;6;1;2;"43;6588920000";"1;3353650000"
202200019364;2;3;2022;10:20;1;16;2;2;1;3;"45;6172120000";" -0;2188520000"
202200019365;20;12;2022;10:15;1;02;2;2;2;3;"49;8724160000";"3;7535480000"
202200019366;12;3;2022;18:20;1;22;1;1;1;6;"48;6151230000";" -3;0431810000"
202200019367;6;9;2022;19:25;2;81;1;4;1;3;"43;7005200000";"2;2664560000"
202200019368;21;12;2022;17:22;5;02;2;3;2;6;"49;2595590000";"3;0978490000"
202200019369;11;3;2022;14:45;1;35;2;3;1;1;"48;4132061706";" -1;7393320799"
202200019370;6;9;2022;17:30;1;11;2;9;1;3;"43;2442280000";"3;0017970000"
202200019371;18;12;2022;20:13;3;02;1;3;2;6;"50;0218690000";"3;2463580000"
202200019372;12;3;2022;12:30;1;74;2;3;1;3;"45;9373150000";"6;0783270000"
202200019373;6;9;2022;13:15;1;12;2;1;1;2;"44;3009630000";"2;5556030000"
202200019374;12;3;2022;10:30;1;76;1;9;1;6;"49;9240540000";"1;6390870000"
202200019375;7;9;2022;09:45;1;42;2;4;7;1;"45;4819800000";"4;3898530000"
202200019376;19;12;2022;17:24;3;02;1;2;1;5;"49;2009220000";"3;3586940000"
202200019377;6;9;2022;17:10;1;68;2;1;1;1;"47;8335330000";"7;3010910000"
202200019378;11;3;2022;21:45;3;72;1;3;8;3;"47;8003500000";"0;3419900000"
202200019379;19;12;2022;00:15;3;03;1;1;1;6;"46;3071370000";"3;3534460000"
202200019380;12;3;2022;15:00;1;51;2;1;1;7;"49;0993470000";"4;1174240000"
202200019381;6;9;2022;20:45;3;68;1;1;1;6;"47;7341100000";"7;2487880000"
202200019382;21;12;2022;10:29;1;15;1;1;7;1;"45;1373720000";"3;0108330000"
202200019383;12;3;2022;19:00;5;67;2;3;1;6;"48;5491500000";"7;3169930000"
202200019384;1;9;2022;08:10;1;29;2;6;1;2;"48;4342859243";" -4;6164296865"
202200019385;12;3;2022;14:30;1;80;1;1;1;2;"49;9433740000";"1;6430090000"
202200019386;6;9;2022;18:10;1;03;1;3;1;1;"46;2797990000";"3;2592490000"
202200019387;18;12;2022;13:45;1;70;1;1;1;5;"47;3519300000";"5;9642990000"
202200019388;12;3;2022;12:55;1;61;1;2;1;6;"48;7179930000";" -0;2517840000"
202200019389;7;9;2022;17:20;1;01;1;1;8;3;"46;1385768622";"5;3055693170"
202200019390;21;12;2022;17:55;3;26;1;1;9;5;"44;3418370000";"4;8198220000"
202200019391;11;3;2022;17:55;1;61;1;1;2;2;"48;7810800000";" -0;2485710000"
202200019392;6;9;2022;19:30;1;14;1;1;2;1;"49;0086116106";"0;1410246491"
202200019393;21;12;2022;23:15;3;26;1;1;1;1;"44;7425650000";"5;3859780000"
202200019394;11;3;2022;17:30;1;68;1;3;1;1;"47;8269290000";"7;2867410000"
202200019395;7;9;2022;09:30;1;14;1;1;1;7;"49;0742931032";"0;3249667883"
202200019396;19;12;2022;01:00;3;58;1;1;1;1;"46;8050040000";"3;9664000000"
202200019397;11;3;2022;12:50;1;22;2;2;2;6;"48;6001824900";" -2;8263723850"
202200019398;6;9;2022;18:15;1;14;2;1;3;6;"49;2843485208";"0;1834845543"
202200019399;9;12;2022;16:10;1;58;2;1;1;7;"46;8853920000";"3;4637030000"
202200019400;12;3;2022;01:30;3;39;1;1;1;6;"46;9608740000";"5;8429860000"
202200019401;6;9;2022;11:30;1;09;1;1;1;7;"42;7822050000";"1;6824910000"
202200019402;16;12;2022;19:45;3;66;1;1;1;6;"42;4111070077";"1;9921624660"
202200019403;12;3;2022;05:50;2;44;2;4;1;6;"47;1961260000";" -1;2913150000"
202200019404;11;3;2022;23:30;3;29;1;1;1;6;"48;4975876870";" -4;0334773064"
202200019405;5;9;2022;10:00;1;16;1;5;1;3;"45;3015540000";"0;0601570000"
202200019406;11;3;2022;21:00;3;29;1;1;3;6;"48;2434320000";" -3;6618050000"
202200019407;11;12;2022;18:30;3;72;2;1;5;1;"48;1035400000";"0;7872400000"
202200019408;9;12;2022;17:25;5;72;2;1;1;1;"47;9846290000";"0;1422320000"
202200019409;3;9;2022;01:15;3;07;1;1;1;6;"44;7529660000";"4;6835290000"
202200019410;20;12;2022;08:00;1;06;1;1;1;1;"43;7276420000";"7;4073920000"
202200019411;11;3;2022;12:20;1;29;1;2;1;1;"48;5052980000";" -4;5468620000"
202200019412;7;9;2022;10:05;1;40;1;1;1;1;"44;3725970000";" -0;9913020000"
202200019413;17;12;2022;05:00;3;14;1;1;1;6;"48;8685100000";" -0;5536880000"
202200019414;12;3;2022;15:15;1;29;2;1;1;3;"47;8580930760";" -4;2373462021"
202200019415;30;8;2022;11:41;1;27;2;1;1;6;"49;0877940000";"0;6008470000"
202200019416;20;12;2022;17:00;1;14;1;1;8;7;"49;2569030000";"0;0069840000"
202200019417;9;3;2022;05:59;3;85;1;1;1;7;"46;9424740000";" -0;9664417000"
202200019418;19;12;2022;11:05;1;50;2;9;2;6;"48;6554260000";" -0;9376410000"
202200019419;23;8;2022;16:26;1;87;1;1;1;3;"46;2287300000";"0;8994570000"
202200019420;11;3;2022;17:40;1;10;1;1;1;6;"48;1774476509";"4;0101814270"
202200019421;11;3;2022;23:00;3;36;1;1;1;6;"46;6704070000";"1;0277370000"
202200019422;12;3;2022;18:45;2;17;1;9;1;7;"45;9592050000";" -0;7975390000"
202200019423;21;12;2022;14:10;1;90;2;1;1;1;"47;6646290000";"7;0280530000"
202200019424;6;9;2022;23:30;3;42;1;1;1;6;"46;1724790000";"3;8686470000"
202200019425;20;12;2022;12:15;1;83;1;1;1;1;"43;4906420000";"6;1400970000"
202200019426;9;3;2022;15:15;1;17;1;2;1;3;"46;2525480000";" -0;8351410000"
202200019427;6;9;2022;12:45;1;73;1;1;1;2;"45;4327840000";"7;0173390000"
202200019428;11;3;2022;15:15;1;88;1;1;1;7;"48;2540550000";"6;3464770000"
202200019429;2;9;2022;12:10;1;987;1;1;1;3;" -16;4797320000";" -151;7322210000"
202200019430;7;9;2022;11:10;1;976;1;1;1;6;" -12;7930480000";"45;2714020000"
202200019431;12;3;2022;00:10;3;51;1;1;2;2;"49;1988589741";"4;1138434410"
202200019432;12;3;2022;13:45;1;988;1;1;1;6;" -22;2395460000";"166;6049680000"
202200019433;6;9;2022;07:30;1;973;1;3;1;3;"4;9376470000";" -52;4092750000"
202200019434;12;3;2022;11:47;1;974;2;1;1;1;" -20;9407840000";"55;6356880000"
202200019435;4;9;2022;10:00;1;37;2;1;1;3;"47;4209419675";"0;8918841183"
202200019436;11;3;2022;17:55;1;973;2;6;1;6;"5;1555700000";" -52;6527580000"
202200019437;30;8;2022;10:05;1;77;1;1;1;6;"49;1014650000";"3;1094740000"
202200019438;11;3;2022;20:15;3;973;1;1;1;6;"4;9304660000";" -52;3968990000"
202200019439;6;9;2022;23:10;3;91;1;9;1;2;"48;4807380000";"2;1923630000"
202200019440;12;3;2022;05:30;3;37;1;9;2;7;"47;3428358691";"0;9804439545"
202200019441;11;3;2022;21:00;3;77;1;1;2;7;"48;2807100000";"2;5999040000"
202200019442;7;9;2022;18:30;1;2B;1;1;8;5;"42;5137720000";"9;3930530000"
202200019443;12;3;2022;07:00;2;78;1;6;1;3;"48;7973940000";"1;9305470000"
202200019444;6;9;2022;18:00;1;11;2;1;1;7;"43;2515870000";"2;3694960000"
202200019445;12;3;2022;16:25;1;2B;1;1;1;1;"42;5308200000";"9;4508810000"
202200019446;7;9;2022;08:30;1;04;1;1;2;3;"43;7977390000";"5;7759120000"
202200019447;7;9;2022;06:50;1;74;1;1;1;1;"46;2428780000";"6;3966340000"
202200019448;27;2;2022;17:30;1;13;2;3;1;1;"43;3960170000";"5;5922720000"
202200019449;6;9;2022;18:05;1;81;1;1;1;1;"43;5895920000";"1;7868660000"
202200019450;11;3;2022;10:00;1;68;2;1;1;7;"48;1900300000";"7;3384760000"
202200019451;7;9;2022;07:35;1;59;2;9;1;6;"50;5142906941";"2;8998112679"
202200019452;11;3;2022;08:29;1;07;1;1;6;7;"45;0820130000";"4;7411210000"
202200019453;11;3;2022;22:15;3;07;1;1;2;6;"44;4163250000";"4;6539650000"
202200019454;6;9;2022;15:50;1;13;1;1;1;3;"43;3598340637";"5;3621237102"
202200019455;6;9;2022;15:15;1;13;1;1;1;3;"43;3753300000";"5;3603300000"
202200019456;12;3;2022;00:30;5;01;2;1;1;1;"46;1968500000";"5;1607150000"
202200019457;27;8;2022;18:30;1;69;1;1;1;2;"45;6728300000";"4;8475600000"
202200019458;12;3;2022;07:30;2;69;1;1;1;6;"45;7312630544";"4;6939998865"
202200019459;6;9;2022;15:25;1;33;1;1;1;6;"44;7739000000";" -0;5563000000"
202200019460;6;9;2022;15:04;1;94;1;1;1;2;"48;7531481533";"2;3318690099"
202200019461;12;3;2022;00:15;3;33;2;3;8;7;"44;5281760000";" -0;2365840000"
202200019462;6;9;2022;14:20;1;91;1;1;1;2;"48;6664000000";"2;1914100000"
202200019463;12;3;2022;19:30;3;60;1;1;2;1;"49;1467362021";"2;8392534253"
202200019464;6;9;2022;08:40;1;91;1;1;1;2;"48;6585300000";"2;3752800000"
202200019465;5;9;2022;20:35;3;91;1;1;2;6;"48;6234100000";"2;4679300000"
202200019466;6;9;2022;09:30;1;78;1;1;1;3;"48;8015630000";"1;9462770000"
202200019467;6;9;2022;08:30;1;95;1;1;1;3;"49;0534644010";"2;4262216687"
202200019468;12;3;2022;17:14;1;62;1;1;1;7;"50;3845550000";"2;7191870000"
202200019469;6;9;2022;02:15;3;93;1;1;2;2;"48;9250100000";"2;3919000000"
202200019470;6;9;2022;01:15;4;95;1;1;2;6;"48;9624785249";"2;2635161877"
202200019471;5;9;2022;23:45;4;93;1;1;1;2;"48;9525900000";"2;4529900000"
202200019472;5;9;2022;21:45;3;93;1;1;8;4;"48;9266500000";"2;4038400000"
202200019473;6;9;2022;14:30;1;77;1;1;1;2;"48;6475570000";"2;6053600000"
202200019474;6;9;2022;08:50;1;94;1;1;1;6;"48;7990073592";"2;4455352070"
202200019475;6;9;2022;08:20;1;77;1;1;1;3;"48;9452700000";"2;6285900000"
202200019476;5;9;2022;20:40;3;94;1;1;2;6;"48;7573897525";"2;4765319865"
202200019477;4;6;2022;01:00;5;74;2;1;1;7;"46;4020000000";"6;5909700000"
202200019478;18;4;2022;16:55;1;74;1;6;1;3;"46;1345080000";"6;3934050000"
202200019479;18;4;2022;10:35;1;74;1;1;1;3;"46;0747820000";"6;0559240000"
202200019480;14;5;2022;21:20;5;74;2;1;1;6;"46;3850600000";"6;5156400000"
202200019481;24;5;2022;14:15;1;14;1;1;1;1;"49;2777450000";" -0;9370780000"
202200019482;5;9;2022;11:35;1;81;2;1;1;6;"43;9221900000";"2;1393800000"
202200019483;5;9;2022;06:55;1;974;1;9;8;4;" -21;3175800000";"55;4903900000"
202200019484;4;9;2022;22:20;3;973;2;3;1;1;"4;9380431634";" -52;3063856363"
202200019485;5;9;2022;11:00;1;69;2;2;1;6;"45;7324700000";"4;8650200000"
202200019486;5;9;2022;09:30;1;69;2;4;1;3;"45;7747900000";"4;8426600000"
202200019487;3;9;2022;22:35;5;972;1;1;1;2;"14;6231470000";" -61;0196320000"
202200019488;5;9;2022;09:15;1;971;2;9;1;5;"16;2173393717";" -61;4843201637"
202200019489;5;9;2022;06:40;2;971;1;2;1;3;"16;2178493162";" -61;4908272028"
202200019490;3;9;2022;17:15;1;971;1;1;2;6;"16;2212100000";" -61;5214900000"
202200019491;5;9;2022;19:30;1;2A;1;1;1;3;"41;9465254712";"8;7972047226"
202200019492;5;9;2022;13:28;1;2A;2;1;1;2;"41;9365800000";"8;7445300000"
202200019493;3;9;2022;18:59;1;87;1;1;1;3;"45;8995200000";"1;2272200000"
202200019494;4;9;2022;17:50;1;83;2;2;1;3;"43;1224927575";"5;9719104767"
202200019495;3;9;2022;22:43;5;76;2;2;1;3;"49;4907700000";"0;1166500000"
202200019496;5;9;2022;23:00;5;69;2;4;1;3;"45;7102400000";"4;8877600000"
202200019497;5;9;2022;23:15;5;69;2;2;1;3;"45;7143900000";"4;8794000000"
202200019498;2;9;2022;18:24;1;68;2;1;1;2;"48;0959200000";"7;3722500000"
202200019499;5;9;2022;00:01;5;67;2;3;1;3;"48;6148100000";"7;7325900000"
202200019500;4;9;2022;05:55;5;67;2;3;1;3;"48;6161400000";"7;7321900000"
202200019501;3;9;2022;16:35;1;67;2;1;1;2;"48;5918500000";"7;6928800000"
202200019502;2;9;2022;07:45;1;67;2;3;7;3;"48;5627000000";"7;7624300000"
202200019503;1;9;2022;22:00;5;67;2;1;1;6;"48;5706600000";"7;7259900000"
202200019504;5;9;2022;10:00;1;64;2;9;1;7;"43;3189800000";" -0;3599300000"
202200019505;4;9;2022;08:25;1;64;2;2;1;1;"43;4808600000";" -1;5452600000"
202200019506;5;9;2022;08:11;1;63;2;1;1;6;"45;7645092326";"3;0568519235"
202200019507;3;9;2022;17:00;1;63;2;1;1;6;"45;7858300000";"3;1075000000"
202200019508;3;9;2022;07:01;1;63;2;4;1;4;"45;7791200000";"3;1249400000"
202200019509;31;8;2022;19:00;1;62;2;1;1;5;"50;4033500000";"2;9396500000"
202200019510;5;9;2022;12:15;1;61;1;2;1;3;"48;4356800000";"0;0224500000"
202200019511;5;9;2022;14:30;1;59;2;2;1;3;"50;7246749992";"3;1519711018"
202200019512;5;9;2022;14:05;1;59;2;2;1;3;"50;7471235197";"3;1320664287"
202200019513;4;9;2022;20:25;5;59;2;1;1;3;"50;5996707992";"3;0805519223"
202200019514;4;9;2022;19:45;1;59;2;1;1;6;"50;6255551732";"3;0355390906"
202200019515;3;9;2022;05:50;2;55;1;1;1;6;"48;7804940000";"5;1576930000"
202200019516;5;9;2022;18:06;1;51;2;2;1;1;"49;2670100000";"4;0516400000"
202200019517;5;9;2022;16:13;1;51;2;6;1;7;"49;2466000000";"4;0623800000"
202200019518;5;9;2022;17:38;1;49;2;1;1;3;"47;4630800000";" -0;5446200000"
202200019519;5;9;2022;14:57;1;49;2;2;1;1;"47;4530100000";" -0;5654600000"
202200019520;5;9;2022;11:16;1;47;2;2;1;2;"44;1913500000";"0;6507300000"
202200019521;5;9;2022;13:20;1;45;2;3;1;3;"47;9224500000";"1;8938000000"
202200019522;5;9;2022;20:00;2;44;2;1;1;3;"47;2107400000";" -1;5743300000"
202200019523;5;6;2022;04:00;5;42;2;1;1;2;"45;4698485216";"4;5091561228"
202200019524;4;9;2022;13:50;1;41;1;1;1;1;"47;6016080000";"1;3727350000"
202200019525;30;8;2022;10:10;1;41;1;1;1;6;"47;5718100000";"1;3573300000"
202200019526;5;9;2022;21:40;5;37;2;1;1;2;"47;3875381298";"0;7087200880"
202200019527;5;9;2022;08:05;1;37;2;3;8;6;"47;3651681173";"0;6836897135"
202200019528;5;9;2022;07:17;2;37;2;2;2;6;"47;4123672417";"0;7029211521"
202200019529;5;9;2022;20:45;5;31;1;1;2;7;"43;5530900000";"1;4097700000"
202200019530;5;9;2022;11:45;1;29;1;1;1;7;"48;0360800000";" -4;0787800000"
202200019531;5;9;2022;03:55;5;29;2;1;1;7;"47;9881090000";" -4;1053080000"
202200019532;5;9;2022;21:05;5;29;2;1;1;3;"48;3997770000";" -4;4967590000"
202200019533;5;9;2022;14:10;1;27;2;1;2;7;"49;0957000000";"1;5251500000"
202200019534;5;9;2022;19:35;2;25;2;2;1;3;"46;9043800000";"6;3472500000"
202200019535;5;9;2022;09:50;1;25;2;2;1;3;"47;2533890000";"6;0159000000"
202200019536;4;9;2022;00:35;5;21;2;3;1;2;"47;3345741669";"5;0537426883"
202200019537;4;9;2022;05:45;5;21;2;2;1;3;"47;3221110000";"5;0378670000"
202200019538;2;9;2022;14:30;1;19;2;1;1;6;"45;1533900000";"1;5086600000"
202200019539;5;9;2022;16:22;1;18;2;1;1;7;"47;2287050000";"2;0612020000"
202200019540;5;9;2022;19:40;1;17;2;1;1;3;"45;7397890000";" -0;6138300000"
202200019541;4;9;2022;13:40;1;14;2;3;1;3;"49;1448280000";"0;2223110000"
202200019542;5;9;2022;22:15;3;14;2;6;1;3;"49;1747400000";" -0;3533700000"
202200019543;5;9;2022;03:05;3;14;1;1;1;6;"49;2062600000";" -0;3222900000"
202200019544;5;9;2022;19:00;1;13;2;1;1;2;"43;3148600000";"5;3908500000"
202200019545;2;9;2022;05:10;5;13;2;1;1;1;"43;3669700000";"5;3434400000"
202200019546;4;9;2022;17:50;1;11;2;9;1;6;"43;2104240000";"2;3691640000"
202200019547;5;9;2022;12:57;1;10;2;3;1;2;"48;3059300000";"4;0635900000"
202200019548;4;9;2022;15:58;1;10;2;2;1;-1;"48;2981200000";"4;1194400000"
202200019549;5;9;2022;11:30;1;06;2;1;1;6;"43;6444080000";"6;9409770000"
202200019550;2;9;2022;14:00;1;02;2;1;1;3;"49;6594900000";"3;3442100000"
202200019551;3;9;2022;21:40;5;02;2;1;1;6;"49;5695100000";"3;6325400000"
202200019552;5;9;2022;15:50;1;75;2;1;1;3;"48;8161200000";"2;3599110000"
202200019553;3;9;2022;15:35;1;75;2;1;1;3;"48;8713380000";"2;2731220000"
202200019554;5;9;2022;10:00;1;75;2;3;1;3;"48;8997020000";"2;3702830000"
202200019555;25;6;2022;18:30;1;94;2;6;8;3;"48;7690100000";"2;4819700000"
202200019556;25;6;2022;21:35;2;93;2;1;1;6;"48;9567300000";"2;5509300000"
202200019557;5;9;2022;08:50;1;75;2;2;1;3;"48;8835400000";"2;3469800000"
202200019558;25;6;2022;10:40;1;93;2;1;1;6;"48;9362400000";"2;3560000000"
202200019559;5;9;2022;18:00;1;75;2;2;2;3;"48;8828000000";"2;3232620000"
202200019560;25;6;2022;19:20;1;93;2;1;2;2;"48;8682000000";"2;4600300000"
202200019561;5;9;2022;18:15;1;75;2;7;1;2;"48;8710730000";"2;2752570000"
202200019562;1;7;2022;22:50;5;93;2;2;1;3;"48;9127800000";"2;5398800000"
202200019563;5;9;2022;09:20;1;75;2;1;1;2;"48;8636400000";"2;2394870000"
202200019564;25;6;2022;17:42;1;93;2;3;2;3;"48;9122570000";"2;5519520000"
202200019565;4;9;2022;09:50;1;75;2;3;1;2;"48;8618810000";"2;2303920000"
202200019566;25;6;2022;18:45;1;93;2;1;1;6;"48;9475200000";"2;4915800000"
202200019567;5;9;2022;20:00;5;75;2;1;8;6;"48;8506170000";"2;3754000000"
202200019568;25;6;2022;14:45;1;93;2;1;2;3;"48;9214039934";"2;3723017573"
202200019569;24;6;2022;22:25;5;92;2;1;1;6;"48;8192050000";"2;3025390000"
202200019570;5;9;2022;20:45;5;75;2;4;8;6;"48;8713730000";"2;3026000000"
202200019571;5;9;2022;13:14;1;75;2;1;1;3;"48;8627740000";"2;3241580000"
202200019572;25;6;2022;14:40;1;92;2;3;2;4;"48;8672700000";"2;1556400000"
202200019573;4;9;2022;13:15;1;94;2;1;1;3;"48;8383000000";"2;4909100000"
202200019574;25;6;2022;15:30;1;92;2;1;2;1;"48;8624683745";"2;1945313811"
202200019575;25;6;2022;22:40;5;92;2;9;1;3;"48;9065904798";"2;2116847113"
202200019576;5;9;2022;06:22;5;94;2;9;1;7;"48;7947000000";"2;3624000000"
202200019577;25;6;2022;11:27;1;92;2;1;2;2;"48;9007300000";"2;2244200000"
202200019578;5;9;2022;15:26;1;94;2;2;1;3;"48;7688386904";"2;4206917779"
202200019579;25;6;2022;09:00;1;92;2;3;1;6;"48;8898850113";"2;2195209861"
202200019580;24;6;2022;23:57;5;92;2;3;1;7;"48;8092901773";"2;3009803444"
202200019581;5;9;2022;15:25;1;94;2;2;1;3;"48;7449034581";"2;5118954480"
202200019582;25;6;2022;19:15;1;92;2;4;8;3;"48;8398394577";"2;2304072678"
202200019583;25;6;2022;14:50;1;92;2;1;2;6;"48;7773721564";"2;3077203333"
202200019584;22;4;2022;21:30;3;40;1;1;1;2;"43;7171940000";" -0;2757580000"
202200019585;5;9;2022;12:27;1;93;2;6;1;5;"48;8995588558";"2;5177290837"
202200019586;23;4;2022;17:50;1;59;1;1;1;6;"50;9332870000";"2;3694260000"
202200019587;25;6;2022;15:55;1;39;1;1;1;6;"46;7803420000";"5;8903630000"
202200019588;21;4;2022;14:05;1;91;1;1;1;1;"48;6317880000";"2;4682330000"
202200019589;26;6;2022;07:54;1;22;2;1;1;6;"48;5676270000";" -3;0139230000"
202200019590;22;4;2022;18:50;1;19;1;1;1;6;"45;4356762573";"2;4496722220"
202200019591;26;6;2022;14:28;1;11;1;9;1;6;"43;2195640000";"2;2144320000"
202200019592;23;4;2022;12:30;1;19;1;3;8;6;"45;0980410000";"1;5215740000"
202200019593;26;6;2022;01:45;3;28;1;1;1;6;"48;1971660000";"1;0710220000"
202200019594;22;4;2022;20:31;2;41;1;1;1;6;"47;3146690000";"1;8129390000"
202200019595;22;4;2022;23:25;3;71;1;1;1;6;"46;4537660000";"4;6335050000"
202200019596;25;6;2022;15:15;1;83;1;1;1;7;"43;4419220077";"6;4585198478"
202200019597;24;6;2022;00:50;3;67;2;3;1;7;"48;7449340000";"7;3690740000"
202200019598;21;6;2022;06:24;2;01;2;1;1;5;"46;2371200000";"6;0426310000"
202200019599;22;4;2022;16:12;1;25;1;3;1;1;"47;0384570000";"6;4954520000"
202200019600;26;6;2022;07:10;1;44;1;1;1;6;"47;3395000000";" -1;8203200000"
202200019601;22;4;2022;19:30;2;44;1;2;1;3;"47;4809900000";" -1;9148500000"
202200019602;22;4;2022;09:00;1;38;1;2;1;3;"45;1196210000";"5;2409560000"
202200019603;25;6;2022;11:25;1;22;1;1;1;7;"48;4208850000";" -2;4408530000"
202200019604;26;6;2022;04:30;3;23;1;1;2;6;"46;1610030000";"1;5778470000"
202200019605;22;4;2022;20:30;2;38;2;6;1;1;"45;3374860000";"5;9749210000"
202200019606;4;4;2022;16:00;1;84;1;1;1;1;"43;8644230000";"5;3015470000"
202200019607;25;6;2022;16:35;1;62;1;3;2;5;"50;3866350000";"2;1675750000"
202200019608;22;4;2022;19:30;1;70;2;1;1;7;"47;8851590000";"6;4057820000"
202200019609;26;6;2022;10:15;1;30;1;3;1;2;"43;7007180000";"4;5746850000"
202200019610;20;4;2022;18:35;1;06;1;4;1;3;"43;8807060000";"7;4315650000"
202200019611;25;6;2022;02:40;3;67;1;3;1;6;"48;8695770000";"7;2421570000"
202200019612;25;6;2022;13:40;1;79;1;1;2;7;"46;6655330000";" -0;2476000000"
202200019613;26;6;2022;03:00;3;89;1;1;1;1;"48;2990400000";"3;1868510000"
202200019614;23;4;2022;11:00;1;24;1;1;2;1;"44;8525720000";"1;0198030000"
202200019615;24;6;2022;17:50;1;61;1;1;1;3;"48;6542820000";"0;6800580000"
202200019616;22;4;2022;20:45;2;24;1;1;1;6;"44;8869060000";"0;5807950000"
202200019617;11;4;2022;16:24;1;04;2;1;1;6;"43;9476630000";"6;8112980000"
202200019618;26;6;2022;19:15;1;61;1;3;1;5;"48;8160100000";"0;6192630000"
202200019619;22;4;2022;17:45;1;27;1;2;1;3;"49;4033780000";"1;6182090000"
202200019620;25;6;2022;15:15;1;22;1;2;1;1;"48;2683120000";" -2;5770240000"
202200019621;23;4;2022;17:25;1;28;2;4;1;6;"48;6106320000";"1;6824370000"
202200019622;21;6;2022;12:29;1;35;2;2;1;3;"48;5145400000";" -1;9079520000"
202200019623;20;4;2022;12:00;1;87;1;4;2;1;"45;8155910000";"0;8184130000"
202200019624;12;6;2022;09:55;1;35;2;1;7;1;"48;5903567597";" -1;8576610833"
202200019625;22;4;2022;19:10;1;87;2;2;1;3;"46;1230009553";"1;0461923653"
202200019626;26;6;2022;06:00;2;03;1;1;3;1;"46;2194850000";"3;4341500000"
202200019627;26;6;2022;00:25;3;72;1;1;1;6;"48;0444350000";"0;5723620000"
202200019628;16;4;2022;20:55;3;30;1;1;1;3;"43;5736290000";"4;3040660000"
202200019629;26;6;2022;10:45;1;50;2;1;1;3;"48;7160080000";" -0;9244560000"
202200019630;25;6;2022;23:50;3;18;1;1;1;6;"47;0806730000";"2;9429730000"
202200019631;22;4;2022;15:30;1;52;1;1;1;1;"47;6463950000";"5;2798320000"
202200019632;25;6;2022;22:45;3;85;1;1;1;4;"46;5112600000";" -1;2023700000"
202200019633;26;6;2022;06:30;2;30;1;1;1;6;"44;1456440000";"4;0617470000"
202200019634;22;4;2022;23:20;3;63;1;1;2;5;"45;7846440000";"3;2073210000"
202200019635;25;6;2022;19:00;1;48;1;1;8;6;"44;2824780000";"3;7989550000"
202200019636;26;6;2022;04:45;5;88;1;1;1;1;"47;9902540000";"6;8476130000"
202200019637;19;4;2022;16:05;1;69;1;1;1;7;"45;7198510000";"4;7676370000"
202200019638;22;4;2022;23:55;3;11;1;9;1;2;"43;1436140000";"2;9802130000"
202200019639;26;6;2022;08:05;1;30;1;1;1;5;"43;7636560000";"4;2791100000"
202200019640;20;4;2022;17:20;1;987;2;1;1;3;" -17;5429770000";" -149;5036460000"
202200019641;23;4;2022;14:30;1;973;2;1;2;3;"5;4950200000";" -54;0210200000"
202200019642;23;4;2022;04:45;3;971;1;1;2;6;"16;2174707210";" -61;4153699577"
202200019643;17;4;2022;16:00;1;30;2;1;1;6;"43;8757700000";"4;4931880000"
202200019644;23;4;2022;03:40;3;11;1;1;1;1;"43;3682365429";"1;9658551227"
202200019645;17;6;2022;16:45;1;11;1;1;1;2;"43;2265370000";"3;1017490000"
202200019646;22;4;2022;18:30;1;84;1;1;1;7;"44;0302460000";"4;8835090000"
202200019647;25;6;2022;19:45;1;69;2;1;1;6;"45;5190940000";"4;8494420000"
202200019648;25;6;2022;03:20;5;987;2;1;1;1;" -16;7440000000";" -151;4600000000"
202200019649;23;4;2022;07:10;2;83;1;1;1;1;"43;2596710000";"6;5908690000"
202200019650;24;6;2022;19:45;5;971;1;1;1;1;"16;2772710000";" -61;3935540000"
202200019651;22;4;2022;16:34;1;70;1;1;1;1;"47;6483140000";"6;5896990000"
202200019652;25;6;2022;18:30;1;78;1;1;1;1;"48;8335520000";"1;8764330000"
202200019653;18;4;2022;15:00;1;74;1;1;1;6;"45;9244650000";"6;2168030000"
202200019654;25;6;2022;20:55;1;83;1;1;1;3;"43;2585960000";"6;6326740000"
202200019655;22;4;2022;16:00;1;42;2;3;1;3;"45;7870120000";"4;3409890000"