Accident_Id;jour;mois;an;hrmn;lum;dep;agg;int;atm;col;lat;long
202200019656;25;6;2022;07:30;1;06;2;1;1;3;"43;8116230000";"7;3252760000"
202200019657;23;4;2022;16:50;1;26;1;1;2;1;"45;0658830000";"5;2286120000"
202200019658;26;6;2022;12:40;1;13;1;1;1;7;"43;8085060000";"4;8166520000"
202200019659;22;4;2022;16:40;1;26;1;1;1;2;"44;9144990000";"4;9577360000"
202200019660;25;6;2022;19:40;1;68;2;1;1;3;"47;6568210000";"7;4522390000"
202200019661;20;4;2022;10:40;1;01;1;3;1;1;"46;1338910000";"5;1918130000"
202200019662;19;4;2022;12:40;1;69;1;1;1;6;"45;8024480000";"4;5612140000"
202200019663;10;6;2022;10:00;1;88;1;1;7;5;"48;4096190000";"6;5866680000"
202200019664;22;4;2022;11:00;1;09;2;1;1;6;"42;9284490000";"1;8559900000"
202200019665;26;6;2022;05:47;2;57;1;1;2;6;"49;0329440000";"6;0862490000"
202200019666;22;4;2022;13:30;1;79;1;1;1;1;"46;4160560000";" -0;1762430000"
202200019667;22;4;2022;16:30;1;29;2;1;1;6;"47;9306450651";" -4;0699264035"
202200019668;24;6;2022;17:45;1;69;1;1;1;6;"46;0412390000";"4;4893370000"
202200019669;22;4;2022;12:45;1;60;2;6;1;2;"49;2022940506";"2;4612851142"
202200019670;25;6;2022;23:45;4;31;2;1;2;6;"43;4965230000";"1;5185330000"
202200019671;10;4;2022;13:14;1;60;2;2;1;6;"49;1555110000";"2;4397800000"
202200019672;25;6;2022;22:45;3;17;2;1;1;6;"45;6661950000";" -0;9281650000"
202200019673;20;4;2022;07:50;1;13;1;1;1;2;"43;3299108590";"5;3930220694"
202200019674;26;6;2022;07:53;1;40;1;1;8;6;"43;7697460000";" -1;2191820000"
202200019675;23;6;2022;22:45;5;33;2;1;1;6;"44;6811952109";" -1;0166115314"
202200019676;7;4;2022;18:25;1;69;1;1;2;5;"45;5883400000";"4;7906800000"
202200019677;26;6;2022;11:05;1;85;2;6;1;7;"46;7554400000";" -1;6227400000"
202200019678;20;4;2022;06:35;1;59;1;1;1;6;"50;6115084381";"3;0899800658"
202200019679;26;6;2022;17:05;1;49;1;2;1;1;"47;1370090000";" -0;9568410000"
202200019680;20;4;2022;18:00;1;92;1;1;1;4;"48;7766292971";"2;2331996201"
202200019681;25;6;2022;19:40;1;61;1;4;1;3;"48;4754210000";"0;1430420000"
202200019682;20;4;2022;17:00;1;78;1;1;1;6;"48;9544730000";"1;9385440000"
202200019683;21;6;2022;21:15;1;29;2;6;1;6;"47;8981470000";" -4;0142260000"
202200019684;21;4;2022;17:47;1;95;1;1;1;3;"49;0667400000";"2;4019800000"
202200019685;21;4;2022;19:00;1;93;1;1;1;6;"48;8980694688";"2;4693498171"
202200019686;21;4;2022;18:10;1;92;1;1;1;3;"48;9274987900";"2;3333366364"
202200019687;26;6;2022;11:00;1;62;1;2;7;3;"50;3334894711";"2;8881477713"
202200019688;20;4;2022;21:00;2;95;1;1;1;3;"49;0265346803";"2;1301272511"
202200019689;25;6;2022;18:40;1;83;1;1;1;6;"43;1351300000";"5;9907400000"
202200019690;21;4;2022;08:30;1;93;1;1;1;2;"48;9424500000";"2;4307600000"
202200019691;25;6;2022;04:10;3;69;1;1;1;2;"45;6833431432";"4;8470642961"
202200019692;20;4;2022;15:45;1;95;1;1;1;4;"49;0279264186";"2;5056552887"
202200019693;21;6;2022;17:25;1;69;1;1;1;2;"45;6680100000";"4;9272500000"
202200019694;25;6;2022;18:00;1;91;1;1;1;7;"48;6314200000";"2;5048000000"
202200019695;20;4;2022;12:30;1;94;1;1;1;6;"48;8284416936";"2;5027316394"
202200019696;17;4;2022;12:00;1;94;1;1;1;6;"48;7763980000";"2;4152400000"
202200019697;24;6;2022;18:05;1;94;1;1;1;3;"48;7995177224";"2;3424763536"
202200019698;16;4;2022;17:25;1;94;1;1;1;2;"48;8289075736";"2;4782949522"
202200019699;25;6;2022;12:15;1;92;1;1;2;2;"48;8395693208";"2;2020814717"
202200019700;11;2;2022;16:30;1;89;2;3;1;3;"48;1909300000";"3;2854000000"
202200019701;25;6;2022;03:00;5;78;1;1;1;6;"48;7849757564";"2;2229106395"
202200019702;20;4;2022;22:30;5;976;2;2;1;3;" -12;7724500000";"45;2231300000"
202200019703;24;6;2022;02:10;3;78;1;1;2;2;"48;8455400000";"2;0847600000"
202200019704;20;4;2022;13:50;1;974;1;1;1;2;" -21;3108200000";"55;4968300000"
202200019705;20;4;2022;16:40;1;69;2;1;1;6;"45;7747700000";"4;8111700000"
202200019706;20;4;2022;11:23;1;69;2;2;1;6;"45;7792000000";"4;8041200000"
202200019707;25;6;2022;07:30;1;95;1;1;1;2;"49;0692210000";"2;2494770000"
202200019708;20;4;2022;01:50;3;2B;1;1;1;2;"42;6221199225";"9;4368918527"
202200019709;25;6;2022;02:15;3;95;1;1;2;4;"49;0309794287";"2;1210640669"
202200019710;4;4;2022;22:05;5;971;1;1;1;2;"16;2762301084";" -61;5089750290"
202200019711;19;4;2022;21:00;3;971;1;1;1;6;"16;2357652235";" -61;4726793766"
202200019712;19;4;2022;11:20;1;2A;2;1;1;3;"41;9404500000";"8;7461000000"
202200019713;24;6;2022;16:20;1;95;1;1;2;4;"48;9983515319";"2;5199809670"
202200019714;20;4;2022;16:50;1;95;1;2;1;3;"48;9915700000";"2;3601100000"
202200019715;25;6;2022;10:15;1;94;1;1;1;3;"48;8271790507";"2;5086856622"
202200019716;20;4;2022;16:00;1;91;1;1;1;2;"48;7008100000";"2;4440000000"
202200019717;19;4;2022;20:24;1;87;2;1;2;7;"45;8757000000";"1;3312100000"
202200019718;24;6;2022;18:45;1;77;1;1;1;6;"48;9266610488";"2;6288637319"
202200019719;24;6;2022;13:13;1;37;2;1;1;6;"47;3793200000";"0;6986600000"
202200019720;11;4;2022;10:25;1;85;2;2;7;3;"46;6763140000";" -1;4409700000"
202200019721;23;6;2022;10:40;1;86;2;1;1;6;"46;5759620000";"0;3760240000"
202200019722;20;4;2022;07:30;1;78;2;1;1;3;"48;8947900000";"2;0697700000"
202200019723;20;4;2022;14:45;1;78;2;6;1;2;"48;9958780000";"1;9161210000"
202200019724;25;4;2022;11:50;1;976;2;3;1;6;" -12;7865600000";"45;2193400000"
202200019725;19;4;2022;18:00;1;65;2;1;2;3;"43;2347790000";"0;0785360000"
202200019726;20;4;2022;08:15;1;64;1;1;2;7;"43;3426400000";" -0;4374500000"
202200019727;24;4;2022;17:40;2;976;2;3;1;3;" -12;7837800000";"45;2226900000"
202200019728;19;4;2022;18:45;1;64;2;3;3;3;"43;3246800000";" -0;3569240000"
202200019729;20;4;2022;20:25;1;61;1;6;1;7;"48;4422000000";"0;0588100000"
202200019730;17;4;2022;14:00;1;976;2;3;1;3;" -12;7940900000";"45;2147400000"
202200019731;20;4;2022;23:10;5;59;2;2;1;3;"50;7242400000";"3;1727800000"
202200019732;20;4;2022;23:15;5;59;2;1;1;6;"50;7011000000";"3;2380600000"
202200019733;20;4;2022;15:10;1;59;2;1;1;6;"50;2695522707";"3;9657526014"
202200019734;4;4;2022;05:45;5;91;2;2;1;3;"48;6176720000";"2;4301010000"
202200019735;20;4;2022;13:40;1;59;2;1;1;3;"50;6354628530";"3;1217694283"
202200019736;22;4;2022;18:43;1;77;2;1;1;3;"48;5946700000";"2;5668200000"
202200019737;19;4;2022;16:30;1;56;2;3;1;3;"47;7743500000";" -3;3414400000"
202200019738;25;4;2022;09:00;1;26;2;2;1;3;"44;5345400000";"4;7589300000"
202200019739;15;4;2022;15:22;1;54;2;6;1;3;"48;5922700000";"6;5100300000"
202200019740;21;6;2022;16:30;1;974;2;1;1;6;" -21;3247090000";"55;4580630000"
202200019741;17;4;2022;22:50;5;54;2;1;1;6;"49;5151800000";"5;7568200000"
202200019742;22;6;2022;21:00;5;974;2;1;1;2;" -20;8899200000";"55;4610400000"
202200019743;14;4;2022;21:10;5;50;2;1;1;6;"49;6308400000";" -1;6055800000"
202200019744;17;4;2022;16:52;1;49;2;1;1;7;"47;4455900000";" -0;4933600000"
202200019745;24;6;2022;16:30;1;973;2;1;1;6;"4;9231727970";" -52;3125815392"
202200019746;20;4;2022;09:04;1;49;2;1;1;2;"47;4400000000";" -0;5292900000"
202200019747;24;6;2022;11:23;1;973;2;1;1;6;"4;9271897165";" -52;3140648007"
202200019748;17;4;2022;23:10;5;49;2;1;1;3;"47;4505900000";" -0;5527900000"
202200019749;16;4;2022;19:07;2;49;2;1;1;7;"47;4702000000";" -0;5096200000"
202200019750;24;6;2022;17:20;1;69;2;9;1;6;"45;7567500000";"4;8539400000"
202200019751;16;4;2022;17:25;1;44;2;3;1;3;"47;2851500000";" -2;2267900000"
202200019752;20;4;2022;13:05;1;37;2;9;1;6;"47;4263416311";"0;7065689564"
202200019753;24;6;2022;09:20;1;69;2;3;3;6;"45;7617500000";"4;8474000000"
202200019754;20;4;2022;05:35;5;35;2;3;1;3;"48;0863693831";" -1;6143612564"
202200019755;19;4;2022;19:40;1;34;1;1;1;5;"43;5637700000";"3;8677900000"
202200019756;24;6;2022;08:10;1;69;2;3;1;6;"45;7078741546";"4;8646877598"
202200019757;24;6;2022;08:47;1;2A;1;1;1;7;"41;9329000000";"8;6703700000"
202200019758;20;4;2022;11:40;1;33;2;3;3;6;"44;8486100000";" -0;5917500000"
202200019759;20;4;2022;13:57;1;31;2;1;8;7;"43;6665700000";"1;4120100000"
202200019760;19;4;2022;19:30;5;31;2;9;2;6;"43;6035700000";"1;4777900000"
202200019761;24;6;2022;10:00;1;95;2;2;1;3;"48;9972874610";"2;3235493898"
202200019762;20;4;2022;14:00;1;23;2;1;8;6;"46;1748600000";"1;8735800000"
202200019763;20;4;2022;23:30;5;13;2;2;2;3;"43;2900000000";"5;4200000000"
202200019764;24;6;2022;13:30;1;95;1;1;1;3;"49;0590700000";"1;9997000000"
202200019765;20;4;2022;14:45;1;13;2;1;2;4;"43;3251700000";"5;3882800000"
202200019766;24;6;2022;19:25;1;91;1;1;1;2;"48;7058000000";"2;3517700000"
202200019767;24;6;2022;05:35;5;89;2;1;1;6;"47;8040500000";"3;5726500000"
202200019768;20;4;2022;11:15;1;13;2;1;1;3;"43;2799722826";"5;4420520156"
202200019769;12;4;2022;14:30;1;13;2;3;1;3;"43;2937000000";"5;4014100000"
202200019770;20;4;2022;12:45;1;13;2;1;1;2;"43;2848800000";"5;5966700000"
202200019771;23;6;2022;16:54;1;87;2;2;1;4;"45;8687500000";"1;2964900000"
202200019772;23;6;2022;21:10;1;83;2;1;1;5;"43;1362100000";"5;7775500000"
202200019773;20;4;2022;19:40;1;09;2;1;2;6;"42;9520270000";"1;6275230000"
202200019774;19;4;2022;16:25;1;06;2;6;1;3;"43;5511200000";"7;0300000000"
202200019775;16;6;2022;16:30;1;83;2;3;1;3;"43;0924720000";"5;8122560000"
202200019776;20;4;2022;17:35;1;75;2;1;1;4;"48;8532095859";"2;2531234678"
202200019777;24;6;2022;22:15;5;83;2;1;1;6;"43;0867700000";"6;1573300000"
202200019778;20;4;2022;16:45;1;75;2;1;1;4;"48;8725632870";"2;4126230426"
202200019779;20;4;2022;01:08;4;75;2;1;1;6;"48;8629549740";"2;4140900373"
202200019780;23;6;2022;19:00;1;83;2;3;1;6;"43;0915347466";"6;1229896545"
202200019781;20;4;2022;09:50;1;75;2;2;1;2;"48;8622779677";"2;3015612868"
202200019782;24;6;2022;11:55;1;81;1;1;1;6;"43;4759800000";"2;3733900000"
202200019783;20;4;2022;20:45;5;75;2;3;1;3;"48;8756740000";"2;4059750000"
202200019784;20;4;2022;18:40;1;75;2;1;1;7;"48;8704450000";"2;3871930000"
202200019785;24;6;2022;10:20;1;78;2;1;1;2;"48;9919100000";"2;0847400000"
202200019786;20;4;2022;16:25;1;75;2;1;1;3;"48;8749810000";"2;3826340000"
202200019787;20;4;2022;18:30;1;75;2;5;1;6;"48;8930091738";"2;3274121883"
202200019788;25;2;2022;20:15;5;75;2;2;1;3;"48;8835557512";"2;3469894381"
202200019789;20;4;2022;10:15;1;75;2;2;1;2;"48;8813983014";"2;3163557873"
202200019790;24;6;2022;18:15;1;77;2;2;2;3;"48;8538800000";"2;7736800000"
202200019791;22;6;2022;14:25;1;71;2;1;2;7;"46;3166100000";"4;8266500000"
202200019792;20;4;2022;18:20;1;75;2;4;1;3;"48;8429606172";"2;2563420392"
202200019793;24;6;2022;09:35;1;66;2;1;1;6;"42;6886533361";"2;9041390121"
202200019794;19;4;2022;12:00;1;75;2;1;1;3;"48;8463650000";"2;3175000000"
202200019795;20;4;2022;21:36;5;75;2;3;1;3;"48;8480260000";"2;3738380000"
202200019796;24;6;2022;19:26;1;64;2;1;1;3;"43;3187600000";" -0;3598700000"
202200019797;20;4;2022;00:00;5;75;2;7;1;3;"48;8486279275";"2;3943630606"
202200019798;20;4;2022;14:30;1;75;2;1;1;3;"48;8774755792";"2;2992870162"
202200019799;23;6;2022;15:57;1;63;2;1;1;2;"45;7729200000";"3;0826800000"
202200019800;20;4;2022;10:30;1;75;2;1;1;3;"48;8718550000";"2;3083420000"
202200019801;24;6;2022;13:00;1;61;1;1;1;1;"48;4511600000";"0;1182300000"
202200019802;20;4;2022;19:33;1;75;2;2;1;3;"48;8628350105";"2;3134476815"
202200019803;20;4;2022;15:30;1;75;2;1;1;6;"48;8568010000";"2;3149020000"
202200019804;24;6;2022;13:40;1;57;1;1;3;5;"49;1786000000";"6;1616000000"
202200019805;23;6;2022;12:50;1;56;2;2;1;1;"47;7331540000";" -3;3752692500"
202200019806;19;4;2022;12:30;1;75;2;6;1;2;"48;8584528818";"2;3123726249"
202200019807;20;4;2022;12:15;1;75;2;2;1;6;"48;8666870000";"2;3255680000"
202200019808;23;6;2022;08:10;1;56;1;1;2;2;"47;7665800000";" -3;3786900000"
202200019809;19;4;2022;08:10;1;75;2;3;1;3;"48;8521070000";"2;3656510000"
202200019810;24;6;2022;18:50;1;54;2;3;1;3;"48;6856875923";"6;1719265581"
202200019811;19;4;2022;20:40;3;94;1;1;1;4;"48;7736100000";"2;4041200000"
202200019812;23;6;2022;22:30;3;54;1;1;1;3;"48;6455900000";"6;2871100000"
202200019813;24;6;2022;17:15;1;51;2;1;1;3;"49;2689500000";"4;0232400000"
202200019814;20;4;2022;14:00;1;94;2;7;1;6;"48;7527000000";"2;3295000000"
202200019815;20;4;2022;17:47;1;94;2;1;1;2;"48;7915771293";"2;4443131685"
202200019816;22;6;2022;18:30;1;50;2;2;1;3;"49;6673700000";" -1;6966700000"
202200019817;20;4;2022;17:20;1;94;2;1;1;3;"48;7451800000";"2;4010400000"
202200019818;20;4;2022;14:45;1;94;2;1;1;1;"48;8224500000";"2;4922000000"
202200019819;10;6;2022;08:00;1;50;2;1;2;4;"49;6577300000";" -1;6666900000"
202200019820;20;4;2022;12:45;1;93;2;4;1;6;"48;9383900000";"2;5304300000"
202200019821;24;6;2022;08:06;1;49;2;6;1;3;"47;4904700000";" -0;5822000000"
202200019822;19;4;2022;22:15;5;93;2;3;1;6;"48;9361860000";"2;3645190000"
202200019823;24;6;2022;22:23;2;46;2;1;1;6;"44;4597400000";"1;4325100000"
202200019824;20;4;2022;17:57;1;93;2;2;1;3;"48;8891680000";"2;4101100000"
202200019825;25;4;2022;15:50;1;42;2;2;1;6;"45;4572300000";"4;3897200000"
202200019826;9;10;2022;02:50;3;81;2;1;1;1;"43;8877760000";"2;4493500000"
202200019827;20;4;2022;14:00;1;93;2;2;7;3;"48;8867800000";"2;4202430000"
202200019828;1;6;2022;18:30;1;42;2;1;2;6;"45;4416700000";"4;3424400000"
202200019829;20;4;2022;19:50;1;93;2;1;1;3;"48;8658300000";"2;5672300000"
202200019830;8;10;2022;06:15;1;974;2;1;1;7;" -21;2651700000";"55;3661800000"
202200019831;20;4;2022;12:10;1;93;2;9;1;6;"48;8688350000";"2;4678380000"
202200019832;2;6;2022;03:40;4;42;1;1;3;6;"45;4328300000";"4;3281900000"
202200019833;8;10;2022;13:40;1;40;1;1;1;7;"43;8545830000";" -0;3445670000"
202200019834;20;4;2022;13:50;1;93;2;2;1;3;"48;9165100000";"2;5315500000"
202200019835;23;6;2022;17:20;1;37;2;1;1;6;"47;4247483751";"0;7097259164"
202200019836;14;4;2022;11:10;1;93;2;1;1;2;"48;9277400000";"2;3916500000"
202200019837;25;6;2022;00:30;5;35;2;2;1;6;"48;0950400000";" -1;6373900000"
202200019838;20;4;2022;17:30;1;93;2;3;1;3;"48;9052590000";"2;4257030000"
202200019839;8;10;2022;18:50;1;21;1;1;1;2;"47;4681950000";"4;2347150000"
202200019840;24;6;2022;22:20;5;35;2;2;8;3;"48;1124500000";" -1;6662000000"
202200019841;20;4;2022;14:40;1;93;2;1;1;5;"48;9161744048";"2;4150105714"
202200019842;20;4;2022;17:12;1;92;2;9;1;1;"48;8166870000";"2;3253870000"
202200019843;24;6;2022;18:35;1;35;1;1;2;2;"48;1144368247";" -1;5596600000"
202200019844;8;10;2022;11:45;1;62;2;3;1;6;"50;6622920000";"2;8024200000"
202200019845;20;4;2022;09:35;1;92;2;9;1;3;"48;8168395561";"2;3067384437"
202200019846;9;10;2022;03:00;4;85;2;1;1;7;"46;8708900000";" -1;0171310000"
202200019847;24;6;2022;07:40;1;35;2;2;1;1;"48;1145872486";" -1;6570519656"
202200019848;20;4;2022;09:00;1;92;2;3;1;3;"48;8121301398";"2;3262979835"
202200019849;9;10;2022;00:25;3;30;1;1;1;6;"44;1422500000";"4;3585470000"
202200019850;21;6;2022;17:53;1;34;2;1;1;7;"43;3416200000";"3;2161500000"
202200019851;14;4;2022;18:07;1;92;2;1;1;3;"48;9168600000";"2;3062970000"
202200019852;8;10;2022;23:30;3;30;1;1;1;6;"44;0033420000";"4;3967630000"
202200019853;18;4;2022;01:40;5;92;2;2;1;3;"48;9190460000";"2;2259740000"
202200019854;8;10;2022;20:06;3;59;1;1;1;1;"50;0317310000";"3;2925140000"
202200019855;23;6;2022;21:24;1;33;2;2;1;6;"44;8375900000";" -0;5736900000"
202200019856;15;4;2022;19:40;1;37;1;1;1;6;"47;5256200000";"0;8287600000"
202200019857;8;10;2022;21:30;5;67;2;1;1;6;"48;4520120000";"7;1994510000"
202200019858;24;6;2022;18:25;1;33;2;1;1;6;"44;6512300000";" -1;1485200000"
202200019859;9;10;2022;10:55;1;76;2;3;1;3;"49;8157140000";"1;1724140000"
202200019860;22;4;2022;17:40;1;54;1;1;1;1;"49;4805860000";"5;6327460000"
202200019861;24;6;2022;13:35;1;31;2;1;1;6;"43;6102800000";"1;4529000000"
202200019862;22;4;2022;17:25;1;62;1;1;1;1;"50;2553310000";"2;0813410000"
202200019863;8;10;2022;16:10;1;79;2;6;1;2;"46;3030360000";" -0;4916100000"
202200019864;9;10;2022;11:05;1;82;2;1;1;7;"43;8063810000";"1;0312130000"
202200019865;22;4;2022;17:00;1;30;2;3;1;3;"44;1033460000";"4;6517930000"
202200019866;23;6;2022;07:50;1;29;1;2;2;5;"47;9207900000";" -3;9172800000"
202200019867;9;10;2022;03:00;4;89;2;1;5;6;"47;6278810000";"3;6619150000"
202200019868;22;6;2022;19:30;1;29;2;3;1;1;"48;3995100000";" -4;4434870000"
202200019869;9;10;2022;19:35;2;61;1;1;1;1;"48;6049150000";" -0;3664540000"
202200019870;22;4;2022;08:08;1;79;1;2;1;3;"46;9547680000";" -0;1441200000"
202200019871;7;10;2022;17:45;1;42;1;1;1;6;"45;8538080000";"3;7802200000"
202200019872;18;4;2022;03:35;3;79;1;1;5;6;"46;9765960000";" -0;7756730000"
202200019873;8;10;2022;16:20;1;47;2;1;1;6;"44;2657360000";"0;2443780000"
202200019874;22;4;2022;16:20;1;80;2;1;1;6;"50;1852800000";"1;7978310000"
202200019875;29;4;2022;01:20;5;26;2;2;1;3;"44;5365700000";"4;7578900000"
202200019876;8;10;2022;01:10;3;44;1;1;1;1;"47;4565900000";" -2;0805360000"
202200019877;21;4;2022;09:15;1;11;1;1;2;6;"43;1702090000";"2;9168490000"
202200019878;9;10;2022;06:45;5;44;1;6;1;6;"47;2426630000";" -1;4277610000"
202200019879;22;4;2022;07:25;1;49;1;1;1;7;"47;3040160000";" -0;0096050000"
202200019880;24;6;2022;08:50;1;22;2;2;1;3;"48;5402700000";" -2;7715000000"
202200019881;9;10;2022;01:50;3;44;1;1;1;6;"46;9884940000";" -1;8515180000"
202200019882;22;4;2022;14:00;1;47;1;2;1;3;"44;3702030000";"0;4701900000"
202200019883;24;6;2022;15:40;1;13;2;2;1;3;"43;4232100000";"5;2411300000"
202200019884;9;10;2022;11:35;1;02;1;1;1;1;"49;9112610000";"3;2050040000"
202200019885;22;4;2022;06:54;2;39;1;1;1;6;"46;8832490000";"5;8976370000"
202200019886;9;10;2022;08:00;2;02;1;1;1;6;"49;7721290000";"3;2071760000"
202200019887;22;6;2022;19:15;1;13;2;1;1;1;"43;4327200000";"4;9404500000"
202200019888;20;4;2022;19:13;1;44;1;4;1;1;"47;3729210000";" -2;2072810000"
202200019889;24;6;2022;19:40;1;13;2;1;1;6;"43;3513715222";"5;3540414571"
202200019890;9;10;2022;15:10;1;84;1;4;1;2;"43;7305430000";"5;5521570000"
202200019891;22;4;2022;16:00;1;35;1;1;1;6;"48;1553766890";" -1;9258421659"
202200019892;24;6;2022;12:15;1;13;2;1;1;3;"43;2786732167";"5;3807811521"
202200019893;9;10;2022;16:00;1;70;1;1;1;1;"47;5846890000";"6;6317460000"
202200019894;21;4;2022;17:35;1;35;1;1;7;7;"48;1346330000";" -2;2388720000"
202200019895;21;4;2022;11:50;1;29;1;1;1;6;"48;6284410000";" -3;8847750000"
202200019896;24;6;2022;09:45;1;13;2;1;1;1;"43;3084400000";"5;4003000000"
202200019897;8;10;2022;11:35;1;72;1;1;1;7;"47;6376020000";"0;3282000000"
202200019898;1;4;2022;19:42;3;03;1;1;4;1;"46;4382120000";"2;5784930000"
202200019899;7;10;2022;15:00;1;06;2;1;1;7;"43;8346530000";"7;4696650000"
202200019900;20;6;2022;16:10;1;13;2;1;1;6;"43;2943374929";"5;4422682523"
202200019901;22;4;2022;17:20;1;58;2;1;1;6;"47;0245040000";"3;1323590000"
202200019902;9;10;2022;17:10;1;50;1;1;1;6;"48;8936080000";" -1;3787570000"
202200019903;21;4;2022;22:00;3;50;1;1;1;6;"48;9925630000";" -1;4179070000"
202200019904;23;6;2022;18:50;1;13;2;9;1;3;"43;2937209136";"5;3730225563"
202200019905;24;6;2022;19:35;1;13;2;1;1;6;"43;5249700000";"5;3899600000"
202200019906;22;4;2022;11:00;1;50;1;1;1;7;"49;6105290000";" -1;3738060000"
202200019907;7;10;2022;18:30;1;09;1;1;1;5;"43;0356030000";"1;5429460000"
202200019908;22;4;2022;13:15;1;60;2;1;1;6;"49;2587276113";"2;5816572904"
202200019909;24;6;2022;08:21;1;10;2;1;1;6;"48;3000000000";"4;0652900000"
202200019910;21;4;2022;23:05;3;85;1;1;1;1;"46;4629440000";" -1;6384369000"
202200019911;23;6;2022;16:25;1;10;2;3;1;6;"48;2842300000";"4;0707390000"
202200019912;8;10;2022;18:45;3;43;1;5;1;7;"45;2251540000";"4;2596350000"
202200019913;22;4;2022;19:10;1;60;1;1;7;2;"49;3918990000";"2;6990750000"
202200019914;20;4;2022;18:15;2;971;2;1;1;6;"15;8792320000";" -61;3080720000"
202200019915;18;4;2022;17:00;1;37;2;1;1;6;"47;3229614921";"1;0357403755"
202200019916;23;6;2022;08:35;1;10;2;1;1;6;"48;3063500000";"4;0742700000"
202200019917;7;10;2022;17:05;1;07;1;1;1;5;"45;2532330000";"4;7692840000"
202200019918;21;4;2022;19:05;2;66;2;1;2;6;"42;8265481768";"2;9177860916"
202200019919;9;10;2022;12:05;1;53;1;1;1;7;"48;0721860000";" -0;9008150000"
202200019920;23;6;2022;15:57;1;09;2;1;1;1;"42;9574500000";"1;6046000000"
202200019921;22;4;2022;13:15;1;83;2;1;8;3;"43;2634893730";"6;5795122683"
202200019922;8;10;2022;17:00;1;21;1;1;1;7;"47;4369670000";"5;2912530000"
202200019923;23;6;2022;18:20;1;06;2;1;1;6;"43;6736200000";"7;1900100000"
202200019924;21;4;2022;19:40;1;68;2;4;1;1;"47;8803530000";"7;0375360000"
202200019925;9;10;2022;06:15;3;27;1;1;5;7;"49;3228820000";"0;4764020000"
202200019926;18;6;2022;17:00;1;05;1;1;1;7;"44;6106100000";"6;1394000000"
202200019927;21;4;2022;18:40;1;67;1;1;1;7;"48;4086080000";"7;4353620000"
202200019928;21;4;2022;15:50;1;57;2;3;1;6;"49;1057920000";"6;9574250000"
202200019929;23;6;2022;17:50;1;75;2;1;1;3;"48;8241170000";"2;3833990000"
202200019930;8;10;2022;19:55;3;28;1;1;1;5;"48;5576510000";"1;6780110000"
202200019931;22;4;2022;12:45;1;01;2;1;1;2;"45;8286410000";"4;9693160000"
202200019932;23;6;2022;14:00;1;75;2;1;1;2;"48;8349730000";"2;2733990000"
202200019933;9;10;2022;10:05;1;30;1;1;1;1;"43;8053400000";"4;0678400000"
202200019934;19;4;2022;08:50;1;69;2;2;1;6;"45;8738740000";"4;7720850000"
202200019935;21;4;2022;18:51;1;85;1;1;1;7;"46;7076300000";" -1;5151700000"
202200019936;21;6;2022;13:00;1;75;2;1;1;5;"48;8705970000";"2;2723520000"
202200019937;9;10;2022;01:30;3;30;1;1;1;1;"44;1290300000";"4;1469740000"
202200019938;21;4;2022;18:30;1;35;1;1;1;3;"48;5895877136";" -2;1159315706"
202200019939;22;4;2022;17:10;1;60;1;1;1;2;"49;3030760000";"2;1980810000"
202200019940;24;6;2022;07:50;1;75;2;4;1;4;"48;8510730000";"2;3306490000"
202200019941;21;4;2022;15:45;1;59;2;1;1;7;"50;5398448239";"3;0837796032"
202200019942;8;10;2022;12:00;1;987;1;1;1;1;" -17;7120000000";" -149;5080000000"
202200019943;24;6;2022;09:40;1;75;2;1;8;6;"48;8553470000";"2;3969470000"
202200019944;8;10;2022;17:00;1;67;1;1;1;7;"48;8915700000";"7;6821900000"
202200019945;19;4;2022;08:55;1;83;1;1;1;2;"43;1405392399";"6;0001856088"
202200019946;24;6;2022;18:56;1;75;2;2;1;3;"48;8772710000";"2;4067700000"
202200019947;1;10;2022;20:00;3;01;1;1;3;2;"46;2512770000";"5;6256870000"
202200019948;20;4;2022;18:05;1;91;1;1;1;3;"48;7600100000";"2;2569300000"
202200019949;7;10;2022;22:30;3;987;1;1;1;3;" -16;6200000000";" -151;4960000000"
202200019950;19;4;2022;14:25;1;78;1;1;1;2;"48;7775740000";"2;2220490000"
202200019951;24;6;2022;10:40;1;75;2;2;1;3;"48;8860060000";"2;3981670000"
202200019952;20;4;2022;07:45;1;95;1;1;1;6;"49;0453500000";"2;4757900000"
202200019953;24;6;2022;10:30;1;75;2;7;1;6;"48;8593330000";"2;2768860000"
202200019954;9;10;2022;05:30;3;57;1;9;1;5;"49;1416780000";"6;8138780000"
202200019955;20;4;2022;09:58;1;988;2;3;7;2;" -22;2821900000";"166;4483300000"
202200019956;24;6;2022;02:00;5;75;2;7;1;6;"48;8544240000";"2;2886590000"
202200019957;8;10;2022;20:00;3;13;1;9;1;1;"43;5291200000";"5;3979350000"
202200019958;19;4;2022;16:10;1;974;1;1;8;2;" -20;9563400000";"55;3125800000"
202200019959;24;6;2022;17:45;1;75;2;2;1;6;"48;8256902196";"2;3820121586"
202200019960;8;10;2022;13:45;1;988;1;1;8;6;" -20;9272730000";"165;3177580000"
202200019961;19;4;2022;09:55;1;974;1;1;1;1;" -20;9562000000";"55;3123000000"