Accident_Id;jour;mois;an;hrmn;lum;dep;agg;int;atm;col;lat;long
202200019962;8;10;2022;18:30;3;974;2;1;1;6;" -21;3678070000";"55;7452300000"
202200019963;24;6;2022;21:30;2;75;2;3;1;3;"48;8340860000";"2;4549100000"
202200019964;19;4;2022;08:45;1;974;2;9;1;3;" -20;9587400000";"55;3198700000"
202200019965;9;10;2022;07:30;1;971;2;1;1;6;"16;2823350000";" -61;6699480000"
202200019966;24;6;2022;21:17;1;75;2;5;1;7;"48;8577290000";"2;3803420000"
202200019967;19;4;2022;14:50;1;973;2;1;2;3;"4;9200586530";" -52;3218566179"
202200019968;8;10;2022;03:15;3;971;1;1;1;2;"16;2608430000";" -61;6334080000"
202200019969;24;6;2022;19:00;1;75;2;3;1;2;"48;8761650000";"2;3721340000"
202200019970;19;4;2022;11:40;1;69;2;2;1;3;"45;7663700000";"4;8477500000"
202200019971;7;10;2022;01:30;5;971;1;4;1;3;"16;1478230000";" -61;5835620000"
202200019972;24;6;2022;13:05;1;75;2;4;1;6;"48;8783060000";"2;3543090000"
202200019973;18;4;2022;14:30;1;972;1;1;1;2;"14;6122300000";" -61;0615100000"
202200019974;5;10;2022;13:15;1;29;2;1;2;6;"47;8771740000";" -3;5442390000"
202200019975;19;4;2022;11:45;1;69;2;1;1;6;"45;7724200000";"4;8392000000"
202200019976;23;6;2022;23:40;5;75;2;2;1;3;"48;8752330000";"2;3703330000"
202200019977;8;10;2022;12:15;1;45;2;2;1;3;"47;9256750000";"2;0461660000"
202200019978;18;4;2022;18:00;1;69;2;2;1;3;"45;7451500000";"4;8181900000"
202200019979;24;6;2022;17:35;1;75;2;4;1;3;"48;8760250000";"2;3445510000"
202200019980;8;10;2022;09:30;1;45;2;1;7;5;"47;9080290000";"1;9977550000"
202200019981;18;4;2022;15:10;1;69;2;1;1;4;"45;8136653249";"4;8686183989"
202200019982;24;6;2022;15:40;1;75;2;7;1;2;"48;8703340000";"2;3323440000"
202200019983;9;10;2022;06:24;2;77;1;1;1;1;"48;9163800000";"3;0631690000"
202200019984;19;4;2022;11:10;1;91;2;1;1;2;"48;6793400000";"2;2007000000"
202200019985;24;6;2022;21:50;2;94;2;3;1;3;"48;7588900000";"2;4088800000"
202200019986;4;10;2022;18:20;1;34;2;2;1;3;"43;6460160000";"3;9617210000"
202200019987;24;6;2022;16:00;1;94;2;3;2;3;"48;7517700000";"2;4573200000"
202200019988;8;10;2022;20:00;3;83;1;1;1;3;"43;4163250000";"6;6837700000"
202200019989;24;6;2022;15:46;1;94;2;1;3;1;"48;7502700000";"2;4830350000"
202200019990;24;6;2022;15:35;1;94;2;1;1;2;"48;7480800000";"2;4669000000"
202200019991;8;10;2022;15:50;1;67;1;1;1;7;"49;0268660000";"7;8914240000"
202200019992;24;6;2022;08:45;1;94;2;1;1;6;"48;8108770000";"2;4695490000"
202200019993;24;6;2022;12:15;1;94;2;1;1;3;"48;8017000000";"2;4422000000"
202200019994;9;10;2022;16:35;1;54;1;1;1;1;"48;6059433680";"6;4343404771"
202200019995;24;6;2022;16:07;1;94;2;1;1;3;"48;8115600000";"2;3648900000"
202200019996;8;10;2022;22:50;5;57;2;3;1;3;"49;1745360000";"6;9177870000"
202200019997;24;6;2022;14:00;1;94;2;1;1;1;"48;7548100000";"2;3700800000"
202200019998;7;10;2022;12:25;1;69;1;2;1;2;"45;7947770000";"4;7413890000"
202200019999;24;6;2022;15:40;1;94;2;3;1;3;"48;7960200000";"2;4632600000"
202200020000;8;10;2022;16:25;1;17;1;1;1;7;"45;6655330000";" -0;9440460000"
202200020001;8;10;2022;20:25;5;22;2;1;1;3;"48;4537840000";" -2;0521900000"
202200020002;16;6;2022;12:35;1;94;2;7;9;5;"48;7936530000";"2;4611160000"
202200020003;24;6;2022;14:15;1;94;2;1;1;7;"48;7720363637";"2;4167194993"
202200020004;8;10;2022;16:10;1;22;2;3;1;3;"48;5051903806";" -2;6447004676"
202200020005;7;10;2022;21:30;3;27;1;1;1;7;"49;1144940000";"1;4658490000"
202200020006;24;6;2022;17:20;1;94;2;1;1;6;"48;8185800000";"2;5040900000"
202200020007;8;10;2022;16:00;1;76;1;1;1;5;"49;7221050000";"1;4682980000"
202200020008;24;6;2022;08:11;1;94;2;2;1;6;"48;7853400000";"2;4268000000"
202200020009;24;6;2022;06:55;2;93;2;1;8;1;"48;9389000000";"2;3397900000"
202200020010;9;10;2022;09:20;1;59;1;1;1;1;"50;1335360000";"3;5310750000"
202200020011;24;6;2022;19:20;1;93;2;1;1;1;"48;8990350000";"2;4080400000"
202200020012;8;10;2022;00:55;4;59;2;6;2;7;"50;6334758132";"2;7205109596"
202200020013;24;6;2022;19:10;1;93;2;1;1;6;"48;8583700000";"2;4344500000"
202200020014;8;10;2022;13:40;1;13;1;1;1;4;"43;2855300000";"5;4280000000"
202200020015;24;6;2022;17:10;1;93;2;3;1;6;"48;8710992816";"2;4569839239"
202200020016;3;10;2022;17:37;1;13;2;1;1;2;"43;3300000000";"5;3900000000"
202200020017;24;6;2022;13:30;1;93;2;1;1;3;"48;8539300000";"2;4477600000"
202200020018;4;10;2022;19:00;1;38;2;1;1;3;"45;5264000000";"4;8726100000"
202200020019;24;6;2022;09:10;1;93;2;2;8;6;"48;9330900000";"2;4243800000"
202200020020;7;10;2022;23:00;3;91;1;1;1;3;"48;5785100000";"2;4630200000"
202200020021;7;10;2022;20:00;3;78;1;1;1;3;"48;7872070000";"2;1486190000"
202200020022;23;6;2022;12:15;1;93;2;1;1;6;"48;9271027673";"2;3888241649"
202200020023;8;10;2022;16:45;1;93;1;1;1;2;"48;9144200000";"2;4776400000"
202200020024;7;10;2022;22:15;3;95;1;1;1;6;"49;0102377821";"2;1549886465"
202200020025;22;6;2022;16:55;1;93;2;1;1;1;"48;9234600000";"2;3897000000"
202200020026;8;10;2022;14:00;1;77;1;1;1;3;"48;9092644359";"2;6375749541"
202200020027;24;6;2022;16:40;1;93;2;2;1;3;"48;8985900000";"2;5503900000"
202200020028;24;6;2022;18:33;1;93;2;3;1;6;"48;9481390000";"2;4380410000"
202200020029;8;10;2022;10:30;1;93;1;1;1;4;"48;8356700000";"2;5633700000"
202200020030;7;10;2022;19:00;2;94;1;1;1;2;"48;7647343039";"2;4621159033"
202200020031;7;10;2022;15:00;1;94;1;1;1;3;"48;8549353253";"2;4885811806"
202200020032;8;10;2022;00:18;5;49;2;1;1;6;"47;4670500000";" -0;5446500000"
202200020033;7;10;2022;17:30;1;29;2;9;1;6;"48;3845040000";" -4;5360460000"
202200020034;6;10;2022;17:15;1;59;2;2;1;3;"50;6448865380";"3;0137676001"
202200020035;6;10;2022;07:50;1;58;2;1;1;2;"46;9900100000";"3;1753000000"
202200020036;6;10;2022;02:50;5;75;2;2;1;2;"48;8641670000";"2;3861500000"
202200020037;6;10;2022;14:00;1;75;2;2;1;6;"48;8907150000";"2;3766980000"
202200020038;5;10;2022;08:00;2;94;2;4;1;6;"48;8130000000";"2;3890000000"
202200020039;5;10;2022;18:00;1;92;2;9;1;3;"48;8999700000";"2;2141200000"
202200020040;4;10;2022;07:10;5;28;2;9;1;1;"48;2643000000";"1;6290040000"
202200020041;4;10;2022;07:22;5;92;2;1;1;3;"48;9240960000";"2;2525660000"
202200020042;3;10;2022;16:30;1;06;2;1;1;6;"43;5729040000";"6;9587930000"
202200020043;1;10;2022;00:30;5;92;2;2;1;3;"48;9237926900";"2;2596189380"
202200020044;2;10;2022;04:05;5;69;1;1;2;6;"45;7820000000";"4;8932000000"
202200020045;30;9;2022;12:15;1;69;2;1;1;6;"45;7867400000";"4;7951500000"
202200020046;30;9;2022;12:20;1;41;2;1;1;6;"47;5929000000";"1;3085600000"
202200020047;29;9;2022;09:10;1;76;2;2;1;6;"49;4967000000";"0;1343400000"
202200020048;29;9;2022;12:20;1;52;2;1;1;6;"48;1100800000";"5;1433100000"
202200020049;28;9;2022;10:15;1;76;2;1;2;6;"49;5024742327";"0;1661982703"
202200020050;28;9;2022;10:40;1;69;2;1;2;4;"45;7667000000";"4;9892000000"
202200020051;28;9;2022;14:48;1;63;2;1;1;6;"45;7751600000";"3;0867000000"
202200020052;27;9;2022;15:38;1;67;2;2;1;6;"48;5381800000";"7;7355390000"
202200020053;27;9;2022;10:20;1;57;2;1;1;6;"49;3642600000";"6;1792500000"
202200020054;27;9;2022;12:29;1;10;2;2;1;7;"48;2999900000";"4;0833300000"
202200020055;27;9;2022;18:50;1;06;2;1;1;6;"43;7070800000";"7;2319200000"
202200020056;26;9;2022;10:42;1;67;2;9;1;6;"48;5800400000";"7;7162700000"
202200020057;7;10;2022;19:35;5;988;2;2;1;3;" -22;2745700000";"166;4437700000"
202200020058;5;10;2022;16:15;1;974;2;2;1;1;" -20;8880500000";"55;4648800000"
202200020059;4;10;2022;11:45;1;974;2;1;1;6;" -20;9343000000";"55;3003300000"
202200020060;6;10;2022;11:35;1;973;2;1;1;1;"4;9271295898";" -52;3228141665"
202200020061;7;10;2022;08:05;1;973;2;1;1;7;"4;9351713753";" -52;3123723269"
202200020062;7;10;2022;17:30;1;69;2;2;1;3;"45;7497400000";"4;8897700000"
202200020063;7;10;2022;16:20;1;69;2;9;1;6;"45;7242466370";"4;8872289062"
202200020064;7;10;2022;10:20;1;69;2;1;1;3;"45;7618100000";"4;8499700000"
202200020065;6;10;2022;01:00;5;972;1;1;1;1;"14;6211450000";" -61;0268550000"
202200020066;7;10;2022;19:02;1;2B;2;1;1;6;"42;6711800000";"9;4422000000"
202200020067;7;10;2022;07:59;1;2B;1;1;1;4;"42;5961100000";"9;4234300000"
202200020068;7;10;2022;09:33;1;2A;2;1;1;2;"41;9129100000";"8;7249600000"
202200020069;6;9;2022;13:55;1;95;2;1;1;6;"48;9790862178";"2;3876743019"
202200020070;13;9;2022;12:00;1;95;2;1;1;4;"48;9739500000";"2;4138800000"
202200020071;7;10;2022;12:50;1;95;1;1;1;6;"48;9943802141";"2;4793857336"
202200020072;6;10;2022;16:35;1;91;2;9;1;6;"48;7170900000";"2;4880800000"
202200020073;7;10;2022;07:10;5;91;2;7;1;6;"48;6844700000";"2;4974600000"
202200020074;7;10;2022;09:00;1;91;1;1;1;2;"48;4421100000";"2;1341300000"
202200020075;6;10;2022;21:30;3;90;2;1;1;2;"47;6600000000";"6;8570000000"
202200020076;5;10;2022;17:51;1;87;2;1;1;6;"45;8568000000";"1;2730300000"
202200020077;5;10;2022;10:32;1;86;2;6;1;3;"46;8210370000";"0;5475000000"
202200020078;27;9;2022;18:30;1;84;2;1;1;6;"43;9375700000";"4;8118300000"
202200020079;4;10;2022;13:30;1;84;2;9;1;2;"43;9107000000";"4;8833000000"
202200020080;6;10;2022;10:00;1;83;2;1;1;3;"43;1234500000";"5;9702240000"
202200020081;7;10;2022;19:15;1;78;2;1;1;3;"48;9754700000";"1;9161700000"
202200020082;7;10;2022;10:00;1;77;2;1;1;2;"48;8736500000";"2;7162500000"
202200020083;7;10;2022;18:40;1;77;1;1;1;2;"48;8269300000";"3;1490900000"
202200020084;7;10;2022;14:10;1;76;1;3;1;2;"49;3941300000";"1;1116900000"
202200020085;7;10;2022;09:35;1;72;2;6;1;3;"47;9940000000";"0;1950000000"
202200020086;7;10;2022;08:15;1;72;2;1;1;6;"48;0090000000";"0;2230000000"
202200020087;6;10;2022;17:50;1;72;2;1;1;6;"48;0189007813";"0;1792502401"
202200020088;8;10;2022;00:00;5;69;2;1;1;2;"45;7715600000";"4;9612000000"
202200020089;7;10;2022;19:15;2;69;2;1;1;1;"45;7045022214";"4;8862838746"
202200020090;7;10;2022;07:30;2;69;2;1;1;1;"45;7397362061";"4;8923850060"
202200020091;7;10;2022;13:09;1;66;2;2;1;3;"42;7175900000";"2;8896500000"
202200020092;7;10;2022;06:10;3;66;1;1;1;2;"42;7137400000";"2;8724900000"
202200020093;7;10;2022;08:15;1;64;2;1;1;1;"43;3647630000";" -1;7633310000"
202200020094;6;10;2022;20:42;5;64;2;3;1;3;"43;3081000000";" -0;3529900000"
202200020095;7;10;2022;07:25;2;64;2;1;1;7;"43;4935800000";" -1;4531700000"
202200020096;7;10;2022;19:50;5;62;2;2;1;3;"50;2720065510";"2;7452366352"
202200020097;7;10;2022;09:00;1;59;2;1;1;6;"50;7286639172";"3;1463398039"
202200020098;7;10;2022;06:45;5;59;2;3;1;6;"50;6512439062";"3;0747140944"
202200020099;6;10;2022;18:40;2;59;2;1;1;3;"50;6435916023";"3;1429159641"
202200020100;6;10;2022;12:00;1;59;2;4;1;3;"50;6547572672";"3;0184024572"
202200020101;6;10;2022;13:45;1;59;2;1;1;3;"50;6639800000";"3;1461200000"
202200020102;27;9;2022;07:50;5;58;2;6;1;3;"46;9949100000";"3;1686400000"
202200020103;6;10;2022;19:38;2;57;1;1;1;6;"49;3933700000";"6;1775800000"
202200020104;6;10;2022;07:50;1;57;2;1;1;6;"49;3529800000";"6;1595300000"
202200020105;4;10;2022;17:48;1;57;2;1;1;2;"49;3280000000";"6;0582200000"
202200020106;6;10;2022;17:40;1;56;1;1;1;7;"47;7830072000";" -3;3400000300"
202200020107;6;10;2022;16:20;1;55;1;1;1;3;"49;1312780000";"5;4003290000"
202200020108;7;10;2022;20:59;5;54;2;1;1;1;"48;6880695036";"6;1722001433"
202200020109;7;10;2022;18:42;1;54;2;9;1;6;"49;2254800000";"5;9818700000"
202200020110;7;10;2022;17:00;1;51;2;6;1;2;"49;2324400453";"4;0334603190"
202200020111;7;10;2022;16:15;1;51;2;2;1;7;"49;2465431290";"4;0317732096"
202200020112;7;10;2022;09:53;1;49;2;6;1;6;"47;4523700000";" -0;5408300000"
202200020113;6;10;2022;16:34;1;49;2;1;1;3;"47;4658122379";" -0;5655987561"
202200020114;7;10;2022;08:30;1;45;2;1;1;3;"47;9080600000";"1;9106700000"
202200020115;5;10;2022;18:00;1;45;2;1;7;6;"48;0003400000";"2;7338900000"
202200020116;6;10;2022;17:50;1;42;2;3;1;3;"46;0352100000";"4;0727300000"
202200020117;5;10;2022;12:11;1;40;2;3;1;3;"43;9162300000";" -0;5076400000"
202200020118;6;10;2022;15:20;1;37;2;1;1;3;"47;4088400000";"0;7034600000"
202200020119;7;10;2022;17:00;1;35;2;3;1;6;"48;1250827149";" -1;6517499089"
202200020120;7;10;2022;08:05;2;35;2;1;1;1;"48;1176100000";" -1;7139000000"
202200020121;7;10;2022;03:40;5;35;2;1;1;6;"48;1191854207";" -1;6785009205"
202200020122;7;10;2022;07:00;2;34;2;3;8;7;"43;6041300000";"3;8787100000"
202200020123;6;10;2022;07:15;2;34;1;1;1;1;"43;3264700000";"3;1910400000"
202200020124;7;10;2022;20:30;5;33;2;3;1;3;"44;8321700000";" -0;6741900000"
202200020125;7;10;2022;20:40;5;33;2;3;1;2;"44;8614800000";" -0;5872700000"
202200020126;7;10;2022;14:00;1;30;2;1;1;3;"44;1458800000";"4;6148900000"
202200020127;5;10;2022;17:10;2;30;2;1;1;6;"44;1615100000";"4;6221300000"
202200020128;7;10;2022;08:40;1;29;2;1;1;6;"47;8877100000";" -3;9073600000"
202200020129;6;10;2022;18:10;1;29;2;1;1;3;"48;3823120000";" -4;5230640000"
202200020130;6;10;2022;15:30;1;29;2;1;1;6;"48;4138400000";" -4;4797700000"
202200020131;7;10;2022;12:45;1;27;2;2;1;3;"49;2710500000";"1;2076600000"
202200020132;7;10;2022;22:00;5;27;2;3;1;1;"49;0346800000";"1;1555400000"
202200020133;7;10;2022;16:01;1;27;2;1;1;2;"49;0101400000";"1;1746100000"
202200020134;7;10;2022;08:56;1;27;2;3;7;1;"49;0140200000";"1;1641600000"
202200020135;7;10;2022;14:30;1;26;2;1;1;6;"44;9161900000";"4;8864600000"
202200020136;7;10;2022;18:40;1;17;1;1;1;4;"46;1740630000";" -1;1138380000"
202200020137;3;11;2022;12:00;1;13;2;4;3;6;"43;3631200000";"5;0951900000"
202200020138;7;10;2022;19:15;2;13;2;2;1;3;"43;4684600000";"5;2334000000"
202200020139;13;11;2022;08:00;2;13;2;1;1;1;"43;2920400000";"5;3632600000"
202200020140;10;11;2022;19:00;5;13;2;1;1;3;"43;2636300000";"5;4106200000"
202200020141;14;11;2022;15:30;1;13;1;1;2;5;"43;5395000000";"4;9739500000"
202200020142;10;11;2022;07:40;1;13;1;9;1;2;"43;5407800000";"5;4326700000"
202200020143;9;11;2022;13:00;1;13;2;1;8;3;"43;4843800000";"5;3632600000"
202200020144;6;11;2022;11:10;1;12;2;1;7;1;"44;5549600000";"2;2168100000"
202200020145;12;11;2022;23:30;5;11;2;1;1;7;"43;2010860000";"2;9681170000"
202200020146;10;11;2022;17:50;2;11;1;1;1;4;"43;2323600000";"2;3506400000"
202200020147;10;11;2022;15:30;1;11;1;1;1;2;"43;2175200000";"2;3233200000"
202200020148;9;11;2022;19:35;5;11;2;9;2;6;"43;2104700000";"2;3512400000"
202200020149;9;11;2022;20:45;3;10;1;1;1;2;"48;2967200000";"4;0290200000"
202200020150;14;11;2022;18:00;5;06;2;2;1;3;"43;7348620000";"7;2980830000"
202200020151;9;11;2022;14:00;1;06;2;1;2;1;"43;7180700000";"7;2985100000"
202200020152;14;11;2022;12:50;1;06;2;1;1;6;"43;6555870000";"6;9176080000"
202200020153;10;11;2022;06:00;5;06;2;1;1;1;"43;6637300000";"7;1488200000"
202200020154;10;11;2022;18:15;2;05;2;1;1;2;"44;5574600000";"6;0747600000"
202200020155;6;11;2022;12:20;1;04;2;1;1;6;"43;8253700000";"5;7950400000"
202200020156;13;11;2022;12:00;1;75;2;1;1;3;"48;8287680000";"2;3987160000"
202200020157;12;11;2022;10:10;1;75;2;1;1;4;"48;8891280000";"2;3962970000"
202200020158;14;11;2022;23:10;5;75;2;7;2;3;"48;8896330000";"2;3957480000"
202200020159;15;11;2022;15:40;1;75;2;2;2;6;"48;8958920000";"2;3230420000"
202200020160;15;11;2022;13:15;1;75;2;2;2;2;"48;8399790000";"2;2998760000"
202200020161;15;11;2022;10:30;1;75;2;1;2;7;"48;8279560000";"2;2728840000"
202200020162;15;11;2022;07:55;1;75;2;1;8;7;"48;8451630000";"2;3725960000"
202200020163;15;11;2022;07:15;5;75;2;4;1;3;"48;8532960000";"2;3702750000"
202200020164;15;11;2022;22:03;5;75;2;2;2;3;"48;8810970000";"2;3498400000"
202200020165;14;11;2022;19:08;5;75;2;2;1;3;"48;8640860000";"2;3201180000"
202200020166;15;11;2022;09:11;1;75;2;1;1;3;"48;8521300000";"2;3519140000"
202200020167;15;11;2022;17:30;4;94;2;1;3;3;"48;8451200000";"2;4315300000"
202200020168;10;11;2022;19:20;5;94;2;1;1;3;"48;8040000000";"2;4360000000"
202200020169;15;11;2022;20:35;5;91;2;1;2;2;"48;7117200000";"2;3710870000"
202200020170;15;11;2022;18:54;5;94;2;3;2;2;"48;7455400000";"2;4101300000"
202200020171;15;11;2022;14:36;1;94;2;2;2;3;"48;7687500000";"2;4208900000"
202200020172;15;11;2022;17:30;5;94;2;1;3;2;"48;8277300000";"2;5224100000"
202200020173;2;11;2022;18:30;5;94;2;1;1;4;"48;8149800000";"2;5112800000"
202200020174;15;11;2022;08:56;1;94;2;1;1;1;"48;7000680000";"2;5410200000"
202200020175;15;11;2022;03:45;3;94;2;1;1;6;"48;7309200000";"2;5244200000"
202200020176;15;11;2022;19:00;3;93;1;1;2;2;"48;9843000000";"2;5349000000"
202200020177;14;11;2022;03:30;5;93;2;9;2;3;"48;9555607872";"2;5391024351"
202200020178;15;11;2022;12:30;1;93;2;1;2;3;"48;9427864700";"2;5328212364"
202200020179;15;11;2022;19:10;5;93;2;1;2;3;"48;9111784825";"2;5847080350"
202200020180;15;11;2022;08:40;1;93;2;1;1;3;"48;9126382994";"2;5144180655"
202200020181;15;11;2022;14:30;1;93;2;1;2;3;"48;9244700000";"2;4372500000"
202200020182;15;11;2022;19:43;5;93;2;2;2;1;"48;9129700000";"2;5184200000"
202200020183;15;11;2022;15:30;1;93;2;3;8;1;"48;9030100000";"2;5621900000"
202200020184;15;11;2022;13:00;1;93;2;1;2;2;"48;9102400000";"2;4777560000"
202200020185;15;11;2022;10:22;1;93;2;1;1;7;"48;9067658102";"2;4351484658"
202200020186;15;11;2022;12:00;1;92;2;1;2;6;"48;9264040000";"2;3283880000"
202200020187;6;11;2022;03:30;5;92;2;1;1;1;"48;9360400000";"2;3246100000"
202200020188;15;11;2022;17:30;2;92;2;1;2;2;"48;8176100000";"2;3077500000"
202200020189;14;11;2022;16:40;1;92;2;1;1;3;"48;8263510000";"2;1882580000"
202200020190;14;11;2022;03:45;5;92;2;4;5;6;"48;8310777548";"2;1522409915"
202200020191;30;10;2022;09:15;1;92;2;1;1;3;"48;8874141822";"2;1985664964"
202200020192;15;11;2022;09:20;1;92;2;2;1;7;"48;8988731430";"2;2566470504"
202200020193;15;11;2022;13:05;1;92;2;2;2;3;"48;8988689112";"2;3035503030"
202200020194;15;11;2022;12:30;1;92;2;1;2;4;"48;8987500000";"2;3099300000"
202200020195;15;11;2022;10:50;1;92;2;2;2;6;"48;8342300000";"2;2396600000"
202200020196;15;11;2022;17:50;3;52;1;6;3;7;"48;2091460000";"5;1245210000"
202200020197;15;11;2022;17:25;3;43;2;1;1;1;"45;3076890000";"3;3766010000"
202200020198;16;11;2022;13:30;1;31;2;1;1;6;"43;5003010000";"1;3183750000"
202200020199;15;11;2022;16:40;3;67;1;1;2;6;"48;3139260000";"7;3501540000"
202200020200;15;11;2022;19:00;3;12;1;1;1;3;"44;2116180000";"2;4039240000"
202200020201;15;11;2022;15:40;1;86;1;1;2;1;"46;2817290000";"0;8537280000"
202200020202;15;11;2022;16:30;2;17;1;1;7;2;"46;1703800000";" -1;0742780000"
202200020203;16;11;2022;13:10;1;21;1;1;1;5;"47;3164900000";"4;6022630000"
202200020204;15;11;2022;09:45;1;51;1;1;8;2;"48;9976350000";"3;8939880000"
202200020205;15;11;2022;16:45;2;56;2;1;1;6;"47;9549500000";" -2;5475730000"
202200020206;16;11;2022;09:00;1;67;1;1;1;1;"48;9469700000";"7;0774000000"
202200020207;16;11;2022;09:40;1;33;2;1;2;6;"45;1929030000";" -0;7478430000"
202200020208;15;11;2022;09:40;1;71;2;1;8;3;"46;8261750000";"4;3673440000"
202200020209;16;11;2022;13:50;1;89;2;1;1;2;"47;4941100000";"3;9038160000"
202200020210;16;11;2022;08:05;1;63;2;1;8;3;"45;8338380000";"2;8491280000"
202200020211;12;11;2022;15:40;1;63;2;1;1;6;"45;4303980000";"3;8905760000"
202200020212;9;11;2022;12:05;1;49;1;4;1;3;"47;1681590000";" -0;2609950000"
202200020213;15;11;2022;15:40;1;49;1;2;3;3;"47;4880350000";"0;0752090000"
202200020214;8;9;2022;16:40;1;34;1;1;1;6;"43;7285112263";"3;6341330409"
202200020215;15;11;2022;17:39;3;22;1;1;2;1;"48;3921390000";" -2;7373120000"
202200020216;15;11;2022;11:40;1;44;2;1;1;6;"47;2429760000";" -2;1576440000"
202200020217;15;11;2022;08:00;2;29;1;1;2;1;"48;5133770000";" -4;1163210000"
202200020218;12;11;2022;15:41;1;29;2;1;7;6;"48;3896912466";" -4;4015980039"
202200020219;12;11;2022;10:00;1;29;2;6;1;3;"47;8323383687";" -4;1795113385"
202200020220;15;11;2022;21:40;3;03;1;1;2;6;"46;0992880000";"3;3550280000"
202200020221;15;11;2022;17:05;2;01;2;3;1;3;"45;7564950000";"5;6858600000"
202200020222;14;11;2022;18:00;5;01;2;3;2;1;"46;1859590000";"5;3179780000"
202200020223;16;11;2022;08:00;2;83;2;1;1;7;"43;4774090000";"6;1370870000"
202200020224;16;11;2022;12:30;1;60;2;1;1;6;"49;2485970000";"2;4310970000"
202200020225;15;11;2022;19:00;3;45;1;1;2;6;"47;7587860000";"1;9373490000"
202200020226;15;11;2022;21:00;3;45;1;1;2;1;"47;8161668541";"1;9413412432"
202200020227;16;11;2022;12:20;1;43;1;1;1;7;"45;2518700000";"4;1440340000"
202200020228;14;11;2022;12:00;1;53;1;3;1;3;"48;1391380000";" -0;5928780000"
202200020229;16;11;2022;17:30;5;27;2;1;3;6;"49;3512583877";"0;5172371864"
202200020230;16;11;2022;12:50;1;28;1;1;2;7;"48;6433230000";"1;2822140000"
202200020231;20;10;2022;08:50;1;23;1;1;1;1;"45;9468530000";"2;2336580000"
202200020232;15;11;2022;12:30;1;06;2;1;1;1;"43;6248740000";"7;1018960000"
202200020233;15;11;2022;19:19;3;33;1;1;2;4;"44;7162460000";" -0;7422640000"
202200020234;16;11;2022;09:50;1;33;1;1;1;5;"45;0078040000";" -1;1343380000"
202200020235;14;11;2022;07:45;2;78;1;2;5;1;"48;5430490000";"1;7886690000"
202200020236;15;11;2022;23:15;3;83;1;1;1;6;"43;5875950000";"6;6695270000"
202200020237;8;11;2022;16:00;1;67;2;1;1;2;"48;9672590000";"7;7316390000"
202200020238;16;11;2022;16:30;1;07;2;1;1;6;"45;0732210000";"4;8194360000"
202200020239;16;11;2022;12:45;1;46;1;1;1;6;"44;6400170000";"2;0742700000"
202200020240;16;11;2022;12:25;1;29;1;1;3;1;"48;5943510000";" -4;3346510000"
202200020241;16;11;2022;03:30;3;02;1;3;2;6;"49;9321580000";"4;1043190000"
202200020242;15;11;2022;17:20;5;59;2;2;8;3;"50;6429214417";"2;6394787431"
202200020243;15;11;2022;12:50;1;83;1;1;1;2;"43;1437570000";"6;0217120000"
202200020244;15;11;2022;08:30;1;33;1;1;1;3;"44;8011500000";" -0;5347100000"
202200020245;13;11;2022;19:10;4;59;1;1;1;2;"50;3409900000";"3;4762700000"
202200020246;13;11;2022;02:00;4;59;1;1;1;1;"50;6634700000";"3;0232900000"
202200020247;15;11;2022;14:57;1;94;1;1;2;3;"48;8081987935";"2;3476256982"
202200020248;31;1;2022;12:35;1;45;2;3;2;3;"47;8884640000";"1;9204370000"
202200020249;15;11;2022;12:35;1;91;1;1;2;2;"48;6912300000";"2;3224300000"
202200020250;1;2;2022;18:30;5;42;2;6;1;3;"45;3902951365";"4;2804079055"
202200020251;30;1;2022;18:15;2;40;1;1;5;1;"43;8669700000";" -0;5120600000"
202200020252;14;11;2022;07:30;1;91;1;1;5;5;"48;6253100000";"2;3227600000"
202200020253;31;1;2022;16:55;1;37;2;2;1;6;"47;4259351558";"0;6824773550"
202200020254;14;11;2022;22:47;3;94;1;1;2;7;"48;7646847471";"2;3434122189"
202200020255;1;2;2022;08:50;1;35;2;6;1;2;"48;1039100000";" -1;7120100000"
202200020256;15;11;2022;17:50;3;92;1;1;3;3;"48;8389767173";"2;1935262165"
202200020257;1;2;2022;08:25;2;35;2;1;1;2;"48;1210600000";" -1;6430200000"
202200020258;15;11;2022;17:45;3;92;1;1;2;2;"48;9153626913";"2;2204385940"
202200020259;31;1;2022;16:20;1;35;2;1;1;2;"48;0914300000";" -1;6524900000"
202200020260;31;1;2022;16:00;1;35;2;5;1;3;"48;1164270000";" -1;7098540000"
202200020261;15;11;2022;13:15;1;95;1;1;3;3;"48;9907688432";"2;1937817845"
202200020262;31;1;2022;08:45;1;35;2;1;8;6;"48;1046400000";" -1;6669500000"
202200020263;15;11;2022;07:50;1;95;1;1;1;2;"49;0620315115";"2;3199198271"
202200020264;31;1;2022;08:15;1;35;1;1;1;4;"48;0816016365";" -1;6970046613"
202200020265;31;1;2022;13:40;1;35;2;1;1;3;"48;3441730000";" -1;1777180000"
202200020266;14;11;2022;20:45;3;95;1;1;1;4;"49;0305168306";"2;2011010424"
202200020267;14;11;2022;11:50;1;93;1;1;1;3;"48;9260810000";"2;3383500000"