Accident_Id;jour;mois;an;hrmn;lum;dep;agg;int;atm;col;lat;long
202200020268;27;1;2022;14:55;1;34;2;1;1;6;"43;6097300000";"3;8989600000"
202200020269;30;1;2022;02:00;3;34;2;1;1;6;"43;5898900000";"3;9134300000"
202200020270;15;11;2022;22:00;3;94;1;1;1;4;"48;7701146919";"2;3822327243"
202200020271;1;2;2022;12:15;1;33;2;1;1;6;"44;8511900000";" -0;5886400000"
202200020272;18;7;2022;15:15;1;74;2;1;1;6;"46;3806400000";"6;5011800000"
202200020273;1;2;2022;08:05;1;33;2;3;1;3;"44;8733800000";" -0;6344200000"
202200020274;25;5;2022;16:45;1;74;1;1;1;6;"45;8725540000";"6;7177970000"
202200020275;31;1;2022;03:30;5;33;2;6;1;6;"44;8410500000";" -0;5483300000"
202200020276;31;8;2022;18:00;1;74;1;1;1;3;"46;1778500000";"6;2290400000"
202200020277;19;1;2022;17:30;1;31;1;1;1;3;"43;6054100000";"1;3407600000"
202200020278;21;1;2022;09:05;1;30;2;1;1;6;"43;8388000000";"4;3633000000"
202200020279;31;8;2022;12:30;1;74;1;1;1;7;"46;0506960000";"6;3767050000"
202200020280;31;1;2022;08:00;1;30;2;9;1;3;"44;1399900000";"4;0886900000"
202200020281;27;8;2022;04:50;5;74;1;1;1;6;"45;9612580000";"6;6309790000"
202200020282;31;1;2022;17:10;1;29;1;1;1;2;"47;9570800000";" -4;0455800000"
202200020283;9;7;2022;16:05;1;22;1;1;1;2;"48;5199800000";" -2;7472200000"
202200020284;1;2;2022;19:55;5;29;2;6;6;3;"48;3889010000";" -4;4838780000"
202200020285;1;2;2022;18:10;1;29;2;1;2;2;"48;3856370000";" -4;4700480000"
202200020286;10;9;2022;00:30;5;75;2;3;1;6;"48;8611270000";"2;3241860000"
202200020287;14;11;2022;00:24;5;75;2;1;1;7;"48;8936140000";"2;3035830000"
202200020288;30;1;2022;19:35;2;29;2;1;1;5;"48;3964536992";" -4;4888309240"
202200020289;27;1;2022;19:45;5;29;2;1;1;6;"48;4093140000";" -4;4699070000"
202200020290;14;11;2022;18:45;5;75;2;3;1;3;"48;8441570000";"2;3229490000"
202200020291;13;1;2022;08:13;3;29;2;1;1;3;"48;3763260000";" -4;5528430000"
202200020292;7;11;2022;11:00;1;75;2;2;1;3;"48;8411680000";"2;3559650000"
202200020293;31;1;2022;13:25;1;26;2;1;1;3;"44;5407380000";"4;7465030000"
202200020294;12;11;2022;23:59;5;75;2;3;1;3;"48;8904110000";"2;3265810000"
202200020295;28;1;2022;19:00;5;22;2;1;2;1;"48;7221600000";" -3;4801000000"
202200020296;1;2;2022;08:44;1;17;1;1;8;7;"45;6362550000";" -1;0167390000"
202200020297;1;2;2022;19:19;5;17;2;1;2;6;"46;1547600000";" -1;0956800000"
202200020298;13;11;2022;21:25;5;75;2;3;1;3;"48;8842510000";"2;3026570000"
202200020299;1;2;2022;11:45;1;15;2;1;1;3;"44;9152410000";"2;4404230000"
202200020300;13;11;2022;14:20;1;75;2;1;1;6;"48;8718880000";"2;2524210000"
202200020301;1;2;2022;15:40;1;14;2;1;8;6;"49;4058320000";"0;2736350000"
202200020302;14;11;2022;14:40;1;75;2;1;1;7;"48;8510010000";"2;2832550000"
202200020303;1;2;2022;08:15;1;13;2;1;1;6;"43;4109200000";"5;2217100000"
202200020304;1;2;2022;14:40;1;13;2;9;1;7;"43;2732662261";"5;4007336084"
202200020305;14;11;2022;14:10;1;75;2;3;1;3;"48;8398440000";"2;3020790000"
202200020306;30;1;2022;14:20;1;13;2;1;1;3;"43;2400106107";"5;4569005966"
202200020307;13;11;2022;06:00;2;75;2;7;1;2;"48;8479770000";"2;3038440000"
202200020308;31;1;2022;20:05;5;13;2;1;6;6;"43;3319100000";"5;4285400000"
202200020309;10;11;2022;17:45;5;75;2;1;1;6;"48;8238460000";"2;3359080000"
202200020310;14;11;2022;15:45;1;75;2;2;1;3;"48;8787620000";"2;3222400000"
202200020311;30;1;2022;16:00;1;13;2;3;1;3;"43;2864932518";"5;3855112749"
202200020312;11;11;2022;18:05;5;94;2;1;1;3;"48;8006600000";"2;4710400000"
202200020313;29;1;2022;21:30;5;13;2;2;1;3;"43;3025316295";"5;3691121533"
202200020314;7;11;2022;17:53;5;94;2;9;1;6;"48;7744900000";"2;4689400000"
202200020315;31;1;2022;14:01;1;10;2;6;1;3;"48;2757006341";"4;0781807899"
202200020316;31;1;2022;09:10;1;10;2;1;7;6;"48;2968700000";"4;0604800000"
202200020317;12;11;2022;23:14;5;94;2;1;1;7;"48;8130900000";"2;5126600000"
202200020318;30;1;2022;18:47;5;06;2;1;1;6;"43;6834500000";"7;2332500000"
202200020319;1;2;2022;16:50;2;06;2;1;1;1;"43;6611300000";"6;9316500000"
202200020320;14;11;2022;17:15;3;93;2;1;1;6;"48;9493900000";"2;5507000000"
202200020321;1;2;2022;09:15;1;06;2;1;1;1;"43;6288000000";"6;9379800000"
202200020322;31;1;2022;20:00;3;06;1;1;1;7;"43;6520550000";"6;9575660000"
202200020323;14;11;2022;16:30;2;93;2;6;1;3;"48;9405285246";"2;5784705579"
202200020324;1;2;2022;08:05;1;06;2;1;1;2;"43;6596500000";"7;1584400000"
202200020325;14;11;2022;08:30;1;93;2;3;1;3;"48;9549900000";"2;3834400000"
202200020326;30;1;2022;14:45;1;06;2;1;1;3;"43;6606700000";"7;1600000000"
202200020327;1;2;2022;07:20;5;02;2;1;2;6;"49;6545648000";"3;2948471000"
202200020328;14;11;2022;12:30;1;93;2;1;1;3;"48;8377800000";"2;5457600000"
202200020329;30;1;2022;20:45;5;75;2;4;1;3;"48;8701780000";"2;2716920000"
202200020330;14;11;2022;20:15;5;93;2;3;1;3;"48;8694806223";"2;4491036832"
202200020331;30;1;2022;19:20;5;75;2;1;1;3;"48;8960210000";"2;3943510000"
202200020332;14;11;2022;18:20;5;93;2;1;1;3;"48;8631500000";"2;4638400000"
202200020333;30;1;2022;15:30;1;75;2;7;1;6;"48;8819110000";"2;3112920000"
202200020334;14;11;2022;16:40;1;93;2;3;8;6;"48;8631900000";"2;4489400000"
202200020335;1;2;2022;18:30;5;75;2;1;1;3;"48;8687430000";"2;4088670000"
202200020336;1;2;2022;11:05;1;75;2;7;2;6;"48;8649640000";"2;3953450000"
202200020337;14;11;2022;01:10;5;93;2;2;1;3;"48;9540700000";"2;3350800000"
202200020338;1;2;2022;13:34;1;75;2;3;8;3;"48;8951770000";"2;3827630000"
202200020339;14;11;2022;13:36;1;93;2;1;1;6;"48;9087234152";"2;4617569149"
202200020340;1;2;2022;18:20;5;75;2;3;1;3;"48;8794640000";"2;2977870000"
202200020341;14;11;2022;18:00;5;92;2;3;1;3;"48;9297840644";"2;3258641362"
202200020342;31;1;2022;16:20;1;75;2;5;1;3;"48;8513340000";"2;2784850000"
202200020343;14;11;2022;08:15;1;92;2;1;1;1;"48;8606600000";"2;2248200000"
202200020344;1;2;2022;10:40;1;75;2;3;2;4;"48;8529040000";"2;2866160000"
202200020345;14;11;2022;18:25;5;92;2;1;1;6;"48;8189580000";"2;1677630000"
202200020346;14;11;2022;10:30;1;92;2;3;1;6;"48;8241815645";"2;2105854750"
202200020347;1;2;2022;14:45;1;75;2;2;1;3;"48;8442730000";"2;4104300000"
202200020348;14;11;2022;18:45;3;92;2;1;1;1;"48;8942510000";"2;1977970000"
202200020349;1;2;2022;06:50;5;75;2;4;2;3;"48;8400910000";"2;4367310000"
202200020350;1;2;2022;07:30;5;75;2;3;2;3;"48;8749180000";"2;3589700000"
202200020351;11;11;2022;13:00;1;92;2;1;1;6;"48;9200834508";"2;2952322364"
202200020352;1;2;2022;18:25;2;75;2;2;1;6;"48;8595570000";"2;3113840000"
202200020353;14;11;2022;09:30;1;92;2;1;1;3;"48;8947900000";"2;2417000000"
202200020354;1;2;2022;08:30;1;94;2;2;2;6;"48;8481800000";"2;4526000000"
202200020355;31;1;2022;08:00;1;94;2;9;8;6;"48;8130858693";"2;4753785132"
202200020356;14;11;2022;07:50;2;92;2;1;1;3;"48;9027548920";"2;2744480669"
202200020357;10;11;2022;17:10;1;92;2;1;1;6;"48;9122142848";"2;2952880263"
202200020358;31;1;2022;17:55;2;94;2;6;1;6;"48;7975967183";"2;4391407965"
202200020359;31;1;2022;11:00;1;94;2;1;2;6;"48;8531300000";"2;4706000000"
202200020360;13;11;2022;02:00;5;92;2;7;1;6;"48;7631000000";"2;3089300000"
202200020361;1;2;2022;07:45;2;94;2;1;2;6;"48;7993600000";"2;4542000000"
202200020362;14;11;2022;08:30;3;76;1;1;5;5;"49;5224260000";"1;0039830000"
202200020363;31;1;2022;18:45;5;94;2;1;1;3;"48;8120200000";"2;5167900000"
202200020364;12;11;2022;09:45;1;91;2;1;1;7;"48;3825030000";"2;2305570000"
202200020365;1;2;2022;19:30;3;94;1;1;2;2;"48;7313900000";"2;5236000000"
202200020366;15;11;2022;10:28;1;69;2;4;8;3;"45;6516720000";"4;7511420000"
202200020367;1;2;2022;08:30;1;93;2;2;2;3;"48;9402100000";"2;5773100000"
202200020368;1;2;2022;14:30;1;93;2;3;8;2;"48;8573300000";"2;4399400000"
202200020369;11;11;2022;15:10;1;2A;1;1;1;7;"41;7547254033";"9;1212750246"
202200020370;1;2;2022;10:30;1;93;2;2;2;6;"48;8640400000";"2;4361580000"
202200020371;15;11;2022;15:00;1;63;1;1;2;6;"45;9418250000";"2;7918630000"
202200020372;1;2;2022;13:30;1;93;2;2;2;3;"48;9201000000";"2;5393300000"
202200020373;12;11;2022;20:30;5;62;2;3;5;7;"50;6145190000";"2;6673500000"
202200020374;31;1;2022;18:30;5;93;2;1;1;6;"48;8828300000";"2;5261600000"
202200020375;15;11;2022;14:10;1;29;1;1;1;6;"48;3171345282";" -4;2177685549"
202200020376;1;2;2022;05:50;5;93;2;3;2;3;"48;9212200000";"2;4543300000"
202200020377;14;11;2022;19:55;3;14;1;1;2;6;"48;9925660000";" -0;5999570000"
202200020378;1;2;2022;17:00;1;93;2;1;1;3;"48;9118185376";"2;4911912531"
202200020379;1;2;2022;16:00;1;92;2;5;2;7;"48;8089216575";"2;1878164709"
202200020380;14;11;2022;16:54;2;38;1;9;8;3;"45;3911120000";"5;5268530000"
202200020381;1;2;2022;07:25;2;92;2;1;2;6;"48;8278541077";"2;2742895484"
202200020382;31;1;2022;10:02;1;92;2;2;8;3;"48;9356740000";"2;2609550000"
202200020383;14;11;2022;20:35;3;34;1;1;2;1;"43;6659620000";"3;8661360000"
202200020384;1;2;2022;16:10;1;92;2;2;1;3;"48;9054600409";"2;3018089458"
202200020385;1;2;2022;18:52;5;92;2;1;1;3;"48;7833308860";"2;2683278024"
202200020386;14;11;2022;18:15;4;56;2;1;1;3;"47;7165110000";" -3;3003240000"
202200020387;1;2;2022;09:00;1;92;2;1;2;3;"48;7893400000";"2;2617200000"
202200020388;4;11;2022;14:45;1;56;1;2;1;3;"47;8781240000";" -3;2155390000"
202200020389;1;2;2022;19:40;3;92;2;2;1;7;"48;8310724137";"2;2572614104"
202200020390;1;2;2022;16:10;1;974;1;6;1;7;" -20;9598220000";"55;2938030000"
202200020391;14;11;2022;07:00;3;76;1;1;5;6;"49;4873850000";"1;4874030000"
202200020392;30;1;2022;02:20;3;17;1;1;1;6;"46;1379020000";" -0;9142900000"
202200020393;14;11;2022;15:00;1;2A;1;1;7;6;"41;9388670000";"8;8409360000"
202200020394;2;2;2022;10:00;1;01;2;6;1;3;"45;9386487203";"4;7800236940"
202200020395;14;11;2022;12:20;1;2B;1;1;1;3;"42;4703280000";"9;4808950000"
202200020396;1;2;2022;15:00;1;14;1;2;8;3;"48;9297047080";" -0;8100914955"
202200020397;8;11;2022;17:23;2;32;2;2;2;3;"43;8566100000";"0;6617550000"
202200020398;1;2;2022;16:20;1;67;2;4;2;6;"48;8299030000";"7;9642070000"
202200020399;29;10;2022;15:30;1;46;1;1;1;6;"44;8379630000";"1;8811080000"
202200020400;1;2;2022;22:10;3;71;1;1;2;6;"46;7104051825";"4;4274920797"
202200020401;1;2;2022;11:45;1;41;1;1;2;7;"47;5340520000";"1;7393700000"
202200020402;14;11;2022;20:15;3;39;1;1;2;7;"46;5300490000";"5;4546500000"
202200020403;31;1;2022;07:45;5;29;2;1;1;6;"48;3806210000";" -4;3765300000"
202200020404;2;2;2022;09:00;1;34;2;1;1;6;"43;5031540000";"3;3140590000"
202200020405;14;11;2022;16:20;1;44;2;1;1;2;"47;3798120000";" -2;5387640000"
202200020406;31;1;2022;13:30;1;38;1;1;2;7;"45;3016130000";"5;9947440000"
202200020407;17;1;2022;14:50;1;38;2;6;1;3;"45;2144510000";"5;7800640000"
202200020408;14;11;2022;19:05;3;29;2;1;1;1;"48;3573430000";" -4;6530430000"
202200020409;15;11;2022;17:15;2;29;1;1;2;6;"47;9394800000";" -4;1720850000"
202200020410;1;2;2022;19:15;5;01;2;2;2;4;"46;3405730000";"5;1275250000"
202200020411;13;11;2022;18:45;3;31;1;1;1;7;"43;4056400000";"1;4380500000"
202200020412;28;7;2022;10:10;1;16;1;1;1;7;"45;7515540000";" -0;3971310000"
202200020413;14;11;2022;18:30;3;58;1;1;2;1;"47;3595430000";"3;5809100000"
202200020414;2;2;2022;12:25;1;50;1;2;1;2;"48;8306970000";" -1;1676210000"
202200020415;19;7;2022;12:00;1;33;1;8;1;6;"44;7410220000";" -0;5313780000"
202200020416;14;11;2022;14:15;1;72;1;9;1;7;"48;1717180000";"0;2622910000"
202200020417;15;11;2022;17:50;5;60;2;1;2;6;"49;2171350000";"2;4230430000"
202200020418;26;7;2022;17:30;1;33;2;3;1;3;"44;9486170000";" -0;4680630000"
202200020419;13;11;2022;05:15;3;45;1;9;2;6;"48;0709460000";"2;0870000000"
202200020420;28;7;2022;17:10;1;59;2;1;1;7;"50;3234820362";"3;2045960426"
202200020421;1;2;2022;09:00;1;43;1;3;1;3;"45;2045130000";"3;5007860000"
202200020422;23;7;2022;02:57;3;13;1;1;1;6;"43;3576000000";"5;3454700000"
202200020423;15;11;2022;17:55;3;73;2;1;8;6;"45;4949580000";"6;0726770000"
202200020424;1;2;2022;15:45;1;10;2;1;2;6;"48;2516646719";"4;2630386353"
202200020425;26;7;2022;22:21;3;13;1;1;1;3;"43;2848900000";"5;5265100000"
202200020426;14;11;2022;08:35;1;23;1;1;7;1;"46;3947692227";"1;9356107712"
202200020427;19;4;2022;17:15;1;976;2;1;1;5;" -12;8932010000";"45;2018040000"
202200020428;27;7;2022;07:55;1;33;1;1;1;7;"44;8900656193";" -0;6115275621"
202200020429;14;11;2022;15:00;1;30;2;1;3;6;"43;6971000000";"4;2740410000"
202200020430;2;2;2022;08:00;2;22;1;1;8;5;"48;4424770000";" -2;7491220000"
202200020431;22;7;2022;18:45;1;59;1;1;1;6;"50;4021900603";"3;0658078194"
202200020432;1;2;2022;18:45;3;76;1;1;2;7;"49;3437680000";"1;0455570000"
202200020433;15;11;2022;06:45;1;973;1;3;1;1;"4;8663180000";" -52;3112300000"
202200020434;29;1;2022;19:00;5;33;2;3;1;3;"44;7065000000";" -1;0347750000"
202200020435;25;7;2022;08:05;1;59;1;1;1;4;"50;6212296208";"2;9709783196"
202200020436;5;11;2022;00:30;3;76;1;1;1;6;"49;5690154040";"0;3495614501"
202200020437;1;2;2022;17:15;1;987;1;1;1;7;" -17;7648000000";" -149;2130890000"
202200020438;27;7;2022;09:40;1;91;1;1;1;2;"48;7420400000";"2;3228300000"
202200020439;14;11;2022;07:40;1;973;2;1;1;3;"4;8970990000";" -52;2739980000"
202200020440;31;1;2022;17:00;2;70;2;3;8;6;"47;4477130000";"5;6366920000"
202200020441;1;2;2022;05:00;3;68;2;1;9;3;"47;7716700000";"7;3825230000"
202200020442;14;11;2022;17:40;2;69;1;1;2;2;"45;8703693626";"4;4922709465"
202200020443;28;1;2022;19:40;3;67;1;1;1;6;"48;3887620000";"7;5927110000"
202200020444;27;7;2022;00:25;3;94;1;1;1;4;"48;7659898511";"2;3426223387"
202200020445;2;2;2022;02:00;3;73;1;4;2;6;"45;5467510000";"5;9569720000"
202200020446;26;7;2022;22:30;3;91;1;1;1;7;"48;5520200000";"2;4939900000"
202200020447;1;2;2022;19:20;5;31;2;1;1;2;"43;4467190000";"1;3174800000"
202200020448;27;7;2022;08:30;1;78;1;1;1;2;"48;8888810000";"2;0106830000"
202200020449;2;2;2022;10:00;1;79;1;1;8;1;"46;8158730000";" -0;3992470000"
202200020450;27;7;2022;00:30;3;92;1;1;1;6;"48;8224757424";"2;2222421137"
202200020451;27;7;2022;14:45;1;93;1;1;1;3;"48;8956000000";"2;4705300000"
202200020452;2;2;2022;17:20;1;60;1;1;1;3;"49;1557370000";"2;6651820000"
202200020453;2;2;2022;16:05;1;60;2;1;1;2;"49;2186200000";"2;1103410000"
202200020454;19;7;2022;11:35;1;93;1;1;1;4;"48;9109800000";"2;4756800000"
202200020455;31;1;2022;17:00;1;80;2;1;8;6;"50;1717880000";"1;5729930000"
202200020456;1;2;2022;16:00;1;13;1;1;1;3;"43;3299108118";"5;3930482969"
202200020457;26;7;2022;21:55;5;94;1;1;1;6;"48;8266507839";"2;5161742429"
202200020458;26;3;2022;11:45;1;43;2;9;1;7;"45;0498100000";"3;9026000000"
202200020459;31;1;2022;16:10;1;13;1;1;1;2;"43;2864300000";"5;4329400000"
202200020460;31;3;2022;17:40;1;43;1;1;8;6;"45;1844300000";"3;6919420000"
202200020461;31;1;2022;10:00;1;13;1;1;1;2;"43;2950214935";"5;4244418090"
202200020462;25;7;2022;20:40;2;77;2;9;1;6;"48;5639700000";"2;6172800000"
202200020463;1;2;2022;09:00;1;91;1;1;2;6;"48;7149900000";"2;3091700000"
202200020464;1;2;2022;20:40;3;95;1;1;1;7;"49;0309419120";"2;1210050583"
202200020465;30;4;2022;02:00;3;57;1;1;1;6;"49;2677244000";"6;1719020000"
202200020466;1;2;2022;11:20;1;93;1;1;2;5;"48;9695900000";"2;5684100000"
202200020467;14;5;2022;16:02;1;30;2;1;1;2;"43;9548100000";"4;7831000000"
202200020468;1;2;2022;10:00;1;93;1;1;1;2;"48;9226672444";"2;3537688117"
202200020469;27;4;2022;19:57;1;92;2;1;1;3;"48;9169689999";"2;2819778323"
202200020470;1;2;2022;09:40;1;92;1;1;2;4;"48;9464707688";"2;2824191861"
202200020471;1;2;2022;09:00;1;93;1;1;2;6;"48;9263100000";"2;4012700000"
202200020472;9;4;2022;01:56;5;92;2;1;1;2;"48;9138469514";"2;3092247844"
202200020473;1;2;2022;06:50;2;95;1;1;2;4;"48;9756726346";"2;2399449348"
202200020474;26;7;2022;16:30;1;69;2;2;1;1;"45;7527600000";"4;8520800000"
202200020475;31;1;2022;07:10;2;93;1;1;1;4;"48;9610200000";"2;5429000000"
202200020476;31;1;2022;19:00;3;77;1;1;1;2;"48;8318978282";"2;6741537641"
202200020477;27;7;2022;00:50;5;69;2;1;1;2;"45;7728300000";"4;8383400000"
202200020478;31;1;2022;09:00;1;77;1;1;1;5;"48;8314000000";"2;6432000000"
202200020479;31;1;2022;16:10;1;75;2;1;1;3;"48;8435030000";"2;3144130000"
202200020480;31;1;2022;13:30;1;75;2;1;1;3;"48;8704530000";"2;3311280000"
202200020481;26;7;2022;15:10;1;69;2;1;1;1;"45;7502100000";"4;7981700000"
202200020482;30;1;2022;20:45;5;75;2;3;1;3;"48;8592610000";"2;3302280000"
202200020483;31;1;2022;15:05;1;75;2;2;1;3;"48;8628740000";"2;3625940000"
202200020484;31;1;2022;14:10;1;75;2;5;1;6;"48;8677800000";"2;3454200000"
202200020485;30;1;2022;14:45;1;94;2;1;1;6;"48;7850780000";"2;4977790000"
202200020486;26;7;2022;07:25;1;2B;2;4;1;3;"42;7076500000";"9;4431200000"
202200020487;29;1;2022;21:20;5;94;2;1;2;3;"48;8500300000";"2;5093300000"
202200020488;25;7;2022;17:00;1;971;2;1;1;7;"16;2503000000";" -61;5227500000"
202200020489;30;1;2022;00:58;5;94;2;1;1;6;"48;7780210160";"2;4220883846"
202200020490;26;7;2022;20:09;1;2A;2;1;1;1;"41;9519900000";"8;7762700000"
202200020491;31;1;2022;18:15;5;93;2;1;1;3;"48;8792140000";"2;4908810000"
202200020492;31;1;2022;08:55;1;93;2;1;1;2;"48;8810113202";"2;4716910884"
202200020493;31;1;2022;13:14;1;93;2;2;1;3;"48;9429670550";"2;5690554539"
202200020494;24;7;2022;10:00;1;95;2;2;1;3;"48;9825077824";"2;3004877567"
202200020495;31;1;2022;18:30;5;93;2;1;1;3;"48;9092646323";"2;4676814957"
202200020496;12;1;2022;13:45;1;93;2;1;1;3;"48;9049870000";"2;4264550000"
202200020497;26;7;2022;13:20;1;91;1;1;1;2;"48;7580420000";"2;2083760000"
202200020498;31;1;2022;16:35;1;93;2;1;1;3;"48;9393880000";"2;4581190000"
202200020499;31;1;2022;09:00;1;93;2;2;8;3;"48;9358233297";"2;4939051214"
202200020500;26;7;2022;08:45;1;91;2;2;1;1;"48;7302600000";"2;2735000000"
202200020501;31;1;2022;09:40;1;92;2;2;1;4;"48;8716670000";"2;2224080000"
202200020502;31;1;2022;16:55;1;92;2;2;8;3;"48;9068597090";"2;2390485406"
202200020503;26;7;2022;08:45;1;91;2;1;8;6;"48;7021300000";"2;2211300000"
202200020504;30;1;2022;01:22;5;92;2;3;1;5;"48;7438400000";"2;3031400000"
202200020505;30;1;2022;13:00;1;92;2;1;1;2;"48;7399200000";"2;2790200000"
202200020506;31;1;2022;15:30;1;09;2;1;2;6;"43;0145700000";"1;1101130000"
202200020507;31;1;2022;09:00;1;09;1;1;2;6;"42;9181280000";"1;1910900000"
202200020508;25;7;2022;08:05;1;87;2;2;1;2;"45;8106300000";"1;2575500000"
202200020509;31;1;2022;17:00;1;76;1;1;1;3;"49;8625710000";"1;1750490000"
202200020510;23;7;2022;12:05;1;83;2;9;1;6;"43;4240764380";"6;7403483391"
202200020511;27;1;2022;17:00;2;57;1;1;2;3;"49;1166670000";"6;7630400000"
202200020512;30;1;2022;17:36;1;36;1;1;1;7;"46;4728030000";"1;4974020000"
202200020513;1;2;2022;17:20;1;30;1;1;1;7;"44;1799000000";"4;3602200000"
202200020514;22;7;2022;21:00;1;80;2;1;1;1;"49;8836600000";"2;3041800000"
202200020515;30;1;2022;09:50;1;37;1;1;2;6;"47;2871185488";"0;2824902534"
202200020516;1;2;2022;14:44;1;44;1;1;1;2;"47;1995620000";" -2;1474410000"
202200020517;1;2;2022;16:15;1;76;1;1;1;6;"49;8564840000";"0;7222100000"
202200020518;31;1;2022;12:55;1;42;1;1;1;1;"45;7144020000";"4;0480170000"
202200020519;31;1;2022;22:30;3;68;2;1;2;6;"47;6641370000";"7;2656750000"
202200020520;14;7;2022;16:59;1;78;2;1;7;1;"48;7657930000";"2;0745080000"
202200020521;1;2;2022;14:55;1;29;1;3;1;3;"47;9795840000";" -3;8653740000"
202200020522;31;1;2022;07:45;1;38;1;1;2;5;"45;5409120000";"5;0924780000"
202200020523;31;1;2022;13:00;1;15;1;1;2;2;"45;1411400000";"2;3989030000"
202200020524;26;7;2022;21:10;5;76;2;1;1;6;"49;4642300000";"1;0471100000"
202200020525;31;1;2022;12:15;1;72;1;2;1;3;"48;1399800000";"0;3792200000"
202200020526;26;7;2022;08:35;1;76;1;1;1;6;"49;3994700000";"1;0325700000"
202200020527;13;1;2022;06:45;5;40;2;6;5;6;"43;7019590000";" -0;9270040000"
202200020528;31;1;2022;20:35;3;27;1;1;1;3;"48;7167410000";"0;8645190000"
202200020529;23;7;2022;17:19;1;76;2;3;1;3;"49;5033900000";"0;2071500000"
202200020530;25;5;2022;14:30;1;22;1;1;1;1;"48;5508356444";" -3;1132164716"
202200020531;28;1;2022;14:00;1;76;1;1;5;6;"49;6284733750";"0;6105975062"
202200020532;26;7;2022;11:10;1;74;1;1;1;5;"46;1666800000";"6;1934300000"
202200020533;1;2;2022;07:35;3;45;1;1;1;2;"47;9451899780";"1;8484711647"
202200020534;1;2;2022;12:45;1;11;1;1;6;6;"43;2285700000";"3;1065560000"
202200020535;25;5;2022;09:15;1;42;2;4;1;3;"46;0825820000";"4;0174340000"
202200020536;25;7;2022;15:10;1;71;2;1;1;6;"46;6819770000";"4;3624500000"
202200020537;29;1;2022;18:15;1;987;2;1;1;3;" -17;5067260000";" -149;4876410000"
202200020538;22;5;2022;17:30;2;974;2;1;1;7;" -21;2764860000";"55;4177700000"
202200020539;30;1;2022;21:00;5;987;2;1;1;1;" -17;5429770000";" -149;5036460000"
202200020540;26;7;2022;11:30;1;69;2;2;1;2;"45;7620000000";"4;8720000000"
202200020541;24;5;2022;23:05;5;38;2;1;1;3;"45;3492800000";"5;5040160000"
202200020542;26;1;2022;16:15;1;34;1;1;1;3;"43;6102900000";"3;7169410000"
202200020543;26;7;2022;11:50;1;67;2;1;1;3;"48;5541900000";"7;7402300000"
202200020544;31;1;2022;12:50;1;973;2;1;1;1;"5;1575820000";" -52;6426540000"
202200020545;25;7;2022;11:30;1;67;2;8;1;6;"48;5844200000";"7;7584300000"
202200020546;24;5;2022;16:40;1;62;2;1;1;1;"50;5884380000";"1;8090480000"
202200020547;26;7;2022;17:20;1;64;2;1;1;3;"43;3704300000";" -1;7641100000"
202200020548;30;1;2022;14:50;1;30;2;1;1;6;"44;2794000000";"4;0039000000"
202200020549;30;4;2022;01:00;3;77;1;1;1;7;"48;8890400000";"3;3029090000"
202200020550;26;7;2022;14:05;1;59;2;9;1;3;"50;7203370617";"3;1313395500"
202200020551;23;7;2022;16:00;1;57;2;1;1;6;"49;3643900000";"6;1689100000"
202200020552;24;5;2022;16:40;1;34;1;9;1;1;"43;5488130000";"3;8057110000"
202200020553;30;1;2022;10:30;1;83;1;1;1;3;"43;2002751463";"5;7591465711"
202200020554;25;7;2022;12:40;1;56;2;1;1;6;"47;7555596000";" -3;3757766000"
202200020555;26;7;2022;12:15;1;54;2;1;1;6;"48;6832100000";"6;1446700000"
202200020556;22;5;2022;15:05;1;57;2;3;1;3;"49;3366870000";"6;3694200000"
202200020557;26;7;2022;11:55;1;53;2;1;1;3;"48;0687500000";" -0;7980100000"
202200020558;30;1;2022;14:30;1;83;1;1;1;2;"43;1621960000";"5;7641960000"
202200020559;24;5;2022;17:30;1;89;2;4;1;1;"48;1626520000";"3;3900550000"
202200020560;26;7;2022;18:38;1;51;2;4;1;1;"49;2449400000";"4;0552000000"
202200020561;26;7;2022;09:55;1;50;2;1;1;3;"48;8380800000";" -1;5853000000"
202200020562;1;2;2022;22:25;1;83;2;9;7;6;"43;4061990000";"6;0651000000"
202200020563;24;5;2022;20:00;2;67;1;1;1;7;"48;9317720000";"8;1667790000"
202200020564;25;7;2022;20:30;1;49;2;1;1;7;"47;4725100000";" -0;4854100000"
202200020565;25;7;2022;10:34;1;49;2;1;1;6;"47;4667200000";" -0;5154700000"
202200020566;25;5;2022;15:00;1;67;1;1;1;7;"48;8477450000";"7;2084210000"
202200020567;1;2;2022;06:15;2;13;1;1;6;5;"43;6375580000";"4;7440660000"
202200020568;26;5;2022;07:00;1;79;2;4;8;7;"46;2647410000";" -0;2219210000"
202200020569;26;7;2022;05:50;2;45;2;1;1;1;"48;0008100000";"2;7657900000"
202200020570;25;5;2022;00:05;3;82;1;1;1;6;"43;9716770000";"1;2748650000"
202200020571;24;7;2022;20:10;1;44;2;6;1;3;"47;2678600000";" -2;2338800000"
202200020572;20;5;2022;17:45;1;65;1;1;1;7;"43;3782280000";"0;1473710000"
202200020573;26;7;2022;11:05;1;43;2;1;1;6;"45;0361000000";"3;8837500000"
202200020574;26;7;2022;17:45;1;37;2;1;1;6;"47;3411928310";"0;6496310234"
202200020575;30;1;2022;16:54;1;71;1;1;1;6;"46;3867570000";"4;8048820000"