Accident_Id;jour;mois;an;hrmn;lum;dep;agg;int;atm;col;lat;long
202200020576;25;5;2022;17:15;1;33;2;2;1;3;"45;3766590000";" -1;1502980000"
202200020577;26;7;2022;16:00;1;35;2;1;1;6;"48;0867200000";" -1;6772500000"
202200020578;25;5;2022;11:00;1;33;2;1;1;6;"44;3882980000";" -0;0433180000"
202200020579;26;7;2022;15:45;1;35;1;1;1;2;"48;1408005508";" -1;6903723776"
202200020580;24;5;2022;15:30;1;71;2;1;1;7;"46;9044840000";"4;6536430000"
202200020581;30;1;2022;16:20;1;67;2;1;1;6;"48;6751690000";"7;8572160000"
202200020582;26;7;2022;16:05;1;35;2;1;1;1;"48;1155700000";" -1;5872400000"
202200020583;25;7;2022;18:00;1;35;2;1;1;2;"48;1136718739";" -1;6021840274"
202200020584;26;5;2022;12:05;1;71;1;1;1;3;"46;3170140000";"4;6303400000"
202200020585;26;7;2022;08:13;1;31;1;1;2;7;"43;0970554726";"0;7599931955"
202200020586;31;1;2022;19:30;3;03;1;1;1;2;"46;4605006957";"3;6377073485"
202200020587;26;5;2022;03:30;3;61;1;1;2;6;"48;7088500000";"0;6197600000"
202200020588;26;7;2022;09:00;1;27;2;3;1;1;"49;0850100000";"1;4629400000"
202200020589;31;1;2022;10:57;1;42;2;1;8;3;"45;5178650000";"4;2045020000"
202200020590;26;5;2022;01:28;3;49;1;1;1;6;"47;6032120000";" -0;8214910000"
202200020591;26;7;2022;07:50;1;27;2;1;1;6;"49;0934700000";"1;4726700000"
202200020592;29;1;2022;16:20;1;07;1;1;1;7;"44;3648890000";"4;5302810000"
202200020593;25;5;2022;17:52;1;47;1;1;1;2;"44;2554820000";"0;6564550000"
202200020594;14;7;2022;23:08;5;24;2;1;1;6;"44;8523306234";"0;4707505703"
202200020595;31;1;2022;19:35;3;33;1;1;1;3;"44;6751101871";" -1;0028806329"
202200020596;22;7;2022;12:10;1;19;2;3;1;3;"45;1504300000";"1;4976100000"
202200020597;24;5;2022;12:45;1;86;1;2;1;3;"46;2594520000";"0;2773620000"
202200020598;31;1;2022;16:10;1;85;1;1;1;3;"47;0024600000";" -2;2587110000"
202200020599;26;7;2022;10:30;1;17;2;1;2;3;"45;6413600000";" -1;0247200000"
202200020600;16;5;2022;16:45;1;39;2;1;1;3;"46;3913060000";"5;8640190000"
202200020601;25;7;2022;09:50;1;17;2;1;1;6;"45;6313220000";" -0;9891110000"
202200020602;31;1;2022;20:30;5;22;1;2;1;1;"48;5463210000";" -3;1323340000"
202200020603;26;5;2022;19:05;1;29;1;1;1;1;"48;3653380000";" -4;7457500000"
202200020604;26;7;2022;16:45;1;14;1;1;1;4;"49;1735300000";" -0;3092100000"
202200020605;26;5;2022;15:27;1;29;1;3;1;1;"47;9459880000";" -4;1465990000"
202200020606;27;1;2022;08:05;1;54;1;1;1;2;"48;6048050000";"6;1735070000"
202200020607;26;7;2022;18:00;1;13;2;1;1;-1;"43;3383769679";"5;4675954581"
202200020608;27;4;2022;07:55;1;38;2;2;1;3;"45;5024070000";"5;1291990000"
202200020609;28;1;2022;19:35;3;59;1;1;1;6;"50;5047703322";"3;0173483491"
202200020610;26;7;2022;16:15;1;11;2;2;1;3;"43;2112400000";"2;3265500000"
202200020611;25;5;2022;12:40;1;02;2;9;1;3;"49;4077690000";"3;8212310000"
202200020612;26;7;2022;18:25;1;05;2;1;1;6;"44;5613100000";"6;0811900000"
202200020613;31;1;2022;10:21;1;78;1;1;1;3;"48;9691380000";"1;8639800000"
202200020614;25;5;2022;20:36;1;03;1;1;7;6;"46;3373920000";"3;9429380000"
202200020615;25;7;2022;12:40;1;04;2;4;1;2;"43;8158600000";"5;7915100000"
202200020616;31;1;2022;04:45;5;92;1;1;8;6;"48;8888475181";"2;1682327380"
202200020617;25;5;2022;00:20;3;15;1;1;1;6;"45;4473290000";"2;5421870000"
202200020618;18;5;2022;12:50;1;15;1;1;1;7;"45;1406330000";"2;6469590000"
202200020619;24;7;2022;13:30;1;75;2;1;1;2;"48;8483160000";"2;4147680000"
202200020620;25;7;2022;20:40;2;75;2;1;1;7;"48;8405460000";"2;3393330000"
202200020621;30;1;2022;04:30;5;78;1;1;8;1;"48;9255460000";"1;9973990000"
202200020622;26;5;2022;08:25;1;70;2;1;1;1;"47;8344870000";"6;2130500000"
202200020623;26;7;2022;19:20;1;75;2;2;1;3;"48;8753550000";"2;4075370000"
202200020624;26;7;2022;03:42;5;75;2;7;1;2;"48;8827860000";"2;3702720000"
202200020625;26;7;2022;07:30;1;75;2;1;1;2;"48;8988730000";"2;3441860000"
202200020626;31;1;2022;09:15;1;93;1;1;1;1;"48;9307730768";"2;3665103285"
202200020627;26;7;2022;10:50;1;75;2;1;1;3;"48;8685100000";"2;2910210000"
202200020628;25;7;2022;16:05;1;75;2;1;1;6;"48;8533010000";"2;2789450000"
202200020629;25;5;2022;16:35;1;26;1;1;1;5;"44;7770900000";"5;0214960000"
202200020630;25;7;2022;22:35;5;75;2;4;1;3;"48;8553150000";"2;2895790000"
202200020631;31;1;2022;14:00;1;77;1;1;1;4;"48;8314000000";"2;6432000000"
202200020632;25;7;2022;22:50;5;75;2;1;1;2;"48;8330550000";"2;2779090000"
202200020633;25;5;2022;10:15;1;54;1;4;1;2;"48;5792334696";"5;8875775339"
202200020634;23;5;2022;14:35;1;06;1;1;1;6;"43;6185780000";"6;9219120000"
202200020635;26;7;2022;13:05;1;75;2;2;1;6;"48;8359900000";"2;3276090000"
202200020636;30;1;2022;11:45;1;13;2;1;1;1;"43;4537800000";"5;0126900000"
202200020637;25;5;2022;16:00;1;14;1;3;1;6;"49;0373800000";" -0;0749700000"
202200020638;26;7;2022;09:10;1;75;2;3;1;6;"48;8356830000";"2;3249680000"
202200020639;26;7;2022;22:14;5;75;2;2;1;2;"48;8700690000";"2;3009970000"
202200020640;29;1;2022;12:15;1;974;1;1;1;3;" -21;3103000000";"55;4346000000"
202200020641;26;5;2022;17:10;1;50;1;2;1;3;"48;7133570000";" -1;1087290000"
202200020642;25;7;2022;23:50;5;75;2;7;1;3;"48;8658640000";"2;3198530000"
202200020643;24;5;2022;16:00;1;45;1;1;1;1;"47;8202780000";"1;9871630000"
202200020644;26;7;2022;10:50;1;75;2;2;1;3;"48;8662380000";"2;3525410000"
202200020645;26;5;2022;01:00;3;73;1;1;1;6;"45;5810670000";"6;3318640000"
202200020646;30;1;2022;05:20;5;69;2;1;1;6;"45;7256600000";"4;8671700000"
202200020647;26;7;2022;09:15;1;75;2;3;1;6;"48;8554710000";"2;3601000000"
202200020648;26;5;2022;00:15;3;18;1;1;1;6;"46;9536460000";"2;5657800000"
202200020649;25;7;2022;21:50;2;94;2;1;1;7;"48;7850380000";"2;3783760000"
202200020650;25;5;2022;10:40;1;18;2;6;1;6;"46;7250580000";"2;5064170000"
202200020651;26;7;2022;03:30;5;93;2;1;1;6;"48;9664415173";"2;3854178935"
202200020652;26;7;2022;02:40;5;93;2;1;1;6;"48;9028622660";"2;5476667285"
202200020653;22;5;2022;11:30;1;43;1;5;1;3;"45;1942370000";"4;3455000000"
202200020654;30;1;2022;14:00;1;972;2;1;1;5;"14;6546100000";" -60;9893200000"
202200020655;25;7;2022;23:27;5;93;2;2;1;3;"48;8901800000";"2;5520500000"
202200020656;24;5;2022;18:00;1;43;1;1;1;1;"45;1299850000";"4;0954110000"
202200020657;26;7;2022;17:40;1;93;2;1;1;6;"48;9294474893";"2;5154002905"
202200020658;30;1;2022;11:40;1;972;2;9;1;3;"14;6128551190";" -61;0527741909"
202200020659;26;7;2022;18:15;1;92;2;1;1;6;"48;8385271757";"2;1643828153"
202200020660;24;5;2022;22:45;5;07;2;1;1;6;"45;2589690000";"4;6859210000"
202200020661;29;1;2022;21:00;5;972;2;1;1;1;"14;6017300000";" -61;0672500000"
202200020662;26;7;2022;21:23;5;92;2;1;1;3;"48;8881316347";"2;1912145615"
202200020663;25;5;2022;18:50;1;53;1;1;8;3;"48;1457190000";" -1;0192720000"
202200020664;26;7;2022;08:00;1;92;2;3;1;3;"48;9036989460";"2;3032423854"
202200020665;25;5;2022;17:20;1;21;1;1;1;1;"47;4035000000";"5;3408000000"
202200020666;26;7;2022;15:52;1;92;2;1;1;1;"48;7770302247";"2;2295524478"
202200020667;23;5;2022;16:45;1;04;1;1;1;7;"44;0231330000";"6;1764140000"
202200020668;29;6;2022;08:45;1;16;1;1;7;2;"45;9953850000";"0;1499620000"
202200020669;27;7;2022;15:50;1;43;1;1;1;7;"45;3383760000";"3;2470390000"
202200020670;24;5;2022;17:45;1;85;1;2;1;3;"46;6375300000";" -1;1581550000"
202200020671;27;7;2022;17:50;1;28;1;1;1;7;"48;3156820000";"1;3258270000"
202200020672;26;5;2022;06:45;1;85;1;1;2;7;"46;5867340000";" -1;1967475000"
202200020673;18;7;2022;16:49;1;35;1;1;1;1;"48;3472362288";" -1;9287751615"
202200020674;25;5;2022;12:15;1;27;2;1;1;2;"49;3581900000";"0;5139260000"
202200020675;26;7;2022;15:30;1;63;1;2;1;3;"46;0625940000";"3;2950190000"
202200020676;23;5;2022;20:00;1;27;2;1;2;7;"49;0912970000";"0;5927200000"
202200020677;27;7;2022;13:00;1;67;1;1;1;7;"48;7404840000";"7;5138330000"
202200020678;25;5;2022;18:50;1;17;1;1;1;7;"45;9790600000";" -1;3551590000"
202200020679;25;7;2022;11:58;1;72;1;9;1;3;"47;9301629747";"0;4066121576"
202200020680;21;5;2022;09:22;1;87;1;1;1;3;"46;2037450000";"1;3825610000"
202200020681;20;5;2022;14:00;1;87;1;1;1;6;"46;2203460000";"0;9055140000"
202200020682;26;7;2022;17:05;1;71;1;2;1;3;"46;7539540000";"5;0918520000"
202200020683;25;5;2022;17:30;1;37;1;1;1;1;"47;1913857290";"1;0245421529"
202200020684;28;5;2022;07:44;1;37;1;1;1;2;"47;1634485489";"0;6287741661"
202200020685;25;5;2022;17:20;1;10;1;1;1;2;"48;2700264974";"4;1644599199"
202200020686;24;7;2022;19:15;1;74;1;1;1;1;"46;3208300000";"6;3843390000"
202200020687;27;7;2022;13:55;1;83;1;1;1;7;"43;4176890000";"6;2435390000"
202200020688;24;5;2022;07:20;1;13;1;1;1;2;"43;6364600000";"5;2795640000"
202200020689;25;5;2022;14:00;1;63;1;1;1;6;"45;8416410000";"3;1606940000"
202200020690;25;7;2022;14:30;1;30;1;1;1;1;"43;8131700000";"4;4123300000"
202200020691;25;5;2022;01:10;3;35;1;1;1;7;"48;1420134171";" -1;7348608375"
202200020692;25;7;2022;09:25;1;74;2;1;1;3;"45;9162400000";"6;7032960000"
202200020693;23;5;2022;17:15;1;06;1;3;1;1;"43;6181710000";"7;0536360000"
202200020694;24;7;2022;00:50;3;74;1;1;1;2;"46;1112700000";"5;9901670000"
202200020695;25;5;2022;21:40;3;987;2;1;1;3;" -17;5845220000";" -149;5685780000"
202200020696;24;5;2022;15:00;1;06;2;1;1;6;"43;7454520000";"7;3639240000"
202200020697;24;7;2022;15:10;1;41;1;1;1;6;"47;2964330000";"1;3159990000"
202200020698;26;7;2022;15:30;1;65;1;1;5;7;"42;8348320000";"0;2397400000"
202200020699;24;5;2022;08:10;1;34;1;1;1;4;"43;6919270000";"4;0747510000"
202200020700;25;7;2022;11:00;1;65;2;6;1;3;"43;1212490000";"0;3833790000"
202200020701;27;7;2022;16:15;1;71;1;1;1;6;"46;9840290000";"4;4079740000"
202200020702;27;7;2022;11:30;1;42;1;3;1;3;"45;2890430000";"4;4090690000"
202200020703;28;4;2022;17:46;1;68;2;2;7;3;"47;7561500000";"7;4023660000"
202200020704;26;7;2022;13:10;1;68;2;2;1;3;"47;8524790000";"7;5175670000"
202200020705;25;5;2022;12:50;1;973;1;1;1;1;"5;5984500000";" -53;7063870000"
202200020706;27;7;2022;17:10;1;22;2;3;7;3;"48;6974900000";" -2;9404740000"
202200020707;24;5;2022;14:25;1;973;1;1;1;1;"5;1561870000";" -52;6681460000"
202200020708;26;7;2022;09:25;1;29;2;6;1;3;"47;9023841107";" -4;2796218395"
202200020709;26;7;2022;14:15;1;01;2;1;1;6;"46;3382670000";"5;1281280000"
202200020710;24;5;2022;17:00;1;971;2;1;1;4;"16;2357100000";" -61;7916640000"
202200020711;27;7;2022;08:10;1;26;1;1;1;3;"44;3096620000";"4;8671450000"
202200020712;25;5;2022;14:40;1;29;1;3;8;7;"47;8991460000";" -3;4534300000"
202200020713;26;7;2022;15:15;1;58;2;1;1;6;"46;7841780000";"3;9937640000"
202200020714;22;5;2022;18:15;1;45;2;1;1;1;"47;6855820000";"2;6507230000"
202200020715;26;7;2022;14:00;1;66;2;3;1;7;"42;8118180000";"2;5943590000"
202200020716;18;5;2022;16:55;1;78;2;4;1;7;"48;8506430000";"1;8949650000"
202200020717;26;7;2022;16:20;1;16;1;2;1;3;"45;9849900000";"0;7109790000"
202200020718;24;5;2022;09:10;1;78;1;1;1;7;"48;7065390000";"1;9502020000"
202200020719;27;7;2022;11:45;1;40;1;1;1;1;"43;5759100000";" -1;1301650000"
202200020720;25;5;2022;01:00;3;2A;2;1;1;6;"41;5532490000";"9;2219120000"
202200020721;22;7;2022;09:20;1;17;2;1;1;7;"45;9929270000";" -1;0982250000"
202200020722;25;7;2022;08:30;1;30;1;1;1;3;"43;8822000000";"4;0497800000"
202200020723;24;5;2022;19:00;1;34;1;2;1;1;"43;4953980000";"3;6973290000"
202200020724;26;5;2022;05:00;2;34;1;1;1;7;"43;3356040000";"3;0404020000"
202200020725;22;5;2022;20:20;2;34;2;1;1;3;"43;5612300000";"4;0770540000"
202200020726;26;7;2022;18:50;1;13;1;2;1;3;"43;5464650657";"5;1486342196"
202200020727;25;5;2022;02:45;3;83;1;1;2;7;"43;2788920000";"6;5681720000"
202200020728;27;7;2022;05:30;2;13;1;1;1;1;"43;5712660000";"5;1520300000"
202200020729;25;5;2022;02:50;3;71;1;3;1;3;"46;6636710000";"4;8660530000"
202200020730;26;7;2022;17:10;1;33;1;1;1;2;"45;1261600000";" -0;4856970000"
202200020731;25;7;2022;17:25;1;06;1;1;1;3;"43;6711620000";"7;2033780000"
202200020732;23;5;2022;05:20;2;21;1;1;1;1;"47;1984390000";"5;2244600000"
202200020733;27;7;2022;01:50;3;13;1;1;1;1;"43;5557490000";"5;2316930000"
202200020734;23;5;2022;17:50;1;68;2;1;2;7;"48;0340840000";"7;1139910000"
202200020735;26;7;2022;08:20;1;987;1;1;8;6;" -16;7409960000";" -151;0289030000"
202200020736;25;5;2022;22:17;3;67;1;1;1;7;"48;3441990000";"7;6420640000"
202200020737;27;7;2022;04:45;5;988;2;1;1;6;" -20;9369020000";"165;3374360000"
202200020738;15;7;2022;15:20;1;971;1;2;2;3;"16;2780840000";" -61;3019080000"
202200020739;25;5;2022;13:07;1;38;2;2;1;6;"45;7805740000";"5;4419450000"
202200020740;23;5;2022;17:15;1;07;1;1;1;7;"44;3687090000";"4;5208100000"
202200020741;26;7;2022;21:30;2;77;2;1;1;6;"48;6810370000";"2;6703380000"
202200020742;26;7;2022;13:45;1;78;1;1;1;7;"48;7993450000";"1;7471960000"
202200020743;25;5;2022;08:10;1;31;2;1;1;6;"43;4675460000";"1;3279990000"
202200020744;27;7;2022;01:00;3;78;1;1;1;7;"48;9458710000";"1;5149440000"
202200020745;25;5;2022;10:35;1;16;1;1;7;1;"45;6710278468";" -0;0058445334"
202200020746;26;7;2022;19:00;1;34;2;1;1;1;"43;4250920000";"3;6042130000"
202200020747;27;7;2022;12:10;1;84;2;1;1;1;"43;9535060000";"4;8909970000"
202200020748;20;5;2022;07:40;1;86;2;4;1;3;"46;7063170000";"0;3595660000"
202200020749;22;7;2022;12:00;1;06;2;1;1;7;"43;8341480000";"7;2511020000"
202200020750;25;5;2022;14:00;1;64;2;3;1;3;"43;3136770168";" -0;4527018964"
202200020751;26;7;2022;18:20;1;17;1;2;1;3;"45;3793230000";" -0;3757520000"
202200020752;25;7;2022;16:25;1;22;1;1;1;3;"48;7760360000";" -3;0996840000"
202200020753;23;5;2022;16:45;1;974;2;1;1;6;" -20;9630800000";"55;3183200000"
202200020754;27;7;2022;07:40;1;35;2;1;1;3;"48;4030400000";" -1;3258030000"
202200020755;2;3;2022;16:50;1;973;2;1;2;7;"4;9426400000";" -52;3199100000"
202200020756;27;3;2022;20:10;5;973;2;9;1;7;"4;9326400000";" -52;3263300000"
202200020757;27;7;2022;14:40;1;62;1;1;1;5;"50;3778750000";"2;9759220000"
202200020758;27;3;2022;19:15;3;973;1;1;1;7;"4;9026700000";" -52;3140600000"
202200020759;26;7;2022;06:38;1;13;1;1;1;2;"43;2754700000";"5;5880600000"
202200020760;26;7;2022;07:02;1;13;1;1;1;5;"43;4009400000";"5;2986800000"
202200020761;22;2;2022;08:55;1;973;1;3;3;3;"4;9059700000";" -52;3048800000"
202200020762;26;7;2022;16:50;1;83;2;1;1;2;"43;1223490000";"5;9557830000"
202200020763;7;2;2022;08:15;1;973;2;3;1;3;"4;9395164642";" -52;3010426760"
202200020764;26;7;2022;18:30;1;33;1;1;1;6;"44;7600040000";" -0;5465670000"
202200020765;26;7;2022;18:40;1;92;1;1;1;3;"48;7740663007";"2;2410281628"
202200020766;24;5;2022;13:20;1;973;2;2;1;3;"4;9383700000";" -52;3281900000"
202200020767;26;7;2022;18:25;1;94;1;1;1;6;"48;7609654233";"2;3389360390"
202200020768;23;5;2022;21:35;5;973;2;1;1;3;"4;9423811077";" -52;3054683208"
202200020769;26;7;2022;09:55;1;91;1;1;1;2;"48;7301100000";"2;3141800000"
202200020770;23;5;2022;18:40;5;973;2;9;1;2;"4;9367693881";" -52;3071956635"
202200020771;26;7;2022;08:15;1;91;1;1;1;4;"48;6317900000";"2;5179000000"
202200020772;26;7;2022;00:00;3;91;1;1;1;7;"48;6601500000";"2;3723200000"
202200020773;25;5;2022;23:20;5;69;2;2;1;3;"45;7477700000";"4;8396500000"
202200020774;25;7;2022;21:00;1;91;1;1;1;7;"48;6412900000";"2;3937700000"
202200020775;25;5;2022;18:40;1;69;2;2;1;3;"45;7507300000";"4;8394900000"
202200020776;25;7;2022;19:00;1;91;1;1;1;4;"48;6195900000";"2;4256800000"
202200020777;24;5;2022;23:30;5;69;2;1;1;7;"45;7581800000";"4;8407700000"
202200020778;26;7;2022;18:35;1;92;1;1;1;3;"48;9254957669";"2;2330475954"
202200020779;25;7;2022;22:30;3;75;1;1;1;6;"48;8213702244";"2;4616670609"
202200020780;24;5;2022;23:20;5;69;2;3;1;3;"45;7295957833";"4;8679985280"
202200020781;24;2;2022;17:55;2;14;1;1;1;6;"49;1723890000";"0;0086470000"
202200020782;24;5;2022;22:45;5;69;2;1;1;7;"45;7636435540";"4;8694056273"
202200020783;25;7;2022;15:00;1;06;2;9;1;6;"43;5657000000";"6;9650400000"
202200020784;25;7;2022;08:13;1;94;2;1;1;3;"48;7654599952";"2;4476370892"
202200020785;28;4;2022;18:00;1;57;2;1;1;6;"49;3080180000";"6;1054230000"
202200020786;24;5;2022;17:30;1;69;2;2;1;3;"45;6969700000";"4;8875300000"
202200020787;16;4;2022;11:15;1;14;2;2;1;3;"49;1785143992";"0;2095947862"
202200020788;24;5;2022;10:15;1;69;2;2;1;3;"45;7690600000";"4;8460300000"
202200020789;28;3;2022;14:10;1;74;2;9;1;3;"46;1913400000";"6;2421920000"
202200020790;25;5;2022;16:20;1;972;1;1;1;1;"14;6368900000";" -60;9918600000"
202200020791;9;3;2022;07:46;1;74;2;1;1;2;"46;1879600000";"6;2324500000"
202200020792;25;7;2022;14:00;1;976;2;1;1;1;" -12;8071100000";"45;2071100000"
202200020793;25;5;2022;09:36;1;972;1;3;2;3;"14;6234700000";" -61;0516000000"
202200020794;24;5;2022;17:50;5;972;1;1;1;7;"14;6027500000";" -61;0768300000"
202200020795;25;7;2022;08:50;1;974;2;3;1;6;" -21;3116800000";"55;4727700000"
202200020796;23;7;2022;12:50;1;971;2;9;1;1;"16;0040000000";" -61;7387900000"
202200020797;24;5;2022;13:55;1;69;2;2;1;1;"45;7795626822";"4;8238231404"
202200020798;25;7;2022;18:10;1;91;2;1;1;3;"48;7140000000";"2;3710000000"
202200020799;24;5;2022;08:30;1;69;2;1;1;7;"45;7897176986";"4;7967191041"
202200020800;25;7;2022;12:50;1;91;2;1;1;2;"48;7118700000";"2;3712500000"
202200020801;24;5;2022;18:44;1;2B;1;1;1;2;"42;6575753577";"9;4415768897"
202200020802;25;7;2022;08:50;1;91;2;3;1;3;"48;7112100000";"2;3757400000"
202200020803;21;5;2022;22:31;5;971;1;1;1;7;"16;2727500000";" -61;5416000000"
202200020804;24;7;2022;21:32;1;87;2;3;1;3;"45;8344500000";"1;2609000000"
202200020805;25;5;2022;17:00;1;91;2;1;1;3;"48;6093380000";"2;3127220000"
202200020806;25;7;2022;08:50;1;77;2;1;1;6;"48;8787500000";"2;6928600000"
202200020807;24;5;2022;10:50;1;91;2;2;1;3;"48;6740000000";"2;4120000000"
202200020808;21;3;2022;01:13;5;76;2;1;1;2;"49;4266000000";"1;1043500000"
202200020809;24;5;2022;08:31;1;87;2;6;1;3;"45;8127300000";"1;2811700000"
202200020810;24;7;2022;16:00;1;76;2;2;1;3;"49;4852100000";"0;1303800000"
202200020811;22;7;2022;23:43;3;76;1;1;1;3;"49;5516000000";"0;4462000000"
202200020812;25;5;2022;15:20;1;83;1;1;1;3;"43;1197600000";"6;0265900000"
202200020813;25;7;2022;08:05;1;67;2;3;1;3;"48;5895400000";"7;7516600000"
202200020814;24;5;2022;08:30;1;80;2;1;1;3;"49;9073200000";"2;3202000000"
202200020815;24;7;2022;12:03;1;66;2;3;1;6;"42;7006300000";"2;8910400000"
202200020816;24;5;2022;01:10;5;78;2;1;2;3;"48;9581310000";"2;1690900000"
202200020817;22;7;2022;00:32;5;66;2;1;1;1;"42;6794100000";"2;8799300000"
202200020818;17;7;2022;23:00;5;64;2;1;1;3;"43;3697900000";" -1;7732100000"
202200020819;23;5;2022;16:20;1;78;2;9;8;3;"48;8983000000";"2;1154000000"
202200020820;25;7;2022;08:30;2;64;2;6;2;3;"43;3186540000";" -0;3079590000"
202200020821;25;5;2022;09:20;1;77;2;1;1;4;"48;5442620000";"2;6455150000"
202200020822;23;7;2022;09:45;1;64;2;1;1;2;"43;4594390000";" -1;5414350000"
202200020823;25;7;2022;12:25;1;64;2;1;1;3;"43;4964700000";" -1;4978200000"
202200020824;24;7;2022;04:14;4;63;2;1;1;1;"45;7478100000";"3;1353500000"
202200020825;24;5;2022;21:05;1;77;2;3;1;1;"48;8900300000";"2;7103500000"
202200020826;1;7;2022;20:45;1;62;1;1;1;6;"50;4261670000";"2;8196080000"
202200020827;24;5;2022;11:20;1;77;2;1;1;2;"48;4128000000";"2;7109300000"
202200020828;23;7;2022;13:20;1;62;2;6;1;3;"50;5268370000";"2;6304970000"
202200020829;26;5;2022;02:10;3;76;2;1;1;7;"49;4451500000";"1;1109400000"
202200020830;25;7;2022;14:30;1;59;2;2;1;3;"50;7370639838";"3;1395095587"
202200020831;5;5;2022;09:15;1;76;2;1;1;6;"49;2872600000";"1;0240700000"
202200020832;25;7;2022;09:00;1;56;2;6;1;2;"47;6642000000";" -2;7811500000"
202200020833;23;7;2022;23:41;5;56;2;1;1;6;"47;7405600000";" -3;3754800000"
202200020834;21;5;2022;06:50;1;76;2;2;1;3;"49;5013900000";"0;1500100000"
202200020835;25;7;2022;11:32;1;54;2;1;1;3;"48;6893431612";"6;1843210459"
202200020836;25;5;2022;12:30;1;74;1;1;1;3;"46;1797600000";"6;2310900000"
202200020837;25;7;2022;09:10;1;54;2;4;1;3;"48;6845338809";"6;1962515116"
202200020838;24;5;2022;17:00;1;72;2;1;1;6;"47;9650200000";"0;1621800000"
202200020839;24;5;2022;09:20;1;72;2;1;1;3;"48;0245600000";"0;1774700000"
202200020840;20;5;2022;14:00;1;72;1;1;1;6;"47;9608790000";"0;2149190000"
202200020841;25;5;2022;20:52;2;69;2;1;1;2;"45;7589100000";"4;8807100000"
202200020842;24;5;2022;12:00;1;69;2;3;1;3;"45;7481100000";"4;9175400000"
202200020843;25;5;2022;09:05;1;69;2;9;1;6;"46;0093600000";"4;7119900000"
202200020844;23;5;2022;14:15;1;67;2;3;1;3;"48;5677800000";"7;7275300000"
202200020845;23;5;2022;08:50;1;67;2;1;8;3;"48;6083300000";"7;7499600000"
202200020846;21;5;2022;05:50;2;67;2;1;1;7;"48;5976000000";"7;7361600000"
202200020847;24;5;2022;17:29;1;66;2;1;1;7;"42;6940700000";"2;8502100000"
202200020848;24;5;2022;18:20;1;64;2;3;1;3;"43;3214800000";" -0;3399600000"
202200020849;17;5;2022;17:50;1;64;2;1;1;6;"43;3065900207";" -0;3271597624"
202200020850;25;5;2022;02:45;5;64;2;1;1;6;"43;4766400000";" -1;5494400000"
202200020851;24;5;2022;17:30;1;64;2;1;8;3;"43;4602883019";" -1;5475822985"
202200020852;24;5;2022;17:30;1;64;2;9;2;3;"43;4810600000";" -1;5116500000"
202200020853;1;12;2022;21:15;3;60;1;3;1;3;"49;6530190000";"1;8273510000"
202200020854;28;3;2022;03:40;5;63;2;6;1;7;"45;8173900000";"3;1093800000"
202200020855;18;12;2022;14:05;1;64;1;1;7;5;"43;3182930000";" -1;4878320000"
202200020856;28;3;2022;00:58;5;63;2;1;1;7;"45;7876200000";"3;1192500000"
202200020857;16;12;2022;14:30;1;64;2;1;2;2;"43;3374928331";" -0;2730852987"
202200020858;22;12;2022;17:20;3;18;1;1;2;3;"46;9157630000";"2;5596160000"
202200020859;17;12;2022;14:25;1;18;2;1;1;6;"46;7236860000";"2;5056340000"
202200020860;4;12;2022;15:30;1;18;2;1;3;7;"47;0885010000";"3;0052440000"
202200020861;23;5;2022;21:45;5;62;2;2;1;3;"50;4812500000";"2;6613800000"
202200020862;12;12;2022;10:07;1;43;2;1;1;6;"45;2418210000";"4;2355350000"
202200020863;18;12;2022;20:20;3;43;1;1;1;6;"45;0102920000";"3;9508670000"
202200020864;25;5;2022;08:00;2;59;2;1;1;6;"50;6161300000";"3;1399200000"
202200020865;19;12;2022;23:05;5;36;2;2;1;3;"46;8461840000";"1;5444910000"
202200020866;19;12;2022;16:30;1;16;1;1;1;5;"46;0633920000";"0;6703130000"
202200020867;24;5;2022;21:20;1;59;2;1;1;6;"50;6178759945";"3;1476902962"
202200020868;9;12;2022;15:50;1;16;1;3;1;1;"45;3509540000";" -0;0679990000"
202200020869;20;5;2022;20:00;1;59;2;3;1;3;"50;6330822514";"3;0532953143"
202200020870;20;12;2022;23:00;5;07;2;1;2;6;"44;4504060000";"4;3495410000"
202200020871;15;5;2022;01:30;5;59;2;9;1;6;"51;0485000000";"2;4185000000"
202200020872;21;12;2022;13:30;1;07;1;4;1;1;"44;7823070000";"4;7312020000"
202200020873;21;12;2022;08:30;1;21;2;1;8;3;"47;5403860000";"4;4741980000"
202200020874;23;5;2022;18:00;1;59;2;6;8;3;"50;3631100000";"3;0786500000"
202200020875;17;12;2022;23:45;3;24;2;1;1;1;"44;8746250000";"1;2171970000"
202200020876;18;12;2022;16:40;1;24;1;1;1;7;"45;2521410000";"0;3701450000"
202200020877;25;5;2022;16:25;1;56;2;6;1;3;"47;7583700000";" -3;3904200000"
202200020878;22;12;2022;19:10;3;04;1;1;1;6;"43;8649510000";"5;6813390000"
202200020879;21;12;2022;13:25;1;85;1;1;2;6;"46;7762460000";" -0;9472873000"
202200020880;19;12;2022;18:05;3;27;1;1;1;6;"49;1010940000";"0;7379840000"
202200020881;25;5;2022;20:00;1;54;2;1;1;3;"48;6851000000";"6;2192500000"