Accident_Id;jour;mois;an;hrmn;lum;dep;agg;int;atm;col;lat;long
202200020882;21;12;2022;11:30;1;28;2;7;1;6;"48;5866290000";"1;5780780000"
202200020883;25;5;2022;09:10;1;54;2;7;1;6;"48;6836100000";"6;1926100000"
202200020884;15;12;2022;19:25;5;17;2;2;1;1;"46;3057060000";" -0;9906560000"
202200020885;22;12;2022;08:30;1;87;1;1;1;6;"45;7762560000";"1;5849280000"
202200020886;16;12;2022;16:00;2;37;1;1;7;6;"47;2589805783";"0;7112574577"
202200020887;20;12;2022;13:40;1;37;2;1;2;1;"47;2307670000";"0;4949670000"
202200020888;24;5;2022;12:00;1;54;2;3;1;1;"48;6836556087";"6;1502663791"
202200020889;21;12;2022;10:15;1;30;1;1;7;2;"43;6904320000";"4;2515800000"
202200020890;29;11;2022;12:00;1;30;1;9;1;6;"43;7078880000";"4;1686680000"
202200020891;18;12;2022;19:30;5;88;1;1;1;6;"48;0015050000";"6;9212230000"
202200020892;21;5;2022;08:00;1;54;2;2;1;3;"49;4971200000";"5;8605900000"
202200020893;20;12;2022;19:00;3;68;1;9;1;5;"47;8612610000";"7;3930260000"
202200020894;22;5;2022;10:55;1;54;2;1;1;6;"49;4938500000";"5;7976600000"
202200020895;3;5;2022;11:40;1;52;2;9;1;5;"48;6210900000";"4;9323500000"
202200020896;23;5;2022;08:35;1;51;2;1;1;7;"48;9566034404";"4;3785372376"
202200020897;24;5;2022;17:10;1;50;2;1;1;6;"49;6433100000";" -1;6035100000"
202200020898;18;12;2022;15:30;1;80;1;1;9;1;"50;0092089576";"2;1626003940"
202200020899;24;5;2022;07:15;1;50;2;3;1;3;"49;6548000000";" -1;6918700000"
202200020900;25;5;2022;21:28;1;49;2;1;1;3;"47;4703300000";" -0;5437700000"
202200020901;5;12;2022;19:00;3;76;1;9;2;5;"49;4949990000";"0;2637630000"
202200020902;23;5;2022;17:13;1;49;2;1;1;1;"47;4730570000";" -0;5835140000"
202200020903;19;12;2022;09:40;1;35;1;1;2;6;"48;1709650000";" -1;7886260000"
202200020904;23;5;2022;08:35;1;49;2;1;3;6;"47;4239300000";" -0;5245700000"
202200020905;20;12;2022;19:45;3;82;1;1;1;4;"43;9341700000";"1;3197970000"
202200020906;25;5;2022;07:30;1;45;2;3;1;1;"47;9162000000";"1;8648300000"
202200020907;25;5;2022;00:43;5;45;2;6;1;6;"47;8928500000";"1;8759600000"
202200020908;20;12;2022;18:45;5;82;1;1;8;5;"43;9284410000";"1;3122120000"
202200020909;20;12;2022;13:30;1;68;1;1;1;2;"47;6435040000";"7;4962810000"
202200020910;23;5;2022;18:21;1;45;2;9;2;3;"47;9959900000";"2;7256320000"
202200020911;26;4;2022;15:40;1;43;2;1;1;3;"45;0421300000";"3;8866400000"
202200020912;18;12;2022;01:10;3;17;1;1;1;7;"45;5044230000";" -0;4040890000"
202200020913;13;5;2022;13:30;1;42;2;3;1;6;"45;4379200000";"4;3840800000"
202200020914;20;12;2022;17:50;3;07;1;2;1;3;"45;0396120000";"4;7168250000"
202200020915;17;12;2022;18:55;3;63;1;1;5;6;"45;7695740000";"3;1391930000"
202200020916;24;3;2022;07:55;1;41;2;6;1;3;"47;6098900000";"1;3542000000"
202200020917;28;11;2022;07:03;5;69;2;6;3;6;"45;8772260000";"4;8385440000"
202200020918;18;12;2022;14:55;1;83;1;1;1;3;"43;4814668840";"5;7325463570"
202200020919;25;5;2022;11:20;1;38;2;1;1;6;"45;1905400000";"5;7168800000"
202200020920;20;12;2022;14:30;1;59;1;9;3;6;"50;1518810000";"3;1140230000"
202200020921;20;12;2022;19:00;5;27;1;1;2;2;"49;2089630000";"1;1810950000"
202200020922;24;5;2022;07:50;1;38;2;1;1;6;"45;1562800000";"5;7238300000"
202200020923;18;12;2022;17:00;2;27;1;1;2;3;"49;1626870000";"1;1781500000"
202200020924;25;5;2022;12:25;1;37;2;3;1;6;"47;3970891730";"0;7412928343"
202200020925;21;12;2022;04:30;3;13;1;1;3;2;"43;4973900000";"5;2390190000"
202200020926;24;5;2022;08:30;1;37;1;1;1;2;"47;3407638879";"0;6581443548"
202200020927;20;12;2022;16:15;1;69;1;3;1;2;"45;5178160000";"4;8606350000"
202200020928;19;12;2022;15:20;1;11;1;1;1;1;"42;8493170000";"3;0371560000"
202200020929;25;5;2022;07:30;1;35;2;1;1;2;"48;1059255261";" -1;7331603169"
202200020930;17;12;2022;01:00;5;987;1;1;1;1;" -16;7446020000";" -151;4597670000"
202200020931;24;5;2022;16:55;1;35;2;1;1;6;"48;1181641635";" -1;6105679423"
202200020932;19;12;2022;15:00;1;987;1;1;1;1;" -17;5920000000";" -149;3910000000"
202200020933;19;12;2022;14:45;1;988;1;1;1;6;" -21;5367330000";"167;8675000000"
202200020934;24;5;2022;15:00;1;35;1;1;1;3;"48;1451192637";" -1;6185146570"
202200020935;18;12;2022;07:30;1;988;2;1;1;6;" -22;2761000000";"166;5730300000"
202200020936;24;5;2022;05:15;5;34;1;1;1;6;"43;5907200000";"3;9091000000"
202200020937;19;12;2022;13:10;1;974;2;1;1;6;" -21;2651800000";"55;3355170000"
202200020938;21;12;2022;16:05;1;974;1;1;1;3;" -21;0618090000";"55;2233090000"
202200020939;22;12;2022;09:05;1;974;2;1;1;3;" -20;9442110000";"55;3285240000"
202200020940;16;4;2022;18:15;1;34;1;1;1;4;"43;3040041500";"3;4535301694"
202200020941;19;12;2022;17:00;2;45;1;1;8;7;"47;9456430000";"2;1665380000"
202200020942;11;3;2022;17:50;1;33;1;1;1;2;"44;7829060000";" -0;6328280000"
202200020943;25;5;2022;00:25;5;33;2;1;1;6;"44;8229800000";" -0;5550500000"
202200020944;19;12;2022;10:00;1;77;2;2;1;2;"48;9025230000";"2;8129940000"
202200020945;25;5;2022;19:53;1;31;2;1;1;6;"43;5624800000";"1;4812000000"
202200020946;11;3;2022;17:45;1;33;1;1;1;4;"44;8801000000";" -0;5383200000"
202200020947;17;12;2022;17:15;3;77;2;4;4;2;"48;6695340000";"2;8446650000"
202200020948;25;5;2022;10:40;1;31;2;1;1;6;"43;5996100000";"1;4545300000"
202200020949;11;3;2022;05:43;3;33;1;1;1;2;"44;7198110000";" -0;5217860000"
202200020950;15;12;2022;18:30;5;78;2;3;1;6;"48;8020870000";"1;9070710000"
202200020951;25;5;2022;12:45;1;29;2;1;1;7;"47;9784000000";" -4;0163100000"
202200020952;11;3;2022;03:10;3;33;1;1;1;6;"44;8828200000";" -0;5611200000"
202200020953;10;12;2022;20:39;4;78;2;1;8;6;"48;7030830000";"2;0555320000"
202200020954;19;12;2022;10:25;1;987;2;1;1;1;" -17;5158120000";" -149;4241360000"
202200020955;11;3;2022;18:38;2;91;1;1;2;5;"48;6455900000";"2;3889300000"
202200020956;21;12;2022;13:30;1;66;1;1;1;6;"42;5836120000";"2;9869720000"
202200020957;21;5;2022;18:25;1;22;2;1;1;6;"48;5051400000";" -2;7640200000"
202200020958;11;3;2022;08:05;1;78;1;1;1;2;"48;7783330000";"2;2225030000"
202200020959;24;5;2022;19:10;1;19;2;3;1;3;"45;2573600000";"1;7590700000"
202200020960;20;12;2022;15:20;1;34;1;1;1;5;"43;3611379355";"3;3779532600"
202200020961;10;3;2022;18:20;1;92;1;1;1;3;"48;8403969917";"2;2201802330"
202200020962;25;5;2022;22:29;3;18;1;1;1;2;"47;2626550000";"2;0598830000"
202200020963;14;12;2022;10:00;1;34;2;1;2;1;"43;6371230000";"3;9603840000"
202200020964;30;4;2022;21:40;5;17;2;1;1;7;"46;1525400000";" -1;1393700000"
202200020965;11;3;2022;18:30;1;95;1;1;2;4;"49;0124099165";"2;1505308151"
202200020966;21;12;2022;11:00;1;34;2;5;7;6;"43;5610310000";"4;0770440000"
202200020967;22;5;2022;11:00;1;15;2;1;1;6;"44;9160100000";"2;4320000000"
202200020968;20;12;2022;14:10;1;84;1;5;1;3;"43;8834880000";"4;9733200000"
202200020969;11;3;2022;00:50;3;94;1;1;1;6;"48;8302008945";"2;4957669959"
202200020970;24;5;2022;10:45;1;13;2;2;1;3;"43;6414700000";"5;1031700000"
202200020971;19;12;2022;10:34;1;83;1;3;1;1;"43;1923080000";"5;7626940000"
202200020972;17;12;2022;09:40;1;83;2;3;1;6;"43;5274940000";"6;8177840000"
202200020973;25;5;2022;23:30;5;13;2;2;1;3;"43;3263900000";"5;4215000000"
202200020974;22;12;2022;06:30;3;06;1;1;5;5;"43;7954120000";"7;3537960000"
202200020975;22;12;2022;14:40;1;05;1;1;1;7;"44;2048200000";"5;8916540000"
202200020976;25;5;2022;18:55;1;13;2;1;1;3;"43;3184800000";"5;3797000000"
202200020977;10;3;2022;13:05;1;33;2;2;1;3;"44;6605200000";" -1;1726500000"
202200020978;17;12;2022;09:15;1;04;2;1;7;6;"44;3984630000";"6;6423140000"
202200020979;25;5;2022;11:10;1;13;2;9;1;3;"43;3010800000";"5;3641800000"
202200020980;18;12;2022;21:20;5;25;1;2;1;3;"47;4696680000";"6;3798810000"
202200020981;24;5;2022;22:30;5;13;2;1;1;7;"43;3283700000";"5;4256600000"
202200020982;9;3;2022;18:50;2;59;2;1;1;6;"50;6268451613";"3;1121197343"
202200020983;19;12;2022;09:40;1;71;1;1;1;6;"46;5124340000";"3;9559800000"
202200020984;10;12;2022;06:37;2;52;1;1;1;7;"48;0200710000";"5;2342990000"
202200020985;24;5;2022;23:30;5;13;2;3;1;2;"43;2875400000";"5;3697000000"
202200020986;18;12;2022;02:15;3;10;2;1;1;6;"48;5374910000";"4;0648730000"
202200020987;8;3;2022;16:53;1;05;2;1;1;6;"44;5382300000";"6;0607300000"
202200020988;14;12;2022;07:40;2;68;2;2;8;6;"48;0404680000";"7;5451340000"
202200020989;24;5;2022;22:00;5;13;2;1;1;1;"43;2558469033";"5;3939437685"
202200020990;20;12;2022;11:55;1;88;2;1;1;6;"48;3549090000";"5;6926880000"
202200020991;21;1;2022;08:50;2;62;2;1;2;6;"50;4268600000";"2;9295300000"
202200020992;24;5;2022;16:30;1;13;2;9;1;3;"43;3756377752";"5;3430984558"
202200020993;20;12;2022;17:15;3;55;1;1;2;1;"49;2694390000";"5;4843720000"
202200020994;18;12;2022;19:10;5;73;2;1;1;6;"45;2756596723";"6;3462312520"
202200020995;10;3;2022;17:15;1;988;2;1;1;6;" -22;2734400000";"166;4457800000"
202200020996;15;12;2022;17:53;5;73;2;1;2;6;"45;4779700000";"6;5277940000"
202200020997;20;12;2022;06:52;2;38;2;8;1;3;"45;5701780000";"5;3072550000"
202200020998;19;12;2022;17:48;1;26;2;1;1;1;"44;3820840000";"4;7097910000"
202200020999;22;12;2022;01:15;3;07;1;1;1;6;"45;0393090000";"4;8257450000"
202200021000;10;3;2022;07:20;1;974;2;1;1;2;" -21;3029490000";"55;4301390000"
202200021001;19;12;2022;11:00;1;69;1;1;1;1;"45;8939730000";"4;6730630000"
202200021002;10;3;2022;22:10;5;974;2;1;1;7;" -20;8767000000";"55;4472500000"
202200021003;20;12;2022;14:20;1;69;1;2;8;3;"45;7477981730";"4;6116873622"
202200021004;10;3;2022;08:15;1;974;2;1;1;7;" -20;8933300000";"55;4704700000"
202200021005;21;12;2022;10:48;1;69;2;1;7;6;"45;6934180000";"4;7943410000"
202200021006;20;12;2022;08:10;2;81;1;3;1;7;"43;6781700000";"1;7454790000"
202200021007;10;3;2022;07:26;1;973;2;1;1;3;"4;9319806829";" -52;3074102402"
202200021008;18;12;2022;15:30;1;09;2;1;7;6;"42;9954630000";"1;8754100000"
202200021009;10;3;2022;19:00;5;69;2;1;1;3;"45;7409900000";"4;8626700000"
202200021010;19;12;2022;15:10;1;86;1;1;1;6;"46;6443720000";"0;1871510000"
202200021011;19;12;2022;02:50;3;86;1;1;1;6;"46;6789560000";"0;3884130000"
202200021012;9;3;2022;09:50;1;69;2;2;1;3;"45;7728800000";"4;8420900000"
202200021013;29;11;2022;15:06;1;47;1;3;1;3;"44;5021680000";"0;2405830000"
202200021014;10;3;2022;07:35;1;972;2;1;2;6;"14;6051000000";" -61;0603300000"
202200021015;12;12;2022;13:45;1;47;2;1;2;7;"44;5359040000";"0;1399040000"
202200021016;10;3;2022;18:05;1;69;2;3;1;6;"45;7383700000";"4;8215900000"
202200021017;20;12;2022;13:35;1;85;1;1;1;7;"46;7591850000";" -1;4979359000"
202200021018;30;10;2022;20:00;5;85;2;1;2;3;"46;7802520000";" -1;4307170000"
202200021019;10;3;2022;08:55;1;69;2;1;1;3;"45;7833400000";"4;8445400000"
202200021020;9;3;2022;17:15;1;69;2;3;1;3;"45;7795900000";"4;8115500000"
202200021021;19;12;2022;07:15;3;49;1;3;1;3;"47;1644650000";" -1;0803560000"
202200021022;20;12;2022;13:25;1;49;1;1;2;6;"47;4360130000";" -0;2233960000"
202200021023;9;3;2022;14:30;1;971;2;1;1;4;"16;2070000000";" -61;4845500000"
202200021024;16;12;2022;17:10;3;14;1;1;1;6;"48;9048510000";" -0;1813120000"
202200021025;8;3;2022;07:30;1;971;2;1;1;6;"16;2681522173";" -61;5072208643"
202200021026;18;12;2022;13:45;1;29;2;1;3;6;"48;2322410000";" -4;4998670000"
202200021027;21;12;2022;12:15;1;35;2;6;2;3;"48;2578950000";" -1;4004300000"
202200021028;9;3;2022;11:55;1;971;2;3;1;6;"16;0444506983";" -61;5651994944"
202200021029;19;12;2022;14:30;1;27;2;1;1;7;"49;2307420000";"1;2470390000"
202200021030;22;12;2022;18:45;3;60;1;1;2;1;"49;3098617719";"2;2004669569"
202200021031;10;3;2022;14:15;1;2A;1;6;1;3;"41;9297938834";"8;7609883547"
202200021032;7;12;2022;07:56;3;59;1;1;3;2;"50;1012030000";"3;5114190000"
202200021033;6;3;2022;12:30;1;95;2;3;1;2;"48;9819268779";"2;2928783298"
202200021034;10;3;2022;08:45;1;91;2;1;1;3;"48;7060520000";"2;3724440000"
202200021035;18;12;2022;19:35;3;59;2;3;3;6;"50;6449550000";"2;7210180000"
202200021036;20;12;2022;20:20;5;13;1;1;1;2;"43;3771900000";"5;3579000000"
202200021037;8;3;2022;16:25;1;90;2;3;1;3;"47;6490000000";"6;8550000000"
202200021038;20;12;2022;17:14;3;13;1;1;1;7;"43;2199264430";"5;5810417704"
202200021039;19;12;2022;16:50;3;13;1;1;1;3;"43;3805950000";"5;2139590000"
202200021040;9;3;2022;16:38;1;87;2;2;1;3;"45;8266100000";"1;2579600000"
202200021041;17;12;2022;22:25;3;13;1;1;1;7;"43;3358220000";"5;3525790000"
202200021042;9;3;2022;15:45;1;87;2;1;1;6;"45;8271500000";"1;2620700000"
202200021043;16;12;2022;10:35;1;13;1;1;1;4;"43;3664345541";"5;3608052872"
202200021044;18;12;2022;22:19;3;83;1;1;1;3;"43;1243540000";"5;8723620000"
202200021045;9;3;2022;13:49;1;87;1;3;1;2;"45;8918700000";"1;1778500000"
202200021046;19;12;2022;21:30;5;69;1;1;1;7;"45;7927400000";"4;8730500000"
202200021047;17;12;2022;00:50;5;69;1;1;1;2;"45;7674300000";"4;7965900000"
202200021048;8;3;2022;18:31;1;85;2;1;1;6;"46;5002900000";" -1;7778800000"
202200021049;22;2;2022;08:45;1;84;2;1;1;6;"43;9531800000";"4;8325200000"
202200021050;17;12;2022;02:50;3;57;1;9;1;5;"49;1796600000";"6;1774400000"
202200021051;21;12;2022;22:10;5;33;1;1;1;3;"44;7892910330";" -0;6209345889"
202200021052;10;3;2022;10:25;1;83;2;1;1;6;"43;1285230000";"5;9140000000"
202200021053;21;12;2022;15:43;1;33;1;1;1;6;"44;7193700000";" -0;5217200000"
202200021054;9;3;2022;17:20;1;83;2;1;1;3;"43;1350700000";"5;9009800000"
202200021055;21;12;2022;02:40;3;33;1;1;1;1;"44;8680400000";" -0;4939580000"
202200021056;20;12;2022;20:30;5;33;1;1;2;6;"44;7807130503";" -0;5793195963"
202200021057;18;12;2022;22:05;5;33;1;1;1;2;"45;0063000000";" -0;4274580000"
202200021058;19;12;2022;04:15;5;62;1;1;2;7;"50;4867500000";"2;9860600000"
202200021059;9;3;2022;11:50;1;83;2;1;1;1;"43;5294620000";"6;4560320000"
202200021060;14;12;2022;13:00;1;59;1;1;1;4;"50;7390500000";"3;1331600000"
202200021061;10;3;2022;22:34;5;79;2;2;1;3;"46;3360310000";" -0;4520100000"
202200021062;21;12;2022;04:20;3;91;1;1;2;7;"48;7120300000";"2;2845500000"
202200021063;8;3;2022;10:00;1;78;2;1;1;6;"48;9984480000";"1;6769080000"
202200021064;19;12;2022;09:30;1;91;1;1;1;2;"48;6969600000";"2;3157700000"
202200021065;18;12;2022;07:04;5;91;2;1;1;3;"48;7189700000";"2;2989000000"
202200021066;10;3;2022;05:20;5;78;2;6;1;3;"48;9617300000";"2;0596200000"
202200021067;18;12;2022;02:30;3;94;1;1;1;2;"48;7763427485";"2;3462651211"
202200021068;9;3;2022;08:00;1;77;2;3;1;2;"48;8533500000";"2;8168800000"
202200021069;9;3;2022;17:15;1;72;2;6;1;3;"47;9756043678";"0;2175986765"
202200021070;19;12;2022;17:15;3;78;1;1;2;4;"48;8526600000";"2;0635800000"
202200021071;18;12;2022;07:35;3;78;1;1;1;1;"48;9694640000";"1;9147310000"
202200021072;9;3;2022;17:40;1;72;2;6;1;3;"47;9732600000";"0;2001400000"
202200021073;5;3;2022;00:26;5;72;2;9;1;6;"48;0064200000";"0;1927700000"
202200021074;17;12;2022;23:20;3;78;1;1;1;2;"48;9237600000";"2;0002300000"
202200021075;21;12;2022;18:15;3;93;1;1;2;3;"48;9128400000";"2;4360700000"
202200021076;10;3;2022;06:45;2;69;2;1;2;3;"45;7835600000";"5;0129000000"
202200021077;21;12;2022;13:10;1;95;1;1;1;5;"48;9869273615";"2;5071343804"
202200021078;10;3;2022;07:50;1;69;2;6;1;3;"45;9939000000";"4;7346200000"
202200021079;19;12;2022;17:30;5;93;1;1;1;2;"48;9161940878";"2;3577797413"
202200021080;19;12;2022;11:50;1;93;1;1;1;7;"48;9192000000";"2;3575100000"
202200021081;25;2;2022;17:10;1;68;2;1;1;1;"47;5890200000";"7;5540100000"
202200021082;19;12;2022;09:15;1;93;1;1;2;2;"48;8696602928";"2;4297243504"
202200021083;19;12;2022;02:10;3;93;1;1;2;6;"48;9607700000";"2;4682400000"
202200021084;18;12;2022;22:20;3;93;1;1;2;3;"48;9728000000";"2;4924300000"
202200021085;10;3;2022;07:22;1;67;1;3;1;3;"48;5147100000";"7;7060100000"
202200021086;18;12;2022;05:45;3;93;1;1;1;5;"48;9200811595";"2;4791443348"
202200021087;9;3;2022;17:16;1;67;2;3;1;3;"48;6152200000";"7;7274600000"
202200021088;18;12;2022;04:30;5;93;1;1;1;2;"48;9134400000";"2;3578900000"
202200021089;9;3;2022;08:44;1;67;2;1;1;3;"48;8136500000";"7;7840900000"
202200021090;18;12;2022;03:20;3;93;1;1;1;6;"48;9049641803";"2;4719104171"
202200021091;17;12;2022;21:35;3;93;1;1;1;4;"48;8808658662";"2;4751941032"
202200021092;17;12;2022;18:00;3;93;1;1;1;3;"48;8657818159";"2;4124591769"
202200021093;10;3;2022;18:15;1;64;1;3;1;5;"43;3359600000";" -0;3636300000"
202200021094;21;12;2022;19:20;3;94;1;1;2;4;"48;8071293380";"2;4487169744"
202200021095;10;3;2022;19:43;5;64;2;2;1;1;"43;3081200000";" -0;3765600000"
202200021096;20;12;2022;21:30;3;94;1;1;2;3;"48;8577784448";"2;4875039050"
202200021097;20;12;2022;16:20;2;94;1;1;1;3;"48;7894964088";"2;4402226391"
202200021098;8;3;2022;13:10;1;64;2;2;2;3;"43;4970600000";" -1;5067000000"
202200021099;20;12;2022;14:15;1;94;1;1;2;2;"48;7719567548";"2;3956891381"
202200021100;20;12;2022;07:30;1;77;1;1;1;2;"48;7297000000";"2;6078200000"
202200021101;10;3;2022;21:00;5;59;2;2;1;3;"50;6089235002";"3;0148619413"
202200021102;18;12;2022;00:30;3;77;1;1;1;6;"48;8292400000";"2;7189000000"
202200021103;9;3;2022;18:35;5;59;2;1;1;2;"50;6076800000";"3;0592600000"
202200021104;9;3;2022;22:54;5;56;2;1;1;6;"47;7572800000";" -3;3647100000"
202200021105;18;8;2022;08:15;1;14;1;3;1;3;"49;3120480000";"0;0460260000"
202200021106;4;7;2022;08:30;1;14;2;9;8;6;"49;1412660000";" -0;3384220000"
202200021107;9;3;2022;11:40;1;54;2;1;1;1;"48;7031590966";"6;1463570595"
202200021108;11;9;2022;06:15;2;59;2;2;1;6;"50;6974611595";"3;2054382563"
202200021109;24;9;2022;19:40;2;36;1;1;1;6;"46;7262190000";"1;5380450000"
202200021110;10;3;2022;19:20;5;51;2;1;1;7;"49;2488800000";"4;0655100000"
202200021111;15;10;2022;17:40;1;74;1;1;1;7;"45;7825040000";"6;2268230000"
202200021112;12;10;2022;17:55;1;74;1;1;1;6;"46;2712600000";"6;5136370000"
202200021113;10;3;2022;10:20;1;51;2;1;1;2;"49;2419845842";"4;0242227912"
202200021114;12;10;2022;16:15;1;74;2;1;1;1;"45;9185500000";"6;0829070000"
202200021115;9;3;2022;19:40;2;50;2;1;1;2;"49;6296000000";" -1;6180000000"
202200021116;1;10;2022;22:00;5;74;1;1;2;1;"45;7559590000";"6;2715890000"
202200021117;11;7;2022;20:50;1;62;2;1;1;6;"50;4098330000";"1;5996930000"
202200021118;9;3;2022;16:05;1;49;2;1;1;6;"47;4668500000";" -0;5487500000"
202200021119;17;12;2022;12:30;1;75;2;1;1;2;"48;8166560000";"2;3375740000"
202200021120;9;3;2022;08:54;1;49;2;1;1;7;"47;4781200000";" -0;5968200000"
202200021121;9;3;2022;17:20;1;47;2;1;1;6;"44;2062000000";"0;6335500000"
202200021122;16;12;2022;20:24;5;75;2;3;1;3;"48;8221130000";"2;3303400000"
202200021123;10;3;2022;17:20;1;45;2;1;1;2;"47;8982700000";"1;8713700000"
202200021124;17;12;2022;17:10;5;75;2;2;1;6;"48;8640600000";"2;3991320000"
202200021125;17;12;2022;15:30;1;75;2;3;1;3;"48;8345470000";"2;3057900000"
202200021126;9;3;2022;14:10;1;45;2;2;1;3;"48;0020890000";"2;7373950000"
202200021127;16;12;2022;15:50;1;75;2;5;1;6;"48;8419503766";"2;3297131062"
202200021128;9;3;2022;11:55;1;43;2;1;1;3;"45;0522700000";"3;9155300000"
202200021129;17;12;2022;18:10;5;75;2;1;1;3;"48;8202500000";"2;3440030000"
202200021130;21;1;2022;16:10;1;42;2;6;1;3;"45;4209600000";"4;4121300000"
202200021131;17;12;2022;17:00;1;75;2;1;1;5;"48;8394070000";"2;3776470000"
202200021132;19;2;2022;12:25;1;42;1;1;1;3;"45;4452000000";"4;4246000000"
202200021133;16;12;2022;17:05;3;75;2;4;1;5;"48;8186330000";"2;4430180000"
202200021134;17;12;2022;16:20;1;75;2;2;1;6;"48;8741810000";"2;3269430000"
202200021135;4;3;2022;16:00;1;42;2;1;1;5;"45;4643684563";"4;3820915222"
202200021136;16;12;2022;23:40;5;75;2;7;1;6;"48;8836250465";"2;3326179385"
202200021137;10;3;2022;08:45;1;33;2;1;2;3;"44;8504800000";" -0;5959400000"
202200021138;17;12;2022;20:10;5;75;2;2;1;3;"48;8644430000";"2;3515440000"
202200021139;9;3;2022;17:45;1;33;2;1;1;7;"44;8264000000";" -0;6716900000"
202200021140;17;12;2022;06:30;5;75;2;2;1;6;"48;8558040000";"2;3684930000"
202200021141;17;12;2022;01:45;5;94;2;1;1;2;"48;7490400000";"2;4555900000"
202200021142;9;3;2022;16:35;1;33;2;6;1;1;"44;8585700000";" -0;6772500000"
202200021143;17;12;2022;19:05;5;94;2;1;1;3;"48;7445700000";"2;4068000000"
202200021144;10;3;2022;18:10;1;27;2;3;1;2;"49;0228600000";"1;1406700000"
202200021145;17;12;2022;19:57;5;93;2;2;8;1;"48;9397770000";"2;5147420000"
202200021146;7;3;2022;17:26;1;24;1;3;1;3;"45;2293600000";"0;6556000000"
202200021147;17;12;2022;11:46;1;93;2;1;8;3;"48;9158400000";"2;3309100000"
202200021148;5;3;2022;15:30;1;13;1;1;1;3;"43;4583300000";"4;9486800000"
202200021149;17;12;2022;19:30;5;93;2;2;1;6;"48;8576000000";"2;4333800000"
202200021150;10;3;2022;16:50;1;13;2;1;1;3;"43;3140000000";"5;3708500000"
202200021151;17;12;2022;14:20;1;93;2;3;1;5;"48;9115200000";"2;5189400000"
202200021152;10;3;2022;16:00;1;13;2;3;1;1;"43;3244900000";"5;4555600000"
202200021153;17;12;2022;01:30;5;93;2;1;1;5;"48;8843050000";"2;5009680000"
202200021154;17;12;2022;20:15;5;92;2;1;1;7;"48;8237520759";"2;1854580045"
202200021155;10;3;2022;11:45;1;13;2;1;1;3;"43;3425100000";"5;4202400000"
202200021156;17;12;2022;12:15;1;92;2;1;8;6;"48;8423141372";"2;2212477922"
202200021157;18;12;2022;14:45;1;974;2;2;1;3;" -21;0777730000";"55;2685210000"
202200021158;9;3;2022;11:10;1;13;2;1;1;2;"43;3000000000";"5;4300000000"
202200021159;16;12;2022;09:30;1;37;2;3;1;3;"47;1026920000";"0;3139100000"
202200021160;8;3;2022;19:10;5;13;2;1;1;4;"43;3533700000";"5;3685700000"
202200021161;17;12;2022;22:35;3;83;1;1;1;6;"43;5172570000";"6;3394760000"
202200021162;9;3;2022;14:12;1;10;2;3;1;3;"48;2897000000";"4;0400889000"
202200021163;17;12;2022;21:00;5;49;2;2;1;3;"47;5725100000";" -0;3557660000"
202200021164;6;3;2022;12:50;1;07;2;6;1;6;"44;9332100000";"4;8823800000"
202200021165;18;12;2022;17:50;3;76;2;1;3;6;"49;8343910000";"1;4004670000"
202200021166;1;12;2022;22:00;5;974;2;6;1;6;" -21;2741590000";"55;5175640000"
202200021167;9;3;2022;14:55;1;07;2;1;1;3;"44;9344600000";"4;8773100000"
202200021168;18;12;2022;01:45;3;68;2;6;4;7;"47;7832240000";"7;5034530000"
202200021169;10;3;2022;14:30;1;06;2;1;1;7;"43;6545180000";"6;9430020000"
202200021170;17;12;2022;03:44;3;21;1;1;1;6;"47;3370033090";"4;9561415387"
202200021171;18;12;2022;04:15;5;22;2;1;1;6;"48;2667770000";" -2;1598700000"
202200021172;18;12;2022;03:50;3;66;1;1;1;6;"42;7399431684";"2;9411494732"
202200021173;10;3;2022;08:10;1;06;2;1;1;3;"43;6389250000";"6;9499650000"
202200021174;19;11;2022;05:30;5;69;1;3;1;3;"45;6719320000";"4;8291510000"
202200021175;9;3;2022;10:45;1;06;2;1;1;3;"43;6942600000";"7;1846900000"
202200021176;17;12;2022;23:00;5;82;2;1;1;6;"44;1430900000";"1;4226490000"
202200021177;17;12;2022;14:30;1;89;1;1;1;2;"48;3167410000";"3;2129440000"
202200021178;9;3;2022;17:00;1;05;2;1;1;3;"44;5368500000";"6;0541100000"
202200021179;18;12;2022;01:00;4;55;2;1;9;6;"48;7199810000";"5;2711060000"
202200021180;17;12;2022;06:30;3;22;1;1;9;7;"48;3277780000";" -3;0436700000"
202200021181;17;12;2022;09:10;1;44;2;1;1;6;"47;3703890000";" -1;1788850000"
202200021182;9;3;2022;14:45;1;03;2;2;1;3;"46;3368800000";"2;5744700000"
202200021183;10;3;2022;14:55;1;75;2;7;1;1;"48;8639200000";"2;4005140000"
202200021184;17;12;2022;20:40;5;31;1;3;1;3;"43;7628070000";"1;4068190000"
202200021185;18;12;2022;08:50;2;16;1;1;1;6;"45;7261890000";"0;3962730000"
202200021186;10;3;2022;19:35;5;75;2;2;1;6;"48;8916780000";"2;3446080000"