Accident_Id;jour;mois;an;hrmn;lum;dep;agg;int;atm;col;lat;long
202200021497;23;6;2022;08:40;1;92;2;2;1;6;"48;8040700000";"2;2886800000"
202200021498;16;4;2022;19:40;1;76;2;1;1;6;"49;4869200000";"0;1036000000"
202200021499;21;6;2022;09:08;1;92;2;1;1;3;"48;8158193515";"2;3107568621"
202200021500;14;4;2022;18:45;1;76;2;4;1;6;"49;5448000000";"0;1007500000"
202200021501;24;6;2022;17:30;1;92;2;3;1;2;"48;8173386013";"2;2612239718"
202200021502;14;4;2022;11:00;1;71;2;2;1;6;"46;8099400000";"4;8424300000"
202200021503;23;6;2022;10:40;1;92;2;1;1;2;"48;9262935744";"2;2434619814"
202200021504;19;4;2022;07:37;2;66;1;6;1;3;"42;6944000000";"2;8502800000"
202200021505;23;6;2022;14:45;1;92;2;2;1;3;"48;9085198317";"2;3001220375"
202200021506;16;4;2022;12:15;1;64;2;3;1;3;"43;3169700000";" -0;4236800000"
202200021507;24;6;2022;08:20;1;92;2;1;1;3;"48;7916300000";"2;2668000000"
202200021508;19;4;2022;12:30;1;59;2;1;1;3;"50;7717198790";"3;0790847540"
202200021509;24;6;2022;21:40;1;92;2;2;1;6;"48;7961812633";"2;3217338025"
202200021510;19;4;2022;10:45;1;59;2;2;1;3;"50;7273800000";"3;1584500000"
202200021511;19;6;2022;22:22;5;92;2;9;1;6;"48;7949000000";"2;3037700000"
202200021512;24;6;2022;08:00;1;92;1;1;1;7;"48;9142306079";"2;2947652638"
202200021513;16;4;2022;20:25;2;59;2;1;1;3;"50;3869500000";"3;0724400000"
202200021514;23;6;2022;16:40;1;92;1;1;1;6;"48;9323535900";"2;2766423821"
202200021515;14;4;2022;04:27;4;56;2;1;1;6;"47;7640300000";" -3;3675300000"
202200021516;12;4;2022;23:35;3;56;1;1;1;6;"47;7647970000";" -3;4258210000"
202200021517;23;6;2022;14:00;1;60;1;1;1;2;"49;3896855385";"2;1165204047"
202200021518;24;6;2022;21:45;5;2A;2;3;1;6;"41;9339163195";"9;1543057859"
202200021519;15;4;2022;20:17;1;54;2;2;1;3;"48;6702600000";"6;1582700000"
202200021520;25;6;2022;05:30;2;80;1;1;2;6;"50;0462270000";"1;7631980000"
202200021521;24;6;2022;21:24;2;41;2;3;1;6;"47;5405700000";"1;4463550000"
202200021522;24;6;2022;17:00;1;71;1;1;1;6;"46;5337680000";"3;8416770000"
202200021523;18;4;2022;18:00;1;42;1;1;1;5;"45;4617400000";"4;3267700000"
202200021524;24;6;2022;13:55;1;76;1;1;1;2;"49;6602610000";"0;9122230000"
202200021525;18;4;2022;23:15;5;42;2;1;1;6;"45;4452300000";"4;4028000000"
202200021526;25;6;2022;16:00;1;06;1;1;1;3;"43;7963530000";"7;2075680000"
202200021527;19;4;2022;13:35;1;38;2;9;1;3;"45;1766400000";"5;7321300000"
202200021528;12;6;2022;06:55;2;59;1;1;1;2;"50;6192283661";"2;9579401016"
202200021529;19;4;2022;19:20;1;37;2;1;1;6;"47;3811500000";"0;6681500000"
202200021530;25;6;2022;04:05;3;44;1;1;8;6;"47;4177510000";" -1;8174110000"
202200021531;25;6;2022;17:10;1;15;1;1;1;6;"44;9762500000";"3;1847020000"
202200021532;19;4;2022;17:00;1;35;2;1;1;3;"48;1191400000";" -1;6351800000"
202200021533;25;6;2022;12:55;1;31;2;2;1;3;"43;5485170000";"1;3509210000"
202200021534;19;4;2022;07:15;1;35;2;6;1;3;"48;1271200000";" -1;6521100000"
202200021535;24;6;2022;18:15;1;57;1;2;1;3;"49;3284230000";"6;1818050000"
202200021536;19;4;2022;08:40;1;34;2;2;1;3;"43;6083900000";"3;9065700000"
202200021537;24;6;2022;16:10;1;62;1;1;1;2;"50;7334610000";"1;7310120000"
202200021538;19;4;2022;18:00;1;33;2;1;3;3;"44;8417600000";" -0;6652300000"
202200021539;21;6;2022;02:45;4;76;1;1;1;6;"49;6285854641";"0;2604453563"
202200021540;24;6;2022;18:30;1;82;1;3;1;3;"44;0538910000";"1;4472070000"
202200021541;19;4;2022;19:00;1;33;2;2;2;3;"44;8767766310";" -0;6172059202"
202200021542;25;6;2022;03:10;4;89;2;1;8;6;"48;2955410000";"3;3952290000"
202200021543;24;6;2022;17:25;1;89;2;4;1;6;"47;7431870000";"2;8819960000"
202200021544;19;4;2022;06:11;5;31;2;3;1;1;"43;6162600000";"1;4371700000"
202200021545;25;6;2022;12:45;1;89;1;3;1;1;"47;8717410000";"3;5711740000"
202200021546;18;4;2022;19:50;1;29;1;1;1;1;"48;3607110000";" -4;5329770000"
202200021547;25;6;2022;03:25;3;49;2;1;1;6;"47;7045700000";" -0;8716860000"
202200021548;25;6;2022;14:40;1;41;1;1;3;6;"47;5242660000";"2;0970160000"
202200021549;18;4;2022;21:15;5;25;2;2;1;2;"47;5044000000";"6;7948100000"
202200021550;25;6;2022;18:05;1;68;2;2;1;7;"47;5939480000";"7;2195120000"
202200021551;15;4;2022;17:00;1;19;2;1;1;2;"45;1629100000";"1;5473100000"
202200021552;24;6;2022;16:40;1;68;2;9;2;7;"47;6766510000";"7;2677460000"
202200021553;19;4;2022;18:30;1;13;2;1;1;7;"43;4442600000";"5;2510900000"
202200021554;25;6;2022;13:50;1;22;2;2;3;3;"48;7167230000";" -3;2015490000"
202200021555;19;4;2022;20:10;1;13;2;1;8;1;"43;3506012418";"5;3413421579"
202200021556;24;6;2022;13:45;1;35;1;1;1;1;"48;6238180000";" -1;9045950000"
202200021557;19;4;2022;18:50;2;13;2;1;1;2;"43;3849500000";"5;3610100000"
202200021558;25;6;2022;15:30;1;38;1;1;1;2;"45;4101360000";"5;5319220000"
202200021559;19;4;2022;17:30;1;13;2;1;1;3;"43;2456600000";"5;4226400000"
202200021560;25;6;2022;00:25;5;38;1;1;1;1;"45;3970070000";"5;4672650000"
202200021561;18;4;2022;22:00;5;13;2;1;1;3;"43;2551327460";"5;3763010767"
202200021562;25;6;2022;17:30;1;70;1;2;1;3;"47;4453740000";"5;8808990000"
202200021563;19;6;2022;18:15;1;70;1;4;1;3;"47;2657430000";"5;6303830000"
202200021564;19;4;2022;14:51;1;13;1;1;1;2;"43;5349000000";"5;4310500000"
202200021565;25;6;2022;10:40;1;50;1;1;1;3;"49;3077170000";" -1;5619540000"
202200021566;16;4;2022;05:23;3;11;1;1;1;1;"43;2094300000";"2;3115700000"
202200021567;17;6;2022;20:30;2;60;1;5;1;1;"49;6014910000";"3;0115740000"
202200021568;19;4;2022;14:00;1;10;2;3;1;2;"48;2925100000";"4;0438300000"
202200021569;24;6;2022;22:45;3;45;2;9;1;7;"48;0696630000";"2;1303390000"
202200021570;24;6;2022;23:10;3;64;2;1;1;6;"43;2433192326";" -0;2654743195"
202200021571;19;4;2022;13:25;1;10;2;1;1;2;"48;2994200000";"4;0873100000"
202200021572;24;6;2022;16:00;1;18;2;1;8;6;"47;2217830000";"2;5371340000"
202200021573;19;4;2022;08:10;1;06;2;1;1;6;"43;6638380000";"6;9250700000"
202200021574;25;6;2022;12:25;1;04;1;1;1;7;"43;8328650000";"6;2221640000"
202200021575;19;4;2022;19:10;1;75;2;1;1;3;"48;8857465259";"2;2881784754"
202200021576;25;6;2022;05:30;2;88;2;1;1;6;"48;3483710000";"6;4298400000"
202200021577;18;4;2022;16:30;1;75;2;4;1;4;"48;8202602026";"2;3257180821"
202200021578;16;4;2022;22:45;3;75;2;1;1;6;"48;8652590000";"2;4128720000"
202200021579;25;6;2022;03:30;3;72;1;1;1;2;"47;8066730000";" -0;1663990000"
202200021580;19;4;2022;18:15;1;75;2;3;1;7;"48;8639430000";"2;3916550000"
202200021581;24;6;2022;17:15;1;51;1;1;1;7;"49;2007750000";"4;1058830000"
202200021582;19;4;2022;12:15;1;75;2;1;1;2;"48;8949280000";"2;3806220000"
202200021583;23;6;2022;13:45;1;83;1;1;1;2;"43;4803320000";"5;7682620000"
202200021584;24;6;2022;08:00;1;62;1;1;3;6;"50;2293080000";"3;0533411000"
202200021585;19;4;2022;11:10;1;75;2;2;1;2;"48;8884705458";"2;3738676310"
202200021586;22;6;2022;17:30;2;971;1;1;1;3;"15;9040510000";" -61;2398530000"
202200021587;25;6;2022;14:00;1;33;2;1;1;6;"44;8626140000";" -0;4721330000"
202200021588;19;4;2022;17:40;1;75;2;3;1;5;"48;8724950000";"2;2920070000"
202200021589;25;6;2022;16:45;1;13;1;2;1;3;"43;2428000000";"5;5931620000"
202200021590;19;4;2022;08:40;1;75;2;7;1;3;"48;8479101438";"2;2585447133"
202200021591;25;6;2022;10:07;1;13;1;2;1;3;"43;8071390000";"4;7430680000"
202200021592;17;4;2022;20:00;2;75;2;7;1;3;"48;8474140000";"2;2737960000"
202200021593;25;6;2022;09:00;1;68;1;1;1;5;"48;2565410000";"7;2185430000"
202200021594;18;4;2022;02:18;5;75;2;3;1;3;"48;8735870000";"2;3283560000"
202200021595;12;6;2022;12:25;1;67;2;6;1;3;"48;3720950000";"7;5928400000"
202200021596;25;6;2022;05:30;2;03;2;1;1;6;"46;5535150000";"2;9410370000"
202200021597;19;4;2022;09:00;1;75;2;1;1;3;"48;8659663380";"2;3013755679"
202200021598;24;6;2022;16:30;1;01;1;1;1;6;"46;0498510000";"5;5638780000"
202200021599;19;4;2022;17:50;1;75;2;1;1;3;"48;8697985074";"2;3520371318"
202200021600;24;6;2022;10:50;1;31;2;2;1;1;"43;4685020000";"1;3185580000"
202200021601;24;6;2022;07:00;1;49;1;1;2;6;"47;2021530000";" -0;9173960000"
202200021602;19;4;2022;11:15;1;75;2;3;1;2;"48;8593420000";"2;3456670000"
202200021603;24;6;2022;18:05;1;22;2;1;1;6;"48;7709770000";" -3;0824640000"
202200021604;19;4;2022;19:50;1;94;2;1;1;1;"48;7488400000";"2;4718400000"
202200021605;24;6;2022;18:55;1;76;2;1;1;7;"49;4974480000";"0;6659070000"
202200021606;19;4;2022;11:55;1;94;2;1;1;2;"48;7888000000";"2;3247600000"
202200021607;23;6;2022;11:15;1;13;2;1;1;6;"43;3339500000";"5;3837300000"
202200021608;18;4;2022;16:45;1;94;2;1;1;6;"48;7944615615";"2;4572424887"
202200021609;23;6;2022;17:08;1;69;1;1;2;2;"45;7215000000";"4;8180000000"
202200021610;18;4;2022;16:10;1;94;2;5;1;3;"48;8271600000";"2;5088600000"
202200021611;19;4;2022;20:20;2;94;2;1;1;2;"48;7193800000";"2;5673500000"
202200021612;20;4;2022;16:35;1;33;1;1;2;4;"44;8828400000";" -0;5526400000"
202200021613;24;6;2022;13:05;1;94;1;1;1;2;"48;8077037126";"2;3472629196"
202200021614;15;4;2022;19:15;1;94;2;6;1;3;"48;7530600000";"2;5389500000"
202200021615;24;6;2022;07:30;1;94;1;1;1;5;"48;8083132183";"2;3403117553"
202200021616;19;4;2022;05:35;5;94;2;6;1;3;"48;7963000000";"2;4165300000"
202200021617;24;6;2022;16:15;1;78;1;1;1;2;"48;8875780000";"2;0114440000"
202200021618;18;4;2022;18:55;1;93;2;2;1;3;"48;9040000000";"2;4707500000"
202200021619;24;6;2022;12:45;1;92;1;1;1;6;"48;8474879607";"2;2246484423"
202200021620;24;6;2022;17:20;1;93;1;1;2;3;"48;9577869664";"2;4624502659"
202200021621;19;4;2022;18:00;1;93;2;2;1;3;"48;8503500000";"2;5531900000"
202200021622;24;6;2022;13:05;1;93;1;1;1;3;"48;8670202732";"2;4260687828"
202200021623;24;6;2022;06:40;1;93;1;1;8;3;"48;9279564099";"2;3575211478"
202200021624;19;4;2022;09:30;1;93;2;2;1;3;"48;8569400000";"2;4455100000"
202200021625;23;6;2022;19:30;1;93;1;1;1;2;"48;9062533918";"2;4721405579"
202200021626;18;4;2022;11:43;1;93;2;9;1;3;"48;8840350000";"2;4291420000"
202200021627;23;6;2022;18:00;1;95;1;1;1;3;"48;9654200000";"2;2601100000"
202200021628;19;4;2022;14:50;1;92;2;1;1;6;"48;8460400000";"2;2052900000"
202200021629;22;6;2022;18:15;1;95;1;1;1;6;"48;9887910000";"2;2026210000"
202200021630;23;6;2022;06:50;1;44;2;1;1;6;"47;2166730000";" -1;5184440000"
202200021631;19;4;2022;18:01;1;92;2;1;1;6;"48;8870901083";"2;1976279914"
202200021632;23;6;2022;13:10;1;13;2;1;1;4;"43;6271027716";"5;0961234381"
202200021633;19;4;2022;17:40;1;92;2;3;1;6;"48;8138394405";"2;3072469234"
202200021634;19;4;2022;07:05;1;92;2;1;1;2;"48;8319339984";"2;2671664059"
202200021635;4;6;2022;22:02;5;92;2;1;1;6;"48;8928018786";"2;2892841697"
202200021636;19;4;2022;07:30;1;92;2;1;1;3;"48;9002135535";"2;2740460038"
202200021637;24;4;2022;18:25;1;63;2;2;1;3;"45;8096600000";"3;1094300000"
202200021638;18;4;2022;19:30;1;92;2;2;1;3;"48;9151322730";"2;2332492024"
202200021639;21;4;2022;12:40;1;49;2;1;9;6;"47;0566220549";" -0;8618447185"
202200021640;23;4;2022;18:22;1;45;2;6;1;6;"47;9569229534";"1;8901412488"
202200021641;16;4;2022;12:25;1;2A;1;1;1;3;"42;1466690000";"8;8130090000"
202200021642;19;4;2022;12:10;1;38;2;2;1;3;"45;1857000000";"5;7184000000"
202200021643;18;4;2022;19:30;1;34;2;1;1;6;"43;3437700000";"3;2215800000"
202200021644;20;4;2022;22:10;5;95;1;1;1;3;"49;0229370000";"2;3865440000"
202200021645;7;4;2022;00:13;3;33;1;6;2;6;"45;0129200000";" -0;1032650000"
202200021646;17;4;2022;17:59;1;01;1;1;1;3;"46;3604490000";"6;0377540000"
202200021647;23;6;2022;14:00;1;974;1;1;2;7;" -21;3448920000";"55;4923450000"
202200021648;22;6;2022;06:20;2;974;2;3;1;3;" -21;2974900000";"55;4521800000"
202200021649;23;6;2022;20:15;5;974;2;1;1;1;" -20;8916100000";"55;4787200000"
202200021650;19;4;2022;18:15;1;77;1;1;1;7;"48;8543170000";"3;3201350000"
202200021651;23;6;2022;19:45;5;974;2;6;1;2;" -20;8784800000";"55;4588900000"
202200021652;23;6;2022;09:30;1;974;2;1;1;6;" -20;9612900000";"55;6511700000"
202200021653;21;4;2022;12:15;1;34;1;1;1;5;"43;5857317704";"3;8421174911"
202200021654;22;6;2022;19:18;3;973;1;1;1;3;"4;9055566730";" -52;3204243183"
202200021655;23;6;2022;18:40;1;95;2;1;1;2;"48;9914164780";"2;3745542765"
202200021656;21;4;2022;12:15;1;91;2;1;1;2;"48;6110720000";"2;5056770000"
202200021657;22;6;2022;17:50;1;95;2;1;1;6;"49;0317532034";"2;0626240969"
202200021658;20;4;2022;18:41;1;76;1;1;1;3;"49;7015160000";"0;7856890000"
202200021659;23;6;2022;19:08;1;91;2;1;1;2;"48;6583300000";"2;3689200000"
202200021660;21;4;2022;11:15;1;2B;2;1;2;2;"42;4852990000";"9;4798390000"
202200021661;23;6;2022;19:10;1;91;2;1;1;6;"48;6478300000";"2;3701500000"
202200021662;16;4;2022;19:29;1;33;1;2;1;3;"45;4054780000";" -1;0286300000"
202200021663;20;4;2022;20:30;1;89;1;1;1;7;"47;9989140000";"3;7027860000"
202200021664;20;4;2022;14:20;1;55;1;1;1;7;"48;8790519041";"5;3995978832"
202200021665;2;6;2022;17:45;1;89;2;2;1;6;"48;1991500000";"3;2825700000"
202200021666;20;4;2022;19:15;1;86;1;1;1;1;"46;2930990000";"0;3444280000"
202200021667;22;6;2022;14:00;1;80;1;2;1;6;"49;9281100000";"2;2834400000"
202200021668;21;4;2022;15:45;1;68;2;1;1;3;"47;5376050000";"7;1764970000"
202200021669;23;6;2022;17:00;1;78;2;1;7;1;"48;6432100000";"1;8343800000"
202200021670;20;4;2022;15:20;1;25;1;1;1;1;"47;3174280000";"5;9819910000"
202200021671;21;4;2022;12:50;1;44;1;1;1;6;"47;7933230000";" -1;3442800000"
202200021672;19;4;2022;17:46;1;35;2;3;1;3;"48;6149060000";" -1;9049420000"
202200021673;21;6;2022;17:30;1;78;2;2;1;6;"48;9878560000";"1;7076780000"
202200021674;21;4;2022;13:40;1;03;1;6;1;1;"46;6355370000";"2;7546390000"
202200021675;21;6;2022;10:00;1;78;2;1;1;6;"48;9959000000";"1;6761400000"
202200021676;20;4;2022;14:30;1;70;1;1;1;5;"47;4556260000";"5;9010400000"
202200021677;23;6;2022;17:25;1;78;2;1;1;1;"48;9317620000";"2;0020960000"
202200021678;20;4;2022;19:25;1;58;1;1;1;7;"47;3511380000";"3;6379230000"
202200021679;21;4;2022;16:45;1;14;2;2;1;3;"49;2160398562";"0;1360630989"
202200021680;21;4;2022;14:00;1;50;2;2;1;1;"48;8271320000";" -1;2346850000"
202200021681;20;4;2022;15:40;1;09;1;1;2;5;"42;6870790000";"1;8239700000"
202200021682;18;4;2022;17:50;1;45;2;1;1;1;"48;0587180000";"2;3276050000"
202200021683;20;4;2022;14:35;1;43;1;9;2;5;"45;2605100000";"4;1990090000"
202200021684;22;6;2022;10:40;1;77;2;2;3;3;"48;8231570000";"3;0375840000"
202200021685;20;4;2022;18:16;1;30;1;1;2;5;"43;8608420000";"4;1087690000"
202200021686;22;6;2022;10:20;1;72;2;1;8;6;"48;0199500000";"0;2124300000"
202200021687;21;4;2022;18:25;3;974;1;1;1;1;" -20;9198360000";"55;5412960000"
202200021688;22;6;2022;07:35;1;71;1;1;2;7;"46;7709139314";"4;4710975885"
202200021689;20;4;2022;13:30;1;19;1;1;1;7;"45;5160990000";"2;2666320000"
202200021690;20;4;2022;17:30;1;42;1;1;1;6;"45;4782490000";"4;2220870000"
202200021691;17;6;2022;17:45;1;71;2;6;1;3;"46;7763400000";"4;8578700000"
202200021692;21;4;2022;14:55;1;33;1;1;1;2;"44;6304890000";" -0;9110500000"
202200021693;23;6;2022;21:40;2;69;2;1;2;1;"45;6976300000";"4;9080000000"
202200021694;20;4;2022;22:27;3;91;1;1;1;6;"48;6231090000";"2;1355320000"
202200021695;18;4;2022;15:40;1;77;1;1;1;6;"48;3736700000";"2;5060420000"
202200021696;23;6;2022;11:05;1;69;2;2;1;6;"45;9873000000";"4;7211800000"
202200021697;21;4;2022;16:30;1;91;1;1;1;6;"48;4432230000";"2;4834680000"
202200021698;8;4;2022;14:47;1;06;1;1;1;3;"43;7822740000";"7;3989330000"
202200021699;23;6;2022;14:05;1;68;2;1;1;3;"47;5928500000";"7;5771700000"
202200021700;21;4;2022;17:40;1;71;1;2;1;3;"46;3514380000";"4;1053680000"
202200021701;22;6;2022;13:40;1;67;2;1;1;6;"48;5934404938";"7;7545747161"
202200021702;14;4;2022;05:30;5;38;2;2;1;3;"45;2052410000";"5;6831020000"
202200021703;22;6;2022;08:30;1;67;2;1;1;2;"48;5733485600";"7;7191340178"
202200021704;17;3;2022;17:08;1;33;1;2;1;3;"44;5848280000";" -0;8887340000"
202200021705;19;4;2022;19:00;1;44;1;1;1;3;"47;2750820000";" -1;4688720000"
202200021706;21;4;2022;17:50;1;60;1;1;1;7;"49;2066008795";"2;0610308646"
202200021707;10;6;2022;07:00;1;67;2;3;1;3;"48;5470987730";"7;7581487596"
202200021708;18;4;2022;17:35;1;59;1;9;1;6;"50;7304789660";"2;4325318336"
202200021709;23;6;2022;16:15;1;64;2;7;1;3;"43;2965500000";" -0;3743100000"
202200021710;18;4;2022;12:05;1;59;2;1;7;1;"50;5293300000";"2;9160550000"
202200021711;22;6;2022;21:40;2;63;2;3;1;3;"45;7712700000";"3;0591500000"
202200021712;19;4;2022;19:36;1;13;1;1;1;1;"43;3415000000";"5;3767000000"
202200021713;19;4;2022;08:05;1;13;1;1;1;2;"43;2875400000";"5;4403200000"
202200021714;22;6;2022;16:29;1;63;2;1;1;3;"45;7603800000";"3;1198800000"
202200021715;23;6;2022;18:35;1;61;2;1;1;6;"48;4186500000";"0;0970000000"
202200021716;15;4;2022;17:00;1;59;1;9;1;2;"50;5321515429";"3;0471892655"
202200021717;18;4;2022;20:30;1;94;1;1;1;2;"48;7600700000";"2;3210700000"
202200021718;18;6;2022;11:00;1;59;2;3;1;5;"50;3305300102";"3;4811063111"
202200021719;17;4;2022;19:22;1;78;1;1;1;2;"48;7964200000";"2;0373270000"
202200021720;21;6;2022;16:00;1;59;2;1;1;6;"50;6761718606";"2;8894270957"
202200021721;19;4;2022;18:20;1;95;1;1;1;2;"48;9863521410";"2;2422516346"
202200021722;19;4;2022;17:05;1;95;1;1;1;2;"49;0300086765";"2;4979090691"
202200021723;19;4;2022;16:15;1;93;1;1;1;6;"48;8695473617";"2;4299369253"
202200021724;19;4;2022;09:00;1;92;1;1;1;2;"48;9446848956";"2;2853856324"
202200021725;22;6;2022;16:05;1;56;2;6;1;3;"47;7400560000";" -3;4273250000"
202200021726;17;4;2022;23:45;5;94;1;1;1;2;"48;7538424491";"2;3542632476"
202200021727;22;6;2022;16:05;1;56;2;1;2;6;"47;7273100000";" -3;4075000000"
202200021728;16;4;2022;03:20;3;77;1;9;1;6;"48;9715537756";"2;5944922889"
202200021729;14;4;2022;18:30;1;77;1;1;1;4;"48;8302997752";"2;6984275937"
202200021730;22;6;2022;08:45;1;56;1;3;1;4;"47;7448980000";" -3;4205880000"
202200021731;13;4;2022;12:50;1;94;1;1;3;6;"48;8354458972";"2;5387118132"
202200021732;18;4;2022;19:00;2;974;1;1;1;2;" -21;3127000000";"55;4373300000"
202200021733;14;4;2022;18:30;3;974;1;1;3;1;" -20;9433030000";"55;4859410000"
202200021734;23;6;2022;18:10;1;51;2;3;1;3;"49;2458900000";"4;0589400000"
202200021735;18;4;2022;09:05;1;973;2;2;1;3;"4;9392400000";" -52;3183600000"
202200021736;18;4;2022;19:00;1;69;2;2;1;3;"45;7532400000";"4;8400600000"
202200021737;23;6;2022;15:55;1;50;2;6;1;3;"48;8403700000";" -1;5592000000"
202200021738;18;4;2022;17:22;1;69;2;2;1;3;"45;7371100000";"4;8503500000"
202200021739;22;6;2022;17:59;1;49;2;6;1;3;"47;4881700000";" -0;5363500000"
202200021740;18;4;2022;11:00;1;972;2;9;1;3;"14;6071900000";" -61;0678300000"
202200021741;18;4;2022;18:15;1;69;2;1;1;7;"45;7665475223";"4;8380345106"
202200021742;18;4;2022;15:35;1;78;2;1;1;1;"49;0088800000";"1;9053700000"
202200021743;22;6;2022;00:15;5;49;2;1;1;7;"47;4726600000";" -0;5479100000"
202200021744;18;4;2022;15:01;1;77;1;3;1;3;"48;8612300000";"2;6654100000"
202200021745;18;4;2022;19:30;1;74;2;1;1;6;"46;1831000000";"6;2156000000"
202200021746;18;4;2022;11:20;1;74;2;9;1;3;"46;1960600000";"6;2393600000"
202200021747;23;6;2022;18:35;1;47;2;9;1;3;"44;1786057219";"0;6325676775"
202200021748;18;4;2022;10:30;1;64;2;6;1;3;"43;4913700000";" -1;4959300000"
202200021749;23;6;2022;18:20;1;45;2;3;1;3;"47;9216100000";"1;8801500000"
202200021750;14;4;2022;17:30;1;60;2;1;1;6;"49;2521250000";"2;4805000000"
202200021751;18;4;2022;18:40;1;59;2;2;1;3;"50;7800600000";"3;1276300000"
202200021752;18;4;2022;00:40;5;59;2;7;1;6;"50;6468900000";"3;0077500000"
202200021753;23;6;2022;17:30;1;45;1;1;1;7;"47;9934600000";"2;8018100000"
202200021754;18;4;2022;09:46;1;37;2;2;7;3;"47;3885600000";"0;6762900000"
202200021755;23;6;2022;15:30;1;37;2;2;1;2;"47;4089129995";"0;7032886147"
202200021756;18;4;2022;21:00;5;26;2;6;1;3;"44;9227700000";"4;9329600000"
202200021757;18;4;2022;02:10;5;13;2;1;1;7;"43;2459736859";"5;4180466022"
202200021758;18;4;2022;11:35;1;13;2;3;1;3;"43;2858105846";"5;5567053698"
202200021759;23;6;2022;16:15;1;35;1;1;1;7;"48;1469995916";" -1;6163896769"
202200021760;18;4;2022;09:50;1;09;2;9;1;6;"42;9620260000";"1;6039110000"
202200021761;15;4;2022;21:40;5;75;2;1;1;3;"48;8765149173";"2;4096232543"
202200021762;23;6;2022;10:00;1;35;1;1;1;4;"48;1077140000";" -1;5966240000"
202200021763;13;4;2022;16:30;1;75;2;1;1;2;"48;8491450000";"2;4151400000"
202200021764;18;4;2022;17:45;1;75;2;2;1;3;"48;8537750769";"2;3443217576"
202200021765;23;6;2022;09:50;1;35;2;2;1;1;"48;0944800000";" -1;6855900000"
202200021766;18;4;2022;12:55;1;75;2;3;1;3;"48;8513112228";"2;4111196049"
202200021767;17;4;2022;12:50;1;75;2;2;1;3;"48;8754510000";"2;3979420000"
202200021768;18;4;2022;17:55;1;75;2;3;1;6;"48;8764400000";"2;3721380000"
202200021769;22;6;2022;04:00;5;34;1;1;3;6;"43;6071070000";"3;9181730000"
202200021770;18;4;2022;06:50;2;75;2;2;1;2;"48;8762621996";"2;2872297939"
202200021771;17;4;2022;23:15;5;75;2;2;1;3;"48;8838250000";"2;2951670000"
202200021772;23;6;2022;08:50;1;33;2;2;1;6;"44;8362000000";" -0;5824600000"
202200021773;17;4;2022;18:10;1;75;2;1;1;5;"48;8565920000";"2;2265400000"
202200021774;13;6;2022;16:04;1;33;2;1;1;6;"44;8358100000";" -0;5987700000"
202200021775;18;4;2022;16:15;1;75;2;2;1;3;"48;8392627902";"2;2919758922"
202200021776;17;4;2022;22:10;5;75;2;5;1;6;"48;8346500000";"2;4007870000"
202200021777;23;6;2022;11:00;1;29;2;1;1;1;"47;9969640000";" -4;1059970000"
202200021778;18;4;2022;20:00;1;75;2;2;1;3;"48;8481649854";"2;3990807346"
202200021779;21;6;2022;09:45;1;29;1;1;1;6;"47;9035087761";" -3;9107716084"
202200021780;18;4;2022;09:50;1;75;2;3;1;3;"48;8763587583";"2;3559846936"
202200021781;17;4;2022;21:30;5;75;2;3;1;6;"48;8552110000";"2;3611580000"
202200021782;18;4;2022;10:50;1;75;2;3;1;3;"48;8493280000";"2;3665770000"
202200021783;18;4;2022;13:20;1;94;2;3;1;3;"48;7503400000";"2;4828700000"
202200021784;17;4;2022;22:25;5;94;2;3;1;6;"48;7388900000";"2;4562700000"
202200021785;17;4;2022;19:49;1;94;2;1;1;7;"48;7530500758";"2;4482603072"
202200021786;18;4;2022;19:15;1;94;2;1;1;3;"48;8114200000";"2;3620900000"
202200021787;23;6;2022;21:49;2;18;2;2;2;4;"47;0807700000";"2;3829500000"
202200021788;17;4;2022;16:30;1;94;2;2;1;3;"48;8142100000";"2;4118100000"
202200021789;18;4;2022;19:30;1;93;2;2;1;3;"48;9493730000";"2;5196720000"
202200021790;20;6;2022;08:33;1;18;2;1;1;1;"47;0768000000";"2;4039900000"
202200021791;18;4;2022;17:05;1;93;2;2;1;6;"48;9155700000";"2;3998000000"
202200021792;19;4;2022;17:20;1;01;1;3;1;3;"45;9638890000";"5;1723500000"
202200021793;23;6;2022;16:30;1;17;2;2;1;3;"46;1598200000";" -1;1662100000"
202200021794;19;4;2022;18:00;1;68;2;1;1;6;"48;1597450000";"7;3775550000"
202200021795;22;6;2022;11:40;1;15;2;1;1;6;"44;9279500000";"2;4443900000"
202200021796;19;4;2022;18:45;1;62;2;3;7;3;"50;8626140000";"1;8811650000"
202200021797;20;4;2022;08:33;1;01;2;3;7;4;"46;1768150000";"5;7408880000"
202200021798;18;4;2022;19:05;1;74;1;3;1;6;"46;2839550000";"6;2603620000"
202200021799;22;6;2022;17:30;1;13;1;1;1;1;"43;4037600000";"5;2797100000"
202200021800;23;6;2022;09:00;1;13;2;6;1;2;"43;6281124104";"5;1123943180"
202200021801;17;4;2022;12:28;1;74;1;3;1;4;"45;8176290000";"6;0023550000"
202200021802;19;4;2022;16:55;1;76;2;1;1;3;"49;7459480000";"0;5125270000"
202200021803;20;4;2022;04:35;3;79;1;1;2;7;"46;4348400000";" -0;4515120000"
202200021804;23;6;2022;18:00;1;13;2;2;1;3;"43;2677800000";"5;4203200000"