Accident_Id;jour;mois;an;hrmn;lum;dep;agg;int;atm;col;lat;long
202200023028;6;3;2022;16:00;1;74;2;1;1;3;"46;3633900000";"6;4423400000"
202200023029;13;12;2022;11:10;1;24;1;1;1;3;"45;4748630000";"0;5337810000"
202200023030;16;12;2022;17:00;2;85;2;6;7;6;"46;8189310000";" -1;9932680000"
202200023031;7;3;2022;13:45;1;74;2;1;1;3;"46;1874000000";"6;2435600000"
202200023032;16;12;2022;23:45;5;30;2;1;1;6;"44;2036000000";"4;1391960000"
202200023033;8;3;2022;08:25;1;72;2;1;1;6;"47;9938400000";"0;2172600000"
202200023034;16;12;2022;07:15;2;76;1;1;4;4;"49;5096900000";"0;2880050000"
202200023035;8;3;2022;08:05;1;72;2;1;7;6;"47;9932800000";"0;1962600000"
202200023036;17;12;2022;10:10;1;62;1;1;1;6;"50;7192120000";"2;1725570000"
202200023037;16;12;2022;18:05;3;38;1;1;8;6;"45;6363376855";"5;1543555383"
202200023038;8;3;2022;17:35;2;71;2;2;7;3;"46;7949000000";"4;4247900000"
202200023039;16;12;2022;13:55;1;971;1;1;1;7;"15;9075690000";" -61;3177070000"
202200023040;15;12;2022;12:50;1;34;1;1;8;6;"43;2772870000";"2;7426020000"
202200023041;16;12;2022;19:10;3;34;2;1;1;1;"43;6614815849";"4;1590185463"
202200023042;8;3;2022;17:05;1;71;2;1;1;4;"46;8067500000";"4;4260700000"
202200023043;17;12;2022;14:15;1;69;2;1;1;2;"45;9353719220";"4;7183878720"
202200023044;9;3;2022;06:18;3;66;1;1;1;2;"42;7284500000";"2;9099700000"
202200023045;8;12;2022;19:30;5;69;2;1;1;6;"45;7224380000";"4;6979570000"
202200023046;9;3;2022;16:25;1;59;2;1;1;6;"50;6620565992";"3;0962755680"
202200023047;16;12;2022;17:40;5;31;2;1;2;5;"43;4634250000";"1;3327310000"
202200023048;9;3;2022;08:20;1;59;2;1;1;3;"50;6179100000";"3;0582400000"
202200023049;6;3;2022;19:15;3;57;2;1;1;7;"49;2582736000";"6;1337600000"
202200023050;16;12;2022;16:30;1;33;2;2;1;2;"44;7522390000";" -0;5403240000"
202200023051;14;11;2022;08:20;2;85;2;6;2;1;"46;7509091000";" -1;6239729000"
202200023052;9;3;2022;17:05;1;51;2;3;1;2;"49;2718485291";"4;0338867903"
202200023053;16;12;2022;09:30;1;62;1;1;9;6;"50;4888450000";"1;6834060000"
202200023054;9;3;2022;19:00;5;44;2;6;1;3;"47;2293410000";" -1;6080670000"
202200023055;6;3;2022;08:50;1;43;2;1;1;6;"45;0555206050";"3;9026355743"
202200023056;16;12;2022;15:10;1;59;1;1;5;2;"50;2969340000";"3;6376760000"
202200023057;13;1;2022;10:00;1;42;2;1;1;3;"45;4401030000";"4;4225200000"
202200023058;9;3;2022;10:35;1;37;2;1;1;6;"47;3961945171";"0;6839472055"
202200023059;8;3;2022;13:30;1;35;2;1;2;3;"48;1163800000";" -1;7117000000"
202200023060;16;12;2022;00:45;3;13;1;1;8;7;"43;3460000000";"5;3460000000"
202200023061;9;3;2022;09:27;1;33;2;3;1;3;"44;8735330234";" -0;6172285974"
202200023062;8;3;2022;23:35;5;33;1;1;1;6;"44;8918074829";" -0;6146308780"
202200023063;9;3;2022;14:50;1;28;2;6;1;1;"48;4379000000";"1;4883600000"
202200023064;8;3;2022;11:50;1;27;2;2;1;5;"49;0185176531";"1;1424407958"
202200023065;9;3;2022;16:30;1;25;2;3;1;3;"47;2339900000";"6;0071800000"
202200023066;9;3;2022;06:59;1;25;2;4;1;2;"47;2477600000";"6;0282700000"
202200023067;9;3;2022;18:20;1;13;2;1;1;1;"43;3100276660";"5;4605661230"
202200023068;8;3;2022;01:09;5;13;2;9;1;2;"43;2883184766";"5;3845019893"
202200023069;9;3;2022;13:25;1;06;2;9;1;6;"43;7451100000";"7;3072700000"
202200023070;9;3;2022;15:40;1;06;2;1;1;5;"43;6452650000";"6;9028590000"
202200023071;7;3;2022;14:20;1;06;1;6;1;3;"43;6111750000";"7;1266740000"
202200023072;9;3;2022;09:30;1;75;2;4;1;7;"48;8248232042";"2;3045204580"
202200023073;8;3;2022;17:20;1;75;2;4;1;3;"48;8808527856";"2;4050099077"
202200023074;9;3;2022;18:19;2;75;2;1;1;2;"48;8483210000";"2;3291950000"
202200023075;9;3;2022;15:38;1;75;2;2;1;3;"48;8466070000";"2;3516520000"
202200023076;9;3;2022;12:15;1;75;2;2;1;6;"48;8920660000";"2;3725420000"
202200023077;9;3;2022;11:05;1;75;2;2;1;2;"48;8944390000";"2;3814680000"
202200023078;9;3;2022;06:10;5;75;2;2;1;3;"48;8770868176";"2;4068950117"
202200023079;9;3;2022;20:40;5;75;2;2;1;3;"48;8832900000";"2;3192640000"
202200023080;9;3;2022;11:30;1;75;2;1;1;6;"48;8668140000";"2;2786160000"
202200023081;8;3;2022;09:35;1;75;2;2;1;3;"48;8676520000";"2;2508860000"
202200023082;9;3;2022;18:15;1;75;2;3;1;6;"48;8518610000";"2;3737400000"
202200023083;9;3;2022;13:55;1;75;2;1;1;4;"48;8431820000";"2;3710260000"
202200023084;9;3;2022;13:45;1;75;2;1;1;6;"48;8816370000";"2;3512740000"
202200023085;9;3;2022;12:30;1;75;2;5;1;3;"48;8826725880";"2;3698684573"
202200023086;8;3;2022;13:00;1;75;2;2;1;6;"48;8699336638";"2;3119456711"
202200023087;8;3;2022;09:45;1;75;2;1;1;1;"48;8613979033";"2;3284624849"
202200023088;9;3;2022;12:00;1;94;2;1;1;3;"48;7518400000";"2;4873900000"
202200023089;8;3;2022;08:50;1;94;2;9;1;3;"48;7933400000";"2;4873900000"
202200023090;9;3;2022;20:20;5;94;2;1;1;6;"48;8130500000";"2;3882200000"
202200023091;9;3;2022;19:15;5;94;2;3;1;6;"48;7656200000";"2;4096400000"
202200023092;9;3;2022;17:15;1;93;2;1;1;1;"48;9299100000";"2;3657000000"
202200023093;9;3;2022;14:45;1;93;2;2;1;3;"48;8530700000";"2;5149700000"
202200023094;9;3;2022;07:45;1;93;2;1;1;4;"48;8673400000";"2;5287200000"
202200023095;9;3;2022;12:21;1;93;2;1;1;6;"48;9305900000";"2;5547700000"
202200023096;9;3;2022;19:48;3;93;2;1;1;6;"48;9633622236";"2;4711665667"
202200023097;9;3;2022;08:55;1;92;2;3;1;3;"48;8245600000";"2;2200800000"
202200023098;8;3;2022;07:50;1;92;2;1;1;6;"48;8950597768";"2;2728100419"
202200023099;9;3;2022;17:45;1;92;2;2;1;6;"48;8224986201";"2;2680421471"
202200023100;8;3;2022;19:05;1;92;2;2;1;1;"48;9217905440";"2;3058008105"
202200023101;9;3;2022;13:15;5;92;1;1;1;6;"48;8274350000";"2;2451120000"
202200023102;4;3;2022;09:40;1;972;2;6;8;6;"14;5219160000";" -60;9808110000"
202200023103;10;3;2022;09:15;1;34;2;1;8;6;"43;5763490000";"3;8363520000"
202200023104;10;3;2022;08:00;1;83;1;1;5;3;"43;5073961009";"5;7337918281"
202200023105;9;3;2022;15:55;1;51;2;1;1;7;"49;2133510000";"4;0961310000"
202200023106;9;3;2022;16:05;1;80;1;1;1;7;"49;9197510000";"2;7268730000"
202200023107;9;3;2022;23:10;5;80;2;3;1;6;"50;2196970000";"1;6226920000"
202200023108;9;3;2022;08:13;1;82;1;2;5;3;"43;8205250000";"1;1836800000"
202200023109;9;3;2022;13:35;1;61;1;1;1;7;"48;8720540000";"0;2231810000"
202200023110;2;3;2022;18:30;3;49;1;9;1;4;"47;3158340000";" -1;1631450000"
202200023111;9;3;2022;19:30;3;47;1;1;1;6;"44;4171990000";"0;3346540000"
202200023112;9;3;2022;12:30;1;22;1;2;1;3;"48;3625970000";" -2;4974210000"
202200023113;10;3;2022;08:05;1;25;1;3;1;1;"46;9463220000";"6;1135750000"
202200023114;7;3;2022;20:00;3;35;1;3;1;3;"48;4990050000";" -1;9056130000"
202200023115;10;3;2022;11:30;1;29;2;4;1;6;"48;2774020000";" -3;5699180000"
202200023116;5;3;2022;19:10;2;29;1;3;1;6;"47;8194080000";" -4;3188290000"
202200023117;9;3;2022;16:05;1;31;2;9;1;6;"43;0863560000";"0;5736550000"
202200023118;10;3;2022;15:15;1;58;2;1;1;3;"47;4503940000";"3;5048960000"
202200023119;9;3;2022;19:45;5;54;2;1;1;6;"48;8420460000";"6;0676090000"
202200023120;7;3;2022;18:15;1;14;1;4;1;3;"49;0024700000";"0;2981440000"
202200023121;10;3;2022;16:40;1;60;2;1;1;7;"49;2153040000";"2;4073820000"
202200023122;9;3;2022;19:50;3;18;1;1;1;6;"47;1402420000";"2;2504380000"
202200023123;8;3;2022;15:33;1;21;1;1;1;7;"47;4139000000";"5;2672000000"
202200023124;9;3;2022;21:56;3;27;1;1;1;1;"49;1548820000";"0;6489500000"
202200023125;9;3;2022;16:50;1;23;1;3;1;6;"46;1828170000";"2;4801210000"
202200023126;10;3;2022;12:15;1;01;1;1;1;3;"46;1304250000";"5;5080470000"
202200023127;9;3;2022;17:30;1;35;1;1;8;2;"48;1217570000";" -1;8299960000"
202200023128;9;3;2022;11:15;1;01;1;1;1;2;"45;9894180000";"5;3130380000"
202200023129;4;3;2022;16:00;1;74;2;1;1;6;"46;0646520000";"6;5797110000"
202200023130;8;3;2022;13:30;1;38;1;1;1;6;"45;6448880000";"5;1373960000"
202200023131;9;3;2022;15:50;1;13;1;1;1;5;"43;7697700000";"5;0691350000"
202200023132;9;3;2022;22:30;3;78;1;1;1;3;"48;4824110000";"1;9131150000"
202200023133;9;3;2022;17:00;1;91;1;1;1;7;"48;6082840000";"2;0954710000"
202200023134;9;3;2022;09:50;1;13;2;1;1;3;"43;4871590000";"5;6111380000"
202200023135;9;3;2022;17:20;1;83;2;1;1;6;"43;3107560000";"6;6342030000"
202200023136;6;3;2022;12:15;1;06;2;1;8;1;"43;8537040000";"7;2221070000"
202200023137;9;3;2022;21:20;3;13;2;1;1;1;"43;4798300000";"5;2312200000"
202200023138;10;3;2022;18:35;2;38;1;2;1;5;"45;5662660000";"4;8584090000"
202200023139;3;9;2022;13:10;1;35;1;1;1;6;"48;0996530000";" -1;7146050000"
202200023140;3;9;2022;14:22;1;35;2;2;1;6;"48;1055800000";" -1;6847900000"
202200023141;9;3;2022;17:30;1;01;2;3;1;3;"45;8479010000";"5;0507610000"
202200023142;3;9;2022;20:00;1;33;2;1;1;1;"44;8796418378";" -0;5839852989"
202200023143;3;9;2022;02:54;5;31;2;6;1;6;"43;5913600000";"1;4531600000"
202200023144;10;3;2022;14:54;1;01;1;1;1;1;"46;2499270000";"6;1105870000"
202200023145;3;9;2022;17:00;1;29;2;2;1;3;"48;3828800000";" -4;5386200000"
202200023146;3;9;2022;20:30;1;22;2;1;1;2;"48;4752200000";" -2;7507600000"
202200023147;9;3;2022;21:50;3;01;1;1;1;5;"45;9283150000";"5;2820370000"
202200023148;4;9;2022;02:30;5;10;2;1;1;7;"48;3045600000";"4;0551700000"
202200023149;9;3;2022;14:00;1;09;1;1;1;6;"43;0963300000";"1;8961070000"
202200023150;9;3;2022;21:15;3;72;1;1;1;6;"47;6650500000";" -0;0738700000"
202200023151;3;9;2022;21:10;5;10;2;2;1;3;"48;3050800000";"4;0531700000"
202200023152;8;3;2022;16:40;1;44;2;1;1;1;"47;2639260000";" -1;4876340000"
202200023153;3;9;2022;03:03;5;06;2;1;1;6;"43;6715900000";"7;2247500000"
202200023154;1;9;2022;04:36;5;75;2;1;1;7;"48;8202230000";"2;4489200000"
202200023155;3;9;2022;17:00;1;75;2;2;1;2;"48;8437960000";"2;3523050000"
202200023156;9;3;2022;18:45;3;60;1;1;1;1;"49;1943551562";"2;2549953455"
202200023157;2;9;2022;09:30;1;75;2;3;8;4;"48;8902490000";"2;3987340000"
202200023158;10;3;2022;09:52;1;60;2;1;1;6;"49;5862170000";"2;9133800000"
202200023159;3;9;2022;16:20;1;75;2;2;1;6;"48;8956190000";"2;3265910000"
202200023160;1;9;2022;05:05;5;75;2;7;1;6;"48;8631220000";"2;2864770000"
202200023161;6;3;2022;20:00;3;13;1;1;1;2;"43;3791300000";"5;3546100000"
202200023162;2;9;2022;08:10;1;75;2;7;1;6;"48;8373900000";"2;2796360000"
202200023163;9;3;2022;08:40;1;33;1;1;1;4;"44;7554800000";" -0;6870100000"
202200023164;3;9;2022;12:17;1;75;2;2;1;3;"48;8443160000";"2;4104070000"
202200023165;9;3;2022;07:31;2;33;1;1;1;6;"44;8094312403";" -0;5323795974"
202200023166;3;9;2022;05:05;5;75;2;2;1;6;"48;8446660000";"2;3691510000"
202200023167;9;3;2022;18:25;1;91;1;1;1;2;"48;7105400000";"2;3004200000"
202200023168;3;9;2022;02:00;5;75;2;1;1;6;"48;8538130000";"2;3802270000"
202200023169;9;3;2022;10:15;1;91;1;1;1;2;"48;6112000000";"2;4325600000"
202200023170;2;9;2022;22:28;5;75;2;7;1;6;"48;8822230000";"2;3377050000"
202200023171;9;3;2022;10:30;1;78;1;1;1;3;"48;8304190000";"2;0817840000"
202200023172;3;9;2022;07:40;1;94;2;3;1;6;"48;7423780000";"2;3862320000"
202200023173;9;3;2022;08:35;1;78;1;1;1;3;"48;7814560000";"2;1685700000"
202200023174;9;3;2022;05:50;3;92;1;1;1;6;"48;9065130000";"2;2111820000"
202200023175;8;3;2022;14:10;1;78;1;1;1;6;"48;9647400000";"1;8008100000"
202200023176;2;9;2022;22:20;5;93;2;2;1;3;"48;9561987148";"2;5766551991"
202200023177;9;3;2022;21:30;5;93;1;1;1;5;"48;9078000000";"2;3582000000"
202200023178;3;9;2022;16:30;1;93;2;1;1;4;"48;8953220253";"2;4705166836"
202200023179;9;3;2022;06:15;2;77;1;1;1;2;"48;8212450000";"2;6153450000"
202200023180;3;9;2022;05:40;5;93;2;1;1;6;"48;8637900000";"2;5360800000"
202200023181;8;3;2022;13:25;1;59;2;1;1;6;"50;6960450000";"3;1862270000"
202200023182;9;3;2022;06:48;1;988;2;3;1;3;" -22;2781200000";"166;4687500000"
202200023183;3;9;2022;08:45;1;93;2;1;1;5;"48;9086338417";"2;4992175560"
202200023184;9;3;2022;09:00;1;988;2;1;1;3;" -22;2959200000";"166;4452100000"
202200023185;8;3;2022;18:30;2;974;2;1;2;2;" -20;8876200000";"55;4422700000"
202200023186;3;9;2022;01:14;5;92;2;2;1;3;"48;8465900000";"2;2235800000"
202200023187;8;3;2022;12:45;1;974;2;3;1;3;" -20;8727000000";"55;4496700000"
202200023188;3;9;2022;19:22;1;92;2;2;1;3;"48;7998370000";"2;2857260000"
202200023189;3;9;2022;20:00;1;92;2;9;1;3;"48;8240967796";"2;2678565383"
202200023190;8;3;2022;10:20;1;974;2;2;1;6;" -20;8820900000";"55;4497500000"
202200023191;3;9;2022;15:10;1;76;2;6;2;6;"49;6161770000";"0;4757170000"
202200023192;7;3;2022;19:40;4;974;2;1;1;6;" -20;9678480000";"55;6481560000"
202200023193;2;9;2022;22:35;3;51;1;1;1;1;"48;7987860000";"4;6964940000"
202200023194;8;3;2022;23:20;5;69;2;3;1;3;"45;7544684712";"4;8820334673"
202200023195;8;3;2022;08:45;2;69;2;1;1;3;"45;7302477573";"4;8556162589"
202200023196;3;9;2022;17:11;1;22;1;1;1;4;"48;4216890000";" -2;2645780000"
202200023197;3;9;2022;05:20;3;11;1;1;1;2;"43;1889740000";"2;4084900000"
202200023198;8;3;2022;08:50;1;69;2;2;1;6;"45;6939000000";"4;8751400000"
202200023199;3;9;2022;17:43;1;31;1;1;1;7;"43;5983420000";"1;6526810000"
202200023200;8;3;2022;07:00;1;972;2;1;1;3;"14;6076270000";" -61;0693300000"
202200023201;4;9;2022;14:40;1;71;1;1;1;3;"46;2712010000";"4;7882580000"
202200023202;8;3;2022;19:30;2;69;2;4;1;3;"45;7619100000";"4;8261200000"
202200023203;3;9;2022;17:50;1;972;1;1;1;3;"14;5299480000";" -61;0129920000"
202200023204;4;9;2022;19:00;2;54;2;1;1;6;"49;4533030000";"5;4626780000"
202200023205;8;3;2022;16:00;1;69;1;1;1;4;"45;7925339883";"4;8726296425"
202200023206;4;9;2022;18:35;1;01;1;1;1;6;"46;1992530000";"5;9338080000"
202200023207;3;9;2022;21:50;3;71;1;1;1;6;"46;9154960000";"4;8191250000"
202200023208;7;3;2022;20:00;5;91;2;1;1;4;"48;6080190000";"2;4646650000"
202200023209;4;9;2022;08:30;1;62;2;1;1;2;"50;7841330000";"1;9275090000"
202200023210;7;3;2022;16:10;1;91;2;6;1;3;"48;4288700000";"2;1581900000"
202200023211;3;9;2022;05:50;3;34;1;1;8;5;"43;6366060000";"3;4470210000"
202200023212;7;3;2022;21:27;5;87;2;1;1;6;"45;8838100000";"1;2837100000"
202200023213;3;9;2022;16:10;1;87;2;1;1;1;"45;7783800000";"1;1995240000"
202200023214;7;3;2022;17:17;1;87;2;3;1;3;"45;8252900000";"1;2419600000"
202200023215;30;8;2022;17:45;1;91;2;6;7;3;"48;6202290000";"2;4899380000"
202200023216;4;9;2022;17:10;1;62;1;1;1;3;"50;7533000000";"1;6824600000"
202200023217;7;3;2022;16:55;1;86;2;1;1;4;"46;5530600000";"0;3107440000"
202200023218;30;8;2022;02:28;3;51;1;6;1;7;"49;3385834095";"4;1812527180"
202200023219;7;3;2022;08:45;1;80;2;1;1;6;"49;9005900000";"2;2693300000"
202200023220;2;9;2022;11:00;1;51;1;3;1;1;"48;7273220000";"3;6857490000"
202200023221;7;3;2022;08:40;1;80;2;1;1;3;"49;8887500000";"2;2777800000"
202200023222;4;9;2022;06:47;2;76;1;1;1;1;"49;5928470000";"0;2633390000"
202200023223;8;3;2022;15:25;1;78;2;3;1;2;"48;9345770000";"2;0416060000"
202200023224;4;9;2022;13:00;1;76;2;2;1;3;"49;8488300000";"0;9525030000"
202200023225;4;9;2022;08:45;1;33;1;1;1;7;"44;6880910000";" -0;0293000000"
202200023226;8;3;2022;17:40;1;77;2;3;1;6;"48;5974400000";"2;5784700000"
202200023227;5;3;2022;15:10;1;77;1;8;7;-1;"48;4978572267";"2;6862560745"
202200023228;4;9;2022;17:05;1;32;1;1;1;5;"43;9490180000";"0;6551240000"
202200023229;31;8;2022;17:15;1;63;1;1;1;7;"45;5983800000";"3;2919500000"
202200023230;4;9;2022;07:40;2;61;1;1;1;6;"48;4290010000";"0;7626270000"
202200023231;7;3;2022;20:40;3;77;2;1;1;2;"48;8465300000";"2;7479600000"
202200023232;4;9;2022;14:50;1;34;1;1;1;6;"43;3716040000";"3;4088050000"
202200023233;4;9;2022;03:05;3;44;1;1;1;7;"47;4513950000";" -2;1967180000"
202200023234;8;3;2022;07:03;2;76;1;2;1;3;"49;5091400000";"0;1453300000"
202200023235;4;9;2022;06:30;3;29;1;1;2;6;"48;4494229820";" -4;6233040093"
202200023236;3;9;2022;14:45;1;29;1;3;1;1;"47;9796153955";" -4;4332344532"
202200023237;6;3;2022;21:00;5;76;2;2;1;3;"49;5170300000";"0;1162700000"
202200023238;3;9;2022;12:00;1;31;1;2;1;3;"43;3158400000";"1;4554670000"
202200023239;8;3;2022;17:40;1;69;2;1;1;6;"45;7778101177";"4;9268424511"
202200023240;3;9;2022;15:30;1;38;1;4;1;3;"45;1060610000";"5;2763770000"
202200023241;8;3;2022;12:30;1;69;2;1;1;6;"45;7555600000";"4;8913600000"
202200023242;3;9;2022;17:40;1;03;1;1;1;7;"46;2740820000";"3;2239940000"
202200023243;8;3;2022;08:50;1;69;2;1;1;6;"45;7382800000";"4;9240200000"
202200023244;3;9;2022;16:30;1;15;1;1;1;7;"45;1577604940";"2;9242944472"
202200023245;8;3;2022;18:50;5;69;2;6;1;7;"45;9838700000";"4;7479700000"
202200023246;3;9;2022;14:15;1;15;1;1;1;2;"45;0704780000";"2;9607510000"
202200023247;4;3;2022;07:35;1;67;2;1;1;6;"48;6110000000";"7;7377100000"
202200023248;3;9;2022;19:28;1;15;1;1;1;7;"45;3430642502";"2;4806410074"
202200023249;4;9;2022;14:05;1;85;1;1;1;7;"46;6326982544";" -1;4779177919"
202200023250;7;3;2022;16:50;1;65;2;1;1;3;"43;2215030000";"0;1047620000"
202200023251;4;9;2022;00:40;3;58;2;1;1;6;"46;8627660000";"3;3274730000"
202200023252;8;3;2022;09:10;1;64;2;6;1;4;"43;3225122412";" -0;3994747996"
202200023253;4;9;2022;15:45;1;50;1;2;1;2;"49;5118070000";" -1;5949380000"
202200023254;4;9;2022;09:00;1;36;1;1;1;6;"46;7116388457";"2;0539069176"
202200023255;8;3;2022;01:18;5;63;2;1;1;7;"45;7911600000";"3;1135500000"
202200023256;7;3;2022;12:27;1;63;2;1;1;6;"45;7967600000";"3;1125800000"
202200023257;4;9;2022;11:00;1;40;1;2;1;3;"43;7575960000";" -1;3111710000"
202200023258;4;9;2022;17:45;1;85;1;1;1;6;"46;4736820000";" -1;6324460000"
202200023259;3;2;2022;16:30;1;62;2;6;8;6;"50;9546600000";"1;8506500000"
202200023260;29;8;2022;09:45;1;85;1;2;1;3;"46;4274090000";" -0;7705340000"
202200023261;8;3;2022;10:00;1;59;2;3;7;6;"50;7275800000";"3;1488300000"
202200023262;4;9;2022;07:30;2;85;1;1;1;6;"46;5571860000";" -1;1412910000"
202200023263;3;9;2022;07:20;2;37;1;1;1;6;"47;2566328465";"0;6743931770"
202200023264;8;3;2022;20:50;5;59;2;6;1;3;"50;2619903444";"3;8971787095"
202200023265;2;3;2022;11:15;1;59;2;1;1;6;"50;7382871418";"2;7319697142"
202200023266;3;9;2022;23:45;4;973;1;9;1;5;"4;8340610000";" -52;3395470000"
202200023267;3;9;2022;17:30;1;973;1;1;1;1;"4;7714570000";" -52;3392430000"
202200023268;3;3;2022;17:22;1;54;2;2;1;6;"48;6920823177";"6;1801300943"
202200023269;2;9;2022;15:00;1;01;1;1;1;7;"46;1346350000";"5;5236180000"
202200023270;7;3;2022;08:50;1;54;2;1;1;2;"48;6169440000";"6;1809400000"
202200023271;4;9;2022;06:40;2;34;1;1;1;5;"43;5094200000";"3;7987450000"
202200023272;2;9;2022;00:50;3;988;2;2;1;6;" -22;1209600000";"166;3724700000"
202200023273;8;3;2022;11:15;1;51;2;3;1;3;"49;2423300000";"4;0407400000"
202200023274;3;9;2022;07:00;1;971;2;1;8;6;"16;2593190000";" -61;2661650000"
202200023275;4;9;2022;17:00;1;04;1;3;1;1;"43;8707200000";"6;5119210000"
202200023276;8;3;2022;09:00;1;51;2;6;1;1;"49;2572695161";"4;0388783813"
202200023277;4;9;2022;01:45;3;88;1;1;1;7;"48;3302210000";"6;7775880000"
202200023278;3;9;2022;00:10;4;57;2;1;1;7;"49;1231648905";"6;0203441978"
202200023279;7;3;2022;08:45;1;50;2;3;1;3;"49;0521800000";" -1;4368000000"
202200023280;3;9;2022;18:10;1;38;1;1;1;3;"45;1062880000";"5;7030200000"
202200023281;8;3;2022;15:55;1;49;2;1;2;6;"47;0730000000";" -0;8770000000"
202200023282;3;9;2022;01:50;4;59;1;1;1;6;"50;5893199152";"3;1573407083"
202200023283;6;3;2022;12:05;1;49;2;1;1;7;"47;5142200000";" -0;6186900000"
202200023284;4;9;2022;17:15;1;59;1;3;1;1;"50;6088349879";"2;7502566576"
202200023285;2;9;2022;21:38;3;83;1;1;1;2;"43;1345280000";"5;9878190000"
202200023286;8;3;2022;08:40;1;45;2;2;1;3;"47;9512486592";"1;8832781911"
202200023287;3;9;2022;02:10;3;69;1;1;2;2;"45;6007100000";"4;7961400000"
202200023288;5;3;2022;16:10;1;44;1;1;1;6;"47;2709860000";" -2;2500330000"
202200023289;8;3;2022;12:30;1;38;2;1;1;2;"45;1619900000";"5;7102400000"
202200023290;3;9;2022;17:45;1;91;1;1;1;4;"48;6791800000";"2;3343200000"
202200023291;8;3;2022;07:20;1;35;1;1;1;6;"48;1160700000";" -1;5692100000"
202200023292;3;9;2022;14:00;1;94;1;1;1;4;"48;8058374754";"2;3418176354"
202200023293;8;3;2022;23:10;3;34;1;1;2;2;"43;5617700000";"3;8938200000"
202200023294;3;9;2022;14:15;1;91;1;1;1;5;"48;6250900000";"2;3072600000"
202200023295;27;2;2022;02:46;3;34;1;1;1;6;"43;3198800000";"3;4633600000"
202200023296;3;9;2022;08:45;1;94;1;1;1;7;"48;7577255108";"2;3280598325"
202200023297;8;3;2022;19:30;5;33;2;2;2;3;"44;8570900000";" -0;5911500000"
202200023298;3;9;2022;00:25;3;92;1;1;1;3;"48;9348846198";"2;2827304295"
202200023299;2;9;2022;11:45;1;92;1;1;1;6;"48;9088704627";"2;2144268065"
202200023300;8;3;2022;21:40;3;33;2;1;2;7;"44;8385400000";" -0;5788600000"
202200023301;3;9;2022;17:25;1;93;1;1;1;2;"48;8929993282";"2;4727561176"
202200023302;8;3;2022;20:05;5;32;1;1;1;3;"43;6633301055";"0;5914244056"
202200023303;3;9;2022;14:00;1;93;1;1;1;5;"48;9189934371";"2;3572939965"
202200023304;7;3;2022;07:05;2;31;2;1;1;6;"43;6168700000";"1;4276500000"
202200023305;3;9;2022;13:05;1;77;1;1;1;6;"48;9653629156";"2;6087478900"
202200023306;6;3;2022;03:00;5;31;2;1;1;6;"43;6541610000";"1;4231500000"
202200023307;3;9;2022;10:15;1;77;1;1;1;5;"48;5768528552";"2;6385723085"
202200023308;7;3;2022;17:40;1;31;1;1;1;1;"43;1365700000";"0;7269100000"
202200023309;3;9;2022;09:20;1;77;1;1;1;2;"48;5842210000";"2;6370580000"
202200023310;7;3;2022;15:39;1;30;2;6;1;1;"44;1532100000";"4;6164000000"
202200023311;2;9;2022;15:00;1;94;1;1;2;2;"48;8171389327";"2;4422619339"
202200023312;2;9;2022;16:50;1;76;2;7;1;6;"49;4404000000";"1;1455800000"
202200023313;8;3;2022;13:15;1;30;2;2;8;3;"44;1373100000";"4;1049200000"
202200023314;2;9;2022;08:25;1;32;2;1;1;7;"43;6454000000";"0;5822700000"
202200023315;31;8;2022;11:10;1;50;2;6;1;2;"49;6357000000";" -1;6305000000"
202200023316;7;3;2022;20:05;3;19;2;1;1;3;"45;1580665768";"1;5604280680"
202200023317;15;2;2022;16:50;1;73;1;1;2;1;"45;5965676846";"5;9085293283"
202200023318;7;3;2022;08:50;1;19;2;6;1;3;"45;1588518046";"1;5113373399"
202200023319;2;9;2022;15:45;1;974;1;9;1;3;" -21;3000000000";"55;5000000000"
202200023320;2;9;2022;16:45;1;974;2;1;1;6;" -20;8867920000";"55;4093670000"
202200023321;2;9;2022;12:30;1;974;2;1;1;7;" -20;8896800000";"55;4227900000"
202200023322;2;9;2022;10:40;1;974;2;1;1;6;" -20;9459750000";"55;3006610000"
202200023323;8;3;2022;13:05;1;14;2;1;1;6;"49;3626100000";"0;0792900000"
202200023324;2;9;2022;08:50;1;69;2;3;1;3;"45;7323900000";"4;8825900000"
202200023325;2;9;2022;02:50;5;69;2;3;1;1;"45;7463600000";"4;8285000000"
202200023326;2;9;2022;05:00;5;971;2;9;1;6;"16;2554905783";" -61;5131485462"
202200023327;2;9;2022;09:00;1;95;1;1;2;6;"48;9764800000";"2;4291800000"
202200023328;2;9;2022;22:10;5;91;2;1;1;3;"48;6981800000";"2;4164700000"
202200023329;2;9;2022;19:00;1;91;2;1;1;7;"48;6728400000";"2;4107900000"
202200023330;30;8;2022;11:09;1;90;2;1;1;2;"47;6205600000";"6;8365600000"
202200023331;2;9;2022;07:59;5;87;2;1;1;3;"45;8324400000";"1;2499400000"
202200023332;2;9;2022;02:55;3;87;1;1;1;6;"45;8801550000";"1;1745500000"
202200023333;2;9;2022;18:55;1;86;1;1;1;3;"46;6303690000";"0;2622470000"
202200023334;2;9;2022;08:25;1;86;1;1;1;3;"46;6109140000";"0;3733740000"
202200023335;2;9;2022;16:30;1;86;1;1;1;5;"46;8234560000";"0;5981560000"
202200023336;2;9;2022;16:20;1;83;2;2;1;3;"43;1285500000";"5;9039400000"
202200023337;31;8;2022;12:05;1;80;2;1;1;6;"49;8882200000";"2;2861800000"
202200023338;2;9;2022;20:50;5;76;2;1;1;6;"49;4078200000";"1;0763200000"