Accident_Id;jour;mois;an;hrmn;lum;dep;agg;int;atm;col;lat;long
202200023647;22;6;2022;17:50;1;76;2;3;1;6;"49;4183000000";"1;0447700000"
202200023648;16;4;2022;06:05;2;974;1;1;1;2;" -21;3322000000";"55;4580000000"
202200023649;5;5;2022;09:50;1;76;2;3;1;2;"49;4952900000";"0;1018500000"
202200023650;22;6;2022;09:30;1;71;1;1;1;3;"46;2838830000";"4;7760470000"
202200023651;16;4;2022;23:30;5;69;2;2;1;1;"45;7723600000";"4;8537900000"
202200023652;21;6;2022;08:00;1;71;1;2;1;5;"46;2780400000";"4;7766700000"
202200023653;16;6;2022;14:20;1;68;2;9;1;3;"48;0730440000";"7;3544250000"
202200023654;16;4;2022;15:30;1;69;2;2;7;3;"45;7582700000";"4;8659100000"
202200023655;22;6;2022;18:20;1;64;2;2;1;3;"43;3062200000";" -0;3748900000"
202200023656;16;4;2022;04:00;5;69;2;2;1;3;"45;7417000000";"4;8621000000"
202200023657;22;6;2022;12:55;1;64;2;1;1;3;"43;3247800000";" -0;4377700000"
202200023658;16;4;2022;17:00;1;972;2;1;7;2;"14;6189000000";" -61;0217400000"
202200023659;12;6;2022;18:00;1;59;1;1;1;3;"50;5909000000";"3;0090600000"
202200023660;21;6;2022;21:14;1;56;2;1;1;6;"47;7401500000";" -3;3790900000"
202200023661;16;4;2022;12:30;1;69;2;3;1;1;"45;7743511831";"4;8318087682"
202200023662;16;4;2022;02:55;5;2B;1;9;1;7;"42;7163400000";"9;4555800000"
202200023663;21;6;2022;13:58;1;56;2;1;1;6;"47;7665900000";" -3;3932400000"
202200023664;21;6;2022;12:20;1;56;2;1;1;6;"47;7629300000";" -3;3771600000"
202200023665;16;4;2022;14:45;1;971;1;1;1;2;"16;2517448022";" -61;5186524391"
202200023666;22;6;2022;16:40;1;54;2;1;1;2;"48;6632700000";"6;1890200000"
202200023667;16;4;2022;16:30;1;2A;2;1;1;6;"41;9320200000";"8;7562800000"
202200023668;22;6;2022;21:54;2;51;2;1;1;3;"49;2536561862";"4;0221253037"
202200023669;22;6;2022;13:45;1;51;2;2;2;3;"49;2382800000";"4;0205700000"
202200023670;16;4;2022;13:10;1;95;2;1;1;5;"48;9723274835";"2;3533219099"
202200023671;22;6;2022;10:00;1;51;2;1;1;7;"49;2724925481";"4;0265160799"
202200023672;15;4;2022;13:34;1;91;1;3;1;1;"48;6169900000";"2;2569900000"
202200023673;21;6;2022;17:35;1;49;2;6;1;3;"47;2748100000";" -0;0611100000"
202200023674;16;4;2022;16:30;1;91;2;1;1;6;"48;6906450000";"2;3105010000"
202200023675;22;6;2022;01:36;5;49;2;1;1;6;"47;4801800000";" -0;5660900000"
202200023676;22;6;2022;17:45;1;44;2;6;1;3;"47;2584600000";" -1;6242550000"
202200023677;16;4;2022;14:40;1;91;2;1;1;1;"48;7227700000";"2;4489300000"
202200023678;21;6;2022;18:00;1;44;2;1;8;6;"47;2292800000";" -1;6340540000"
202200023679;22;6;2022;07:30;1;44;2;1;1;3;"47;2404500000";" -1;5587800000"
202200023680;14;4;2022;18:30;1;83;2;3;1;3;"43;4299567974";"6;7998635173"
202200023681;22;6;2022;21:25;2;37;2;6;8;3;"47;3951918126";"0;7261101902"
202200023682;16;4;2022;22:10;5;81;2;6;1;7;"43;9248700000";"2;1332000000"
202200023683;22;6;2022;07:50;1;37;2;3;1;3;"47;3842420735";"0;7012809813"
202200023684;22;6;2022;22:55;5;35;2;2;2;1;"48;1003420000";" -1;6499300000"
202200023685;22;6;2022;17:40;1;35;2;1;3;3;"48;0958634062";" -1;6333838180"
202200023686;16;4;2022;20:15;1;69;2;2;1;3;"45;7491500000";"4;9143400000"
202200023687;22;6;2022;08:30;1;35;2;6;1;3;"48;1159638755";" -1;7049575597"
202200023688;16;4;2022;18:38;1;69;2;1;1;3;"45;6877175336";"4;9532085657"
202200023689;21;6;2022;17:00;1;29;2;6;1;7;"48;0022200000";" -4;1083900000"
202200023690;16;4;2022;16:00;1;69;2;1;1;6;"45;9891700000";"4;7185800000"
202200023691;22;6;2022;09:20;1;29;1;1;1;6;"47;9826499900";" -4;0160675809"
202200023692;16;4;2022;17:50;1;64;2;1;1;1;"43;2966900000";" -0;3118900000"
202200023693;22;6;2022;04:20;3;22;2;1;1;6;"48;4674100000";" -2;7770600000"
202200023694;16;4;2022;11:25;1;64;2;1;1;7;"43;4811040554";" -1;5116930008"
202200023695;19;6;2022;18:35;1;19;2;1;1;1;"45;2795762711";"1;7483518124"
202200023696;22;6;2022;07:30;1;13;2;1;2;2;"43;2522400000";"5;3760500000"
202200023697;16;4;2022;05:04;5;64;2;3;1;6;"43;4859000000";" -1;4902100000"
202200023698;22;6;2022;06:00;1;13;2;1;2;2;"43;3270200000";"5;3589600000"
202200023699;16;4;2022;11:30;1;59;2;3;1;6;"50;6600000000";"3;0809000000"
202200023700;17;6;2022;08:30;1;13;2;1;1;6;"43;3165475451";"5;3892234104"
202200023701;22;6;2022;02:10;5;13;2;9;1;2;"43;2554160362";"5;3764744225"
202200023702;16;4;2022;09:00;1;37;2;2;1;3;"47;3975000000";"0;6994200000"
202200023703;21;6;2022;09:50;1;13;2;1;1;4;"43;2772800000";"5;3568000000"
202200023704;16;4;2022;17:50;1;35;1;1;1;3;"48;1597783418";" -1;7060512304"
202200023705;22;6;2022;22:30;5;13;2;1;1;3;"43;1747500000";"5;6027300000"
202200023706;22;6;2022;03:50;3;13;2;3;2;7;"43;5244300000";"5;4533700000"
202200023707;12;4;2022;09:08;1;34;2;1;1;4;"43;4360400000";"3;7392000000"
202200023708;22;6;2022;15:50;1;06;2;9;1;3;"43;6552900000";"6;9382000000"
202200023709;16;4;2022;19:10;1;33;2;1;1;3;"44;7857300000";" -0;6427800000"
202200023710;18;6;2022;10:50;1;03;2;1;1;6;"46;5640000000";"3;3315500000"
202200023711;15;4;2022;11:15;1;29;2;1;1;6;"48;0078100000";" -4;0933800000"
202200023712;21;6;2022;03:50;5;75;2;1;1;2;"48;9005860000";"2;3289880000"
202200023713;16;4;2022;12:54;1;15;2;6;1;2;"44;9231970000";"2;4425860000"
202200023714;20;6;2022;17:10;1;75;2;1;1;2;"48;8979210000";"2;3134410000"
202200023715;22;6;2022;02:10;5;75;2;1;1;6;"48;8834300000";"2;3997390000"
202200023716;16;4;2022;21:30;5;13;2;1;1;1;"43;2837259376";"5;4428386322"
202200023717;16;4;2022;08:55;1;13;2;1;1;2;"43;3039000000";"5;3981000000"
202200023718;22;6;2022;00:15;4;75;2;7;1;1;"48;9008670000";"2;3883290000"
202200023719;17;4;2022;00:29;3;10;1;1;1;1;"48;3158199607";"4;1174257476"
202200023720;22;6;2022;10:40;1;75;2;2;1;6;"48;8855360000";"2;3495390000"
202200023721;16;4;2022;21:19;5;10;2;2;1;1;"48;2850205740";"4;0624523163"
202200023722;22;6;2022;19:00;1;75;2;3;1;3;"48;8902590000";"2;3172120000"
202200023723;22;6;2022;02:15;5;75;2;1;1;6;"48;8858100000";"2;3156160000"
202200023724;16;4;2022;18:10;1;10;2;2;9;3;"48;3006500000";"4;0630200000"
202200023725;22;6;2022;14:40;1;75;2;2;1;2;"48;8411090000";"2;2879090000"
202200023726;15;4;2022;22:27;3;07;1;1;1;6;"44;9066600000";"4;8535000000"
202200023727;15;4;2022;16:10;1;07;2;1;1;6;"44;6176100000";"4;3889500000"
202200023728;22;6;2022;12:55;1;75;2;3;1;3;"48;8356730000";"2;3753640000"
202200023729;16;4;2022;15:20;1;06;1;1;1;1;"43;7209270000";"7;3037650000"
202200023730;22;6;2022;18:50;1;75;2;2;1;3;"48;8458160000";"2;3676590000"
202200023731;16;4;2022;20:40;2;75;2;1;1;2;"48;8264910000";"2;3891460000"
202200023732;22;6;2022;22:35;5;75;2;2;1;6;"48;8626080000";"2;3673450000"
202200023733;21;6;2022;23:20;5;75;2;1;1;6;"48;8697530000";"2;3668900000"
202200023734;16;4;2022;10:50;1;75;2;2;7;6;"48;8530620732";"2;3468081653"
202200023735;22;6;2022;13:30;1;75;2;3;1;6;"48;8793840000";"2;3370400000"
202200023736;16;4;2022;22:20;5;75;2;2;1;6;"48;8683080000";"2;3881700000"
202200023737;22;6;2022;09:50;1;75;2;2;1;1;"48;8771790000";"2;3489800000"
202200023738;16;4;2022;21:30;2;75;2;4;1;6;"48;8772090000";"2;4100960000"
202200023739;22;6;2022;19:40;1;75;2;7;1;2;"48;8833140000";"2;3269300000"
202200023740;16;4;2022;18:05;1;75;2;2;1;6;"48;8886163385";"2;3156449199"
202200023741;22;6;2022;16:56;1;75;2;3;1;3;"48;8661210000";"2;2894840000"
202200023742;16;4;2022;20:00;2;75;2;7;7;6;"48;8778450000";"2;2794290000"
202200023743;21;6;2022;22:11;5;75;2;7;1;3;"48;8696910000";"2;3101230000"
202200023744;16;4;2022;18:50;1;75;2;3;1;3;"48;8579350000";"2;2878940000"
202200023745;22;6;2022;02:15;5;75;2;2;1;7;"48;8628510000";"2;3134410000"
202200023746;14;4;2022;09:40;1;75;2;2;1;2;"48;8345450000";"2;2669430000"
202200023747;22;6;2022;00:00;5;94;2;1;1;3;"48;7909200000";"2;3879900000"
202200023748;21;6;2022;17:45;1;94;2;1;1;3;"48;8506900000";"2;4390200000"
202200023749;16;4;2022;16:05;1;75;2;7;1;6;"48;8344497934";"2;3324315250"
202200023750;21;6;2022;08:15;1;94;2;6;1;3;"48;7933890000";"2;4873080000"
202200023751;15;4;2022;17:20;1;75;2;1;1;7;"48;8255600000";"2;3153100000"
202200023752;20;6;2022;10:35;1;94;2;1;1;1;"48;8025900000";"2;4912200000"
202200023753;15;4;2022;20:00;1;75;2;4;1;3;"48;8494861453";"2;3709542701"
202200023754;22;6;2022;08:45;1;94;2;1;1;4;"48;8402600000";"2;4815000000"
202200023755;16;4;2022;18:50;1;75;2;3;1;3;"48;8587022897";"2;3843295872"
202200023756;22;6;2022;08:45;1;94;2;1;1;2;"48;8559000000";"2;5011400000"
202200023757;22;6;2022;12:40;1;94;2;3;1;1;"48;8186300000";"2;3933100000"
202200023758;16;4;2022;16:15;1;75;2;2;1;3;"48;8737180000";"2;3005650000"
202200023759;21;6;2022;20:00;1;94;2;3;1;3;"48;7923570000";"2;4579260000"
202200023760;16;4;2022;03:45;5;75;2;7;1;6;"48;8706688794";"2;3255623877"
202200023761;21;6;2022;21:47;2;94;2;1;1;4;"48;7551300000";"2;4114400000"
202200023762;16;4;2022;19:15;1;94;2;1;1;6;"48;7952192187";"2;4090700148"
202200023763;22;6;2022;08:00;1;94;2;1;8;7;"48;8171000000";"2;4578100000"
202200023764;22;6;2022;12:00;1;93;2;9;1;6;"48;9422931991";"2;3689243197"
202200023765;16;4;2022;04:15;5;94;2;1;1;2;"48;8082300000";"2;4494900000"
202200023766;22;6;2022;17:56;1;93;2;1;1;3;"48;9132640000";"2;5176710000"
202200023767;16;4;2022;13:15;1;94;2;3;1;2;"48;8037800000";"2;3305400000"
202200023768;21;6;2022;18:40;1;93;2;3;1;-1;"48;8749500000";"2;5457400000"
202200023769;16;4;2022;20:15;2;93;1;1;1;2;"48;9342300000";"2;5996300000"
202200023770;22;6;2022;07:40;1;93;2;1;1;2;"48;9220800000";"2;3801600000"
202200023771;16;4;2022;17:35;1;93;2;3;1;6;"48;9460930000";"2;3671080000"
202200023772;20;6;2022;23:15;5;93;2;2;1;3;"48;9194300000";"2;4135600000"
202200023773;16;4;2022;10:00;1;93;2;3;1;3;"48;8953430000";"2;4097220000"
202200023774;22;6;2022;20:20;1;93;2;2;1;3;"48;9071600000";"2;4887200000"
202200023775;22;6;2022;18:00;1;93;2;7;1;3;"48;9072300000";"2;4567400000"
202200023776;15;4;2022;23:00;5;93;2;1;1;3;"48;8914200000";"2;3988800000"
202200023777;22;6;2022;21:35;1;93;2;1;1;3;"48;9503493372";"2;5054208636"
202200023778;22;6;2022;14:45;1;92;2;1;1;3;"48;8831815676";"2;2652097344"
202200023779;22;6;2022;09:50;1;92;2;1;1;3;"48;8283100000";"2;2857600000"
202200023780;16;4;2022;18:03;1;93;2;3;1;4;"48;8659800000";"2;5344700000"
202200023781;21;6;2022;09:15;1;92;2;2;1;3;"48;9221190634";"2;3236216754"
202200023782;22;6;2022;08:35;1;92;2;3;1;6;"48;9206993558";"2;2292839587"
202200023783;22;6;2022;20:51;1;92;2;2;1;1;"48;9013233939";"2;3152487576"
202200023784;22;6;2022;18:25;1;92;2;1;1;6;"48;9074771875";"2;3083495796"
202200023785;22;6;2022;17:20;1;92;2;1;1;6;"48;9060276657";"2;3195880353"
202200023786;22;6;2022;01:30;5;92;2;1;1;2;"48;9083597144";"2;3002841771"
202200023787;22;6;2022;11:55;1;92;2;1;1;4;"48;7802929970";"2;2467810139"
202200023788;17;6;2022;19:46;1;92;2;1;1;2;"48;7716960004";"2;3121510744"
202200023789;22;6;2022;17:00;1;60;1;9;1;1;"49;3653690000";"2;5262760000"
202200023790;23;6;2022;18:00;1;51;2;1;1;1;"48;7184430000";"4;7868040000"
202200023791;22;6;2022;07:30;1;31;2;3;1;1;"43;6581870000";"1;6426870000"
202200023792;23;6;2022;02:57;3;28;1;1;1;7;"48;2420670000";"1;1001990000"
202200023793;22;6;2022;18:45;1;28;1;1;3;5;"48;2330990000";"1;1990440000"
202200023794;22;6;2022;12:30;1;11;1;3;1;3;"43;2660970000";"2;7356600000"
202200023795;22;6;2022;16:55;1;46;2;3;1;3;"44;3438080000";"1;2090540000"
202200023796;22;6;2022;19:20;2;01;1;1;3;2;"46;2338400000";"6;0105300000"
202200023797;22;6;2022;16:20;1;17;1;1;1;7;"46;2012100000";" -1;0271950000"
202200023798;20;6;2022;08:30;1;30;2;1;1;2;"43;9596000000";"4;7267680000"
202200023799;23;6;2022;17:50;1;62;2;1;1;1;"50;3836240000";"2;3408320000"
202200023800;8;6;2022;08:58;1;37;1;1;1;6;"47;4271872349";"0;7341367006"
202200023801;21;6;2022;08:30;1;91;2;1;1;6;"48;6388430000";"2;4764810000"
202200023802;23;6;2022;00:00;3;80;2;1;1;6;"49;7471490000";"2;4496670000"
202200023803;6;10;2022;18:00;1;27;2;2;1;1;"49;0195500000";"1;1391400000"
202200023804;6;10;2022;17:15;1;26;2;1;1;6;"44;5579900000";"4;7453700000"
202200023805;6;10;2022;17:25;1;16;2;2;1;3;"45;6984100000";" -0;3203400000"
202200023806;6;10;2022;07:25;1;14;2;3;1;6;"49;1723980000";" -0;3811520000"
202200023807;6;10;2022;21:30;5;13;2;9;1;3;"43;3489700000";"5;3740200000"
202200023808;5;10;2022;16:20;1;10;1;1;1;4;"48;2965500000";"4;0060000000"
202200023809;6;10;2022;10:30;1;09;2;3;1;3;"43;1165700000";"1;6320130000"
202200023810;6;10;2022;09:30;1;06;2;6;1;6;"43;6618600000";"7;1326300000"
202200023811;5;10;2022;14:35;1;05;2;1;1;2;"44;5637200000";"6;0882000000"
202200023812;6;10;2022;16:40;1;04;2;6;7;-1;"44;0910400000";"6;2310400000"
202200023813;5;10;2022;10:40;1;03;2;3;1;7;"46;5652000000";"3;3553000000"
202200023814;6;10;2022;14:45;1;75;2;4;1;2;"48;8514750000";"2;4150990000"
202200023815;6;10;2022;11:50;1;75;2;1;1;2;"48;8972130000";"2;3943540000"
202200023816;5;10;2022;08:40;1;75;2;1;1;2;"48;9010760000";"2;3452730000"
202200023817;4;10;2022;08:40;1;75;2;4;1;2;"48;8186670000";"2;3706690000"
202200023818;5;10;2022;14:05;1;75;2;1;1;3;"48;8531100000";"2;3904450000"
202200023819;6;10;2022;09:40;1;75;2;5;1;1;"48;8450960000";"2;3201460000"
202200023820;6;10;2022;00:33;5;75;2;2;1;1;"48;8537540000";"2;3442760000"
202200023821;5;10;2022;21:20;5;75;2;1;1;6;"48;8718430000";"2;4088090000"
202200023822;6;10;2022;17:15;1;75;2;3;1;1;"48;8898310000";"2;3721430000"
202200023823;6;10;2022;15:40;1;75;2;2;1;7;"48;8997800000";"2;3879910000"
202200023824;6;10;2022;14:30;1;75;2;2;1;3;"48;8887880000";"2;3930610000"
202200023825;6;10;2022;10:00;1;75;2;2;1;7;"48;8795320000";"2;3883300000"
202200023826;6;10;2022;11:30;1;75;2;3;1;3;"48;8889520000";"2;3937230000"
202200023827;6;10;2022;02:15;5;75;2;3;1;6;"48;8899570000";"2;3625370000"
202200023828;6;10;2022;14:20;1;75;2;1;1;3;"48;8887060000";"2;2935760000"
202200023829;6;10;2022;09:30;1;75;2;1;1;3;"48;8968980000";"2;3246590000"
202200023830;6;10;2022;15:39;1;75;2;2;1;3;"48;8485430000";"2;2591590000"
202200023831;6;10;2022;09:25;1;75;2;1;1;6;"48;8583150000";"2;2457840000"
202200023832;5;10;2022;17:20;1;75;2;7;1;3;"48;8740840000";"2;2942010000"
202200023833;6;10;2022;12:15;1;75;2;2;1;6;"48;8382630000";"2;2985430000"
202200023834;6;10;2022;19:30;5;75;2;4;1;3;"48;8545160000";"2;3779650000"
202200023835;6;10;2022;15:00;1;75;2;3;1;6;"48;8609840000";"2;3748090000"
202200023836;6;10;2022;20:10;5;75;2;5;1;6;"48;8785450000";"2;3540500000"
202200023837;5;10;2022;16:32;1;75;2;7;1;1;"48;8544970000";"2;3058460000"
202200023838;5;10;2022;19:50;5;94;2;2;1;3;"48;8173210000";"2;4671210000"
202200023839;6;10;2022;19:30;5;94;2;3;1;3;"48;7316300000";"2;4131900000"
202200023840;6;10;2022;17:40;1;94;2;3;1;3;"48;7244500000";"2;4186100000"
202200023841;6;10;2022;18:06;1;94;2;3;1;3;"48;7244350001";"2;4186253893"
202200023842;6;10;2022;17:40;1;94;2;1;1;7;"48;7117200000";"2;5321400000"
202200023843;6;10;2022;09:30;1;93;2;3;1;2;"48;9560000000";"2;3584900000"
202200023844;6;10;2022;13:00;1;93;2;1;1;6;"48;9069862617";"2;3419044028"
202200023845;6;10;2022;17:40;1;93;2;3;1;3;"48;8782800000";"2;4885200000"
202200023846;6;10;2022;18:10;1;93;2;1;1;6;"48;8907020895";"2;4028797821"
202200023847;5;10;2022;11:00;1;93;2;1;1;6;"48;8781866805";"2;5536514118"
202200023848;6;10;2022;14:10;1;93;2;3;1;6;"48;9240900000";"2;4403500000"
202200023849;6;10;2022;15:14;1;93;2;1;1;6;"48;9062353505";"2;5688841455"
202200023850;6;10;2022;01:05;5;93;2;1;1;7;"48;9502200000";"2;4535800000"
202200023851;6;10;2022;08:50;1;93;2;3;1;6;"48;9093595709";"2;3880439984"
202200023852;5;10;2022;18:55;2;92;2;1;1;6;"48;8490400000";"2;2023400000"
202200023853;5;10;2022;19:40;5;92;2;1;1;6;"48;8843271498";"2;2615045309"
202200023854;6;10;2022;19:50;5;92;2;3;1;3;"48;8937400000";"2;2119800000"
202200023855;6;10;2022;10:00;1;92;2;1;7;6;"48;8952500905";"2;2234073728"
202200023856;6;10;2022;17:35;1;92;2;1;1;2;"48;8924375440";"2;2591661811"
202200023857;6;10;2022;18:40;2;92;2;1;1;6;"48;9177392585";"2;3085767627"
202200023858;6;10;2022;12:50;1;26;1;2;1;3;"45;0775360000";"5;0772050000"
202200023859;4;10;2022;16:30;1;01;1;1;1;6;"45;9761480000";"5;2934470000"
202200023860;6;10;2022;18:00;1;81;2;1;1;6;"43;7261650000";"2;1930650000"
202200023861;6;10;2022;17:50;1;13;1;1;7;5;"43;4212660000";"4;7531430000"
202200023862;25;9;2022;15:30;1;64;1;1;1;6;"43;4465130000";" -0;5169150000"
202200023863;7;10;2022;14:30;1;25;1;1;1;2;"47;4347210000";"6;7114880000"
202200023864;6;10;2022;22:35;3;56;1;2;1;2;"47;7795040000";" -3;4351160000"
202200023865;5;10;2022;18:20;1;56;1;1;1;6;"47;5416860000";" -2;4474840000"
202200023866;6;10;2022;16:15;1;74;1;1;1;1;"46;1298430000";"6;5090190000"
202200023867;7;10;2022;05:00;3;32;1;1;1;7;"43;7329260000";"0;4920030000"
202200023868;6;10;2022;14:50;1;32;1;1;1;7;"43;6221720000";"1;1190790000"
202200023869;6;10;2022;17:50;1;89;1;2;1;1;"47;5078130000";"3;9347560000"
202200023870;7;10;2022;15:30;1;49;2;1;1;3;"47;6964630000";" -0;8760010000"
202200023871;6;10;2022;14:45;1;12;1;1;1;6;"44;2775160000";"2;7645260000"
202200023872;6;10;2022;13:50;1;22;2;3;1;1;"48;5228470000";" -3;4870170000"
202200023873;7;10;2022;15:40;1;39;1;1;1;6;"46;6261430000";"5;4884060000"
202200023874;6;10;2022;19:10;3;01;1;1;1;6;"46;2986260000";"4;8338410000"
202200023875;7;10;2022;16:15;1;58;1;1;1;1;"47;0606800000";"3;8275340000"
202200023876;6;10;2022;21:45;3;66;1;1;1;6;"42;5609280000";"2;3808470000"
202200023877;7;10;2022;04:53;2;54;1;1;8;6;"49;3404196200";"5;9129405023"
202200023878;4;10;2022;15:15;1;72;1;1;1;3;"47;7125750000";"0;0996630000"
202200023879;7;10;2022;13:00;1;72;2;9;1;3;"48;0332770000";"0;2770130000"
202200023880;7;10;2022;09:10;1;05;2;1;1;6;"44;5674950000";"6;1952910000"
202200023881;6;10;2022;17:25;1;43;1;1;1;6;"45;2183540000";"4;3901540000"
202200023882;6;10;2022;23:15;5;85;2;1;1;2;"46;9777900000";" -1;3136180000"
202200023883;7;10;2022;17:45;1;27;1;1;1;6;"49;3263630000";"0;4796110000"
202200023884;3;10;2022;17:00;1;87;1;1;1;7;"45;5972990000";"1;4835190000"
202200023885;7;10;2022;00:21;3;80;1;1;1;1;"50;0327070000";"2;0796190000"
202200023886;6;10;2022;19:00;2;73;1;1;1;2;"45;6199580000";"6;3118760000"
202200023887;5;10;2022;09:15;1;01;2;1;1;6;"46;1203580000";"4;9575020000"
202200023888;6;10;2022;17:15;1;973;2;1;1;3;"4;8813480000";" -52;2805880000"
202200023889;2;10;2022;18:00;1;57;1;1;3;6;"48;7729920000";"7;2803310000"
202200023890;4;10;2022;06:45;5;06;1;1;1;2;"43;7331304556";"7;2903715037"
202200023891;6;10;2022;11:55;1;06;1;1;1;7;"43;6683140000";"7;1975790000"
202200023892;6;10;2022;15:50;1;13;1;9;1;2;"43;8308740000";"5;0124960000"
202200023893;5;10;2022;15:10;1;971;1;1;1;1;"16;0219940000";" -61;7226720000"
202200023894;28;1;2022;07:35;2;54;2;2;8;6;"48;6804200000";"6;1535100000"
202200023895;28;1;2022;18:45;5;33;2;9;1;6;"44;8697534955";" -0;5106469989"
202200023896;23;9;2022;13:35;1;45;1;2;1;3;"48;2137640000";"2;2993830000"
202200023897;5;10;2022;09:30;1;77;1;1;1;6;"49;0421580000";"2;7733610000"
202200023898;25;1;2022;13:40;1;86;2;1;1;3;"46;5636800000";"0;3590900000"
202200023899;24;1;2022;17:25;1;04;2;6;1;6;"44;0910500000";"6;2311000000"
202200023900;7;10;2022;14:30;1;77;2;1;1;3;"48;8816650000";"2;8231990000"
202200023901;28;1;2022;13:00;1;974;1;1;1;7;" -20;8767700000";"55;4373500000"
202200023902;28;1;2022;10:25;1;974;1;1;1;5;" -20;8861300000";"55;4829900000"
202200023903;5;10;2022;10:30;1;78;1;9;1;3;"48;9669700000";"1;9223870000"
202200023904;28;1;2022;15:50;1;973;2;3;2;3;"4;9342387540";" -52;3110526800"
202200023905;6;10;2022;08:30;1;34;1;1;1;3;"43;6766560000";"4;0012120000"
202200023906;28;1;2022;15:32;1;973;2;3;1;3;"4;9355300000";" -52;3274600000"
202200023907;28;1;2022;14:45;1;69;2;2;1;5;"45;7700800000";"4;8502400000"
202200023908;28;1;2022;20:13;4;972;1;1;2;6;"14;6493400000";" -60;9741300000"
202200023909;7;10;2022;19:00;5;83;1;2;1;3;"43;3233280000";"6;0395730000"
202200023910;28;1;2022;09:30;1;69;2;4;1;2;"45;7485300000";"4;8314400000"
202200023911;14;1;2022;10:25;1;971;2;3;1;6;"16;2452300000";" -61;5326000000"
202200023912;15;1;2022;03:26;5;971;1;9;2;6;"16;2623000000";" -61;5034000000"
202200023913;6;10;2022;17:00;2;13;1;1;1;2;"43;8729200000";"4;8460330000"
202200023914;28;1;2022;09:30;1;95;2;9;5;3;"48;9834000000";"2;4367700000"
202200023915;28;1;2022;01:58;5;95;2;6;5;7;"48;9933172318";"2;4427896738"
202200023916;3;10;2022;10:30;1;67;1;6;1;3;"48;5289830000";"7;4701770000"
202200023917;28;1;2022;15:00;1;91;2;1;1;6;"48;6082050000";"2;3031180000"
202200023918;27;1;2022;18:25;5;91;2;3;1;4;"48;6304770000";"2;3308710000"
202200023919;7;10;2022;07:00;2;67;1;6;1;3;"48;7587070000";"7;7007290000"
202200023920;28;1;2022;17:25;1;91;2;1;1;3;"48;6941500000";"2;4841300000"
202200023921;28;1;2022;08:48;1;87;2;6;1;6;"45;8811100000";"1;2948500000"
202200023922;24;9;2022;07:45;1;67;1;1;1;1;"48;4570735419";"7;5173521042"
202200023923;24;1;2022;23:50;5;83;2;9;1;6;"43;1304200000";"5;8765100000"
202200023924;27;1;2022;12:45;1;83;1;9;1;3;"43;1192100000";"5;8530400000"
202200023925;28;1;2022;17:35;1;82;2;1;1;2;"44;0485140000";"1;1026290000"
202200023926;7;10;2022;07:50;2;01;1;1;1;6;"46;1128430000";"5;5684380000"
202200023927;27;1;2022;13:00;1;80;1;1;1;3;"49;9268000000";"2;3095500000"
202200023928;6;10;2022;19:40;2;17;1;1;1;1;"45;7069580000";" -1;2333440000"
202200023929;28;1;2022;18:46;5;76;2;1;6;5;"49;3062838370";"1;0262395110"
202200023930;28;1;2022;20:20;5;76;2;1;8;2;"49;4690000000";"1;0380000000"
202200023931;27;1;2022;08:20;1;76;2;3;1;7;"49;4911000000";"0;1621200000"
202200023932;7;10;2022;17:40;1;33;2;1;1;1;"44;9210464457";" -0;4761792719"
202200023933;28;1;2022;00:15;5;76;2;3;2;6;"49;5282700000";"0;1825000000"
202200023934;28;1;2022;23:10;5;76;2;3;2;2;"49;7466691398";"0;3684234352"
202200023935;28;1;2022;12:10;1;72;2;1;1;7;"48;0017700000";"0;1981500000"
202200023936;6;10;2022;14:30;1;14;1;1;1;6;"49;0279890000";" -0;2722390000"
202200023937;28;1;2022;15:05;1;71;2;4;8;2;"46;6921100000";"4;3823700000"
202200023938;27;1;2022;09:00;1;71;2;1;8;2;"46;8117000000";"4;4833000000"
202200023939;28;1;2022;18:55;2;71;2;1;1;6;"46;7970900000";"4;8113000000"
202200023940;6;10;2022;13:25;1;35;2;1;1;3;"48;2139000000";" -1;5039740000"
202200023941;27;1;2022;01:20;5;66;2;3;1;6;"42;6963200000";"2;9204200000"
202200023942;12;11;2022;10:00;1;59;2;2;5;3;"50;7565400000";"3;0094530000"
202200023943;30;9;2022;15:30;1;76;2;9;1;3;"49;4381340000";"1;1050490000"
202200023944;26;1;2022;18:15;1;66;1;1;1;3;"42;6784000000";"2;8805800000"
202200023945;12;11;2022;19:59;5;59;2;1;1;6;"50;6241995813";"3;0726259947"
202200023946;27;1;2022;13:00;1;64;2;1;1;7;"43;3329196677";" -0;4277908802"
202200023947;7;10;2022;09:00;1;60;1;1;1;2;"49;2945960000";"1;9167710000"
202200023948;12;11;2022;15:17;1;56;2;1;1;1;"47;7520700000";" -3;3798900000"
202200023949;28;1;2022;17:00;1;64;2;3;1;3;"43;4997100000";" -1;5365800000"
202200023950;6;10;2022;09:00;1;60;1;1;1;2;"49;4231180000";"2;1490820000"
202200023951;12;11;2022;11:05;1;54;2;1;1;6;"48;6595700000";"6;1826200000"
202200023952;25;1;2022;20:25;5;60;1;1;5;7;"49;3875960260";"2;7963166236"
202200023953;27;1;2022;11:00;1;59;2;3;1;2;"50;6860720000";"3;0507880000"
202200023954;12;11;2022;15:15;1;51;2;3;1;3;"49;2452100000";"4;0294900000"