Accident_Id;jour;mois;an;hrmn;lum;dep;agg;int;atm;col;lat;long
202200023955;6;10;2022;18:15;1;02;1;1;1;4;"49;9055500000";"4;0687450000"
202200023956;12;11;2022;15:20;1;49;2;1;7;6;"47;4809460000";" -0;5371840000"
202200023957;28;1;2022;18:10;5;57;2;3;1;1;"49;0998200000";"6;1557600000"
202200023958;7;10;2022;11:55;1;59;2;1;1;1;"50;4746751002";"3;0509725213"
202200023959;12;11;2022;09:16;1;49;2;1;1;5;"47;4500000000";" -0;5673200000"
202200023960;27;1;2022;17:35;1;56;2;1;1;1;"47;7622400000";" -3;3798100000"
202200023961;12;11;2022;20:56;3;44;2;1;1;6;"47;2403800000";" -1;5845700000"
202200023962;6;10;2022;11:00;5;13;1;1;1;2;"43;4184995617";"5;2728036045"
202200023963;27;1;2022;17:45;5;54;2;1;2;6;"48;6594100000";"6;1403100000"
202200023964;28;1;2022;22:55;5;51;2;6;2;7;"49;2163000000";"4;0501700000"
202200023965;12;11;2022;04:45;5;44;2;1;1;3;"47;2202800000";" -1;5467500000"
202200023966;6;10;2022;09:30;1;13;1;1;1;2;"43;4465657492";"5;2420172095"
202200023967;8;11;2022;21:45;3;43;2;1;1;7;"45;0468400000";"3;8794600000"
202200023968;27;1;2022;07:55;2;51;2;1;8;7;"49;2256000000";"4;0191800000"
202200023969;28;1;2022;19:30;5;50;2;1;1;6;"48;8319700000";" -1;5840800000"
202200023970;5;10;2022;09:05;1;13;1;1;1;2;"43;2880637089";"5;4416066408"
202200023971;11;11;2022;10:46;1;42;1;2;1;3;"46;0865200000";"4;0456100000"
202200023972;28;1;2022;18:30;2;50;2;1;1;6;"49;0650900000";" -1;4321000000"
202200023973;12;11;2022;20:11;5;34;2;1;1;2;"43;2930600000";"3;4486100000"
202200023974;28;1;2022;11:35;1;50;2;9;1;2;"49;0391400000";" -1;4465500000"
202200023975;5;10;2022;10:20;1;67;1;1;1;5;"48;6735000000";"7;7361600000"
202200023976;6;10;2022;14:15;1;33;1;1;1;6;"44;7025000000";" -0;5041090000"
202200023977;13;11;2022;00:10;5;33;2;2;1;3;"44;8133510934";" -0;5555123091"
202200023978;27;1;2022;17:15;2;50;2;6;2;3;"49;6356700000";" -1;6529800000"
202200023979;12;11;2022;12:00;1;33;2;1;1;2;"44;8792500000";" -0;5631800000"
202200023980;28;1;2022;19:17;5;49;2;2;1;3;"47;4589900000";" -0;5471400000"
202200023981;28;1;2022;11:03;1;49;2;2;1;2;"47;4575200000";" -0;5331100000"
202200023982;5;10;2022;16:45;1;33;1;1;1;4;"44;8766700000";" -0;6326300000"
202200023983;11;11;2022;18:10;5;31;2;1;1;2;"43;5976500000";"1;4293200000"
202200023984;28;1;2022;07:30;5;49;2;2;1;3;"47;4750700000";" -0;5498000000"
202200023985;6;10;2022;09:55;1;94;1;1;1;3;"48;7944468363";"2;3450869440"
202200023986;12;11;2022;05:16;5;31;1;1;1;4;"43;5905400000";"1;3995000000"
202200023987;27;1;2022;10:46;1;49;2;3;1;2;"47;4717700000";" -0;5382000000"
202200023988;13;11;2022;02:35;3;29;1;1;1;7;"48;0140400000";" -4;1462700000"
202200023989;6;10;2022;09:05;1;91;1;1;1;2;"48;6977600000";"2;3149400000"
202200023990;27;1;2022;17:06;1;49;2;2;1;3;"47;4873341749";" -0;5737137794"
202200023991;6;10;2022;00:44;3;91;1;1;1;7;"48;6314510000";"2;5100140000"
202200023992;28;1;2022;09:20;1;45;2;1;1;6;"48;0075734437";"2;7168792486"
202200023993;12;11;2022;16:10;1;29;1;6;1;4;"48;0027110000";" -4;0811910000"
202200023994;5;10;2022;21:40;3;91;1;1;2;7;"48;6347500000";"2;2147200000"
202200023995;13;11;2022;02:40;5;29;2;6;1;6;"48;3837600000";" -4;4905500000"
202200023996;28;1;2022;17:30;5;37;2;1;1;4;"47;4294173135";"0;7066923380"
202200023997;4;10;2022;22:23;4;91;1;1;1;2;"48;6691600000";"2;3508500000"
202200023998;11;11;2022;11:10;1;28;1;1;1;1;"48;7229300000";"1;3856700000"
202200023999;28;1;2022;20:30;5;35;1;1;1;6;"48;1532070000";" -1;6996010000"
202200024000;6;10;2022;19:30;5;92;1;1;1;2;"48;8398001090";"2;2058637622"
202200024001;12;11;2022;09:53;1;27;2;2;1;3;"49;0881000000";"1;4785100000"
202200024002;29;1;2022;01:10;5;33;2;3;1;7;"44;7994800000";" -0;5934000000"
202200024003;13;11;2022;01:52;3;17;1;1;1;7;"46;1455800000";" -1;1089400000"
202200024004;6;10;2022;08:05;1;92;1;1;1;2;"48;9359519994";"2;2870560883"
202200024005;27;1;2022;11:30;1;31;2;9;1;6;"43;6036500000";"1;4572300000"
202200024006;12;11;2022;12:30;1;13;2;1;1;3;"43;3491800000";"5;3615800000"
202200024007;29;1;2022;02:00;3;30;2;1;1;6;"44;0762700000";"4;0897600000"
202200024008;6;10;2022;05:00;5;78;1;1;1;2;"48;9646600000";"1;9253770000"
202200024009;12;11;2022;02:30;5;13;2;1;1;2;"43;2945900000";"5;5648700000"
202200024010;27;1;2022;06:47;5;29;2;3;1;3;"48;3802040000";" -4;5332950000"
202200024011;9;11;2022;05:00;5;04;2;9;1;2;"43;8365300000";"5;8029900000"
202200024012;5;10;2022;10:00;1;78;1;1;1;4;"48;7773860000";"2;2223010000"
202200024013;28;1;2022;13:15;1;27;1;1;1;6;"49;0946200000";"1;3926600000"
202200024014;28;1;2022;11:40;1;25;2;1;1;2;"46;9155100000";"6;3451900000"
202200024015;6;10;2022;20:00;4;95;1;1;1;3;"48;9762090115";"2;2807815671"
202200024016;26;7;2022;12:10;1;14;2;6;1;3;"49;2755330000";" -0;7160800000"
202200024017;28;1;2022;14:00;1;25;2;1;8;2;"47;2285300000";"5;9867100000"
202200024018;10;7;2022;19:10;1;14;1;3;1;6;"48;9303872550";" -0;7839989660"
202200024019;5;10;2022;21:10;3;93;1;1;2;6;"48;9212115236";"2;3692000928"
202200024020;24;1;2022;07:50;2;19;2;1;1;3;"45;1529070048";"1;5396416187"
202200024021;8;7;2022;16:10;1;14;2;1;1;7;"49;3991300000";"0;2192000000"
202200024022;6;10;2022;09:00;1;95;1;1;1;4;"49;0097287478";"2;1562573314"
202200024023;28;1;2022;13:30;1;17;2;1;2;3;"46;1523860000";" -1;2043860000"
202200024024;6;10;2022;10:15;1;93;1;1;1;6;"48;9607215909";"2;4678989547"
202200024025;28;1;2022;07:50;1;15;1;1;1;3;"44;8839000000";"2;4505000000"
202200024026;3;7;2022;18:50;2;14;1;2;1;3;"49;1453547594";" -0;2528777818"
202200024027;6;10;2022;08:00;1;77;1;1;1;3;"48;5715400000";"2;6408000000"
202200024028;28;1;2022;10:10;1;13;2;2;1;1;"43;3463383739";"5;3661883328"
202200024029;9;6;2022;14:15;1;14;2;1;1;3;"49;1172150000";" -0;3716630000"
202200024030;5;10;2022;12:45;1;94;1;1;1;2;"48;8266507839";"2;5161742429"
202200024031;28;1;2022;09:00;1;13;2;2;1;1;"43;3340000000";"5;3998300000"
202200024032;31;8;2022;13:50;1;59;2;1;1;6;"50;6754591047";"3;1441792846"
202200024033;25;1;2022;14:30;1;13;2;2;1;3;"43;5841100000";"5;0046900000"
202200024034;19;5;2022;08:15;1;04;2;3;1;3;"44;0949200000";"6;2394700000"
202200024035;28;1;2022;23:36;4;11;2;1;1;3;"43;2073100000";"2;3108900000"
202200024036;11;11;2022;21:05;5;974;2;1;1;6;" -20;9368000000";"55;2920800000"
202200024037;5;10;2022;12:45;1;988;2;1;1;3;" -22;2584400000";"166;4439800000"
202200024038;28;1;2022;10:03;1;10;2;1;2;3;"48;2617900000";"4;0739790000"
202200024039;10;11;2022;22:05;3;973;2;1;2;6;"4;9228400000";" -52;3038900000"
202200024040;5;10;2022;08:30;1;974;2;1;1;6;" -21;3354200000";"55;4661700000"
202200024041;11;11;2022;11:40;1;69;2;9;1;6;"45;7652475067";"4;8476368189"
202200024042;27;1;2022;21:10;5;10;2;3;2;3;"48;2969200000";"4;0714300000"
202200024043;5;10;2022;09:37;1;973;2;1;1;4;"4;9194300000";" -52;3182000000"
202200024044;11;11;2022;04:20;5;69;2;2;1;3;"45;7725200000";"4;8430900000"
202200024045;11;11;2022;10:00;1;971;1;1;1;2;"16;2453071172";" -61;5246498585"
202200024046;4;10;2022;09:30;1;973;2;1;1;1;"4;9351076862";" -52;3273846507"
202200024047;27;1;2022;06:45;5;10;2;3;1;3;"48;2950100000";"4;0693100000"
202200024048;11;11;2022;07:00;1;971;2;6;1;7;"16;2146800000";" -61;5021500000"
202200024049;28;1;2022;20:45;5;06;2;2;1;3;"43;7110500000";"7;2916900000"
202200024050;5;10;2022;17:50;1;69;2;2;1;3;"45;7570200000";"4;8527600000"
202200024051;10;11;2022;23:55;5;95;2;1;1;3;"48;9858053117";"2;2962337732"
202200024052;28;1;2022;16:31;1;06;2;3;1;3;"43;6752500000";"7;2273900000"
202200024053;10;11;2022;20:35;5;95;2;1;1;3;"48;9869118715";"2;2171595693"
202200024054;5;10;2022;12:50;1;69;2;3;1;6;"45;7381800000";"4;8376900000"
202200024055;28;1;2022;07:40;1;06;2;1;1;6;"43;7164500000";"7;2533300000"
202200024056;10;11;2022;12:05;1;91;2;7;1;6;"48;7325400000";"2;2212500000"
202200024057;25;1;2022;09:15;1;03;2;1;7;6;"46;3364700000";"2;5961200000"
202200024058;5;10;2022;20:10;5;972;1;1;2;3;"14;6047700000";" -61;0845800000"
202200024059;11;11;2022;15:49;1;91;1;9;1;3;"48;6836880000";"2;4910880000"
202200024060;28;1;2022;13:42;1;75;2;1;1;3;"48;8834250000";"2;2841720000"
202200024061;4;10;2022;17:30;2;972;2;3;1;3;"14;6077800000";" -61;0691600000"
202200024062;27;1;2022;19:30;5;75;2;1;2;4;"48;8651530000";"2;4132150000"
202200024063;11;11;2022;11:10;1;81;1;1;1;3;"43;5104400000";"2;3475900000"
202200024064;5;10;2022;17:45;1;69;2;2;1;3;"45;7100500000";"4;7997300000"
202200024065;28;1;2022;22:07;5;75;2;2;1;7;"48;8480810000";"2;3279270000"
202200024066;5;10;2022;07:28;1;2A;2;1;1;3;"41;9255200000";"8;7343800000"
202200024067;28;1;2022;11:56;1;75;2;3;1;6;"48;8848650000";"2;3674050000"
202200024068;11;11;2022;15:00;1;77;2;9;1;6;"48;8553300000";"2;7688800000"
202200024069;4;10;2022;11:40;1;95;2;1;1;6;"48;9927200273";"2;4274984002"
202200024070;11;11;2022;21:50;5;76;2;1;1;6;"49;4580450000";"1;0366530000"
202200024071;28;1;2022;05:50;5;75;2;7;1;3;"48;8515060000";"2;2783570000"
202200024072;28;1;2022;11:15;1;75;2;3;1;6;"48;8387810000";"2;2901670000"
202200024073;11;11;2022;18:55;5;76;2;2;1;3;"49;4403700000";"1;1021800000"
202200024074;28;1;2022;08:45;1;75;2;1;8;7;"48;8607240000";"2;3210160000"
202200024075;5;10;2022;17:40;1;91;2;1;1;2;"48;6909380000";"2;4411190000"
202200024076;11;11;2022;15:05;1;71;2;1;1;6;"46;7780000000";"4;8450000000"
202200024077;11;11;2022;08:55;1;69;2;1;1;6;"45;7669800000";"4;8672100000"
202200024078;28;1;2022;20:00;5;75;2;2;1;3;"48;8757967100";"2;3602554202"
202200024079;24;8;2022;17:05;1;89;2;1;1;6;"48;1975100000";"3;2899200000"
202200024080;28;1;2022;16:58;1;75;2;2;1;6;"48;8516960000";"2;3235430000"
202200024081;11;11;2022;09:00;1;64;2;3;1;3;"43;3515400000";" -1;7829900000"
202200024082;23;9;2022;13:50;1;89;1;1;1;3;"47;8197740000";"3;5584730000"
202200024083;11;11;2022;19:25;5;64;2;1;1;3;"43;4909230000";" -1;5447400000"
202200024084;4;10;2022;14:24;1;87;2;1;1;2;"45;8815000000";"1;2928100000"
202200024085;28;1;2022;16:25;1;75;2;3;1;2;"48;8595010000";"2;3676100000"
202200024086;11;11;2022;20:20;5;62;2;1;1;3;"50;5124330000";"2;8069200000"
202200024087;30;9;2022;00:20;3;87;1;1;1;4;"45;8337900000";"1;2841400000"
202200024088;28;1;2022;14:45;1;75;2;2;1;6;"48;8559590000";"2;3579720000"
202200024089;9;11;2022;10:30;1;50;2;1;1;6;"49;1172100000";" -1;0831100000"
202200024090;4;10;2022;10:15;1;85;1;6;1;6;"46;4899992000";" -1;7497712300"
202200024091;27;1;2022;09:39;1;94;2;2;8;3;"48;7947600000";"2;4178700000"
202200024092;10;11;2022;15:35;1;50;2;1;1;3;"49;0649600000";" -1;4333000000"
202200024093;28;1;2022;18:00;5;94;2;2;1;6;"48;7961569099";"2;3218947351"
202200024094;5;9;2022;07:55;1;84;2;1;1;3;"43;9426000000";"4;7935000000"
202200024095;12;11;2022;00:36;5;49;2;1;1;6;"47;4671100000";" -0;5272400000"
202200024096;28;1;2022;17:00;1;94;2;1;1;6;"48;8082800000";"2;3741800000"
202200024097;11;11;2022;11:00;1;43;2;1;5;6;"45;0410900000";"3;9092000000"
202200024098;5;10;2022;13:15;1;83;2;1;1;1;"43;1296000000";"5;9692700000"
202200024099;28;1;2022;12:30;1;93;2;1;1;6;"48;9591396499";"2;3822329043"
202200024100;11;11;2022;23:33;3;42;1;4;2;6;"46;0524700000";"4;1393800000"
202200024101;28;1;2022;08:30;1;93;2;1;1;6;"48;9437217920";"2;3585593846"
202200024102;4;10;2022;18:28;1;80;2;2;1;3;"49;8952400000";"2;2976100000"
202200024103;28;1;2022;16:30;1;93;2;1;1;3;"48;8640829470";"2;5298689637"
202200024104;11;11;2022;04:40;5;35;2;1;1;1;"48;3421800000";" -1;1758100000"
202200024105;5;10;2022;19:00;2;76;2;1;1;6;"49;4767800000";"1;0348700000"
202200024106;28;1;2022;11:40;1;93;2;1;1;2;"48;8604004657";"2;4809655547"
202200024107;11;11;2022;03:15;5;33;2;6;1;3;"44;8324251559";" -0;5796588957"
202200024108;4;10;2022;07:00;5;72;2;9;1;3;"47;9993390000";"0;1819910000"
202200024109;28;1;2022;13:15;1;93;1;1;1;6;"48;9135700000";"2;5401600000"
202200024110;3;10;2022;18:00;1;71;2;1;1;6;"46;6653524759";"4;3687660408"
202200024111;11;11;2022;19:00;5;30;1;1;1;1;"44;0729700000";"4;0809700000"
202200024112;11;11;2022;13:40;1;29;2;1;9;6;"47;9763000380";" -4;0686359963"
202200024113;5;10;2022;17:30;1;69;2;2;1;3;"45;7484825458";"4;9176505208"
202200024114;28;1;2022;08:40;1;93;2;1;1;6;"48;9105800000";"2;5272900000"
202200024115;11;11;2022;23:30;5;27;2;7;1;3;"49;0264068777";"1;1572337151"
202200024116;5;10;2022;09:00;1;69;2;3;1;3;"45;7292421989";"4;8606321216"
202200024117;28;1;2022;17:45;2;93;2;3;1;3;"48;9140200000";"2;4404800000"
202200024118;4;10;2022;21:45;5;67;2;1;1;6;"48;5465700000";"7;7053100000"
202200024119;11;11;2022;16:40;1;22;2;1;1;3;"48;5067400000";" -2;7840500000"
202200024120;28;1;2022;08:35;1;93;2;9;8;6;"48;9359507461";"2;4671126252"
202200024121;6;11;2022;04:55;5;19;2;1;1;6;"45;5739910000";"2;3475550000"
202200024122;28;1;2022;18:40;5;92;2;1;1;6;"48;8169427212";"2;3068276942"
202200024123;4;10;2022;18:33;1;66;2;3;1;6;"42;7007800000";"2;8916300000"
202200024124;11;11;2022;03:40;5;17;2;1;1;7;"45;7312700000";" -0;6395400000"
202200024125;28;1;2022;16:40;1;92;2;1;1;6;"48;8260052772";"2;2180247158"
202200024126;5;10;2022;08:20;1;64;2;1;1;6;"43;3161922513";" -0;3611165285"
202200024127;28;1;2022;09:10;1;92;2;3;8;7;"48;8524535560";"2;2162678689"
202200024128;4;10;2022;18:30;1;64;2;1;1;3;"43;3189000000";" -0;3605300000"
202200024129;11;11;2022;16:24;1;17;1;1;1;6;"45;9502400000";" -0;8967500000"
202200024130;27;1;2022;23:50;5;92;2;3;1;3;"48;8104079747";"2;3111190274"
202200024131;3;10;2022;10:43;1;64;2;9;1;3;"43;4508800000";" -1;5569600000"
202200024132;11;11;2022;21:15;5;14;2;1;1;1;"49;1702600000";" -0;3531500000"
202200024133;26;1;2022;13:45;1;92;2;1;1;6;"48;9071400000";"2;3086400000"
202200024134;11;11;2022;17:25;1;13;1;1;1;3;"43;3841917008";"5;5587289433"
202200024135;3;10;2022;21:20;5;63;2;6;1;3;"45;8026529180";"3;1318625808"
202200024136;28;1;2022;13:20;1;92;2;1;1;6;"48;9082215011";"2;3129227459"
202200024137;11;11;2022;19:10;5;13;2;1;1;3;"43;2345854037";"5;3595465401"
202200024138;28;1;2022;15:00;1;92;2;1;1;1;"48;9149250249";"2;2942076325"
202200024139;1;10;2022;18:28;1;63;2;9;1;1;"45;7470763184";"3;0635885596"
202200024140;11;11;2022;06:40;2;13;2;1;1;3;"43;3575000000";"5;3405200000"
202200024141;25;1;2022;13:10;1;92;2;1;1;2;"48;9055600000";"2;2871400000"
202200024142;1;10;2022;18:00;1;63;2;5;1;1;"45;7677973016";"3;0818849802"
202200024143;11;11;2022;01:10;5;11;2;3;1;6;"43;2101700000";"2;3526600000"
202200024144;25;1;2022;16:50;1;24;2;1;1;1;"45;1419490000";"0;5237940000"
202200024145;28;9;2022;16:34;1;63;2;1;1;4;"45;7508819761";"3;0911278725"
202200024146;29;1;2022;04:50;5;38;1;1;1;1;"45;5156550000";"4;9386550000"
202200024147;11;11;2022;22:15;5;06;2;1;1;3;"43;7443530000";"7;4267790000"
202200024148;5;10;2022;15:00;1;59;2;1;1;6;"50;6127611406";"3;0369794369"
202200024149;11;11;2022;01:10;5;05;2;1;1;6;"44;5597300000";"6;0751300000"
202200024150;29;1;2022;02:30;3;38;1;1;5;7;"45;4141020000";"4;7487760000"
202200024151;27;10;2022;21:55;5;05;2;1;1;6;"44;5604350000";"6;0766200000"
202200024152;30;9;2022;06:30;5;59;2;2;1;6;"50;6448014951";"2;9745309055"
202200024153;26;1;2022;16:25;1;45;1;1;8;1;"47;9884860000";"2;5380510000"
202200024154;10;11;2022;19:50;5;75;2;1;1;6;"48;8398720000";"2;3828250000"
202200024155;5;9;2022;18:20;1;58;2;3;1;1;"46;9873800000";"3;1511200000"
202200024156;29;1;2022;14:25;1;972;1;1;1;6;"14;6331630000";" -60;9199460000"
202200024157;12;11;2022;10:55;1;75;2;3;1;6;"48;8612440000";"2;3582060000"
202200024158;14;9;2022;09:00;1;58;2;2;1;3;"46;9896400000";"3;1341200000"
202200024159;29;1;2022;15:05;1;62;1;1;1;6;"50;8103980000";"2;0608550000"
202200024160;12;11;2022;10:40;1;75;2;1;1;3;"48;8965330000";"2;3194220000"
202200024161;18;9;2022;19:00;1;58;2;1;1;7;"46;9872900000";"3;1621800000"
202200024162;28;1;2022;20:55;3;44;1;1;5;2;"47;3371770000";" -1;8062260000"
202200024163;12;11;2022;11:45;1;75;2;2;1;6;"48;8193260000";"2;3619650000"
202200024164;30;9;2022;10:40;1;58;2;9;1;3;"47;0029500000";"3;1514700000"
202200024165;29;1;2022;10:00;1;36;1;1;1;5;"46;6580490000";"1;5692040000"
202200024166;5;10;2022;14:00;1;57;2;1;1;3;"49;1135576139";"7;0733088254"
202200024167;12;11;2022;12:15;1;75;2;3;1;3;"48;8489040000";"2;3720120000"
202200024168;28;1;2022;17:20;2;74;2;1;1;6;"46;3323210000";"6;3745380000"
202200024169;5;10;2022;22:30;5;51;2;1;1;7;"49;2396600000";"4;0211000000"
202200024170;11;11;2022;17:43;1;75;2;2;1;3;"48;8366880000";"2;4035170000"
202200024171;29;1;2022;16:40;1;62;1;1;6;6;"50;0888690000";"2;8694060000"
202200024172;4;10;2022;17:08;1;49;2;1;1;3;"47;4605800000";" -0;5612000000"
202200024173;12;11;2022;18:35;5;75;2;4;1;3;"48;8626480000";"2;3718800000"
202200024174;29;1;2022;15:00;1;2B;1;1;1;1;"42;5072630000";"9;4382970000"
202200024175;5;10;2022;14:58;1;47;1;1;1;3;"44;1818800000";"0;6145400000"
202200024176;29;1;2022;02:22;3;65;1;1;1;7;"42;9785850000";"0;3754770000"
202200024177;12;11;2022;16:15;1;75;2;2;1;3;"48;8778910000";"2;3516300000"
202200024178;28;1;2022;20:45;3;71;1;1;5;7;"46;8426510000";"4;5370480000"
202200024179;5;10;2022;08:25;2;45;2;1;1;3;"47;9543000000";"1;8616800000"
202200024180;28;1;2022;21:15;5;71;2;1;8;6;"46;4335330000";"4;6583830000"
202200024181;12;11;2022;17:50;5;75;2;7;1;6;"48;8699370000";"2;3279690000"
202200024182;5;10;2022;11:30;1;44;2;1;1;6;"47;2812900000";" -2;2423800000"
202200024183;28;1;2022;08:00;2;49;1;1;8;7;"47;5680420000";" -0;6783630000"
202200024184;12;11;2022;17:00;5;75;2;1;1;2;"48;8627100000";"2;3066270000"
202200024185;4;10;2022;18:50;1;44;1;1;1;2;"47;2883900000";" -2;2443700000"
202200024186;28;1;2022;07:40;2;41;2;3;2;3;"47;2777110000";"1;5580090000"
202200024187;29;1;2022;00:00;3;39;1;1;2;7;"46;5892300000";"5;7321950000"
202200024188;5;10;2022;09:00;1;42;2;1;1;3;"45;3950800000";"4;3119800000"
202200024189;12;11;2022;08:30;1;75;2;2;1;3;"48;8612430000";"2;3582040000"
202200024190;28;1;2022;22:00;5;29;2;1;1;3;"48;5696820000";" -3;7044081000"
202200024191;5;10;2022;15:00;1;41;2;2;1;3;"47;5676300000";"1;3120300000"
202200024192;28;1;2022;21:20;3;72;2;6;1;6;"47;6774380000";"0;3144840000"
202200024193;12;11;2022;22:15;5;94;2;9;1;6;"48;7944000000";"2;4321600000"
202200024194;16;9;2022;21:40;5;38;2;1;1;7;"45;1797800000";"5;7166600000"
202200024195;28;1;2022;17:00;1;64;2;1;7;2;"43;2233190000";" -0;8907730000"
202200024196;12;11;2022;12:10;1;94;2;3;1;7;"48;7644800000";"2;3920100000"
202200024197;6;10;2022;01:10;5;38;2;1;1;3;"45;1859200000";"5;7287700000"
202200024198;28;1;2022;19:25;3;18;1;1;2;1;"47;5704890000";"2;4651860000"
202200024199;28;1;2022;21:30;3;18;1;1;8;6;"46;8940290000";"2;9480270000"
202200024200;11;11;2022;17:00;1;94;2;1;1;6;"48;7607310000";"2;3247520000"
202200024201;4;10;2022;13:50;1;34;2;1;1;2;"43;3429637697";"3;2231180370"
202200024202;28;1;2022;20:05;3;53;1;1;1;6;"48;2137500000";" -0;3083250000"
202200024203;5;10;2022;11:35;1;33;2;3;1;6;"44;8826700000";" -0;6134300000"
202200024204;12;11;2022;13:18;1;94;2;9;1;3;"48;7805600000";"2;4576400000"
202200024205;29;1;2022;10:10;1;21;2;1;2;6;"47;5286103344";"5;3773498534"
202200024206;5;10;2022;08:40;1;31;2;6;1;3;"43;6141700000";"1;3978500000"
202200024207;12;11;2022;20:30;5;94;2;1;1;3;"48;8217669816";"2;4022749066"
202200024208;25;1;2022;11:00;1;85;2;6;1;3;"46;7919320000";" -2;0534670000"
202200024209;12;11;2022;14:00;1;93;2;1;1;7;"48;9013600000";"2;3916300000"
202200024210;5;10;2022;16:01;1;31;2;1;1;1;"43;0920500000";"0;7283200000"
202200024211;29;1;2022;08:30;2;87;1;1;5;6;"45;6772690000";"1;0645439000"
202200024212;12;11;2022;14:38;1;93;2;1;1;6;"48;8935500000";"2;4575500000"
202200024213;26;1;2022;08:55;2;10;1;1;5;7;"48;1691530225";"4;5542152575"
202200024214;26;9;2022;11:40;1;30;1;3;1;5;"43;8833900000";"4;3793000000"
202200024215;29;1;2022;11:50;1;74;1;1;1;2;"45;9024930000";"6;7785220000"
202200024216;12;11;2022;13:12;1;93;2;1;1;3;"48;8371500000";"2;5599700000"
202200024217;26;9;2022;06:55;2;30;2;1;1;2;"43;8520000000";"4;3201000000"
202200024218;12;11;2022;10:05;1;93;2;1;1;3;"48;8626200000";"2;5768300000"
202200024219;28;1;2022;20:20;3;64;1;1;1;5;"43;5129030000";" -0;9240590000"
202200024220;11;9;2022;12:50;1;30;1;1;1;3;"44;1680000000";"4;6056000000"
202200024221;12;11;2022;18:30;5;93;2;9;1;1;"48;8600447657";"2;4390172768"
202200024222;3;10;2022;10:45;1;30;2;9;1;6;"44;1270801175";"4;0760890245"
202200024223;29;1;2022;05:30;3;38;1;1;1;4;"45;2646905192";"5;6315236486"
202200024224;12;11;2022;01:43;5;93;2;2;1;3;"48;8684174370";"2;4447385669"
202200024225;12;11;2022;16:30;1;93;2;3;1;3;"48;8836800000";"2;5303700000"
202200024226;29;1;2022;12:50;1;74;1;1;1;4;"46;1740950000";"6;2389470000"
202200024227;12;11;2022;16:00;1;93;2;6;1;3;"48;9610690000";"2;3458280000"
202200024228;29;1;2022;04:00;3;986;2;1;2;1;" -13;2799352442";" -176;1740042300"
202200024229;4;10;2022;19:45;1;22;1;1;1;7;"48;5205800000";" -2;7151600000"
202200024230;12;11;2022;07:50;1;93;2;3;1;6;"48;8933100000";"2;4136300000"
202200024231;27;1;2022;12:20;1;971;1;1;1;3;"16;2697310000";" -61;3736200000"
202200024232;12;11;2022;19:35;5;92;2;1;1;6;"48;8134176348";"2;3021394610"
202200024233;29;1;2022;09:20;1;2B;2;1;1;3;"42;5085010000";"9;3747070000"
202200024234;5;10;2022;18:30;1;13;2;9;1;3;"43;3594600000";"5;3564600000"
202200024235;12;11;2022;14:50;1;92;2;1;1;6;"48;8954100000";"2;2712400000"
202200024236;28;1;2022;16:15;1;34;2;1;1;2;"43;4262100000";"3;6031560000"
202200024237;12;11;2022;19:00;3;44;1;1;1;6;"47;5155920000";" -1;3156340000"
202200024238;5;10;2022;11:50;1;13;2;1;1;1;"43;3129900000";"5;3754300000"
202200024239;12;11;2022;16:30;1;37;1;1;1;2;"47;5520930000";"0;9212500000"
202200024240;28;1;2022;16:45;1;34;2;3;1;3;"43;6744850000";"4;1205280000"
202200024241;13;11;2022;14:15;1;54;1;1;1;1;"48;7719169640";"6;2707686418"
202200024242;28;1;2022;23:00;3;05;1;1;1;1;"44;6366890000";"6;6247560000"
202200024243;13;11;2022;07:00;3;54;1;1;5;6;"48;6015870000";"6;3295200000"
202200024244;12;11;2022;23:35;3;51;1;1;1;7;"48;8275130000";"4;5278260000"
202200024245;27;1;2022;03:30;3;89;1;1;5;7;"48;2416040000";"3;4845680000"
202200024246;8;11;2022;15:34;1;91;2;9;1;3;"48;6221450000";"2;3557240000"
202200024247;12;11;2022;15:30;1;41;2;1;1;6;"47;3705330000";"1;7384030000"
202200024248;29;1;2022;16:45;1;38;2;1;1;4;"45;3364000000";"4;8049950000"
202200024249;12;11;2022;22:45;4;45;2;1;5;6;"47;9764600000";"2;6300020000"
202200024250;29;1;2022;16:50;1;07;2;2;1;1;"45;0850680000";"4;8188060000"
202200024251;13;11;2022;15:00;1;36;1;2;1;1;"47;1878090000";"1;7912270000"
202200024252;25;1;2022;14:25;1;31;2;2;1;3;"43;5345701351";"1;4093613625"
202200024253;13;11;2022;15:00;1;01;1;1;1;6;"46;0579780000";"4;8468700000"
202200024254;28;1;2022;17:10;1;31;2;6;1;2;"43;6169470000";"1;2799230000"
202200024255;12;11;2022;17:05;1;14;1;1;1;6;"49;1231240000";" -0;5721900000"
202200024256;29;1;2022;14:20;1;86;2;1;8;6;"46;6891280000";"0;3871070000"
202200024257;13;11;2022;10:35;1;71;2;1;1;6;"46;8949220000";"5;0245640000"
202200024258;29;1;2022;00:30;3;33;1;1;2;6;"44;9813590000";" -0;5945760000"
202200024259;29;1;2022;10:50;1;59;2;1;2;1;"50;0179061385";"4;0215754509"