Accident_Id;jour;mois;an;hrmn;lum;dep;agg;int;atm;col;lat;long
202200024566;15;12;2022;16:20;1;976;1;1;2;7;" -12;7927300000";"45;1883000000"
202200024567;23;7;2022;10:30;1;93;2;2;1;3;"48;9478200000";"2;3573200000"
202200024568;22;5;2022;16:00;1;13;2;3;1;3;"43;5478520000";"5;2974590000"
202200024569;23;5;2022;07:45;1;11;1;1;1;6;"42;8777980000";"2;9900570000"
202200024570;23;7;2022;01:00;5;93;2;2;1;1;"48;9411000000";"2;3509000000"
202200024571;23;7;2022;12:35;1;93;2;1;1;6;"48;8729950000";"2;4852290000"
202200024572;23;5;2022;22:55;3;69;1;1;1;5;"46;0168140000";"4;7273180000"
202200024573;22;7;2022;22:30;5;93;2;3;2;3;"48;9642100000";"2;3473700000"
202200024574;15;12;2022;19:15;3;974;1;9;2;3;" -20;8909600000";"55;3810100000"
202200024575;23;7;2022;17:00;1;93;2;1;1;6;"48;8960630000";"2;4876180000"
202200024576;23;5;2022;22:00;3;69;1;1;1;6;"46;0161832750";"4;7274257757"
202200024577;22;5;2022;16:00;1;84;1;1;1;3;"43;9425450000";"4;9113610000"
202200024578;23;7;2022;10:35;1;93;2;2;1;3;"48;9420100000";"2;4645280000"
202200024579;23;7;2022;12:40;1;93;2;1;1;6;"48;9419954446";"2;5440419913"
202200024580;15;12;2022;18:15;2;974;2;6;3;3;" -20;9000400000";"55;4876100000"
202200024581;22;5;2022;18:25;1;13;1;1;1;2;"43;6277730000";"5;1084620000"
202200024582;20;6;2022;16:30;1;92;2;9;1;3;"48;9290027135";"2;3291911483"
202200024583;23;5;2022;18:00;1;69;1;3;8;2;"45;5177847463";"4;8605570197"
202200024584;23;7;2022;12:30;1;92;2;1;1;2;"48;8235176513";"2;1964971721"
202200024585;15;12;2022;16:10;1;974;2;3;3;6;" -20;8795600000";"55;4438100000"
202200024586;21;5;2022;18:30;2;987;2;1;1;6;" -17;6899310000";" -149;5483490000"
202200024587;23;7;2022;03:20;5;92;2;1;1;6;"48;8203800000";"2;2143700000"
202200024588;23;7;2022;15:55;1;92;2;1;1;7;"48;8339488809";"2;2129262388"
202200024589;23;5;2022;06:45;1;988;1;1;2;6;" -21;3188990000";"165;5729550000"
202200024590;23;7;2022;18:00;1;92;2;1;1;1;"48;8845189594";"2;2137346566"
202200024591;10;5;2022;11:00;1;988;2;1;1;6;" -21;5133000000";"165;9444900000"
202200024592;15;12;2022;11:50;1;974;2;1;1;7;" -20;8781100000";"55;4377700000"
202200024593;24;7;2022;00:20;3;60;2;1;1;2;"49;5744550000";"2;5035520000"
202200024594;21;5;2022;12:40;1;971;1;2;1;3;"16;2569090000";" -61;3463580000"
202200024595;14;12;2022;17:50;1;974;2;1;1;6;" -20;8846200000";"55;4435000000"
202200024596;23;7;2022;17:45;1;51;1;1;1;7;"48;5865060531";"4;7003728151"
202200024597;22;5;2022;17:15;1;45;1;1;1;4;"48;2788410000";"2;1739650000"
202200024598;23;7;2022;13:25;1;25;1;1;1;6;"47;3001880000";"6;0317090000"
202200024599;22;7;2022;11:35;1;71;1;1;1;1;"46;5218250000";"4;4407560000"
202200024600;24;5;2022;14:50;1;2B;1;1;1;5;"42;6092250000";"8;8805470000"
202200024601;23;7;2022;15:45;1;22;1;1;1;7;"48;5278180000";" -2;2569070000"
202200024602;15;12;2022;07:15;1;974;2;1;1;3;" -20;9478100000";"55;2992800000"
202200024603;24;7;2022;03:00;3;18;1;1;1;6;"47;5019060000";"2;8616430000"
202200024604;23;5;2022;20:10;2;34;1;1;1;3;"43;4786420000";"3;5186400000"
202200024605;23;7;2022;11:10;1;974;2;2;1;3;" -21;2830390000";"55;5114800000"
202200024606;15;12;2022;10:52;1;973;1;1;1;2;"4;9019900000";" -52;3131800000"
202200024607;23;5;2022;10:21;1;34;1;1;1;5;"43;4737260000";"3;4516810000"
202200024608;24;7;2022;18:50;3;974;1;1;1;6;" -21;3680170000";"55;5630860000"
202200024609;24;7;2022;18:15;1;74;1;1;1;1;"46;2661130000";"6;4518710000"
202200024610;22;5;2022;22:10;3;84;1;1;1;1;"43;9204080000";"5;0795030000"
202200024611;23;7;2022;12:10;1;51;1;2;1;3;"49;0177120000";"4;6180610000"
202200024612;20;5;2022;19:10;1;83;2;1;1;6;"43;1822190000";"5;6838740000"
202200024613;14;12;2022;17:50;1;973;2;2;1;3;"4;9332900000";" -52;3316900000"
202200024614;23;7;2022;17:20;1;2B;2;1;1;2;"42;4878910000";"9;4793130000"
202200024615;22;5;2022;23:15;5;83;2;1;1;1;"43;1419900000";"6;3395030000"
202200024616;23;5;2022;11:30;1;06;1;1;1;1;"43;8616230000";"7;1664120000"
202200024617;24;7;2022;13:50;1;65;1;1;1;7;"42;8146240000";"0;2008990000"
202200024618;14;12;2022;15:55;1;973;2;3;8;3;"4;9319316912";" -52;3118224740"
202200024619;23;5;2022;14:00;1;04;1;1;1;3;"43;7972900000";"6;6288970000"
202200024620;24;7;2022;10:50;1;71;1;1;1;6;"46;7478230000";"4;7138860000"
202200024621;22;5;2022;17:45;1;04;1;1;1;6;"44;4350670000";"6;8735150000"
202200024622;15;12;2022;17:30;5;69;2;3;3;6;"45;7359800000";"4;8829000000"
202200024623;24;7;2022;17:45;1;71;1;1;1;7;"46;9717460000";"4;1994380000"
202200024624;24;5;2022;07:25;1;13;1;1;1;1;"43;5240330000";"5;1130630000"
202200024625;14;12;2022;21:15;5;971;2;9;1;3;"16;2310756538";" -61;5314492583"
202200024626;24;5;2022;09:00;1;52;1;9;1;3;"47;8867010000";"5;2283440000"
202200024627;22;7;2022;21:10;2;63;1;1;1;6;"45;6603220000";"3;6894700000"
202200024628;22;5;2022;07:00;1;68;2;1;1;7;"48;2547793187";"7;2021603584"
202200024629;14;12;2022;19:00;5;971;1;9;1;3;"16;2178300000";" -61;4905200000"
202200024630;23;7;2022;21:40;1;63;2;1;1;1;"45;6834280000";"3;1940550000"
202200024631;23;5;2022;17:45;1;74;1;3;2;3;"46;1497790000";"6;3242250000"
202200024632;21;5;2022;19:50;1;38;1;3;1;3;"45;5942190000";"5;4722060000"
202200024633;23;7;2022;23:15;3;39;1;1;1;1;"46;8511520000";"5;7101870000"
202200024634;21;5;2022;11:00;1;38;2;2;1;3;"45;5649430000";"5;4446380000"
202200024635;15;12;2022;01:06;3;91;1;1;1;2;"48;6561360000";"2;5230340000"
202200024636;12;7;2022;18:55;1;29;1;3;1;1;"48;4665480000";" -3;9718580000"
202200024637;15;12;2022;09:47;1;91;2;1;1;2;"48;4416800000";"2;1701300000"
202200024638;21;5;2022;20:15;5;38;2;1;1;6;"45;5688260000";"5;2663780000"
202200024639;24;7;2022;09:20;1;29;1;2;1;3;"47;8981308500";" -4;1855882400"
202200024640;22;5;2022;16:45;1;69;1;1;1;3;"46;0336689756";"4;5175266266"
202200024641;10;12;2022;01:12;5;87;2;1;1;6;"45;8309200000";"1;2479400000"
202200024642;23;7;2022;21:12;1;03;1;1;1;7;"46;2927850000";"3;6027430000"
202200024643;21;5;2022;18:15;1;69;1;1;1;3;"45;6356966642";"4;6858383840"
202200024644;13;12;2022;21:30;4;87;1;1;2;5;"45;8610300000";"1;2861600000"
202200024645;24;7;2022;00:30;5;03;2;1;1;7;"46;2952020000";"2;7382780000"
202200024646;20;5;2022;12:00;1;69;2;3;6;3;"45;6964930000";"5;0184560000"
202200024647;22;5;2022;21:00;1;69;1;1;1;6;"45;9075360000";"4;7602180000"
202200024648;13;12;2022;08:45;2;84;2;2;3;3;"43;9222900000";"4;8572400000"
202200024649;20;5;2022;11:28;1;81;1;3;7;3;"43;8860690515";"1;9531331061"
202200024650;16;12;2022;00:05;5;83;2;3;2;1;"43;1264000000";"5;8976100000"
202200024651;21;7;2022;09:50;1;01;1;3;1;2;"46;1668730000";"5;4009390000"
202200024652;23;5;2022;10:25;1;32;1;1;8;7;"43;6163650000";"0;6501080000"
202200024653;14;12;2022;15:25;1;82;2;6;1;6;"44;0172200000";"1;3586400000"
202200024654;20;5;2022;19:30;1;09;1;2;1;3;"43;2049260000";"1;6246460000"
202200024655;23;5;2022;00:15;3;17;1;1;8;7;"46;2338180000";" -1;5436680000"
202200024656;24;7;2022;15:00;1;58;1;1;1;7;"47;2837510000";"3;8734180000"
202200024657;20;5;2022;22:15;3;14;1;1;1;6;"49;2468050000";" -0;2852080000"
202200024658;8;12;2022;13:05;1;78;2;2;1;3;"48;9015400000";"2;0738800000"
202200024659;13;12;2022;09:10;1;78;2;3;1;2;"48;9736700000";"1;9124600000"
202200024660;23;7;2022;20:00;2;72;1;1;1;7;"48;1093730000";"0;7146160000"
202200024661;24;5;2022;14:30;1;60;1;1;1;2;"49;1021120000";"2;7440930000"
202200024662;23;5;2022;20:00;1;60;1;1;1;1;"49;1378600000";"2;7985420000"
202200024663;24;7;2022;16:05;1;14;2;1;1;6;"49;2850100000";"0;1829960000"
202200024664;24;5;2022;06:45;2;60;2;1;1;6;"49;2019530000";"2;5922580000"
202200024665;15;12;2022;20:00;5;77;2;6;1;6;"48;8390800000";"2;7861400000"
202200024666;21;5;2022;21:00;2;60;1;1;1;7;"49;2249014166";"2;5884829759"
202200024667;15;12;2022;01:15;3;77;1;1;1;7;"48;4691900000";"2;7392500000"
202200024668;24;5;2022;08:36;1;60;1;1;2;3;"49;4782470000";"2;5332500000"
202200024669;24;7;2022;16:15;1;14;1;2;1;3;"49;2280366767";"0;2119910717"
202200024670;15;12;2022;07:30;5;76;2;1;1;1;"49;2917042479";"1;0099898279"
202200024671;11;5;2022;19:39;1;60;2;6;1;3;"49;3604390663";"2;4227659106"
202200024672;24;7;2022;16:15;1;09;1;1;1;7;"42;6104480000";"1;8190420000"
202200024673;15;12;2022;02:40;5;76;2;2;1;6;"49;2974800000";"1;0110100000"
202200024674;22;5;2022;22:30;3;60;1;1;1;6;"49;2167271774";"1;8456988333"
202200024675;24;7;2022;11:50;1;18;1;1;1;1;"46;9582170000";"2;9207190000"
202200024676;14;12;2022;17:50;3;72;1;1;2;2;"47;9614900000";"0;2234300000"
202200024677;23;7;2022;20:45;2;07;1;1;1;6;"45;1438950000";"4;7116370000"
202200024678;23;5;2022;16:46;1;988;2;1;2;5;" -22;2426500000";"166;4604200000"
202200024679;15;12;2022;19:50;3;69;2;1;2;6;"45;7603600000";"4;9020500000"
202200024680;23;5;2022;18:55;5;976;2;9;1;1;" -12;7701600000";"45;2208700000"
202200024681;15;12;2022;12:20;1;69;2;6;2;3;"45;7718900000";"4;8700100000"
202200024682;23;7;2022;16:30;1;07;1;4;1;2;"44;3879720000";"4;2335340000"
202200024683;22;5;2022;12:00;1;974;2;3;1;3;" -20;8903500000";"55;4657000000"
202200024684;15;12;2022;07:45;4;69;2;6;9;3;"45;7346200000";"4;9657600000"
202200024685;24;7;2022;06:40;2;21;1;1;1;6;"46;9872200000";"4;7329900000"
202200024686;22;5;2022;20:33;5;973;2;3;1;6;"4;9407189746";" -52;3346266150"
202200024687;14;12;2022;10:25;1;67;1;1;4;1;"48;8329190000";"7;8472090000"
202200024688;23;5;2022;08:40;1;972;1;1;1;3;"14;6103200000";" -61;0496200000"
202200024689;23;7;2022;13:25;1;40;2;1;1;7;"43;9506650000";" -1;3015420000"
202200024690;15;12;2022;14:22;1;66;2;9;8;3;"42;6784200000";"2;9062700000"
202200024691;23;5;2022;18:00;1;69;2;2;8;3;"45;7750100000";"4;8086700000"
202200024692;14;12;2022;22:30;4;66;2;3;2;1;"42;6945223773";"2;9014635086"
202200024693;23;5;2022;00:50;5;69;2;6;1;6;"45;7924400000";"4;8719200000"
202200024694;22;5;2022;07:55;1;69;2;1;9;1;"45;7487844343";"4;8275782330"
202200024695;14;12;2022;15:17;1;66;2;3;1;6;"42;6841000000";"2;9027600000"
202200024696;23;7;2022;17:40;1;24;1;2;1;3;"44;8680400000";"1;2857060000"
202200024697;23;5;2022;06:25;1;971;1;1;1;2;"16;2531576303";" -61;5339919925"
202200024698;15;12;2022;09:45;1;64;2;3;1;3;"43;3802270000";" -1;6689270000"
202200024699;22;5;2022;21:15;3;971;2;1;1;1;"16;2145904547";" -61;4388969541"
202200024700;23;7;2022;05:25;3;24;1;1;1;6;"45;4246230000";"0;6129490000"
202200024701;15;12;2022;20:55;5;64;2;6;2;3;"43;4810600000";" -1;5412000000"
202200024702;23;5;2022;19:20;3;971;2;1;1;6;"15;9949538510";" -61;7313730717"
202200024703;24;7;2022;18:10;1;04;1;1;1;6;"43;9616850000";"6;3276100000"
202200024704;21;5;2022;20:00;5;971;2;1;1;2;"15;9898159532";" -61;7273578048"
202200024705;15;12;2022;14:40;1;62;2;1;1;1;"50;7690000000";"2;3695700000"
202200024706;24;7;2022;17:50;1;85;1;1;7;7;"46;8312500000";" -2;0529430000"
202200024707;22;5;2022;20:05;1;2A;2;1;1;7;"41;9340300000";"8;7451800000"
202200024708;15;12;2022;16:30;2;59;2;2;1;3;"50;7338940000";"3;1683520000"
202200024709;22;5;2022;16:15;1;95;2;1;2;2;"48;9901539620";"2;3067399859"
202200024710;10;12;2022;16:40;1;57;2;1;1;1;"49;2570700000";"6;1149100000"
202200024711;23;5;2022;20:10;1;91;2;1;1;3;"48;7229240000";"2;2631610000"
202200024712;23;7;2022;10:00;1;27;1;1;1;3;"48;8994910000";"0;8519230000"
202200024713;23;5;2022;10:00;1;91;1;1;2;2;"48;6645500000";"2;5254300000"
202200024714;14;12;2022;17:04;2;56;2;3;8;3;"47;6534977500";" -2;7078746200"
202200024715;23;7;2022;16:52;1;87;1;1;1;6;"46;2613620000";"1;0916430000"
202200024716;21;5;2022;21:00;1;91;2;1;1;1;"48;4272700000";"2;1495800000"
202200024717;16;12;2022;00:01;5;51;2;1;5;6;"49;2714980000";"4;0171540000"
202200024718;23;7;2022;14:00;1;87;1;1;1;1;"46;2016440000";"1;3544730000"
202200024719;23;5;2022;20:22;2;90;2;1;8;3;"47;6205700000";"6;8621500000"
202200024720;15;12;2022;17:35;4;51;2;6;1;7;"49;2645268883";"3;9870581031"
202200024721;22;5;2022;15:51;1;90;2;1;1;6;"47;6456300000";"6;8777000000"
202200024722;23;7;2022;19:20;1;37;1;1;1;6;"47;3632900000";"0;6282810000"
202200024723;15;12;2022;11:15;1;51;2;1;1;7;"49;2435360543";"4;0455946326"
202200024724;23;5;2022;11:15;1;87;2;2;2;7;"45;8187430000";"1;2230520000"
202200024725;11;7;2022;16:03;1;01;1;1;1;6;"45;8615600000";"5;1684830000"
202200024726;21;5;2022;12:44;1;87;2;1;1;3;"45;8811900000";"1;2914100000"
202200024727;14;12;2022;23:13;5;49;2;1;1;5;"47;4705700000";" -0;5530900000"
202200024728;22;5;2022;11:34;1;87;1;1;1;6;"45;7957800000";"1;2245700000"
202200024729;13;9;2022;07:45;1;38;2;1;1;6;"45;1954700000";"5;7633400000"
202200024730;3;5;2022;15:45;1;85;2;6;1;3;"46;6505600000";" -1;4372700000"
202200024731;15;12;2022;08:19;1;35;2;6;1;3;"48;1234677555";" -1;6014531255"
202200024732;22;5;2022;00:30;5;83;2;1;1;1;"43;1337090000";"6;0093520000"
202200024733;15;12;2022;08:30;2;34;2;1;3;6;"43;4286800000";"3;7293900000"
202200024734;19;5;2022;14:15;1;83;2;6;1;3;"43;1066000000";"5;8142500000"
202200024735;14;12;2022;22:41;5;34;2;1;8;6;"43;6267100000";"3;8175000000"
202200024736;23;7;2022;13:45;1;13;1;1;1;2;"43;3274800000";"5;6005280000"
202200024737;10;5;2022;17:40;1;83;2;1;1;2;"43;1250800000";"5;7887800000"
202200024738;18;5;2022;16:10;1;80;2;1;1;6;"49;8914527130";"2;2998024523"
202200024739;13;12;2022;23:10;5;34;2;2;2;6;"43;6113700000";"3;8287300000"
202200024740;21;5;2022;08:00;1;80;2;1;1;6;"49;8854300000";"2;3200400000"
202200024741;23;7;2022;23:30;3;53;1;1;1;1;"48;3040498489";" -0;8402658926"
202200024742;15;12;2022;14:45;1;33;2;1;8;2;"44;8688200000";" -0;5690900000"
202200024743;19;5;2022;20:50;1;80;2;3;1;3;"49;8855700000";"2;2653600000"
202200024744;23;7;2022;16:30;1;988;1;1;3;6;" -20;1948600000";"164;0912200000"
202200024745;23;5;2022;17:15;1;78;2;1;2;5;"48;9100500000";"2;0380200000"
202200024746;14;12;2022;17:15;2;33;2;1;1;3;"44;7727300000";" -0;6012100000"
202200024747;22;5;2022;15:35;1;78;2;2;2;1;"48;8999500000";"2;0886430000"
202200024748;24;7;2022;11:50;1;988;2;1;1;6;" -21;0593040000";"164;8585010000"
202200024749;15;12;2022;22:50;3;32;1;1;2;6;"43;6303900000";"0;6326900000"
202200024750;14;12;2022;19:15;5;30;2;1;1;2;"44;1213000000";"4;0879000000"
202200024751;23;7;2022;07:15;1;971;2;1;1;3;"16;0288930000";" -61;6969980000"
202200024752;22;5;2022;04:40;3;77;2;6;1;1;"48;5872600000";"2;5948200000"
202200024753;14;12;2022;20:30;5;29;2;1;1;2;"48;4151079539";" -4;4798517822"
202200024754;6;5;2022;16:27;1;77;1;1;1;3;"48;5856919482";"2;6021342729"
202200024755;14;12;2022;14:45;1;29;2;1;1;6;"48;3893500000";" -4;5096800000"
202200024756;21;5;2022;20:10;1;76;2;3;1;6;"49;4997000000";"0;1436700000"
202200024757;24;7;2022;06:00;2;66;1;1;1;1;"42;7519990000";"2;9859320000"
202200024758;15;12;2022;20:35;5;27;1;1;1;1;"49;0112600000";"1;1419100000"
202200024759;22;5;2022;15:40;1;76;2;1;1;1;"49;9216451533";"1;0938526325"
202200024760;24;7;2022;17:40;1;84;2;6;1;-1;"44;3168440000";"4;7428210000"
202200024761;22;5;2022;14:20;1;76;2;1;1;6;"49;9129100000";"1;1054900000"
202200024762;15;12;2022;10:25;1;27;2;3;1;1;"49;0218900000";"1;1783400000"
202200024763;23;5;2022;08:20;1;71;1;1;2;7;"46;7638900000";"4;4641700000"
202200024764;15;12;2022;01:04;3;24;1;1;8;2;"44;8674300000";"0;4574800000"
202200024765;23;7;2022;18:55;1;83;1;1;1;2;"43;2449530000";"5;8059310000"
202200024766;21;5;2022;18:50;1;68;2;1;1;6;"48;0791700000";"7;3370400000"
202200024767;15;12;2022;00:17;3;17;2;1;1;6;"46;1790400000";" -1;1293100000"
202200024768;21;5;2022;13:05;1;66;2;1;1;1;"42;7179200000";"2;8873300000"
202200024769;24;7;2022;03:26;3;38;1;1;1;1;"45;4157140000";"4;8270320000"
202200024770;15;12;2022;02:45;5;13;2;1;2;3;"43;3872500000";"5;3521900000"
202200024771;22;5;2022;17:35;1;64;2;2;1;1;"43;2988225539";" -0;3519353271"
202200024772;24;7;2022;02:45;3;68;1;1;1;6;"47;9346140000";"7;2774610000"
202200024773;15;12;2022;16:05;1;13;2;1;2;3;"43;6374800000";"5;0963400000"
202200024774;23;5;2022;12:11;1;64;2;1;1;3;"43;4825000000";" -1;5061200000"
202200024775;15;12;2022;15:50;1;13;2;1;1;3;"43;3044300000";"5;3785800000"
202200024776;24;7;2022;16:17;1;57;1;4;1;3;"49;0307414318";"7;1629524976"
202200024777;14;12;2022;21:45;5;13;2;9;1;3;"43;3100000000";"5;4000000000"
202200024778;23;5;2022;08:25;1;64;2;1;1;4;"43;4927121094";" -1;4718072116"
202200024779;14;12;2022;17:05;2;13;2;1;8;7;"43;3362100000";"5;3750000000"
202200024780;23;5;2022;08:02;1;64;2;1;2;2;"43;4873800000";" -1;5364500000"
202200024781;23;7;2022;19:50;1;26;2;1;1;2;"45;0366100000";"5;0828180000"
202200024782;14;12;2022;16:35;1;13;2;2;1;3;"43;5838700000";"5;0063100000"
202200024783;21;5;2022;08:50;1;64;2;9;1;3;"43;4999800000";" -1;4561100000"
202200024784;23;7;2022;15:30;1;33;2;1;1;6;"45;1057080000";" -0;3200750000"
202200024785;22;5;2022;19:31;1;63;2;1;1;6;"45;7788300000";"3;0995700000"
202200024786;15;12;2022;01:30;5;12;2;1;1;6;"44;3505100000";"2;5779900000"
202200024787;20;5;2022;18:11;1;63;2;1;1;6;"45;7760000000";"3;0613100000"
202200024788;14;12;2022;07:37;3;10;1;1;4;6;"48;3063000000";"4;1323000000"
202200024789;24;7;2022;12:50;1;85;1;1;1;2;"46;6456516000";" -1;8890289500"
202200024790;21;5;2022;09:20;1;62;2;3;1;2;"50;4745610000";"2;6662460000"
202200024791;14;12;2022;17:29;5;10;2;2;2;6;"48;2879000000";"4;0743000000"
202200024792;23;7;2022;22:50;4;49;2;1;1;1;"47;4543120000";" -0;2752700000"
202200024793;22;5;2022;11:50;1;62;2;9;1;3;"50;9523000000";"1;8876000000"
202200024794;16;12;2022;00:42;5;06;2;3;2;1;"43;6975300000";"7;2730200000"
202200024795;22;7;2022;22:30;3;14;1;1;1;6;"48;9248876142";" -0;0355953276"
202200024796;23;5;2022;20:00;1;59;2;1;1;3;"50;6139100000";"3;1345500000"
202200024797;14;12;2022;18:10;5;75;2;1;1;2;"48;8802440000";"2;2817010000"
202200024798;21;5;2022;17:25;1;59;2;9;1;3;"50;9983533897";"2;2571110725"
202200024799;23;7;2022;05:00;5;35;2;1;1;6;"48;2643262665";" -1;3965873420"
202200024800;22;5;2022;13:50;1;56;2;1;1;6;"47;7760700000";" -3;3457100000"
202200024801;13;12;2022;09:05;1;75;2;1;8;2;"48;8827000000";"2;2833590000"
202200024802;23;5;2022;16:30;1;54;2;3;1;3;"48;6835450000";"6;1811920000"
202200024803;24;7;2022;10:10;1;35;1;1;1;4;"48;2554910000";" -1;5311010000"
202200024804;15;12;2022;08:10;1;75;2;2;8;3;"48;8855450000";"2;3658010000"
202200024805;22;5;2022;01:40;5;54;2;1;1;6;"48;7043400000";"6;2065100000"
202200024806;15;12;2022;11:45;1;75;2;3;1;3;"48;8937740000";"2;3118910000"
202200024807;21;5;2022;16:12;1;54;2;1;1;6;"49;5484760000";"5;7868710000"
202200024808;23;7;2022;22:54;3;60;1;1;1;6;"49;3562818075";"2;5485405921"
202200024809;23;7;2022;13:30;1;13;1;1;1;1;"43;3834730406";"5;2305104010"
202200024810;14;12;2022;23:15;5;75;2;4;1;3;"48;8668110000";"2;3026150000"
202200024811;23;5;2022;10:18;1;51;2;3;2;3;"49;2159688986";"4;0282863379"
202200024812;23;5;2022;06:45;1;51;2;3;1;3;"49;2709000000";"4;0438400000"
202200024813;15;12;2022;19:10;5;75;2;2;1;6;"48;8511060000";"2;2723230000"
202200024814;23;7;2022;17:40;1;33;1;1;1;3;"44;7721210000";" -0;6583370000"
202200024815;21;5;2022;20:25;1;51;2;3;1;3;"49;0368700000";"3;9546600000"
202200024816;15;12;2022;15:35;1;75;2;2;1;6;"48;8428790000";"2;2950900000"
202200024817;23;5;2022;18:00;1;45;2;1;1;6;"47;8352030000";"1;9223180000"
202200024818;23;5;2022;11:00;1;45;2;2;3;2;"47;9452633862";"1;9132950157"
202200024819;23;7;2022;17:45;1;91;1;1;1;2;"48;6405300000";"2;3944600000"
202200024820;15;12;2022;14:30;1;75;2;7;1;2;"48;8368150000";"2;2787550000"
202200024821;23;5;2022;08:20;1;45;2;1;2;2;"47;8801653441";"1;9075870514"
202200024822;22;5;2022;11:20;1;45;2;1;1;2;"47;9440741838";"1;8841606826"
202200024823;14;12;2022;12:30;1;75;2;3;8;7;"48;8254840000";"2;3117360000"
202200024824;23;7;2022;18:20;1;91;1;1;1;2;"48;7301800000";"2;3148900000"
202200024825;23;5;2022;19:54;1;42;2;1;1;3;"45;3950500000";"4;3119800000"
202200024826;15;12;2022;17:45;2;75;2;2;1;6;"48;8277080000";"2;3714180000"
202200024827;22;5;2022;17:40;1;38;2;1;1;2;"45;1784300000";"5;7156000000"
202200024828;15;12;2022;16:57;2;75;2;2;1;3;"48;8317000000";"2;3978890000"
202200024829;23;5;2022;08:30;1;35;1;1;3;4;"48;1115921276";" -1;7182686925"
202200024830;23;7;2022;06:39;1;91;1;1;1;6;"48;6498600000";"2;3843700000"
202200024831;22;5;2022;20:55;1;35;2;1;1;6;"48;1277938754";" -1;6627885401"
202200024832;13;12;2022;18:50;5;75;2;3;1;3;"48;8404560000";"2;3920200000"
202200024833;22;5;2022;15:50;1;35;1;1;1;6;"48;1748070443";" -1;7153088748"
202200024834;22;5;2022;07:45;1;35;2;1;8;6;"48;1281100000";" -1;6519700000"
202200024835;15;12;2022;10:30;1;75;2;2;1;3;"48;8712450000";"2;3701440000"
202200024836;23;7;2022;21:00;1;92;1;1;1;3;"48;9134858007";"2;2184673820"
202200024837;20;5;2022;01:05;5;34;2;3;1;3;"43;3938900000";"3;6650000000"
202200024838;14;12;2022;22:55;5;75;2;1;1;3;"48;8683630000";"2;3595130000"
202200024839;23;5;2022;09:35;1;33;2;1;1;6;"44;7800500000";" -0;5732100000"
202200024840;23;7;2022;02:30;4;95;1;1;8;6;"49;0309653600";"2;1208119392"
202200024841;15;12;2022;14:48;1;75;2;7;1;6;"48;8637520000";"2;3320900000"
202200024842;23;5;2022;07:30;1;33;2;1;8;1;"44;8372400000";" -0;5560300000"
202200024843;15;12;2022;18:20;5;94;2;2;1;1;"48;8505500000";"2;4429600000"
202200024844;22;7;2022;11:20;1;92;2;1;1;6;"48;7979324732";"2;3137308955"
202200024845;14;12;2022;12:40;1;94;2;9;2;1;"48;7574940000";"2;5036430000"
202200024846;22;5;2022;04:00;5;33;2;1;1;3;"44;8375924439";" -0;5730566382"
202200024847;24;5;2022;01:10;5;31;2;6;1;6;"43;6240000000";"1;3330000000"
202200024848;15;12;2022;18:15;5;93;2;2;8;3;"48;9545200000";"2;5813100000"
202200024849;11;7;2022;08:00;1;69;1;1;1;6;"45;7623336469";"4;8057514429"
202200024850;15;12;2022;15:43;1;93;2;1;1;6;"48;9491590000";"2;3833200000"
202200024851;23;5;2022;15:38;1;31;2;3;1;2;"43;5613400000";"1;4056500000"
202200024852;24;11;2022;06:30;5;93;2;1;1;6;"48;9563860000";"2;5415890000"
202200024853;15;12;2022;19:00;5;93;2;3;1;6;"48;9092151798";"2;3983501123"
202200024854;15;12;2022;08:40;1;93;2;1;1;3;"48;8378700000";"2;5816200000"
202200024855;4;5;2022;16:50;1;62;2;1;1;2;"50;4605400000";"2;8739400000"
202200024856;15;12;2022;20:20;5;93;2;2;1;3;"48;9292500000";"2;5519000000"
202200024857;15;12;2022;22:20;5;93;2;9;1;6;"48;9473358528";"2;3418973555"
202200024858;15;12;2022;00:17;4;93;2;2;1;3;"48;9605722747";"2;3068038823"
202200024859;24;4;2022;03:40;5;92;2;1;1;6;"48;9072700000";"2;2829500000"
202200024860;15;12;2022;20:15;5;93;2;1;1;6;"48;9158130000";"2;3926130000"
202200024861;15;12;2022;16:50;5;93;2;2;8;3;"48;9080000000";"2;3878100000"
202200024862;22;7;2022;08:00;1;974;2;9;1;3;" -21;3189460000";"55;4278840000"
202200024863;15;12;2022;17:55;5;92;2;9;1;7;"48;8617850000";"2;2125640000"
202200024864;15;12;2022;07:20;5;92;2;5;1;3;"48;8228104860";"2;2173365950"
202200024865;15;12;2022;05:33;5;92;2;1;1;6;"48;8099000000";"2;3175600000"
202200024866;22;7;2022;08:55;1;974;2;6;1;3;" -20;9323400000";"55;6460200000"
202200024867;14;12;2022;14:41;1;92;2;2;8;3;"48;8112270000";"2;3184140000"
202200024868;15;12;2022;11:00;1;92;2;3;1;3;"48;9311670000";"2;2443840000"
202200024869;15;12;2022;19:05;3;92;2;1;1;3;"48;8257643737";"2;2466174662"
202200024870;15;12;2022;12:00;1;92;2;1;1;1;"48;8398300000";"2;2379000000"