Accident_Id;jour;mois;an;hrmn;lum;dep;agg;int;atm;col;lat;long
202200024871;21;7;2022;12:10;1;974;2;1;1;2;" -20;9488000000";"55;3002000000"
202200024872;14;12;2022;18:43;5;92;2;3;1;3;"48;9060800000";"2;2582200000"
202200024873;15;12;2022;06:05;5;92;2;1;1;1;"48;9113260086";"2;2987185716"
202200024874;22;7;2022;16:35;1;973;2;1;1;1;"4;9268500000";" -52;3022100000"
202200024875;15;12;2022;08:05;2;92;2;3;1;6;"48;9109610000";"2;2973670000"
202200024876;16;12;2022;15:00;1;974;1;1;8;2;" -20;9957400000";"55;2865080000"
202200024877;14;12;2022;14:35;1;83;1;1;8;6;"43;4788410000";"6;2748460000"
202200024878;22;7;2022;18:15;1;69;2;2;1;3;"45;7727800000";"4;8453100000"
202200024879;15;12;2022;17:50;3;35;2;1;1;6;"48;3741620566";" -1;8643699586"
202200024880;16;12;2022;09:30;1;68;1;1;4;7;"47;7880180000";"7;4171450000"
202200024881;16;12;2022;10:30;1;59;1;1;9;7;"50;9454870000";"2;4854900000"
202200024882;13;12;2022;13:15;1;85;2;1;1;6;"46;8625400000";" -1;0068523000"
202200024883;22;7;2022;14:10;1;69;2;2;1;3;"45;7306352236";"4;8875883222"
202200024884;13;12;2022;22:35;4;77;1;1;1;7;"48;7762210000";"3;1756630000"
202200024885;16;12;2022;07:15;2;62;1;1;9;6;"50;6494840000";"1;9027780000"
202200024886;16;12;2022;13:00;1;2B;1;1;2;6;"42;5027390000";"9;4351260000"
202200024887;22;7;2022;12:10;1;69;2;2;1;6;"45;7590900000";"4;8617700000"
202200024888;15;12;2022;07:45;3;80;1;2;9;3;"50;0902660000";"2;0655420000"
202200024889;22;7;2022;08:10;1;69;2;3;1;6;"45;7305300000";"4;8300300000"
202200024890;15;12;2022;22:00;3;65;1;1;2;7;"42;9713453231";" -0;0818496197"
202200024891;22;7;2022;12:55;1;972;2;1;1;3;"14;6300933437";" -61;0292699933"
202200024892;16;12;2022;15:15;1;61;1;1;1;6;"48;7689680000";" -0;6975890000"
202200024893;22;7;2022;19:30;1;69;2;6;1;6;"45;7374485413";"4;8013204336"
202200024894;9;12;2022;10:30;1;31;2;1;1;1;"43;0878480000";"0;5665860000"
202200024895;21;7;2022;18:00;1;2B;2;1;1;1;"42;6847400000";"9;4211400000"
202200024896;16;12;2022;12:30;1;02;1;1;1;6;"49;8107460000";"3;4473200000"
202200024897;15;12;2022;16:50;3;03;1;3;5;7;"46;1439380000";"3;0365400000"
202200024898;13;12;2022;14:10;1;70;2;7;1;6;"47;8821610000";"6;2719540000"
202200024899;15;12;2022;19:45;5;66;2;2;8;1;"42;4747680000";"2;6645061000"
202200024900;14;12;2022;09:15;1;14;1;3;4;2;"49;2149850000";"0;2253460000"
202200024901;16;12;2022;16:58;1;64;1;4;8;1;"43;3299460000";" -0;7637320000"
202200024902;15;12;2022;18:30;5;36;2;1;1;6;"46;8902940000";"1;4240120000"
202200024903;9;12;2022;02:15;3;53;1;1;1;6;"48;1900980000";" -0;6915700000"
202200024904;16;12;2022;05:15;5;53;2;1;1;2;"47;8313495217";" -0;6855431634"
202200024905;15;12;2022;17:40;3;21;1;3;1;2;"47;2209850000";"4;5684240000"
202200024906;16;12;2022;06:15;5;40;1;1;2;1;"43;5493060000";" -1;0143950000"
202200024907;16;12;2022;07:30;5;85;2;1;1;3;"46;7967490000";" -1;8998860000"
202200024908;16;12;2022;12:00;1;17;1;1;1;1;"45;1444440835";" -0;1645476884"
202200024909;15;12;2022;15:30;1;06;1;1;3;3;"43;7322820000";"7;3091050000"
202200024910;16;12;2022;05:56;3;69;2;1;2;1;"45;8945390000";"4;5958100000"
202200024911;16;12;2022;05:54;3;13;1;1;5;2;"43;4708180000";"5;6445160000"
202200024912;16;12;2022;08:30;1;27;1;1;1;5;"49;1286000000";"1;3218140000"
202200024913;16;12;2022;14:10;1;973;1;1;2;7;"5;4576410000";" -54;0409330000"
202200024914;9;12;2022;19:45;3;37;1;1;1;1;"47;3219710000";"1;0806030000"
202200024915;16;12;2022;17:20;5;60;2;1;1;3;"49;0859100000";"2;7452730000"
202200024916;16;12;2022;07:25;2;60;2;6;9;6;"49;2344123153";"2;1337659829"
202200024917;15;12;2022;12:15;1;13;1;1;3;2;"43;4297000000";"5;3979900000"
202200024918;21;7;2022;17:40;1;2B;1;1;7;4;"42;6453523856";"9;4399206369"
202200024919;15;12;2022;15:40;1;13;1;1;2;2;"43;3383360000";"5;3488170000"
202200024920;15;12;2022;16:10;1;13;1;1;2;6;"43;2634400000";"5;5885400000"
202200024921;14;12;2022;18:55;4;13;1;1;2;4;"43;4116380000";"5;3640770000"
202200024922;14;12;2022;18:20;3;13;1;1;2;4;"43;5243200000";"5;4267700000"
202200024923;14;12;2022;12:10;1;13;1;1;1;2;"43;2945300000";"5;4680400000"
202200024924;22;7;2022;17:40;1;95;1;1;1;3;"48;9725598906";"2;4617260695"
202200024925;15;12;2022;04:40;5;69;1;1;1;6;"45;7819700000";"4;8929600000"
202200024926;15;12;2022;01:30;3;69;1;1;1;6;"45;7696500000";"4;9849100000"
202200024927;15;12;2022;11:00;1;91;1;1;1;5;"48;6908500000";"2;2233300000"
202200024928;15;12;2022;08:40;1;91;1;1;1;4;"48;7307400000";"2;3151000000"
202200024929;15;12;2022;08:30;1;91;1;1;1;2;"48;6906500000";"2;2230500000"
202200024930;15;12;2022;20:45;3;95;1;1;1;6;"49;0623217269";"2;3237569601"
202200024931;15;12;2022;08:20;1;94;1;1;1;2;"48;8347510000";"2;5370150000"
202200024932;21;7;2022;13:00;1;91;2;1;1;5;"48;6852300000";"2;5299100000"
202200024933;15;12;2022;00:45;3;77;1;1;1;2;"48;8314797864";"2;6786187998"
202200024934;14;12;2022;13:20;1;77;1;1;1;2;"48;8289700000";"2;7376800000"
202200024935;29;10;2022;08:18;3;29;1;1;1;7;"48;5221780000";" -3;9899850000"
202200024936;14;12;2022;20:00;2;24;1;1;1;6;"45;1485560000";"1;1833050000"
202200024937;12;12;2022;10:10;1;95;2;1;1;6;"49;0761383349";"2;2039711475"
202200024938;11;10;2022;20:04;2;74;2;3;1;3;"46;1890000000";"6;2101200000"
202200024939;7;10;2022;20:40;5;74;2;1;1;6;"46;1901720000";"6;2385160000"
202200024940;21;9;2022;01:50;5;74;2;1;1;6;"46;3993000000";"6;6044000000"
202200024941;14;12;2022;12:45;1;91;2;9;1;6;"48;4338600000";"2;1658500000"
202200024942;14;12;2022;22:00;5;54;2;1;2;6;"49;4708500000";"5;9300200000"
202200024943;14;12;2022;18:50;5;54;2;2;1;6;"49;2574000000";"5;9349000000"
202200024944;13;10;2022;08:00;1;73;1;1;1;2;"45;5647100000";"5;9473100000"
202200024945;13;12;2022;14:00;1;44;2;1;1;6;"47;2480000000";" -1;5164400000"
202200024946;8;3;2022;16:20;1;13;2;1;1;1;"43;2768380594";"5;4373472850"
202200024947;8;3;2022;09:20;1;13;2;1;1;2;"43;2933300000";"5;4547500000"
202200024948;8;3;2022;08:50;1;13;2;3;1;3;"43;2609259820";"5;3938031575"
202200024949;8;3;2022;07:30;1;13;2;1;1;1;"43;3200000000";"5;4300000000"
202200024950;7;3;2022;21:30;5;13;2;1;1;1;"43;2685900000";"5;3691600000"
202200024951;7;3;2022;15:30;1;13;2;9;1;6;"43;5181700000";"4;9672100000"
202200024952;7;3;2022;10:38;1;10;2;1;1;2;"48;2917300000";"4;0719390000"
202200024953;7;3;2022;08:40;1;10;2;3;1;5;"48;2951200000";"4;0646300000"
202200024954;8;3;2022;20:00;5;06;2;1;1;1;"43;7207000000";"7;2754200000"
202200024955;8;3;2022;10:00;1;06;2;1;1;6;"43;6594280000";"7;1952500000"
202200024956;8;3;2022;10:00;1;75;2;1;1;7;"48;8270500000";"2;2944910000"
202200024957;8;3;2022;09:15;1;75;2;1;1;2;"48;8353160000";"2;2694900000"
202200024958;8;3;2022;07:24;1;75;2;1;1;6;"48;8718760094";"2;4085588144"
202200024959;8;3;2022;16:00;1;75;2;1;1;2;"48;8949460000";"2;3712760000"
202200024960;8;3;2022;15:00;1;75;2;3;1;3;"48;8857530000";"2;3707330000"
202200024961;8;3;2022;16:15;1;75;2;7;1;2;"48;8818103094";"2;3111579220"
202200024962;8;3;2022;15:30;1;75;2;2;1;3;"48;8676520000";"2;2508860000"
202200024963;8;3;2022;08:06;1;75;2;7;1;2;"48;8405302964";"2;4361573603"
202200024964;8;3;2022;19:15;5;75;2;3;1;3;"48;8731815075";"2;3588560691"
202200024965;8;3;2022;17:05;1;75;2;7;1;6;"48;8693988060";"2;3251703732"
202200024966;7;3;2022;22:50;5;75;2;3;1;3;"48;8603839960";"2;3405666649"
202200024967;7;3;2022;22:45;5;75;2;4;1;3;"48;8701448938";"2;3427204788"
202200024968;7;3;2022;08:38;1;75;2;3;1;6;"48;8622204853";"2;3391668871"
202200024969;8;3;2022;08:15;1;94;2;1;1;6;"48;8136700000";"2;4263900000"
202200024970;8;3;2022;08:10;1;94;2;3;1;6;"48;8123700000";"2;5746000000"
202200024971;8;3;2022;19:40;2;93;2;9;1;2;"48;9520620000";"2;5667770000"
202200024972;8;3;2022;08:47;1;93;2;1;1;6;"48;9653800000";"2;3640800000"
202200024973;8;3;2022;18:58;5;93;2;1;1;3;"48;8912500000";"2;5123600000"
202200024974;8;3;2022;02:09;5;93;2;1;1;6;"48;8544700000";"2;5203700000"
202200024975;8;3;2022;02:10;5;92;2;1;1;6;"48;8226088153";"2;2822535634"
202200024976;8;3;2022;17:41;1;92;2;9;1;3;"48;8900314759";"2;1743292510"
202200024977;4;3;2022;16:37;1;92;2;1;1;6;"48;8615131309";"2;1992898881"
202200024978;8;3;2022;17:20;1;92;2;2;1;6;"48;8893446491";"2;2041379809"
202200024979;8;3;2022;19:50;5;92;2;3;1;3;"48;8244500000";"2;2582740000"
202200024980;8;3;2022;23:35;5;92;2;6;1;6;"48;9025846624";"2;2746189236"
202200024981;8;3;2022;13:00;1;92;2;3;1;3;"48;8965492919";"2;2526575327"
202200024982;8;3;2022;19:30;5;92;2;3;1;3;"48;7488000000";"2;3069400000"
202200024983;8;3;2022;17:10;1;92;2;1;1;6;"48;7802800000";"2;3095100000"
202200024984;6;3;2022;17:00;1;36;1;1;1;6;"46;8942470000";"1;6329290000"
202200024985;8;3;2022;14:50;1;68;2;1;1;7;"48;1369100000";"7;2639420000"
202200024986;2;3;2022;22:15;3;69;1;1;1;1;"45;7217840000";"5;0458570000"
202200024987;9;3;2022;08:30;1;972;1;1;2;6;"14;6930780000";" -61;1629490000"
202200024988;5;3;2022;15:30;1;68;2;3;1;7;"47;7865110000";"7;5065000000"
202200024989;9;3;2022;17:10;2;83;1;1;1;5;"43;1556490000";"6;4976510000"
202200024990;9;3;2022;10:30;1;974;1;1;1;1;" -21;2285990000";"55;4557930000"
202200024991;8;3;2022;12:00;1;2A;1;3;1;3;"41;9786190000";"8;8314040000"
202200024992;9;3;2022;18:45;2;80;2;1;1;7;"49;7497810000";"3;0243730000"
202200024993;9;3;2022;11:25;1;89;1;9;7;3;"47;7319850000";"2;9006960000"
202200024994;8;3;2022;01:45;4;63;2;1;1;6;"45;6135251385";"3;1495249271"
202200024995;6;3;2022;16:00;1;63;1;1;1;6;"45;6255780000";"3;2246480000"
202200024996;9;3;2022;11:30;1;61;2;3;1;6;"48;6040000000";"0;1719400000"
202200024997;8;3;2022;20:00;3;46;1;1;1;7;"44;4767140000";"1;8131100000"
202200024998;9;3;2022;11:20;1;25;1;3;1;3;"47;1122730000";"6;1182690000"
202200024999;9;3;2022;08:00;1;29;2;4;1;1;"48;4623609999";" -3;9688540000"
202200025000;9;3;2022;12:45;1;29;1;2;2;3;"48;1580740000";" -3;8864300000"
202200025001;8;3;2022;17:25;1;29;1;1;1;6;"48;4740810000";" -4;4012580000"
202200025002;27;2;2022;16:00;1;31;1;2;1;3;"42;9740010000";"0;6469060000"
202200025003;8;3;2022;16:00;1;15;1;1;1;6;"45;1313390000";"2;8415540000"
202200025004;8;3;2022;17:20;1;01;2;1;1;3;"46;0943200000";"4;7585070000"
202200025005;2;3;2022;16:30;1;18;1;1;1;6;"46;7999480000";"2;5266140000"
202200025006;9;3;2022;17:45;1;24;1;1;1;1;"45;1819610000";"1;2164570000"
202200025007;8;3;2022;23:45;3;85;1;1;5;6;"46;6665800000";" -1;2990560000"
202200025008;8;3;2022;14:30;1;49;1;1;8;6;"47;1045360000";" -0;8266350000"
202200025009;8;3;2022;04:00;5;978;2;1;1;1;"18;0997220000";" -63;0559020000"
202200025010;8;3;2022;09:30;1;06;1;1;1;3;"43;5860100000";"7;0046420000"
202200025011;8;3;2022;16:00;1;17;1;1;3;4;"45;2537880000";" -0;2608610000"
202200025012;7;3;2022;19:30;5;971;2;1;1;6;"16;3218440000";" -61;6854270000"
202200025013;8;3;2022;18:30;3;37;1;1;2;6;"47;1578338143";"0;2619042993"
202200025014;8;3;2022;12:50;1;77;1;1;1;3;"48;9912570000";"2;9884530000"
202200025015;8;3;2022;08:10;1;34;1;1;1;3;"43;6779060000";"4;0880100000"
202200025016;7;3;2022;18:00;1;33;2;1;1;1;"44;7156120000";" -0;6275040000"
202200025017;9;3;2022;14:10;1;85;1;1;1;6;"46;9133200000";" -1;0458900000"
202200025018;6;3;2022;17:45;1;22;1;1;1;7;"48;4656730000";" -2;0022050000"
202200025019;8;3;2022;07:50;2;60;2;2;7;3;"49;4050250000";"2;1823100000"
202200025020;8;3;2022;13:45;1;62;1;6;1;3;"50;3307910000";"2;7173370000"
202200025021;8;3;2022;12:45;1;59;2;4;1;3;"50;6409455043";"2;7222380117"
202200025022;7;3;2022;07:45;1;13;1;1;1;4;"43;2917700000";"5;4243200000"
202200025023;7;3;2022;08:08;1;13;1;1;1;2;"43;2839300000";"5;5735800000"
202200025024;3;3;2022;18:15;1;13;1;1;1;4;"43;2922900000";"5;4242600000"
202200025025;8;3;2022;07:20;2;33;1;1;1;2;"44;9384200000";" -0;4670500000"
202200025026;4;3;2022;18:30;1;33;1;1;1;3;"44;9873160000";" -0;4274170000"
202200025027;8;3;2022;18:20;2;91;1;1;1;3;"48;6249000000";"2;3630800000"
202200025028;8;3;2022;14:30;1;94;1;1;1;3;"48;7558000000";"2;3355000000"
202200025029;8;3;2022;10:30;1;91;1;1;1;4;"48;6139300000";"2;4309700000"
202200025030;8;3;2022;09:20;1;94;1;1;1;3;"48;7599600000";"2;3383900000"
202200025031;8;3;2022;08:15;1;94;1;1;1;3;"48;7731811306";"2;3458755757"
202200025032;7;3;2022;08:15;1;78;1;1;7;4;"48;9702650000";"1;9064600000"
202200025033;8;3;2022;09:30;1;93;1;1;1;4;"48;8886633364";"2;4722843328"
202200025034;8;3;2022;06:10;3;93;1;1;1;2;"48;9217196788";"2;3665358126"
202200025035;7;3;2022;12:49;1;95;1;1;1;6;"48;9522495145";"2;2797811031"
202200025036;8;3;2022;18:10;1;94;1;1;1;2;"48;8172046066";"2;4285178250"
202200025037;7;3;2022;07:50;1;92;2;4;1;6;"48;9260838834";"2;2530084327"
202200025038;7;3;2022;11:40;1;976;2;1;1;6;" -12;7740700000";"45;2217300000"
202200025039;7;3;2022;10:15;1;64;2;2;1;6;"43;3026700000";" -0;3520100000"
202200025040;7;3;2022;09:55;1;93;2;1;1;6;"48;9180900000";"2;4660400000"
202200025041;4;3;2022;15:52;1;63;2;1;1;6;"45;7736400000";"3;0789500000"
202200025042;7;3;2022;13:05;1;988;2;2;1;3;" -22;2927500000";"166;4438400000"
202200025043;6;3;2022;22:40;4;988;2;1;1;6;" -22;2349500000";"166;4577400000"
202200025044;7;3;2022;22:29;3;976;2;1;1;1;" -12;7747400000";"45;2288000000"
202200025045;6;3;2022;16:20;1;974;2;1;1;1;" -20;9076500000";"55;4038000000"
202200025046;7;3;2022;14:10;1;974;2;1;1;2;" -20;9745200000";"55;6462300000"
202200025047;3;3;2022;04:23;5;973;1;1;1;3;"4;9231900000";" -52;3295500000"
202200025048;6;3;2022;20:55;2;973;2;7;1;6;"4;9408570405";" -52;3341813684"
202200025049;7;3;2022;20:20;5;69;2;4;1;3;"45;7450900000";"4;8583100000"
202200025050;7;3;2022;17:30;1;69;2;2;1;3;"45;6918600000";"4;9006000000"
202200025051;7;3;2022;12:20;1;69;2;3;1;2;"45;8166300000";"4;8727000000"
202200025052;7;3;2022;07:35;1;971;1;1;1;4;"16;2531100000";" -61;5465000000"
202200025053;6;3;2022;15:50;1;2A;2;3;1;3;"41;9365400000";"8;7413400000"
202200025054;6;3;2022;19:15;2;91;2;3;1;3;"48;6306570000";"2;3389980000"
202200025055;6;3;2022;19:15;5;91;2;1;8;2;"48;5965200000";"2;2563800000"
202200025056;5;3;2022;11:21;1;87;2;1;1;7;"45;8114500000";"1;3004100000"
202200025057;4;3;2022;13:08;1;87;2;1;1;6;"45;8946800000";"1;2897500000"
202200025058;4;3;2022;19:08;5;87;2;1;2;6;"45;8614900000";"1;3144800000"
202200025059;6;3;2022;21:25;3;86;1;1;1;2;"46;6140570000";"0;3686180000"
202200025060;7;3;2022;09:10;1;84;1;1;1;1;"44;0956800000";"4;8364700000"
202200025061;2;3;2022;23:25;5;80;2;1;1;7;"49;8939900000";"2;2842100000"
202200025062;7;3;2022;20:25;5;78;2;2;1;4;"48;9020200000";"2;0606600000"
202200025063;7;3;2022;09:00;1;78;2;2;1;6;"48;8987360000";"2;1175740000"
202200025064;6;3;2022;16:08;1;76;2;4;1;6;"49;5470500000";"0;1958500000"
202200025065;6;3;2022;14:24;1;74;2;4;1;1;"45;9190000000";"6;1250000000"
202200025066;6;3;2022;07:30;1;71;1;1;1;6;"46;6326700000";"4;2971600000"
202200025067;7;3;2022;14:50;1;68;2;1;1;7;"47;7373800000";"7;2924600000"
202200025068;26;2;2022;16:45;1;68;2;1;1;3;"48;0916200000";"7;3335900000"
202200025069;5;3;2022;13:15;1;67;2;1;1;6;"48;5810600000";"7;7489700000"
202200025070;5;3;2022;10:30;1;67;2;3;1;3;"48;5887800000";"7;7140400000"
202200025071;5;3;2022;12:00;1;67;2;3;1;3;"48;6113100000";"7;7445100000"
202200025072;6;3;2022;04:50;3;66;2;1;1;6;"42;7032800000";"2;8947200000"
202200025073;4;3;2022;10:20;1;66;2;1;1;2;"42;6888100000";"2;9039200000"
202200025074;3;3;2022;16:24;1;66;2;1;1;3;"42;6883200000";"2;8613200000"
202200025075;7;3;2022;08:10;1;65;2;1;1;3;"43;2201440000";"0;0638820000"
202200025076;7;3;2022;18:30;1;64;1;1;1;4;"43;3598200000";" -1;7272600000"
202200025077;6;3;2022;11:40;1;63;2;1;1;6;"45;7264100000";"3;1851600000"
202200025078;6;3;2022;14:14;1;63;2;2;1;3;"45;7642400000";"3;1254500000"
202200025079;5;3;2022;08:18;1;63;2;1;1;6;"45;7671200000";"3;1022500000"
202200025080;7;3;2022;12:40;1;59;2;3;7;3;"50;7396800000";"3;1862610000"
202200025081;26;2;2022;13:00;1;59;2;1;1;6;"50;6409100000";"3;0763200000"
202200025082;5;3;2022;20:45;5;59;2;1;1;6;"50;3360700000";"3;2565800000"
202200025083;6;3;2022;11:00;1;57;2;3;1;6;"49;3260174000";"6;0698789000"
202200025084;4;3;2022;17:22;1;55;2;6;1;3;"49;1517800000";"5;3901000000"
202200025085;5;3;2022;23:52;3;54;1;1;1;7;"49;4408400000";"5;9225900000"
202200025086;5;3;2022;18:30;2;52;1;2;1;3;"48;6249300000";"4;9306800000"
202200025087;6;3;2022;17:25;1;51;1;2;1;3;"49;0145690000";"3;9420840000"
202200025088;2;3;2022;17:40;1;50;2;3;1;6;"49;0538500000";" -1;4347700000"
202200025089;7;3;2022;08:10;1;45;2;6;1;3;"47;8397400000";"1;9429700000"
202200025090;7;3;2022;15:40;1;35;2;1;1;4;"48;1144200000";" -1;6995700000"
202200025091;7;3;2022;08:45;1;35;2;3;1;3;"48;1078500000";" -1;6142700000"
202200025092;7;3;2022;08:37;1;33;2;6;7;3;"44;8656300000";" -0;5755800000"
202200025093;6;3;2022;07:15;2;33;2;1;1;6;"44;8468900000";" -0;5981300000"
202200025094;7;3;2022;20:04;3;31;1;1;1;5;"43;5805900000";"1;4057600000"
202200025095;7;3;2022;14:10;1;31;2;1;1;1;"43;6059620000";"1;4281240000"
202200025096;7;3;2022;15:40;1;27;2;3;1;3;"49;0269510000";"1;1738900000"
202200025097;7;3;2022;19:00;1;17;2;2;1;3;"46;1642500000";" -1;2026900000"
202200025098;5;3;2022;13:55;1;15;2;6;1;3;"44;9040000000";"2;4265400000"
202200025099;7;3;2022;11:30;1;13;2;1;1;2;"43;3484033644";"5;3589549229"
202200025100;6;3;2022;07:40;1;11;2;2;1;6;"43;2283200000";"2;3960000000"
202200025101;6;3;2022;14:01;1;10;2;3;7;1;"48;2552700000";"4;0570089000"
202200025102;5;3;2022;19:08;3;10;1;1;1;3;"48;2669100000";"4;1180400000"
202200025103;7;3;2022;11:40;1;06;2;1;1;2;"43;6476330000";"6;9161860000"
202200025104;5;3;2022;13:57;1;05;2;1;1;2;"44;5618500000";"6;0836100000"
202200025105;3;3;2022;12:30;1;03;2;1;1;3;"46;1431700000";"3;4149000000"
202200025106;7;3;2022;14:30;1;01;2;2;1;3;"46;2035600000";"5;2424800000"
202200025107;7;3;2022;08:00;1;01;2;1;1;1;"46;2109700000";"5;2367700000"
202200025108;4;3;2022;19:28;2;75;2;2;1;3;"48;8489790000";"2;3287480000"
202200025109;7;3;2022;19:05;5;75;2;2;1;3;"48;8649641385";"2;3955479264"
202200025110;7;3;2022;08:45;1;75;2;2;1;3;"48;8786230000";"2;4022280000"
202200025111;7;3;2022;11:10;1;75;2;1;7;3;"48;8400040000";"2;2516320000"
202200025112;7;3;2022;10:15;1;75;2;1;1;3;"48;8480140000";"2;2450920000"
202200025113;7;3;2022;13:30;1;75;2;2;1;7;"48;8712769547";"2;3359204084"
202200025114;7;3;2022;11:36;1;75;2;7;1;3;"48;8649112049";"2;3103395104"
202200025115;6;3;2022;12:00;1;75;2;3;1;6;"48;8523678851";"2;3604860902"
202200025116;6;3;2022;04:50;5;75;2;4;1;3;"48;8710380000";"2;3345820000"
202200025117;7;3;2022;10:10;1;94;2;1;1;6;"48;7661100000";"2;3894400000"
202200025118;7;3;2022;14:20;1;94;2;3;1;1;"48;7450800000";"2;3860000000"
202200025119;2;9;2022;07:50;1;92;1;1;1;3;"48;9135483441";"2;3067592978"
202200025120;2;9;2022;16:15;1;92;2;1;1;2;"48;7826344649";"2;3149035573"
202200025121;26;2;2022;00:25;5;94;2;1;1;2;"48;8321200000";"2;5367900000"
202200025122;3;9;2022;06:06;4;62;2;1;1;2;"50;5573810000";"2;2962180000"
202200025123;7;3;2022;14:30;1;94;2;1;1;4;"48;7415000000";"2;5135000000"
202200025124;7;3;2022;09:05;1;94;2;1;1;6;"48;7283628651";"2;5238986014"
202200025125;2;9;2022;17:50;1;22;2;2;1;3;"48;5139610000";" -2;3363110000"
202200025126;7;3;2022;09:20;1;93;2;2;1;3;"48;9504500000";"2;5835900000"
202200025127;3;9;2022;12:00;1;19;1;1;1;5;"45;5465750000";"1;5090110000"
202200025128;6;3;2022;13:01;1;93;2;1;1;3;"48;9259000000";"2;3557000000"
202200025129;6;3;2022;21:50;5;93;2;2;1;1;"48;8796700000";"2;4412100000"
202200025130;2;9;2022;20:26;3;12;1;1;3;6;"44;2005780000";"3;0669340000"
202200025131;7;3;2022;08:05;1;92;2;2;1;6;"48;8147170000";"2;2968370000"
202200025132;2;9;2022;23:50;4;77;1;1;1;2;"48;7881920000";"3;1699200000"
202200025133;7;3;2022;14:45;1;92;2;2;1;3;"48;8119981959";"2;3155600280"
202200025134;1;9;2022;14:30;1;51;2;1;1;3;"49;1660340000";"4;0299490000"
202200025135;6;3;2022;14:50;1;92;2;9;1;3;"48;9387287931";"2;3043121174"
202200025136;2;9;2022;18:50;1;51;2;2;1;3;"49;0149690000";"4;1248460000"
202200025137;7;3;2022;08:28;1;92;2;3;1;6;"48;8991320000";"2;2665130000"
202200025138;3;9;2022;03:25;3;56;1;1;2;6;"47;8557540000";" -3;0244050000"
202200025139;3;9;2022;09:00;1;74;1;1;2;6;"45;8802250000";"6;6404790000"
202200025140;6;3;2022;15:18;1;92;2;1;1;2;"48;9233698495";"2;2569711953"
202200025141;3;9;2022;13:00;1;74;2;1;1;1;"46;0799880000";"6;5023930000"
202200025142;6;3;2022;12:00;1;92;2;2;1;1;"48;9238790000";"2;2601160000"
202200025143;3;9;2022;05:50;3;74;2;1;2;6;"45;9740010000";"6;1529070000"
202200025144;7;3;2022;12:56;1;92;2;1;1;7;"48;7772151986";"2;2897398770"
202200025145;2;9;2022;16:20;1;2A;2;1;1;3;"41;9633510000";"8;8129660000"
202200025146;4;3;2022;19:40;5;92;2;3;1;7;"48;8458468994";"2;2370221317"
202200025147;2;9;2022;07:50;1;89;1;1;1;7;"47;8354270000";"4;2983790000"
202200025148;4;3;2022;17:55;1;92;2;2;1;7;"48;8445117393";"2;2514336407"
202200025149;3;9;2022;15:35;1;76;2;1;1;2;"50;0598579563";"1;3772138566"
202200025150;8;3;2022;10:50;1;974;2;3;1;1;" -21;0794300000";"55;2734610000"
202200025151;21;8;2022;18:15;1;61;1;2;1;3;"48;4746930000";" -0;6253860000"
202200025152;8;3;2022;15:30;1;80;1;1;1;6;"50;0523990000";"2;0127300000"
202200025153;2;9;2022;07:20;2;55;1;1;7;4;"48;5623620000";"5;5252000000"
202200025154;27;8;2022;09:40;1;47;2;1;1;1;"44;3147900000";"0;0726560000"
202200025155;3;9;2022;15:28;1;39;1;1;1;1;"46;2973220000";"5;8607770000"
202200025156;27;8;2022;15:25;1;29;1;2;1;3;"48;6565920000";" -3;8228560000"
202200025157;3;9;2022;09:15;1;15;1;1;8;1;"44;8426150000";"2;3938550000"
202200025158;3;9;2022;09:50;1;01;1;1;1;6;"46;1281700000";"4;9420080000"
202200025159;3;9;2022;00:45;3;70;1;1;1;6;"47;9177730000";"6;1113270000"
202200025160;2;9;2022;18:40;1;26;1;1;1;6;"44;2978070000";"4;8346390000"
202200025161;2;9;2022;01:30;3;26;1;1;1;7;"44;2532490000";"4;8319780000"
202200025162;2;9;2022;16:45;1;72;1;1;1;6;"48;2137927353";"0;6269395349"
202200025163;3;9;2022;03:30;3;60;1;1;1;6;"49;6330900000";"3;0364110000"
202200025164;2;9;2022;21:25;3;45;1;1;2;1;"47;7724450000";"1;9369730000"
202200025165;1;9;2022;12:00;1;64;1;3;1;3;"43;2625500000";" -0;7264390000"
202200025166;2;9;2022;14:40;1;10;1;1;1;7;"48;4598602364";"3;4575605392"
202200025167;2;9;2022;19:40;2;16;1;9;1;6;"45;5578850000";"0;0061050000"
202200025168;2;9;2022;20:10;2;07;2;1;1;1;"44;6383720000";"4;3695600000"
202200025169;3;9;2022;03:45;3;40;1;1;2;3;"43;5475760000";" -1;4242850000"
202200025170;3;9;2022;07:45;2;17;1;1;1;7;"45;8362900000";" -0;3467350000"
202200025171;1;9;2022;15:50;1;37;2;1;1;1;"47;3527820000";"0;6249140000"
202200025172;27;8;2022;10:30;1;30;1;6;1;3;"43;5603600000";"4;1525700000"
202200025173;3;9;2022;12:45;1;08;1;1;1;6;"49;2895860000";"4;6728590000"
202200025174;3;9;2022;01:00;3;61;1;6;1;6;"48;6347520000";"0;1848790000"
202200025175;3;9;2022;06:45;2;24;1;1;1;6;"44;7526000000";"0;5323220000"
202200025176;3;9;2022;15:37;1;31;1;1;1;6;"43;2612140000";"1;1165610000"
202200025177;3;9;2022;13:35;1;33;1;1;1;6;"44;6229150000";" -0;8670830000"
202200025178;30;8;2022;12:00;1;49;1;1;1;7;"47;4281490000";" -0;8877740000"
202200025179;1;9;2022;17:15;1;69;2;1;1;4;"46;0593400000";"4;7224150000"
202200025180;3;9;2022;11:00;1;988;1;1;1;6;" -20;7275800000";"165;0452000000"