Accident_Id;jour;mois;an;hrmn;lum;dep;agg;int;atm;col;lat;long
202200025181;2;9;2022;21:45;3;45;1;2;2;3;"48;1453150000";"2;2170440000"
202200025182;3;9;2022;10:20;1;77;1;1;1;3;"48;7386870000";"2;9907060000"
202200025183;2;9;2022;22:34;3;66;1;1;1;1;"42;7720530000";"3;0171200000"
202200025184;30;8;2022;12:30;1;66;2;1;1;1;"42;7052360000";"3;0174310000"
202200025185;3;9;2022;02:30;3;66;1;1;1;7;"42;6827030000";"2;9950190000"
202200025186;29;8;2022;12:00;1;83;2;1;1;6;"43;1802840000";"5;7071360000"
202200025187;2;9;2022;14:00;1;13;2;1;1;3;"43;4568010000";"5;4615250000"
202200025188;2;9;2022;17:00;1;71;2;1;1;6;"46;4357230000";"4;2800370000"
202200025189;28;8;2022;03:25;3;57;1;1;9;6;"49;0551390000";"6;5699530000"
202200025190;3;9;2022;11:05;1;03;1;1;1;6;"46;2782200000";"3;4686060000"
202200025191;2;9;2022;17:25;1;69;2;1;1;6;"45;7048080000";"4;7972760000"
202200025192;2;9;2022;13:05;1;46;1;1;8;6;"44;5816340000";"2;0659450000"
202200025193;3;9;2022;16:00;1;56;1;1;1;7;"47;3751450000";" -3;2388370000"
202200025194;26;8;2022;17:00;1;35;1;1;1;3;"48;0902990000";" -1;8384720000"
202200025195;3;9;2022;12:24;1;60;2;3;1;3;"49;5095191258";"2;4310576915"
202200025196;3;9;2022;17:40;1;02;2;1;1;6;"49;9197340000";"4;0843930000"
202200025197;3;9;2022;12:11;1;59;1;1;1;3;"50;5552360000";"3;2453980000"
202200025198;2;9;2022;19:00;1;33;1;1;1;2;"44;8716000000";" -0;6414800000"
202200025199;2;9;2022;17:50;1;33;1;1;1;2;"44;7579600000";" -0;5455200000"
202200025200;2;9;2022;12:30;1;33;1;1;3;2;"44;7775800000";" -0;5622000000"
202200025201;1;9;2022;18:35;1;33;1;1;1;3;"44;8561880000";" -0;5052320000"
202200025202;30;8;2022;11:45;1;33;1;1;1;3;"44;7960800000";" -0;6515400000"
202200025203;1;9;2022;15:38;1;59;1;1;1;4;"50;6960679983";"3;1134814024"
202200025204;2;9;2022;20:30;5;94;1;1;1;2;"48;7563097834";"2;3388809550"
202200025205;2;9;2022;13:50;1;91;1;1;1;4;"48;6004000000";"2;4389800000"
202200025206;2;9;2022;05:50;3;91;1;1;1;2;"48;6992230000";"2;2442690000"
202200025207;2;9;2022;07:00;2;91;1;1;1;3;"48;7205700000";"2;2544000000"
202200025208;2;9;2022;09:10;1;95;1;1;2;6;"48;9907453304";"2;1939155459"
202200025209;2;9;2022;17:45;1;94;1;1;1;4;"48;8171389327";"2;4422619339"
202200025210;2;9;2022;08:30;1;94;1;1;2;6;"48;8329741531";"2;5336492518"
202200025211;1;9;2022;14:10;1;56;2;3;1;3;"47;7391300000";" -3;3809100000"
202200025212;1;9;2022;09:55;1;38;2;2;1;2;"45;1920900000";"5;7296800000"
202200025213;18;6;2022;12:30;1;10;2;2;1;3;"48;2741200000";"4;0583300000"
202200025214;1;9;2022;12:45;1;974;2;9;1;2;" -20;8759000000";"55;4445900000"
202200025215;31;8;2022;17:00;1;974;2;1;1;3;" -20;8848900000";"55;4507900000"
202200025216;31;8;2022;14:00;1;974;1;1;1;3;" -20;8741700000";"55;4302100000"
202200025217;31;8;2022;17:59;2;973;2;1;1;7;"4;9194934558";" -52;3127129674"
202200025218;1;9;2022;17:55;1;69;2;1;1;6;"45;7444100000";"4;8705700000"
202200025219;1;9;2022;18:45;5;972;1;9;1;2;"14;6278800000";" -61;0600700000"
202200025220;1;9;2022;12:00;1;69;1;1;1;7;"45;7888400000";"4;8664200000"
202200025221;1;9;2022;19:00;1;95;2;1;1;6;"49;0010720244";"2;3909559846"
202200025222;1;9;2022;21:07;5;91;2;3;1;4;"48;5904700000";"2;2447600000"
202200025223;1;9;2022;07:30;1;83;2;6;1;3;"43;1202520000";"6;0106980000"
202200025224;31;8;2022;18:25;1;77;2;6;1;3;"48;2637700000";"2;7072400000"
202200025225;1;9;2022;11:00;1;76;2;4;1;3;"49;4668700000";"1;1169800000"
202200025226;30;8;2022;19:15;1;76;2;2;1;3;"49;4953200000";"0;1010300000"
202200025227;19;8;2022;15:45;1;76;2;3;2;6;"49;4862900000";"0;1103600000"
202200025228;31;8;2022;12:50;1;67;2;3;1;3;"48;5771700000";"7;7555900000"
202200025229;30;8;2022;18:05;1;67;2;8;1;3;"48;5768200000";"7;7324700000"
202200025230;1;9;2022;05:30;4;67;1;1;1;5;"48;8040200000";"7;7443100000"
202200025231;30;8;2022;16:46;1;66;2;3;1;3;"42;6949500000";"2;9112900000"
202200025232;1;9;2022;07:50;1;64;1;9;1;2;"43;3136000000";" -0;4174000000"
202200025233;30;8;2022;20:48;2;64;1;1;1;1;"43;4669962463";" -1;5387779474"
202200025234;1;9;2022;16:40;1;60;2;1;1;2;"49;4329000000";"2;1219700000"
202200025235;1;9;2022;12:35;1;60;2;7;1;3;"49;4300800000";"2;0912700000"
202200025236;1;9;2022;22:35;5;59;2;2;1;7;"50;7820800000";"3;1235200000"
202200025237;27;8;2022;16:15;1;59;2;2;1;3;"50;7252036296";"3;1469433010"
202200025238;28;8;2022;09:50;1;59;2;2;1;3;"50;6690700000";"3;1005500000"
202200025239;31;8;2022;06:25;4;59;1;1;1;7;"51;0176604196";"2;3698925972"
202200025240;1;9;2022;17:00;1;59;2;1;1;6;"50;7002450928";"2;8497934341"
202200025241;31;8;2022;01:35;3;56;1;1;1;6;"47;7922300000";" -3;3100800000"
202200025242;1;9;2022;19:25;1;54;2;9;1;3;"48;6902043475";"6;1561632156"
202200025243;1;9;2022;20:04;5;54;2;3;1;3;"49;5242580000";"5;7645150000"
202200025244;1;9;2022;19:00;1;51;2;2;1;2;"49;2734200000";"4;0149200000"
202200025245;31;8;2022;07:27;1;51;2;1;1;7;"48;9677900000";"4;3666200000"
202200025246;31;8;2022;17:35;1;50;2;1;1;3;"49;0992500000";" -1;0799600000"
202200025247;1;9;2022;10:15;1;50;2;1;1;6;"48;8379400000";" -1;5785300000"
202200025248;31;8;2022;13:30;1;50;2;1;1;3;"49;6337200000";" -1;6063500000"
202200025249;31;8;2022;09:00;1;49;2;3;1;3;"47;2530300000";" -0;0839500000"
202200025250;31;8;2022;21:44;5;49;2;2;3;3;"47;4673400000";" -0;5469800000"
202200025251;31;8;2022;19:05;1;49;2;9;3;7;"47;4556500000";" -0;5536900000"
202200025252;31;8;2022;13:20;1;47;2;1;1;4;"44;1716030000";"0;6147470000"
202200025253;1;9;2022;09:50;1;46;1;1;1;4;"44;4406900000";"1;4245200000"
202200025254;1;9;2022;12:15;1;45;2;1;1;3;"47;9385282739";"1;9188115597"
202200025255;1;9;2022;07:55;1;45;2;1;1;2;"47;9225935526";"1;8976741433"
202200025256;1;9;2022;10:15;1;42;2;6;1;3;"45;4964600000";"4;5639800000"
202200025257;1;9;2022;16:50;1;37;2;2;1;1;"47;4023400000";"0;6751400000"
202200025258;1;9;2022;18:50;1;35;1;3;1;1;"48;0764828173";" -1;5874734521"
202200025259;31;8;2022;19:05;1;35;1;9;1;6;"48;1523538894";" -1;7002388835"
202200025260;31;8;2022;13:40;1;29;2;1;1;2;"48;4043731591";" -4;4999715686"
202200025261;1;9;2022;15:55;1;25;1;1;1;6;"46;8899300000";"6;3891200000"
202200025262;30;8;2022;14:20;1;19;2;3;1;3;"45;1595700000";"1;5386000000"
202200025263;1;9;2022;18:00;1;13;2;2;1;3;"43;2677417868";"5;4204721749"
202200025264;1;9;2022;08:30;1;13;2;3;1;3;"43;2793601212";"5;3992973472"
202200025265;31;8;2022;20:56;5;13;2;1;1;3;"43;3042100000";"5;4008300000"
202200025266;31;8;2022;15:40;1;13;1;1;1;3;"43;1815860000";"5;6703640000"
202200025267;1;9;2022;16:26;1;13;2;9;1;6;"43;2896600000";"5;5584500000"
202200025268;31;8;2022;23:10;5;11;2;1;1;3;"43;2122900000";"2;3711400000"
202200025269;31;8;2022;15:13;1;10;2;1;1;6;"48;3012300000";"4;0867200000"
202200025270;31;8;2022;16:03;1;10;2;2;1;3;"48;3082500000";"4;0560400000"
202200025271;31;8;2022;08:49;1;10;2;1;1;6;"48;3055400000";"4;0623100000"
202200025272;29;8;2022;14:00;1;03;2;6;1;6;"46;1353300000";"3;4331700000"
202200025273;1;9;2022;08:55;1;02;1;2;1;1;"49;0520900000";"3;3635900000"
202200025274;1;9;2022;15:20;1;75;2;1;1;2;"48;8252370000";"2;3855290000"
202200025275;1;9;2022;06:00;5;75;2;4;1;3;"48;8240040000";"2;3076690000"
202200025276;31;8;2022;23:10;5;75;2;4;1;2;"48;8167490000";"2;3362290000"
202200025277;31;8;2022;00:01;5;75;2;1;1;5;"48;9003270000";"2;3793670000"
202200025278;31;8;2022;23:30;5;75;2;2;1;6;"48;8759870000";"2;4025600000"
202200025279;1;9;2022;05:00;5;75;2;7;1;7;"48;8779010000";"2;2977740000"
202200025280;31;8;2022;08:55;1;75;2;3;1;2;"48;8957700000";"2;3218090000"
202200025281;1;9;2022;19:25;1;75;2;7;1;6;"48;8694170000";"2;2854230000"
202200025282;1;9;2022;00:10;5;75;2;2;1;6;"48;8543710000";"2;3549660000"
202200025283;1;9;2022;14:40;1;75;2;3;1;6;"48;8349210000";"2;3479667000"
202200025284;1;9;2022;10:15;1;75;2;3;1;6;"48;8405870000";"2;3301190000"
202200025285;1;9;2022;16:05;1;75;2;1;1;7;"48;8461190000";"2;4022850000"
202200025286;1;9;2022;18:00;1;75;2;2;1;2;"48;8761530000";"2;3311250000"
202200025287;1;9;2022;09:35;1;75;2;2;1;7;"48;8760580000";"2;3371380000"
202200025288;31;8;2022;19:00;1;75;2;7;1;7;"48;8622240000";"2;3018830000"
202200025289;1;9;2022;04:45;5;75;2;1;1;5;"48;8488050000";"2;3663320000"
202200025290;31;8;2022;13:40;1;75;2;2;1;3;"48;8593730000";"2;3561800000"
202200025291;16;4;2022;00:10;5;93;2;3;1;3;"48;8770470000";"2;4522320000"
202200025292;23;6;2022;08:22;1;71;1;1;1;2;"46;7471760000";"4;5157940000"
202200025293;1;9;2022;07:50;1;94;2;3;1;3;"48;8257660000";"2;4952880000"
202200025294;17;6;2022;11:15;1;46;1;1;1;6;"44;9044470000";"1;4825960000"
202200025295;1;9;2022;07:40;1;94;2;1;1;6;"48;8012110000";"2;5411020000"
202200025296;16;4;2022;15:05;1;93;2;3;7;3;"48;9304500000";"2;4308900000"
202200025297;17;6;2022;16:20;1;34;1;1;1;6;"43;5889710000";"3;0983810000"
202200025298;22;6;2022;13:50;1;29;1;1;1;6;"47;8869562970";" -3;7661037263"
202200025299;1;9;2022;19:37;2;94;2;1;1;2;"48;8241500000";"2;4235000000"
202200025300;16;4;2022;17:00;1;93;2;1;1;6;"48;9228100000";"2;4458500000"
202200025301;22;6;2022;14:10;1;29;1;1;1;6;"48;4887100000";" -4;1342500000"
202200025302;31;8;2022;21:20;5;93;2;1;1;3;"48;9296784112";"2;3596123320"
202200025303;16;4;2022;11:45;1;92;2;1;1;6;"48;8259859856";"2;2271650135"
202200025304;1;9;2022;10:15;1;93;2;1;1;2;"48;9114300000";"2;5131500000"
202200025305;23;6;2022;13:20;1;03;1;1;1;1;"46;2637280000";"3;6324300000"
202200025306;16;4;2022;17:00;1;92;2;1;1;2;"48;8788859741";"2;2787543535"
202200025307;22;6;2022;17:10;1;15;2;1;7;6;"45;2785220000";"2;6613550000"
202200025308;1;9;2022;18:10;1;93;2;1;1;3;"48;8725901408";"2;4222103915"
202200025309;16;4;2022;21:19;5;92;2;1;1;6;"48;8102320000";"2;3132530000"
202200025310;1;9;2022;08:35;1;93;2;1;1;6;"48;8937583488";"2;4352670141"
202200025311;21;6;2022;18:40;1;70;2;3;8;6;"47;8373810000";"5;9017220000"
202200025312;16;4;2022;11:25;1;92;2;9;7;3;"48;9032299626";"2;2579988837"
202200025313;1;9;2022;18:20;1;93;2;6;1;3;"48;9319536881";"2;3988386270"
202200025314;1;9;2022;05:55;2;93;2;3;1;3;"48;9076117686";"2;3962384875"
202200025315;16;4;2022;19:40;1;92;2;2;1;3;"48;8390880354";"2;2467904687"
202200025316;1;9;2022;12:48;1;92;2;1;1;1;"48;9451010000";"2;3152210000"
202200025317;18;4;2022;13:30;1;83;1;1;1;1;"43;2572660938";"6;4312005043"
202200025318;1;9;2022;12:12;1;92;2;2;1;6;"48;8808819461";"2;2379249632"
202200025319;1;6;2022;15:30;1;90;1;1;1;5;"47;6782760000";"6;8637080000"
202200025320;18;4;2022;14:40;1;01;2;1;1;1;"45;9584310000";"5;3359360000"
202200025321;17;4;2022;16:20;1;67;1;1;1;7;"48;8688680000";"7;2435410000"
202200025322;31;8;2022;23:00;5;92;2;3;1;3;"48;8888390000";"2;1986790000"
202200025323;22;6;2022;15:55;1;09;2;2;1;3;"42;8699490000";"1;2046230000"
202200025324;1;9;2022;16:40;1;92;2;1;1;6;"48;9184000000";"2;2526620000"
202200025325;26;3;2022;16:30;1;45;2;3;1;3;"47;9472600000";"2;5442090000"
202200025326;31;8;2022;22:15;5;92;2;2;1;3;"48;9145570000";"2;2292020000"
202200025327;23;6;2022;13:05;1;45;1;1;7;1;"48;0864947376";"2;0232943688"
202200025328;1;9;2022;16:25;1;92;2;9;1;3;"48;8301703801";"2;2326959967"
202200025329;23;6;2022;09:30;1;64;2;1;7;6;"43;1677500000";" -1;2525430000"
202200025330;17;4;2022;11:35;1;34;1;1;1;4;"43;6572600000";"3;4639200000"
202200025331;23;6;2022;07:35;1;10;2;1;1;1;"48;3544560000";"4;4657920000"
202200025332;31;8;2022;21:02;2;92;2;2;1;3;"48;8320802796";"2;2530995607"
202200025333;17;4;2022;04:45;3;2B;1;1;1;2;"42;2190310000";"9;5361540000"
202200025334;16;6;2022;13:05;1;36;2;1;1;3;"46;9567312586";"2;0016494393"
202200025335;1;9;2022;19:10;1;92;2;1;1;6;"48;7539000000";"2;3027000000"
202200025336;17;4;2022;22:45;3;62;2;1;1;6;"50;4346540000";"1;7154780000"
202200025337;23;6;2022;05:23;3;16;1;1;1;6;"45;3880879642";" -0;1847183704"
202200025338;17;4;2022;20:20;3;30;1;1;1;6;"44;1245400000";"4;6146760000"
202200025339;23;6;2022;19:25;1;07;1;1;1;6;"45;1585130000";"4;7354290000"
202200025340;2;9;2022;06:50;2;51;1;2;1;3;"48;7581130000";"4;7505890000"
202200025341;21;6;2022;15:40;1;21;2;3;1;7;"47;5195470000";"5;1315000000"
202200025342;17;4;2022;21:00;3;82;1;1;1;6;"44;2656700000";"1;1433510000"
202200025343;30;8;2022;06:50;2;74;1;1;1;2;"46;1644990000";"6;1953930000"
202200025344;23;6;2022;06:30;2;40;1;1;1;6;"44;3540300000";" -1;1010790000"
202200025345;17;4;2022;18:05;1;82;1;1;1;7;"43;9990350000";"1;1928750000"
202200025346;28;8;2022;00:25;3;43;1;1;1;6;"45;3353750000";"3;7039270000"
202200025347;22;6;2022;06:10;2;40;2;1;3;6;"43;7879140000";" -1;4007940000"
202200025348;16;4;2022;16:25;1;81;2;1;1;7;"43;8167360000";"1;7542250000"
202200025349;29;8;2022;17:15;1;15;1;1;1;7;"44;9180180000";"2;3735080000"
202200025350;23;6;2022;11:30;1;24;2;9;1;6;"45;2086200000";"0;1326350000"
202200025351;18;4;2022;02:45;3;61;1;1;1;7;"48;4303050000";"0;9086720000"
202200025352;1;9;2022;08:47;1;18;2;1;1;3;"47;5061170000";"2;8494230000"
202200025353;22;6;2022;15:00;1;27;2;3;1;5;"49;2681620000";"0;9842580000"
202200025354;8;4;2022;17:40;1;35;1;1;8;5;"48;1300743076";" -1;9355599768"
202200025355;22;6;2022;20:50;1;17;1;1;1;7;"46;2227810000";" -0;8215280000"
202200025356;31;8;2022;23:40;3;81;1;1;1;6;"43;8119070000";"2;1444530000"
202200025357;8;4;2022;05:20;3;31;1;1;1;6;"43;8376570000";"1;4808850000"
202200025358;23;6;2022;05:50;3;973;1;1;5;1;"4;7933960000";" -52;3571380000"
202200025359;11;8;2022;15:45;1;83;1;1;1;2;"43;4426920000";"6;4617200000"
202200025360;18;4;2022;03:00;3;84;2;1;1;7;"44;1166770000";"5;1920700000"
202200025361;1;9;2022;17:25;1;63;1;1;8;7;"45;7126585091";"2;7890816331"
202200025362;23;6;2022;07:20;1;24;1;1;1;1;"44;6409030000";"0;9675910000"
202200025363;18;4;2022;18:40;2;84;1;1;7;6;"43;9015370000";"5;1919980000"
202200025364;2;9;2022;06:42;2;41;1;9;3;6;"47;5851100000";"1;0763050000"
202200025365;20;8;2022;17:34;1;47;2;6;1;2;"44;5267820000";"0;1021650000"
202200025366;18;6;2022;11:50;1;01;1;2;1;3;"46;4432480000";"4;9248430000"
202200025367;17;4;2022;22:00;3;03;1;1;1;6;"46;3692230000";"3;4964530000"
202200025368;13;8;2022;08:45;1;34;1;1;1;6;"43;5184622205";"3;7301267614"
202200025369;23;6;2022;08:00;1;06;1;6;1;2;"43;6234130000";"7;0152000000"
202200025370;29;8;2022;03:00;3;61;1;1;1;7;"48;5343970000";"0;1626920000"
202200025371;18;4;2022;17:20;1;70;1;1;1;3;"47;5030550000";"6;4774490000"
202200025372;2;9;2022;01:24;3;56;1;1;1;6;"47;9463110000";" -2;5007410000"
202200025373;19;6;2022;00:25;3;33;1;1;1;2;"44;6054790000";" -0;3706810000"
202200025374;18;4;2022;17:20;1;26;1;1;1;6;"44;6501390000";"5;5625580000"
202200025375;2;9;2022;05:20;3;56;1;6;1;6;"47;6950680000";" -2;6325240000"
202200025376;22;6;2022;08:30;1;13;1;1;1;1;"43;5542710000";"5;3401710000"
202200025377;17;4;2022;07:00;2;58;2;1;1;6;"47;4435090000";"3;4116950000"
202200025378;2;9;2022;17:20;1;11;1;3;1;2;"43;2043470000";"2;4676110000"
202200025379;17;4;2022;22:15;5;72;2;1;1;6;"47;6126500000";"0;3346300000"
202200025380;22;6;2022;21:30;2;60;1;1;1;2;"49;2402803625";"2;6648004054"
202200025381;2;9;2022;17:00;1;71;2;3;7;6;"46;7544540000";"4;4751050000"
202200025382;18;4;2022;15:30;1;60;1;1;1;7;"49;4108750000";"1;7925470000"
202200025383;20;6;2022;09:30;1;13;1;1;1;5;"43;5906020000";"5;1857080000"
202200025384;31;8;2022;11:00;1;71;1;1;1;7;"46;9190830000";"4;8086160000"
202200025385;18;4;2022;16:43;1;64;2;4;1;7;"43;3441949684";" -1;5501670457"
202200025386;23;6;2022;07:40;1;976;2;1;1;6;" -12;8438750000";"45;1866440000"
202200025387;17;4;2022;10:30;1;73;1;1;1;1;"45;6672390000";"5;8948730000"
202200025388;23;6;2022;09:05;1;84;2;1;1;3;"43;9470370000";"4;9417820000"
202200025389;18;4;2022;10:30;1;07;1;1;1;7;"44;8839550000";"4;6770590000"
202200025390;1;9;2022;15:00;1;63;2;3;1;1;"45;8507290000";"3;5398290000"
202200025391;23;6;2022;08:50;1;83;2;1;1;6;"43;2450820000";"6;5339150000"
202200025392;22;6;2022;18:30;1;13;1;2;7;3;"43;8713620000";"4;8189850000"
202200025393;17;4;2022;01:00;5;07;1;1;1;3;"44;5598760000";"4;6916770000"
202200025394;10;6;2022;18:30;1;89;2;2;1;3;"47;9500050000";"3;5338320000"
202200025395;1;9;2022;19:25;2;61;1;2;1;3;"48;7393060000";"0;7180220000"
202200025396;23;6;2022;10:13;1;52;2;4;1;7;"47;9041420000";"5;2408490000"
202200025397;2;9;2022;07:53;2;46;2;3;2;3;"44;4991400000";"1;1893140000"
202200025398;17;4;2022;18:30;1;40;1;2;1;3;"44;3673900000";" -1;1095060000"
202200025399;18;4;2022;08:17;1;40;1;1;1;7;"43;9471030000";" -0;3827730000"
202200025400;18;4;2022;15:00;1;04;1;1;1;3;"43;7916250000";"6;3775960000"
202200025401;23;6;2022;10:50;1;67;2;3;1;3;"48;6620000000";"7;8234080000"
202200025402;18;4;2022;17:00;1;85;2;1;1;6;"46;9769320000";" -1;3026543000"
202200025403;23;6;2022;10:55;1;67;2;1;1;1;"48;4934520000";"7;4706490000"
202200025404;16;4;2022;17:40;1;27;1;1;1;6;"49;2712590000";"0;5460390000"
202200025405;16;4;2022;04:30;3;27;1;1;1;6;"48;8642170000";"1;0567470000"
202200025406;22;6;2022;17:50;1;73;1;1;1;1;"45;3187054472";"6;3265953841"
202200025407;17;4;2022;19:30;1;87;2;9;1;7;"45;9875590000";"1;0471290000"
202200025408;23;6;2022;04:00;3;69;1;9;3;7;"45;7315050000";"4;6950030000"
202200025409;17;4;2022;12:10;1;52;1;2;1;3;"47;6508420000";"5;3049750000"
202200025410;17;4;2022;16:10;1;18;1;1;1;6;"47;0953120000";"2;2430670000"
202200025411;20;6;2022;19:00;1;69;2;1;1;1;"45;8401430000";"4;7790470000"
202200025412;17;4;2022;14:20;1;34;1;1;1;6;"43;3578003740";"3;3409025664"
202200025413;22;6;2022;11:15;1;17;1;2;1;1;"45;7754860000";" -1;1644010000"
202200025414;18;4;2022;15:00;1;28;1;1;1;6;"48;2306570000";"1;8487740000"
202200025415;22;6;2022;08:15;1;64;1;1;1;2;"43;4955070000";" -1;4118080000"
202200025416;17;6;2022;09:35;1;33;2;1;1;6;"44;9270770000";" -0;2395480000"
202200025417;15;4;2022;13:05;1;971;1;3;1;3;"16;2374650000";" -61;5662070000"
202200025418;20;6;2022;18:00;1;56;2;1;1;3;"47;6643900000";" -3;0025020000"
202200025419;23;6;2022;11:00;1;35;2;6;1;3;"48;4164340000";" -1;3849480000"
202200025420;18;4;2022;06:20;2;77;1;1;1;3;"48;2653700000";"2;7207040000"
202200025421;22;6;2022;17:00;1;62;2;2;7;3;"50;6301860000";"1;5853400000"
202200025422;18;4;2022;06:45;2;974;1;1;1;2;" -20;9371120000";"55;3305390000"
202200025423;23;6;2022;07:40;1;59;1;1;1;6;"50;2116220000";"3;9801650000"
202200025424;17;4;2022;15:45;1;971;2;1;1;1;"16;3148260000";" -61;3464220000"
202200025425;23;6;2022;09:00;1;59;2;1;1;1;"50;5120010000";"2;9106310000"
202200025426;21;6;2022;21:20;1;42;1;1;1;2;"45;5349720000";"4;6280550000"
202200025427;17;4;2022;04:30;5;77;1;1;1;6;"48;8554050000";"3;0426550000"
202200025428;18;6;2022;05:05;2;59;1;1;1;6;"50;7471600000";"3;1429200000"
202200025429;17;4;2022;17:55;1;77;1;1;1;7;"48;6157750000";"2;7929740000"
202200025430;22;6;2022;16:40;1;91;1;1;1;2;"48;6314000000";"2;4915100000"
202200025431;18;4;2022;12:45;1;84;1;1;1;7;"44;0330530000";"4;9202710000"
202200025432;16;4;2022;15:15;1;04;1;1;1;7;"43;8591630000";"6;5109230000"
202200025433;22;6;2022;14:50;1;94;1;1;1;3;"48;8144134984";"2;3360705997"
202200025434;18;4;2022;05:17;5;13;2;1;1;1;"43;3686910000";"5;6372480000"
202200025435;16;4;2022;19:35;1;71;2;1;7;6;"46;6536080000";"4;9411870000"
202200025436;22;6;2022;02:10;5;78;1;1;1;2;"48;9775100000";"1;7212300000"
202200025437;17;4;2022;19:00;1;52;1;3;1;3;"48;0685770000";"5;1739060000"
202200025438;22;6;2022;17:30;1;93;1;1;1;4;"48;9385744444";"2;4155606321"
202200025439;18;4;2022;07:50;1;51;2;1;1;7;"49;3087592926";"3;6868987978"
202200025440;18;4;2022;13:20;1;55;1;1;1;7;"48;8447580000";"5;0492800000"
202200025441;22;6;2022;09:00;1;93;1;1;1;3;"48;9126927783";"2;4369263299"
202200025442;18;4;2022;03:45;3;63;1;1;1;6;"45;8207045967";"3;2348513603"
202200025443;22;6;2022;06:30;1;93;1;1;1;7;"48;8643500000";"2;4144800000"
202200025444;21;6;2022;17:50;1;92;1;1;1;4;"48;9388890109";"2;3062561184"
202200025445;18;4;2022;18:50;1;74;1;3;1;3;"46;0660180000";"6;3885180000"
202200025446;22;6;2022;17:15;1;77;1;1;1;2;"48;8305216457";"2;6947138665"
202200025447;17;4;2022;02:40;3;38;2;3;1;6;"45;3256050000";"4;8635090000"
202200025448;22;6;2022;14:45;1;77;1;1;1;4;"48;8321608383";"2;6537674837"
202200025449;17;4;2022;17:45;1;69;1;1;1;1;"45;8806060000";"4;4252370000"
202200025450;17;4;2022;23:30;3;81;1;4;1;7;"43;7746300000";"1;6630390000"
202200025451;22;6;2022;11:00;1;77;1;1;1;6;"48;8319870876";"2;6512725706"
202200025452;22;6;2022;06:20;1;94;1;1;1;7;"48;7636300000";"2;4951100000"
202200025453;11;4;2022;21:45;5;17;2;2;1;6;"45;7138280000";" -0;6325400000"
202200025454;28;4;2022;17:45;1;77;1;1;1;2;"48;8715490000";"2;6706000000"
202200025455;17;4;2022;21:00;5;33;2;1;1;1;"44;9289067792";" -0;4860632122"
202200025456;12;3;2022;16:20;1;62;1;1;1;6;"50;2390000000";"2;7643500000"
202200025457;15;4;2022;18:50;1;13;1;1;1;3;"43;3111700000";"5;4245500000"
202200025458;21;6;2022;11:36;1;54;2;1;1;6;"49;5235300000";"5;7985800000"
202200025459;15;4;2022;15:35;1;13;2;1;1;2;"43;3246900000";"5;3781960000"
202200025460;21;6;2022;12:40;1;27;2;1;1;6;"49;0174200000";"1;1240000000"
202200025461;15;4;2022;14:30;1;13;1;1;1;7;"43;2839600000";"5;5896300000"
202200025462;22;4;2022;07:30;2;90;1;1;1;1;"47;6388200000";"6;9027600000"
202200025463;15;4;2022;15:30;1;13;1;1;1;4;"43;3338000000";"5;3774840000"
202200025464;16;4;2022;16:55;1;94;1;1;1;2;"48;7609600000";"2;3185400000"
202200025465;19;4;2022;11:41;1;63;2;1;1;3;"45;8170300000";"3;1102190000"
202200025466;18;4;2022;17:12;1;63;2;1;1;6;"45;7636900000";"3;0891200000"
202200025467;16;4;2022;12:00;1;91;1;1;1;3;"48;6054500000";"2;4395300000"
202200025468;21;6;2022;17:50;3;988;2;3;1;4;" -22;2705900000";"166;4531800000"
202200025469;16;4;2022;15:00;1;91;1;1;1;3;"48;7598500000";"2;2578500000"
202200025470;21;6;2022;11:00;1;976;2;1;1;3;" -12;7788600000";"45;2322600000"
202200025471;16;4;2022;05:50;3;91;2;1;1;3;"48;7252230000";"2;2452170000"
202200025472;21;6;2022;08:45;1;974;1;1;1;1;" -21;3450000000";"55;5029900000"
202200025473;16;4;2022;14:45;1;92;1;1;1;2;"48;9452569232";"2;2843730158"
202200025474;21;6;2022;11:00;1;974;2;1;1;5;" -20;8929500000";"55;4435300000"
202200025475;21;6;2022;20:05;5;974;2;9;1;6;" -20;9596200000";"55;6533900000"
202200025476;16;4;2022;14:45;1;93;1;1;1;5;"48;9482633659";"2;4449349940"
202200025477;21;6;2022;06:01;5;973;1;1;1;6;"4;8978300000";" -52;3275400000"
202200025478;20;6;2022;12:00;1;973;2;1;1;1;"4;9243000000";" -52;3183400000"
202200025479;15;4;2022;18:40;1;95;1;1;1;4;"49;0178210711";"2;2137960792"
202200025480;21;6;2022;14:14;1;2A;2;1;1;3;"41;9359000000";"8;7443900000"
202200025481;21;6;2022;08:10;1;95;1;2;1;1;"48;9739160000";"2;4608194828"
202200025482;15;4;2022;17:40;1;95;1;1;1;5;"49;0301259179";"2;1243417263"
202200025483;21;6;2022;10:30;1;95;2;1;1;6;"48;9719330930";"2;3104494810"
202200025484;15;4;2022;18:00;1;69;2;2;1;3;"45;7219900000";"4;8911400000"
202200025485;21;6;2022;08:00;1;91;2;4;1;1;"48;7038000000";"2;4696500000"
202200025486;15;4;2022;15:30;1;69;2;1;1;6;"45;7567291612";"4;8435035348"
202200025487;21;6;2022;06:00;1;91;1;1;1;4;"48;6644000000";"2;5248500000"
202200025488;15;4;2022;08:45;1;69;2;1;1;6;"45;7704300000";"4;8463900000"