Accident_Id;jour;mois;an;hrmn;lum;dep;agg;int;atm;col;lat;long
202200025489;21;6;2022;07:40;1;91;1;1;1;2;"48;6840300000";"2;4894200000"
202200025490;15;4;2022;06:00;2;972;1;1;1;6;"14;6206800000";" -61;0433300000"
202200025491;14;9;2022;14:00;1;86;2;1;1;3;"46;5667150000";"0;3873730000"
202200025492;15;4;2022;19:50;2;69;2;1;1;6;"45;7672600000";"4;8094400000"
202200025493;21;6;2022;21:10;1;85;2;6;1;3;"46;5018250000";" -1;7592280000"
202200025494;15;4;2022;17:50;1;69;2;1;1;2;"45;7735500000";"4;8255100000"
202200025495;17;6;2022;18:25;1;85;2;3;1;3;"46;4703100000";" -1;7424300000"
202200025496;1;3;2022;14:00;1;95;2;3;1;6;"48;9912690000";"2;3711910000"
202200025497;9;4;2022;23:10;5;95;2;2;1;3;"48;9751033877";"2;3439529538"
202200025498;21;6;2022;12:15;1;78;2;3;1;6;"48;9641810000";"1;8666620000"
202200025499;14;4;2022;08:06;1;95;2;3;1;3;"48;9650284061";"2;3187616467"
202200025500;21;6;2022;02:20;3;78;1;1;1;2;"48;9789400000";"1;8862400000"
202200025501;15;4;2022;07:20;2;91;2;1;1;2;"48;6397580000";"2;2680630000"
202200025502;21;6;2022;08:15;1;77;1;2;8;3;"48;4136620000";"2;6441000000"
202200025503;7;4;2022;16:30;1;91;2;1;8;3;"48;6649500000";"2;3670900000"
202200025504;9;5;2022;12:40;1;76;1;1;1;7;"49;3752573389";"1;0469198227"
202200025505;15;4;2022;18:15;1;91;2;2;1;6;"48;4360960000";"2;1654180000"
202200025506;19;6;2022;04:00;5;76;2;2;2;3;"49;4919800000";"0;1239200000"
202200025507;15;4;2022;12:41;1;87;2;6;1;6;"45;8795500000";"1;2396900000"
202200025508;16;6;2022;15:50;1;74;2;2;1;1;"46;3888600000";"6;5899800000"
202200025509;20;6;2022;11:30;1;73;2;1;1;2;"45;5537880000";"5;9357310000"
202200025510;14;4;2022;13:15;1;87;2;1;1;5;"45;8703100000";"1;2694800000"
202200025511;20;6;2022;18:50;1;72;2;2;1;3;"47;9683460000";"0;1683190000"
202200025512;13;4;2022;20:47;5;87;2;1;1;3;"45;8459500000";"1;2456000000"
202200025513;21;6;2022;15:20;1;69;2;9;1;7;"45;7165100000";"4;9700900000"
202200025514;15;4;2022;10:30;1;83;2;6;1;2;"43;1419919503";"6;0365218520"
202200025515;21;6;2022;10:00;1;69;2;2;1;4;"45;6972300000";"4;9362300000"
202200025516;21;6;2022;05:55;2;69;2;1;1;1;"45;7151400000";"4;8956700000"
202200025517;15;1;2022;16:30;1;83;2;1;1;6;"43;4232100000";"6;7335300000"
202200025518;14;6;2022;00:00;5;69;2;9;1;1;"45;7353800000";"4;9031700000"
202200025519;15;4;2022;20:00;1;81;2;1;1;2;"43;9322600000";"2;1468500000"
202200025520;21;6;2022;12:11;1;69;2;3;1;3;"45;9839200000";"4;7399400000"
202200025521;15;4;2022;10:30;1;78;2;9;1;3;"48;9048990000";"2;0524020000"
202200025522;20;6;2022;12:00;1;67;2;1;1;7;"48;6060900000";"7;7540500000"
202200025523;21;6;2022;09:50;1;64;2;1;1;3;"43;3498100000";" -1;7730200000"
202200025524;15;4;2022;11:35;1;77;2;3;1;1;"48;7909252105";"2;6672918660"
202200025525;20;6;2022;17:55;1;64;2;1;1;3;"43;4923080218";" -1;4865016937"
202200025526;14;4;2022;22:00;3;77;1;2;1;6;"48;4970800000";"2;6340700000"
202200025527;21;6;2022;13:30;1;59;2;9;1;2;"50;7758802819";"3;1317955256"
202200025528;13;4;2022;12:08;1;76;2;1;1;6;"49;4938300000";"0;1800100000"
202200025529;21;6;2022;09:20;1;59;2;1;1;6;"50;7261360000";"3;1648050000"
202200025530;13;4;2022;12:45;1;72;2;1;1;3;"47;9759550000";"0;1661600000"
202200025531;21;6;2022;21:55;2;59;2;2;1;3;"50;6915600000";"3;1811500000"
202200025532;21;6;2022;10:00;1;54;2;1;1;1;"48;6566500000";"6;1221300000"
202200025533;15;4;2022;18:55;1;69;2;2;1;3;"45;7167000000";"4;9280000000"
202200025534;20;6;2022;18:21;1;54;2;3;1;6;"48;5735000000";"6;5287400000"
202200025535;15;4;2022;01:41;5;66;2;1;1;2;"42;7010500000";"2;8861400000"
202200025536;20;6;2022;17:45;1;52;1;1;1;1;"48;1178500000";"5;1262800000"
202200025537;15;4;2022;12:55;1;59;2;1;1;2;"50;6566357135";"3;0889418721"
202200025538;16;6;2022;08:00;1;49;2;2;1;3;"47;2460600000";" -0;0704200000"
202200025539;15;4;2022;15:15;1;54;2;1;1;6;"48;6684100000";"6;2081900000"
202200025540;20;6;2022;21:44;2;49;2;1;1;1;"47;4547230214";" -0;5330085754"
202200025541;15;4;2022;11:00;1;54;2;1;1;6;"48;6764346686";"6;1773312092"
202200025542;21;6;2022;16:40;1;45;2;2;1;3;"47;9248900000";"1;9119300000"
202200025543;21;6;2022;08:10;1;45;2;6;1;3;"47;8722600000";"1;9610600000"
202200025544;14;4;2022;15:15;1;54;2;1;1;6;"48;6927900000";"6;1442100000"
202200025545;21;6;2022;14:30;1;42;2;1;1;6;"45;3956600000";"4;3220900000"
202200025546;12;4;2022;13:30;1;54;2;1;1;1;"48;6990700000";"6;1208500000"
202200025547;20;6;2022;23:20;3;41;2;1;1;3;"47;5832600000";"1;3208700000"
202200025548;21;6;2022;16:40;1;37;2;1;1;6;"47;4317100000";"0;6973200000"
202200025549;15;4;2022;22:36;5;47;2;2;1;3;"44;1839000000";"0;6665000000"
202200025550;21;6;2022;12:45;1;35;2;1;1;4;"48;1256500000";" -1;6967500000"
202200025551;15;4;2022;14:30;1;45;2;3;1;3;"47;8917160000";"1;8316190000"
202200025552;21;6;2022;21:00;2;33;2;2;1;3;"44;8584500000";" -0;5636300000"
202200025553;14;4;2022;17:00;1;44;2;1;1;3;"47;1886500000";" -1;5014640000"
202200025554;21;6;2022;09:40;1;32;2;1;1;7;"43;6568000000";"0;5971600000"
202200025555;14;4;2022;08:50;1;44;2;1;7;3;"47;2623100000";" -1;5834000000"
202200025556;20;6;2022;17:00;1;30;2;1;1;2;"44;1368000000";"4;1048700000"
202200025557;13;6;2022;12:30;1;30;2;1;1;1;"44;1236500000";"4;0916800000"
202200025558;21;6;2022;08:25;1;29;1;1;1;3;"47;9826900000";" -4;0752700000"
202200025559;15;4;2022;18:10;1;37;1;3;1;3;"47;4004407067";"0;7418185472"
202200025560;20;6;2022;18:50;1;29;1;2;1;2;"47;8741750000";" -3;8983000000"
202200025561;15;4;2022;17:25;1;35;2;1;1;6;"48;1100623911";" -1;6988535225"
202200025562;20;6;2022;17:45;1;29;2;1;1;2;"47;8691968091";" -3;8961374760"
202200025563;15;4;2022;17:32;1;35;1;1;1;2;"48;0910563838";" -1;7057400942"
202200025564;20;6;2022;13:50;1;28;2;1;1;3;"48;4263000000";"1;4719300000"
202200025565;15;4;2022;15:45;1;33;1;1;1;2;"44;8890300000";" -0;5885400000"
202200025566;16;6;2022;18:25;1;28;2;1;1;3;"48;4264900000";"1;4740700000"
202200025567;21;6;2022;17:47;1;27;2;1;1;6;"49;0075848824";"1;1557366848"
202200025568;15;4;2022;14:00;1;33;2;3;1;3;"44;8011700000";" -0;6633100000"
202200025569;6;5;2022;13:15;1;27;2;1;1;2;"49;0031800000";"1;1489900000"
202200025570;15;4;2022;08:10;1;33;2;2;1;3;"44;8796300000";" -0;6268000000"
202200025571;14;4;2022;12:30;1;33;2;3;1;2;"44;7816000000";" -0;6543300000"
202200025572;21;6;2022;18:30;1;25;2;3;1;3;"46;9016200000";"6;3598000000"
202200025573;15;4;2022;20:45;2;31;2;9;1;5;"43;5779100000";"1;3273500000"
202200025574;21;6;2022;12:30;1;25;2;1;1;3;"47;2368300000";"6;0151400000"
202200025575;15;4;2022;15:00;1;31;2;1;1;7;"43;1384300000";"0;7331600000"
202200025576;20;6;2022;20:15;1;25;2;9;1;6;"47;2199000000";"5;9729200000"
202200025577;18;6;2022;10:30;1;19;2;1;1;6;"45;1646999140";"1;5106093884"
202200025578;15;4;2022;21:35;3;17;1;1;1;7;"45;6543760000";" -1;0535450000"
202200025579;21;6;2022;01:00;5;13;2;2;1;3;"43;4167438578";"5;2465212398"
202200025580;21;6;2022;18:00;1;13;2;1;1;1;"43;6480100000";"5;1021200000"
202200025581;14;4;2022;14:50;1;13;2;6;1;3;"43;6278900000";"5;1049000000"
202200025582;21;6;2022;22:00;5;13;2;2;1;3;"43;2995338869";"5;3787092631"
202200025583;15;4;2022;15:55;1;13;2;1;1;2;"43;3358600000";"5;3744700000"
202200025584;21;6;2022;18:45;1;13;2;9;1;3;"43;3066882689";"5;4729698357"
202200025585;15;4;2022;15:30;1;13;2;1;1;3;"43;3318000000";"5;3869000000"
202200025586;20;6;2022;09:35;1;13;2;1;1;1;"43;3320000000";"5;4630000000"
202200025587;15;4;2022;10:15;1;13;2;1;1;6;"43;5397297791";"5;4476414373"
202200025588;21;6;2022;13:35;1;12;2;3;1;3;"44;5375800000";"2;3089700000"
202200025589;20;6;2022;08:45;1;07;1;6;1;3;"44;9240580000";"4;8597150000"
202200025590;13;4;2022;12:03;1;10;2;6;1;3;"48;2674383565";"4;0615028143"
202200025591;19;6;2022;19:00;1;06;2;6;1;3;"43;6498150000";"6;9317760000"
202200025592;20;6;2022;11:34;1;05;2;1;1;6;"44;5367900000";"6;0523500000"
202200025593;4;5;2022;17:10;1;02;2;6;1;2;"49;6585900000";"3;2980700000"
202200025594;15;4;2022;18:00;1;75;2;1;1;4;"48;9004260000";"2;3888780000"
202200025595;21;6;2022;15:35;1;75;2;1;1;2;"48;9006750000";"2;3330950000"
202200025596;21;6;2022;12:30;1;75;2;1;1;4;"48;8945610000";"2;3054090000"
202200025597;15;4;2022;16:30;1;75;2;1;1;2;"48;8509350000";"2;4154350000"
202200025598;20;6;2022;19:00;1;75;2;1;1;3;"48;9007580000";"2;3371890000"
202200025599;21;6;2022;06:19;2;75;2;2;2;3;"48;8345650000";"2;3578100000"
202200025600;14;4;2022;18:30;1;75;2;1;1;2;"48;8309270000";"2;4029910000"
202200025601;20;6;2022;13:30;1;75;2;1;1;2;"48;8288370000";"2;4520960000"
202200025602;21;6;2022;09:10;1;75;2;4;1;2;"48;8398970000";"2;3617650000"
202200025603;20;6;2022;09:20;1;75;2;3;1;6;"48;8433960000";"2;3375200000"
202200025604;12;4;2022;20:45;4;75;2;1;1;4;"48;8651530000";"2;4132150000"
202200025605;21;6;2022;07:45;1;75;2;1;2;6;"48;8922120000";"2;3692930000"
202200025606;21;6;2022;09:10;1;75;2;4;1;3;"48;8936030000";"2;3479950000"
202200025607;15;4;2022;00:20;5;75;2;1;1;1;"48;8698330000";"2;3560120000"
202200025608;21;6;2022;17:00;1;75;2;3;1;2;"48;8858690000";"2;3064480000"
202200025609;15;4;2022;16:10;1;75;2;4;1;4;"48;8667780000";"2;4090270000"
202200025610;15;4;2022;15:10;1;75;2;2;1;6;"48;8902280319";"2;3599713298"
202200025611;21;6;2022;07:40;1;75;2;4;8;6;"48;8929217358";"2;3270255327"
202200025612;15;4;2022;10:30;1;75;2;1;1;6;"48;8593801301";"2;2293392525"
202200025613;14;4;2022;09:30;1;75;2;7;1;3;"48;8376100000";"2;2575830000"
202200025614;20;6;2022;19:15;1;75;2;2;1;3;"48;8822440000";"2;3203550000"
202200025615;15;4;2022;13:50;1;75;2;7;1;6;"48;8427220000";"2;2922010000"
202200025616;20;6;2022;07:00;1;75;2;1;1;3;"48;8876250000";"2;3082210000"
202200025617;15;4;2022;08:30;1;75;2;2;1;3;"48;8372340000";"2;2964440000"
202200025618;20;6;2022;19:10;1;75;2;7;1;3;"48;8383990000";"2;2569970000"
202200025619;14;4;2022;12:20;1;75;2;3;1;3;"48;8424630000";"2;3110790000"
202200025620;21;6;2022;19:45;1;75;2;2;1;6;"48;8428710000";"2;3123810000"
202200025621;15;4;2022;00:50;5;75;2;1;1;6;"48;8278380000";"2;3346880000"
202200025622;20;6;2022;21:00;1;75;2;1;1;6;"48;8556670000";"2;2876980000"
202200025623;14;4;2022;14:40;1;75;2;1;1;6;"48;8255590000";"2;3150330000"
202200025624;20;6;2022;20:50;2;75;2;1;1;3;"48;8218650000";"2;3220510000"
202200025625;15;4;2022;13:19;1;75;2;1;1;3;"48;8218640000";"2;3586320000"
202200025626;20;6;2022;15:40;1;75;2;1;1;6;"48;8356580000";"2;3397590000"
202200025627;19;6;2022;09:30;1;75;2;3;2;2;"48;8394550000";"2;3222440000"
202200025628;15;4;2022;11:40;1;75;2;1;1;3;"48;8429884892";"2;3841987095"
202200025629;21;6;2022;13:15;1;75;2;2;1;3;"48;8259480000";"2;3452110000"
202200025630;15;4;2022;02:40;5;75;2;1;1;1;"48;8327710000";"2;3962170000"
202200025631;21;6;2022;16:30;1;75;2;7;1;3;"48;8666090000";"2;3650010000"
202200025632;15;4;2022;18:09;1;75;2;1;1;3;"48;8807484489";"2;3700677293"
202200025633;21;6;2022;12:25;1;75;2;2;1;6;"48;8735910000";"2;3283560000"
202200025634;15;4;2022;11:12;1;75;2;7;1;3;"48;8778906745";"2;3516564553"
202200025635;14;4;2022;23:00;3;75;2;1;1;6;"48;8809980000";"2;3138910000"
202200025636;21;6;2022;17:30;1;75;2;7;1;2;"48;8658570000";"2;3198960000"
202200025637;15;4;2022;19:55;1;75;2;7;1;6;"48;8640701652";"2;3201221470"
202200025638;21;6;2022;10:25;1;75;2;3;1;6;"48;8554610000";"2;3070730000"
202200025639;21;6;2022;22:00;5;75;2;2;1;7;"48;8595360000";"2;3488090000"
202200025640;15;4;2022;16:45;1;75;2;5;1;3;"48;8673080000";"2;3439400000"
202200025641;20;6;2022;19:03;1;75;2;3;1;3;"48;8625040000";"2;3380930000"
202200025642;15;4;2022;16:11;1;75;2;2;1;3;"48;8559045770";"2;3511256603"
202200025643;21;6;2022;07:45;1;94;2;4;2;2;"48;7544100000";"2;3854110000"
202200025644;15;4;2022;11:30;1;94;2;3;1;3;"48;7513600000";"2;4453200000"
202200025645;11;4;2022;18:09;1;94;2;6;1;3;"48;7906561397";"2;3315477370"
202200025646;21;6;2022;09:30;1;94;2;3;1;3;"48;8201800000";"2;4817900000"
202200025647;16;4;2022;01:50;5;94;2;3;1;3;"48;8115200000";"2;3870000000"
202200025648;21;6;2022;18:30;1;94;2;1;1;2;"48;7640000000";"2;5135100000"
202200025649;21;6;2022;18:00;1;93;2;1;1;6;"48;9595400000";"2;5570700000"
202200025650;15;4;2022;16:40;1;94;2;1;1;2;"48;8524796616";"2;4626541132"
202200025651;15;4;2022;14:05;1;94;2;1;1;4;"48;8156970723";"2;5142683982"
202200025652;15;4;2022;11:30;1;94;2;1;1;6;"48;7118600000";"2;5322700000"
202200025653;21;6;2022;08:07;1;93;2;1;1;1;"48;9522100000";"2;5576000000"
202200025654;14;4;2022;10:45;1;94;2;1;1;6;"48;7771500000";"2;5159900000"
202200025655;15;4;2022;17:45;1;93;2;2;1;3;"48;8683500000";"2;4447500000"
202200025656;21;6;2022;22:45;5;93;2;3;1;3;"48;9340500000";"2;5356800000"
202200025657;14;4;2022;13:30;1;93;2;9;1;6;"48;8639860000";"2;4170260000"
202200025658;21;6;2022;22:30;5;93;2;4;1;6;"48;9415809064";"2;3420405388"
202200025659;15;4;2022;17:05;1;93;2;1;1;6;"48;9357039113";"2;4266937375"
202200025660;20;6;2022;16:15;1;93;2;1;1;6;"48;8773984245";"2;4615678191"
202200025661;15;4;2022;17:30;1;93;2;2;1;3;"48;8988600000";"2;4418400000"
202200025662;20;6;2022;22:35;5;93;2;2;1;2;"48;8760100000";"2;4172800000"
202200025663;15;4;2022;08:30;1;92;2;1;1;7;"48;8164734982";"2;2921784073"
202200025664;21;6;2022;18:50;1;93;2;1;1;6;"48;9129100000";"2;4827500000"
202200025665;15;4;2022;13:40;1;92;2;1;1;3;"48;8843312946";"2;2578768432"
202200025666;21;6;2022;02:30;5;93;2;1;1;2;"48;9082588237";"2;4962285709"
202200025667;14;4;2022;23:40;5;92;2;2;1;7;"48;8839795755";"2;2815755680"
202200025668;20;6;2022;13:45;1;93;2;1;1;3;"48;9095700000";"2;3862600000"
202200025669;15;4;2022;17:10;1;92;2;1;1;4;"48;9135210000";"2;2183080000"
202200025670;21;6;2022;08:15;1;92;2;1;1;3;"48;9340483261";"2;3327531218"
202200025671;21;6;2022;18:30;1;92;2;1;1;6;"48;8192100000";"2;2843100000"
202200025672;13;4;2022;18:35;1;92;2;3;1;3;"48;7438599577";"2;3030322343"
202200025673;16;4;2022;16:50;1;47;2;1;1;6;"44;5395440000";"0;6890760000"
202200025674;21;6;2022;17:30;1;92;2;3;1;3;"48;8541239566";"2;2226331532"
202200025675;17;4;2022;12:10;1;17;1;1;1;1;"45;8203840000";" -0;6467180000"
202200025676;21;6;2022;17:30;1;92;2;9;1;2;"48;8109864375";"2;2349207550"
202200025677;15;4;2022;19:15;1;17;1;1;1;7;"45;8388610000";" -0;8744650000"
202200025678;21;6;2022;21:10;1;92;2;3;1;3;"48;9048500000";"2;2716200000"
202200025679;21;6;2022;19:00;1;92;2;1;1;3;"48;8970100000";"2;2642900000"
202200025680;17;4;2022;05:10;5;95;2;1;1;6;"49;1340643036";"2;2303077579"
202200025681;17;4;2022;20:10;1;76;2;1;1;6;"49;8695670000";"1;3223670000"
202200025682;21;6;2022;17:32;1;92;2;1;1;3;"48;9186524491";"2;2526832819"
202200025683;16;4;2022;20:05;3;974;1;1;2;6;" -21;0236440000";"55;7011340000"
202200025684;20;6;2022;19:30;1;92;2;1;1;6;"48;9305484425";"2;2551424652"
202200025685;16;4;2022;19:00;1;62;1;1;7;3;"50;3644010000";"1;7085130000"
202200025686;21;6;2022;06:25;2;92;2;1;2;6;"48;7950180000";"2;2974020000"
202200025687;16;4;2022;15:30;1;79;1;1;1;7;"46;2508610000";" -0;1937630000"
202200025688;21;6;2022;17:22;1;14;2;3;1;1;"48;9782340000";" -0;4748620000"
202200025689;16;4;2022;15:00;1;50;1;1;1;1;"49;4942630000";" -1;4160990000"
202200025690;20;6;2022;22:00;2;02;1;1;1;6;"49;8462680000";"3;2368740000"
202200025691;16;4;2022;11:30;1;85;1;2;1;3;"46;9041110000";" -1;2081230000"
202200025692;16;4;2022;10:05;1;37;1;1;1;2;"47;6383554330";"0;4970723391"
202200025693;16;4;2022;14:50;1;56;1;1;1;6;"47;4828000000";" -3;1391720000"
202200025694;17;4;2022;08:20;1;76;1;1;7;7;"49;8337240000";"1;6851350000"
202200025695;17;4;2022;05:20;2;80;1;1;1;7;"50;0328790000";"1;6723040000"
202200025696;16;4;2022;10:30;1;65;1;1;1;1;"43;3082540000";"0;5215930000"
202200025697;17;4;2022;10:00;1;11;2;6;1;6;"43;0688640000";"2;2065140000"
202200025698;17;4;2022;03:30;3;71;1;1;1;6;"46;6748830000";"4;1778520000"
202200025699;16;4;2022;19:15;1;63;1;1;1;7;"46;0839620000";"2;7423120000"
202200025700;17;4;2022;07:20;1;42;2;1;1;6;"45;5539900000";"4;0987370000"
202200025701;17;4;2022;16:55;1;41;2;2;1;3;"47;9707990000";"0;8953390000"
202200025702;17;4;2022;00:55;4;44;2;9;1;1;"47;5505340000";" -2;0751210000"
202200025703;15;4;2022;11:50;1;35;2;1;1;6;"48;1398584501";" -1;9570979476"
202200025704;16;4;2022;18:25;1;29;2;1;1;1;"48;6632480000";" -4;1089450000"
202200025705;15;4;2022;16:50;1;29;2;9;1;6;"48;3589479800";" -4;7638231516"
202200025706;17;4;2022;14:00;1;29;1;3;1;1;"48;4275664071";" -4;5726764202"
202200025707;13;4;2022;12:10;1;38;2;2;1;1;"45;4543250000";"5;6383680000"
202200025708;17;4;2022;00:50;3;02;1;1;1;7;"49;7353710000";"3;9995060000"
202200025709;17;4;2022;16:40;1;01;2;1;1;6;"46;1204210000";"4;9565450000"
202200025710;17;4;2022;16:08;1;54;1;1;7;7;"48;6504980000";"5;9816050000"
202200025711;16;4;2022;15:30;1;50;2;1;1;3;"49;0502630000";" -1;5987630000"
202200025712;17;4;2022;21:25;5;60;2;1;1;7;"49;3077480000";"2;7189190000"
202200025713;16;4;2022;21:10;3;18;1;1;1;2;"46;8642400000";"2;4188480000"
202200025714;26;1;2022;13:45;1;69;2;2;8;1;"45;6873915492";"4;9129165708"
202200025715;25;1;2022;17:23;1;68;2;3;1;1;"48;0821170000";"7;3276130000"
202200025716;27;1;2022;07:45;2;67;2;1;1;3;"48;5877990000";"7;7017490000"
202200025717;26;1;2022;16:55;1;66;2;6;7;2;"42;6813200000";"2;8941600000"
202200025718;27;1;2022;18:35;5;64;2;1;1;1;"43;2941764345";" -0;3761208057"
202200025719;27;1;2022;14:45;1;64;2;1;1;5;"43;3198000000";" -0;3855900000"
202200025720;27;1;2022;10:00;1;64;2;6;1;3;"43;3047470249";" -0;4018314427"
202200025721;27;1;2022;13:20;1;59;2;1;2;6;"50;7656968623";"3;1573382020"
202200025722;26;1;2022;17:30;1;59;1;1;1;6;"50;3733492554";"3;1029185057"
202200025723;27;1;2022;17:00;2;54;2;1;1;2;"48;6961700000";"6;1672600000"
202200025724;27;1;2022;07:50;2;54;2;1;5;6;"48;6883000000";"6;1669200000"
202200025725;21;1;2022;23:20;3;54;1;1;1;2;"49;5499820000";"5;8066710000"
202200025726;27;1;2022;18:10;5;51;2;4;2;7;"49;2272600000";"4;0356000000"
202200025727;24;1;2022;20:25;5;50;2;1;1;3;"49;6305600000";" -1;6177900000"
202200025728;26;1;2022;16:19;1;49;2;6;1;3;"47;4629780458";" -0;5259597301"
202200025729;26;1;2022;16:40;1;45;2;3;1;1;"47;9058200000";"1;9098400000"
202200025730;27;1;2022;14:25;1;37;2;1;1;3;"47;3444961218";"0;6557075679"
202200025731;27;1;2022;08:30;1;33;2;1;8;4;"44;8298800000";" -0;6395700000"
202200025732;27;1;2022;07:40;2;33;2;1;5;6;"44;8488300000";" -0;6524400000"
202200025733;26;1;2022;11:25;1;33;2;3;1;3;"44;8514500000";" -0;5378739000"
202200025734;26;1;2022;05:50;5;29;1;1;1;7;"47;9641200000";" -4;0836600000"
202200025735;26;1;2022;11:30;1;29;1;2;8;2;"47;8814579068";" -3;9101395011"
202200025736;22;1;2022;19:44;5;13;2;3;1;3;"43;2912200000";"5;3830200000"
202200025737;27;1;2022;06:30;5;13;2;1;1;3;"43;3495900000";"5;3752900000"
202200025738;26;1;2022;17:10;1;13;2;2;1;3;"43;2977400000";"5;3720900000"
202200025739;27;1;2022;10:00;1;13;2;1;1;3;"43;5284057102";"5;4407061094"
202200025740;27;1;2022;08:45;1;11;2;9;1;3;"43;2216000000";"2;3893500000"
202200025741;26;1;2022;18:42;5;10;2;1;2;6;"48;3140100000";"4;0408000000"
202200025742;26;1;2022;11:10;1;06;2;9;1;1;"43;6652650000";"7;1706030000"
202200025743;26;1;2022;12:20;1;03;2;1;8;6;"46;3237861697";"2;5534061275"
202200025744;27;1;2022;08:00;2;01;1;1;5;4;"46;2331140000";"5;1966680000"
202200025745;27;1;2022;18:50;5;75;2;3;2;7;"48;8847240000";"2;3078300000"
202200025746;26;1;2022;23:30;5;75;2;2;1;3;"48;8786460000";"2;2942280000"
202200025747;26;1;2022;15:25;1;75;2;7;1;3;"48;8363800000";"2;3064650000"
202200025748;26;1;2022;22:50;5;75;2;1;1;7;"48;8449270000";"2;2759760000"
202200025749;27;1;2022;20:15;5;75;2;1;2;3;"48;8243860000";"2;3622500000"
202200025750;27;1;2022;15:25;1;75;2;2;1;6;"48;8716180000";"2;3499060000"
202200025751;27;1;2022;05:30;5;75;2;3;1;3;"48;8822390000";"2;3217400000"
202200025752;27;1;2022;21:15;5;75;2;2;2;6;"48;8539520000";"2;3095450000"
202200025753;27;1;2022;19:15;5;94;2;1;2;3;"48;7269900000";"2;4494800000"
202200025754;27;1;2022;11:00;1;94;2;1;1;1;"48;7714330000";"2;5110410000"
202200025755;27;1;2022;08:30;1;93;2;9;1;3;"48;9528000000";"2;5245800000"
202200025756;26;1;2022;23:25;5;77;2;2;1;3;"49;0119865622";"2;5755418520"
202200025757;27;1;2022;13:05;1;93;2;3;1;3;"48;9644400000";"2;3740800000"
202200025758;25;1;2022;15:30;1;93;2;1;1;2;"48;9460200000";"2;3589400000"
202200025759;27;1;2022;08:15;1;93;2;1;1;6;"48;9542490000";"2;3270710000"
202200025760;27;1;2022;06:55;5;93;2;2;1;2;"48;9070211056";"2;4888178178"
202200025761;27;1;2022;18:00;4;93;2;6;1;3;"48;9561935351";"2;4813003340"
202200025762;26;1;2022;11:00;1;92;2;1;1;6;"48;8467062223";"2;2057290003"
202200025763;4;10;2022;17:15;1;11;2;9;1;6;"43;2038200000";"2;3297200000"
202200025764;27;1;2022;21:10;5;92;2;3;2;6;"48;8062573268";"2;2383636385"
202200025765;26;1;2022;16:00;1;92;2;1;1;3;"48;9362948024";"2;2600155026"
202200025766;27;1;2022;04:15;3;35;1;1;1;6;"47;7682190000";" -2;1053410000"
202200025767;5;10;2022;12:15;1;10;2;3;1;2;"48;3067947818";"4;0482748300"
202200025768;23;1;2022;23:00;3;95;1;1;1;6;"49;0619983625";"2;3383015394"
202200025769;27;1;2022;19:50;3;54;1;2;2;1;"48;4569359869";"6;1278444537"
202200025770;4;10;2022;16:15;1;10;2;1;1;3;"48;2924000000";"4;0736000000"
202200025771;28;1;2022;09:50;1;71;2;1;5;6;"46;5682330000";"3;7472250000"
202200025772;27;1;2022;16:50;1;06;1;1;1;7;"43;7727590000";"7;2144660000"
202200025773;28;1;2022;08:10;1;26;2;1;1;6;"45;1754120000";"4;8210780000"
202200025774;30;9;2022;18:30;2;06;2;1;1;7;"43;6558490000";"6;9221830000"
202200025775;28;1;2022;15:05;1;51;1;6;1;1;"48;7055591001";"3;7367765498"
202200025776;28;1;2022;01:45;5;32;2;1;5;6;"43;4743570000";"0;9180880000"
202200025777;24;9;2022;18:30;1;04;2;1;1;6;"43;8352100000";"5;7910340000"
202200025778;28;1;2022;17:30;1;63;1;1;1;1;"45;5963690000";"3;1558870000"
202200025779;19;1;2022;18:30;5;44;2;1;1;6;"47;4433000000";" -2;3265510000"
202200025780;27;1;2022;16:15;1;29;1;1;1;7;"48;4897190000";" -4;1562870000"
202200025781;28;1;2022;14:20;1;38;1;1;8;1;"45;5353480000";"5;5397000000"
202200025782;26;1;2022;18:30;5;38;2;6;1;3;"45;5373250000";"5;5854960000"
202200025783;4;10;2022;00:35;5;75;2;2;1;3;"48;8373300000";"2;3737860000"
202200025784;27;1;2022;18:45;3;03;1;1;5;1;"46;1738310000";"3;5121920000"
202200025785;28;1;2022;15:50;1;01;2;1;1;6;"46;1779100000";"4;8163060000"
202200025786;27;1;2022;16:30;1;01;2;1;1;6;"46;0296070000";"5;3869890000"
202200025787;5;10;2022;14:35;1;75;2;3;1;6;"48;8455880000";"2;3426810000"
202200025788;27;1;2022;06:45;2;01;2;3;4;2;"46;0723230000";"5;3242550000"
202200025789;27;1;2022;07:45;2;70;1;1;5;1;"47;3512960000";"5;6858860000"
202200025790;27;1;2022;10:10;1;14;1;1;1;1;"49;2567070000";"0;0723120000"
202200025791;27;1;2022;17:45;5;60;2;2;8;1;"49;2045720000";"2;3679490000"
202200025792;5;10;2022;15:45;1;75;2;1;8;6;"48;8571830000";"2;3973300000"
202200025793;22;1;2022;22:15;3;36;1;1;8;6;"46;6662840000";"1;1220650000"
202200025794;27;1;2022;13:35;1;53;2;6;1;6;"48;3084430000";" -0;6231150000"
202200025795;27;1;2022;06:55;5;85;2;6;5;3;"46;9821960000";" -1;3054820000"
202200025796;5;10;2022;10:00;1;75;2;4;7;3;"48;8650770000";"2;4116330000"