Accident_Id;jour;mois;an;hrmn;lum;dep;agg;int;atm;col;lat;long
202200026410;21;7;2022;12:05;1;13;2;9;1;1;"43;2884000000";"5;3844400000"
202200026411;20;5;2022;12:30;1;59;1;1;1;6;"50;6496464249";"3;1396785378"
202200026412;13;12;2022;07:05;5;95;2;1;1;6;"48;9848900052";"2;2725123167"
202200026413;21;7;2022;23:30;4;06;2;1;1;2;"43;6638100000";"7;1986700000"
202200026414;10;12;2022;06:15;5;91;2;1;8;7;"48;4327600000";"2;1501400000"
202200026415;22;7;2022;13:05;1;06;2;1;1;3;"43;5707000000";"7;0153600000"
202200026416;17;5;2022;13:06;1;59;1;1;1;2;"50;4566479217";"3;2816290855"
202200026417;13;12;2022;16:06;1;87;2;1;1;3;"45;7993500000";"1;3582600000"
202200026418;19;7;2022;09:20;1;05;2;1;1;2;"44;5393600000";"6;0556500000"
202200026419;23;5;2022;20:00;2;91;1;1;1;4;"48;6267400000";"2;4759400000"
202200026420;12;12;2022;18:23;5;87;2;3;1;6;"45;8335800000";"1;2475500000"
202200026421;20;7;2022;15:10;1;02;1;1;3;1;"49;5525900000";"3;6254700000"
202200026422;23;5;2022;14:00;1;91;1;1;3;4;"48;6428600000";"2;3914900000"
202200026423;12;12;2022;19:11;5;87;2;1;1;6;"45;8848400000";"1;2973100000"
202200026424;22;7;2022;12:00;1;01;2;1;1;6;"46;2073090000";"5;2422810000"
202200026425;23;5;2022;07:50;1;91;1;1;1;3;"48;6235900000";"2;4669700000"
202200026426;13;12;2022;18:00;5;85;2;1;1;6;"46;4971500000";" -1;7773200000"
202200026427;22;7;2022;19:25;1;75;2;1;8;4;"48;8696430000";"2;4132670000"
202200026428;21;5;2022;16:30;1;93;1;1;1;2;"48;8657500000";"2;4212800000"
202200026429;22;7;2022;08:50;1;75;2;1;1;7;"48;8271410000";"2;3910300000"
202200026430;27;11;2022;19:17;5;84;2;3;1;1;"43;9303100000";"4;8311800000"
202200026431;20;5;2022;17:40;1;93;1;1;1;3;"48;9340300000";"2;3905500000"
202200026432;22;7;2022;07:30;1;75;2;1;1;4;"48;8705970000";"2;2723520000"
202200026433;18;11;2022;15:00;1;30;2;1;1;6;"43;9754800000";"4;7836700000"
202200026434;23;5;2022;11:35;1;77;1;1;2;7;"48;6022730000";"2;6340630000"
202200026435;22;7;2022;03:15;5;75;2;2;1;3;"48;8494080000";"2;3567660000"
202200026436;22;5;2022;23:30;3;77;1;1;1;6;"48;8400040000";"2;8199560000"
202200026437;17;11;2022;00:06;5;84;2;3;1;3;"43;9375800000";"4;8118400000"
202200026438;21;5;2022;11:30;1;94;1;1;1;2;"48;8302008945";"2;4957669959"
202200026439;14;12;2022;17:30;1;84;2;1;3;6;"43;9290300000";"4;8254900000"
202200026440;22;7;2022;12:15;1;75;2;3;8;3;"48;8843400000";"2;3912770000"
202200026441;9;11;2022;18:15;2;84;2;1;3;6;"43;9463100000";"4;8172200000"
202200026442;22;7;2022;09:30;1;75;2;2;1;3;"48;8902450000";"2;3599120000"
202200026443;21;4;2022;16:55;1;30;1;3;8;1;"44;2845520000";"4;3691630000"
202200026444;8;11;2022;20:45;5;84;2;6;1;7;"43;9290600000";"4;8042800000"
202200026445;22;7;2022;22:30;5;75;2;2;8;6;"48;8873410000";"2;3141430000"
202200026446;22;4;2022;08:40;1;10;2;3;1;1;"48;5851890000";"4;1085229000"
202200026447;21;7;2022;13:15;1;75;2;2;1;7;"48;8977320000";"2;3290210000"
202200026448;14;12;2022;12:45;1;83;2;2;8;3;"43;1228300000";"5;9553500000"
202200026449;20;4;2022;09:45;1;26;2;3;1;6;"45;0704770000";"4;8363550000"
202200026450;22;7;2022;05:45;2;75;2;7;1;3;"48;8769990000";"2;2830560000"
202200026451;14;12;2022;22:15;5;81;2;2;1;6;"43;9430200000";"2;1499600000"
202200026452;22;4;2022;17:40;1;95;2;1;1;6;"48;9420100000";"2;2530100000"
202200026453;22;7;2022;14:10;1;75;2;1;1;2;"48;8616120000";"2;2915830000"
202200026454;20;7;2022;18:45;1;75;2;1;1;3;"48;8485780000";"2;2748950000"
202200026455;14;12;2022;10:30;1;76;1;1;4;1;"49;3208340000";"0;9910160000"
202200026456;20;4;2022;05:25;5;33;2;6;2;6;"44;6922910000";" -0;8552240000"
202200026457;22;7;2022;11:00;1;75;2;2;1;6;"48;8455170000";"2;3191400000"
202200026458;14;12;2022;07:15;5;76;2;1;4;6;"49;4136540000";"1;0737310000"
202200026459;13;12;2022;18:15;5;71;2;1;1;6;"46;7886100000";"4;8650100000"
202200026460;21;7;2022;14:25;1;75;2;2;1;6;"48;8473440000";"2;2977490000"
202200026461;14;12;2022;18:00;5;69;2;1;2;6;"45;7125900000";"4;9560300000"
202200026462;21;7;2022;14:58;1;75;2;3;1;3;"48;8291250000";"2;3064160000"
202200026463;14;12;2022;07:00;5;69;2;3;8;3;"45;6724900000";"4;8483200000"
202200026464;22;7;2022;17:15;1;75;2;2;1;3;"48;8284710000";"2;3729470000"
202200026465;20;4;2022;16:37;1;06;2;1;1;4;"43;7262510000";"7;2317290000"
202200026466;14;12;2022;11:18;1;69;2;1;8;6;"45;6093000000";"4;7922600000"
202200026467;22;7;2022;10:25;1;75;2;1;1;3;"48;8214150000";"2;3587710000"
202200026468;20;4;2022;22:15;3;34;1;1;2;6;"43;6274870000";"3;9643910000"
202200026469;13;12;2022;20:10;5;67;2;1;1;2;"48;5650700000";"7;7701500000"
202200026470;21;4;2022;14:15;1;974;2;1;1;1;" -21;1411790000";"55;6093280000"
202200026471;22;7;2022;12:50;1;75;2;3;2;3;"48;8684070000";"2;3795460000"
202200026472;12;12;2022;14:12;1;66;2;1;1;1;"42;7164085944";"2;9019194841"
202200026473;21;4;2022;08:50;1;64;1;1;2;7;"43;2851720000";" -0;4541840000"
202200026474;22;7;2022;10:00;1;75;2;2;1;3;"48;8337250000";"2;3824990000"
202200026475;22;5;2022;18:33;1;59;2;1;8;7;"50;2625550000";"3;4694270000"
202200026476;14;12;2022;23:30;5;64;2;3;1;2;"43;3237400000";" -0;3743800000"
202200026477;22;7;2022;00:42;5;75;2;4;1;3;"48;8754420000";"2;2962470000"
202200026478;23;5;2022;15:20;1;59;1;1;2;1;"50;4670908183";"3;0427891016"
202200026479;22;7;2022;02:50;5;75;2;1;1;2;"48;8618740000";"2;3215580000"
202200026480;22;5;2022;01:15;3;13;1;1;1;3;"43;4417600000";"5;3960300000"
202200026481;14;12;2022;22:40;5;64;2;2;1;5;"43;2989300000";" -0;3742300000"
202200026482;20;7;2022;23:37;5;75;2;3;1;2;"48;8589650000";"2;2933850000"
202200026483;22;7;2022;16:45;1;75;2;3;1;6;"48;8651840000";"2;3602330000"
202200026484;22;5;2022;00:50;3;13;1;1;1;2;"43;4058300000";"5;2933800000"
202200026485;14;12;2022;14:10;1;64;2;1;1;3;"43;3136600000";" -0;3313900000"
202200026486;22;7;2022;15:45;1;75;2;2;1;3;"48;8645700000";"2;3326970000"
202200026487;7;12;2022;12:20;1;63;2;2;1;3;"45;7558400000";"3;0845000000"
202200026488;20;5;2022;20:45;2;13;1;1;1;2;"43;2878100000";"5;5020900000"
202200026489;21;7;2022;17:45;1;75;2;3;1;3;"48;8678930000";"2;3534640000"
202200026490;14;12;2022;08:05;2;59;2;1;1;6;"50;7797240000";"3;1095890000"
202200026491;14;12;2022;22:45;5;54;2;1;1;7;"49;2291000000";"6;0185900000"
202200026492;22;7;2022;07:10;1;94;1;1;1;3;"48;8504550000";"2;5024360000"
202200026493;12;12;2022;22:00;5;50;2;1;1;6;"49;6354000000";" -1;6197600000"
202200026494;20;5;2022;00:30;3;13;1;1;1;4;"43;2852029574";"5;5707725894"
202200026495;22;7;2022;18:50;1;94;2;1;2;7;"48;7663400000";"2;3602700000"
202200026496;7;5;2022;22:30;3;13;1;1;1;7;"43;5112172002";"5;4197866917"
202200026497;11;12;2022;17:00;1;47;2;2;1;5;"44;4157000000";"0;7295000000"
202200026498;21;7;2022;21:30;5;94;2;1;1;3;"48;7589720000";"2;3950220000"
202200026499;14;12;2022;07:58;2;47;1;1;2;4;"44;1773600000";"0;6165500000"
202200026500;21;7;2022;12:15;1;94;2;1;1;3;"48;7609400000";"2;3187500000"
202200026501;21;5;2022;00:40;3;69;1;1;1;5;"45;6075700000";"4;8026600000"
202200026502;22;7;2022;08:00;1;94;2;1;1;7;"48;7310800000";"2;4225800000"
202200026503;14;12;2022;05:17;5;47;2;2;8;3;"44;1954000000";"0;6169800000"
202200026504;21;5;2022;16:55;1;42;1;9;1;4;"45;5220777777";"4;5948272198"
202200026505;22;7;2022;02:10;5;94;2;3;1;2;"48;8252304927";"2;5016453862"
202200026506;14;12;2022;14:00;1;44;2;1;8;6;"47;2614800000";" -2;2619200000"
202200026507;21;5;2022;17:35;1;93;1;1;9;2;"48;9260987893";"2;4224459051"
202200026508;22;7;2022;13:40;1;93;2;1;1;2;"48;9495420000";"2;5206970000"
202200026509;13;12;2022;14:30;1;43;2;1;1;7;"45;0413900000";"3;9091900000"
202200026510;22;5;2022;07:20;1;95;1;1;1;2;"48;9733670000";"2;4855140000"
202200026511;21;7;2022;22:30;5;93;2;3;1;2;"48;9461900000";"2;5154200000"
202200026512;14;12;2022;19:20;5;33;2;2;1;6;"44;8334300000";" -0;5948400000"
202200026513;21;7;2022;21:17;5;93;2;1;1;6;"48;9283563364";"2;3412154913"
202200026514;14;12;2022;11:10;1;33;2;1;8;3;"44;8255655457";" -0;5985778570"
202200026515;21;5;2022;15:02;1;95;1;1;1;4;"48;9597876251";"2;2717130184"
202200026516;22;7;2022;09:10;1;93;2;3;1;6;"48;8384400000";"2;5471700000"
202200026517;22;5;2022;04:20;3;77;1;1;1;7;"48;8603150000";"2;6666070000"
202200026518;13;12;2022;19:10;3;29;1;2;2;6;"47;8742440000";" -3;8983450000"
202200026519;22;7;2022;07:50;1;93;2;3;1;3;"48;9513180000";"2;5137820000"
202200026520;14;12;2022;12:55;1;27;2;1;9;6;"49;0024400000";"1;1577940000"
202200026521;22;7;2022;09:35;1;92;2;1;1;7;"48;9267311931";"2;3318733573"
202200026522;22;5;2022;01:30;3;94;1;1;1;6;"48;7974800000";"2;4438800000"
202200026523;14;12;2022;07:25;1;13;2;1;2;2;"43;3316500000";"5;4340300000"
202200026524;13;12;2022;18:12;5;10;2;1;1;6;"48;2912000000";"4;0933000000"
202200026525;22;7;2022;18:50;1;92;1;1;8;2;"48;8974500000";"2;2665200000"
202200026526;21;5;2022;22:00;3;94;1;1;1;4;"48;8179097928";"2;4115495449"
202200026527;13;12;2022;13:43;1;10;2;1;1;6;"48;2912000000";"4;0933000000"
202200026528;21;5;2022;16:00;1;94;1;1;1;2;"48;8172046066";"2;4285178250"
202200026529;22;7;2022;18:35;1;92;2;9;1;3;"48;9179610802";"2;2526926696"
202200026530;13;12;2022;12:20;1;10;2;1;7;6;"48;3087200000";"4;0363700000"
202200026531;6;5;2022;14:40;1;93;1;1;1;6;"48;8354000000";"2;5678000000"
202200026532;14;12;2022;17:25;5;04;2;1;1;6;"44;0907100000";"6;2329000000"
202200026533;22;7;2022;08:45;1;39;2;1;1;6;"46;7394080000";"5;9163580000"
202200026534;14;12;2022;00:30;5;75;2;1;1;2;"48;9008810000";"2;3358050000"
202200026535;17;4;2022;17:35;1;44;1;1;7;2;"47;1117460000";" -2;0133470000"
202200026536;13;12;2022;16:09;2;75;2;2;1;5;"48;8650370000";"2;2343300000"
202200026537;22;7;2022;19:45;1;47;1;4;1;3;"44;6488340000";"0;8236260000"
202200026538;19;4;2022;20:16;2;01;1;4;1;3;"45;8210990000";"5;6399880000"
202200026539;14;12;2022;12:10;1;75;2;3;4;6;"48;8678750000";"2;4103000000"
202200026540;20;4;2022;15:00;1;26;1;1;1;1;"44;4507240000";"5;3707480000"
202200026541;14;12;2022;17:40;5;75;2;7;1;2;"48;8853940000";"2;2972570000"
202200026542;17;7;2022;12:24;1;01;1;4;1;3;"45;9609730000";"5;1496750000"
202200026543;20;4;2022;13:10;1;06;2;1;2;6;"43;6389910000";"6;9499070000"
202200026544;14;12;2022;02:00;5;75;2;3;1;6;"48;8809290000";"2;2812940000"
202200026545;17;4;2022;21:00;1;54;2;1;1;6;"48;7408210000";"6;3430670000"
202200026546;13;12;2022;11:05;1;75;2;2;1;3;"48;8325920000";"2;3250090000"
202200026547;17;4;2022;19:40;1;91;2;1;1;3;"48;6055890000";"2;4966070000"
202200026548;13;12;2022;10:55;1;75;2;1;1;6;"48;8378290000";"2;3281200000"
202200026549;18;4;2022;12:00;1;39;2;1;1;6;"47;0394030000";"5;4072570000"
202200026550;14;12;2022;00:20;5;75;2;2;1;3;"48;8793140000";"2;3571030000"
202200026551;14;12;2022;02:00;5;75;2;7;1;3;"48;8735250000";"2;2958540000"
202200026552;18;4;2022;19:30;1;88;1;1;1;6;"48;3391000000";"6;4237190000"
202200026553;23;7;2022;00:25;3;66;1;1;1;4;"42;8350960000";"2;9097660000"
202200026554;18;4;2022;15:25;1;67;1;2;1;1;"48;9709350000";"8;1721760000"
202200026555;13;12;2022;19:30;5;75;2;1;1;2;"48;8628780000";"2;3169010000"
202200026556;21;5;2022;20:00;5;974;2;1;1;3;" -21;2890100000";"55;4723400000"
202200026557;14;12;2022;07:40;5;94;2;1;4;1;"48;8510600000";"2;5105200000"
202200026558;23;7;2022;17:15;1;45;1;2;1;1;"47;9427316589";"2;5541579918"
202200026559;21;5;2022;16:00;1;974;1;1;1;1;" -20;8850500000";"55;4262900000"
202200026560;14;12;2022;15:30;1;94;2;2;1;3;"48;8104600000";"2;4527200000"
202200026561;22;7;2022;16:00;1;988;1;1;1;1;" -20;7702300000";"164;4545800000"
202200026562;14;12;2022;18:15;2;94;2;2;1;1;"48;8167600000";"2;3953200000"
202200026563;21;5;2022;18:30;1;69;2;6;1;6;"45;7009000000";"4;8559700000"
202200026564;14;12;2022;17:40;5;94;2;1;1;6;"48;8077400000";"2;3889800000"
202200026565;22;7;2022;17:50;1;88;2;1;1;1;"48;1772720000";"7;0092990000"
202200026566;21;5;2022;04:40;5;972;2;4;1;6;"14;6197500000";" -60;9631500000"
202200026567;14;12;2022;21:30;5;94;1;1;1;-1;"48;7539800000";"2;3556600000"
202200026568;23;7;2022;11:00;1;35;2;6;7;6;"47;9357192461";" -1;2321303785"
202200026569;13;12;2022;22:15;5;94;2;1;8;2;"48;7778100000";"2;4604500000"
202200026570;20;5;2022;04:00;5;69;1;1;1;3;"45;7346200000";"4;8190600000"
202200026571;14;12;2022;19:30;5;94;2;1;1;6;"48;7216900000";"2;5336500000"
202200026572;23;7;2022;10:40;1;54;2;3;1;1;"49;1314171770";"5;9156012516"
202200026573;13;12;2022;22:30;3;94;2;9;1;1;"48;7621000000";"2;4766600000"
202200026574;21;5;2022;06:41;1;971;2;6;1;3;"16;2500300000";" -61;5292500000"
202200026575;13;12;2022;13:00;1;93;2;3;1;2;"48;9444800000";"2;3533700000"
202200026576;20;5;2022;08:55;1;971;2;3;1;3;"16;0076300000";" -61;7398900000"
202200026577;13;12;2022;18:15;5;93;2;1;1;3;"48;8448200000";"2;5491100000"
202200026578;22;7;2022;18:30;1;83;1;1;1;2;"43;2442260000";"6;0954920000"
202200026579;13;12;2022;23:05;5;93;2;1;1;6;"48;8601763104";"2;4797673460"
202200026580;21;5;2022;16:30;1;95;2;2;1;3;"49;0015700000";"2;3847100000"
202200026581;14;12;2022;19:40;5;93;2;2;1;1;"48;9524500000";"2;4905700000"
202200026582;20;5;2022;12:10;1;95;1;1;1;2;"48;9812800000";"2;4677500000"
202200026583;23;7;2022;09:15;1;83;2;1;1;1;"43;1351990000";"6;3512990000"
202200026584;14;12;2022;19:40;5;92;2;3;1;6;"48;8682060000";"2;2199960000"
202200026585;19;5;2022;19:35;1;91;2;1;1;6;"48;7077900000";"2;4162100000"
202200026586;14;12;2022;14:40;1;92;2;1;8;2;"48;8228210000";"2;2534450000"
202200026587;21;5;2022;21:00;1;91;2;1;1;1;"48;7036880000";"2;3610920000"
202200026588;14;12;2022;17:00;3;54;1;1;4;6;"48;4487742160";"6;1447262765"
202200026589;23;7;2022;08:35;1;57;1;1;1;2;"49;1387090000";"6;8050220000"
202200026590;14;12;2022;14:20;1;54;1;1;4;1;"48;5393600000";"6;2531600000"
202200026591;21;5;2022;14:00;1;79;2;1;1;4;"46;3310300000";" -0;4392200000"
202200026592;13;12;2022;18:05;3;10;1;1;1;3;"48;3460100000";"4;1023420000"
202200026593;22;7;2022;16:00;1;35;1;2;1;1;"48;2087070244";" -1;6984981298"
202200026594;22;5;2022;01:05;5;78;2;1;1;2;"48;8985570000";"2;0756690000"
202200026595;14;12;2022;01:00;3;57;1;9;1;2;"49;1930350000";"6;0918760000"
202200026596;20;7;2022;00:45;3;19;1;1;1;7;"45;3111900689";"2;2932350636"
202200026597;14;12;2022;17:55;5;83;2;1;1;6;"43;1802080000";"6;5363770000"
202200026598;21;5;2022;17:20;1;77;2;1;1;6;"48;9140900000";"2;6314800000"
202200026599;14;12;2022;11:10;1;25;1;9;3;6;"47;4614060000";"6;7633080000"
202200026600;22;7;2022;17:20;1;56;1;1;1;1;"48;0235080000";" -3;5890100000"
202200026601;21;5;2022;20:00;1;77;2;1;1;3;"48;4094300000";"2;6896800000"
202200026602;14;12;2022;16:10;2;01;1;1;8;1;"46;3504230000";"6;1068000000"
202200026603;9;7;2022;15:12;1;56;1;1;1;6;"47;9225777000";" -2;6964961000"
202200026604;14;12;2022;16:45;1;26;1;1;8;6;"45;2329690000";"4;8060570000"
202200026605;21;5;2022;20:00;1;74;2;1;1;3;"46;1976000000";"6;2342000000"
202200026606;14;12;2022;08:50;1;59;1;1;1;6;"50;8878790000";"2;5764210000"
202200026607;21;5;2022;19:15;1;72;2;1;1;2;"47;9825500000";"0;2293900000"
202200026608;11;12;2022;01:57;3;33;1;3;1;6;"45;2359270000";" -0;8852740000"
202200026609;22;7;2022;08:56;1;56;1;4;1;1;"47;8339190000";" -3;4176650000"
202200026610;20;5;2022;12:00;1;69;2;8;7;1;"45;7570300000";"4;8997700000"
202200026611;13;12;2022;12:35;1;63;1;3;5;1;"45;7010540000";"3;3097600000"
202200026612;22;7;2022;17:17;1;56;1;1;1;7;"47;5753490000";" -2;5241450000"
202200026613;20;5;2022;18:55;1;69;2;1;1;6;"45;7734900000";"4;8667200000"
202200026614;5;12;2022;12:40;1;42;1;1;1;5;"45;6411680000";"4;2188360000"
202200026615;15;12;2022;02:00;3;46;1;1;8;6;"44;5337630000";"1;1353040000"
202200026616;21;5;2022;08:55;1;60;2;3;1;3;"49;4427000000";"2;0916700000"
202200026617;15;12;2022;13:25;1;68;1;4;1;3;"47;5890890000";"7;5473930000"
202200026618;21;5;2022;09:15;1;59;2;1;1;6;"50;6690200000";"2;9724300000"
202200026619;23;7;2022;07:30;1;76;1;2;1;3;"49;4935600000";"1;2285380000"
202200026620;15;12;2022;07:40;2;39;2;1;5;6;"46;6593570000";"5;4989960000"
202200026621;21;5;2022;18:20;1;54;2;3;1;3;"48;6891668939";"6;1836872399"
202200026622;23;7;2022;10:50;1;76;2;1;1;6;"49;5986970000";"1;1106950000"
202200026623;15;12;2022;18:40;3;25;1;1;1;1;"47;2376510000";"6;1081620000"
202200026624;21;5;2022;16:25;1;54;1;1;1;1;"48;6242900000";"6;1951200000"
202200026625;21;7;2022;17:47;1;69;1;1;1;1;"46;1437770000";"4;6118730000"
202200026626;14;12;2022;07:45;3;44;1;1;2;2;"47;3715920000";" -2;3526410000"
202200026627;21;5;2022;20:46;1;51;2;1;1;3;"49;2383870000";"4;0316950000"
202200026628;21;11;2022;19:00;3;29;1;1;3;6;"47;9162990000";" -4;1876150000"
202200026629;22;7;2022;15:20;1;11;2;3;1;3;"42;9432730000";"2;2502180000"
202200026630;21;5;2022;15:30;1;51;2;2;1;3;"49;2238396245";"3;9853951335"
202200026631;15;12;2022;08:00;1;58;1;1;2;1;"47;4062210000";"3;5001330000"
202200026632;23;7;2022;12:30;1;61;1;1;1;7;"48;2849060000";"0;5759450000"
202200026633;19;5;2022;16:30;1;50;2;1;1;6;"49;0656400000";" -1;4321300000"
202200026634;15;12;2022;10:15;1;58;1;1;1;7;"46;8089420000";"3;8606700000"
202200026635;22;7;2022;21:18;1;49;1;1;1;6;"47;2721860000";" -1;0373980000"
202200026636;21;5;2022;15:10;1;49;2;1;1;3;"47;4516300000";" -0;5053800000"
202200026637;13;12;2022;10:30;1;73;1;1;4;5;"45;5710490000";"6;2608550000"
202200026638;20;5;2022;18:00;1;45;2;1;1;6;"47;9022700000";"1;8972000000"
202200026639;20;7;2022;01:05;3;34;2;1;1;3;"43;6519060000";"3;1494280000"
202200026640;26;11;2022;16:00;1;07;2;3;1;3;"44;7379700000";"4;7416520000"
202200026641;21;5;2022;01:28;5;38;2;1;1;6;"45;2092400000";"5;6951500000"
202200026642;15;12;2022;08:00;2;85;2;2;2;3;"46;6482820000";" -0;7329690000"
202200026643;21;5;2022;13:50;1;37;2;1;1;2;"47;3870105931";"0;6765718013"
202200026644;22;7;2022;20:15;1;22;1;2;1;3;"48;1392940000";" -2;5651770000"
202200026645;15;12;2022;08:15;2;85;1;1;1;1;"46;7623940000";" -1;1037477000"
202200026646;21;5;2022;01:40;5;37;2;1;1;3;"47;3975700000";"0;6994400000"
202200026647;22;7;2022;14:07;1;44;1;1;1;7;"47;4251000000";" -2;1282040000"
202200026648;14;12;2022;14:40;1;87;1;9;8;3;"45;6307800000";"1;2292180000"
202200026649;21;5;2022;22:30;5;35;2;3;1;3;"48;1035909709";" -1;6625508294"
202200026650;14;12;2022;17:55;3;30;1;1;8;6;"43;7885070000";"4;2640690000"
202200026651;22;7;2022;15:40;1;38;1;1;1;6;"45;2531690000";"5;9182410000"
202200026652;21;5;2022;19:00;1;35;2;1;1;3;"48;0980400000";" -1;6882500000"
202200026653;20;5;2022;18:54;1;35;1;3;1;6;"48;0940100000";" -1;7341700000"
202200026654;22;7;2022;13:35;1;70;1;1;7;1;"47;4870804227";"6;2612494826"
202200026655;14;12;2022;13:23;1;42;2;9;8;1;"45;8908740000";"4;3060480000"
202200026656;21;5;2022;18:30;1;33;2;1;1;2;"44;8112300000";" -0;5677100000"
202200026657;23;7;2022;10:30;1;26;1;1;1;3;"44;7626570000";"5;3030490000"
202200026658;15;12;2022;09:00;1;90;1;9;8;2;"47;6981810000";"7;0240620000"
202200026659;15;12;2022;00:45;3;21;1;1;1;1;"47;0768420000";"5;3315820000"
202200026660;19;7;2022;18:00;1;06;2;1;1;6;"43;7289490000";"7;3705390000"
202200026661;21;5;2022;14:30;1;31;1;1;1;4;"43;6239500000";"1;3883400000"
202200026662;3;7;2022;21:06;1;06;2;1;1;7;"43;7273280000";"7;4131640000"
202200026663;14;12;2022;15:25;3;28;1;1;2;6;"48;2458110000";"1;8514750000"
202200026664;21;5;2022;16:15;1;29;2;1;1;6;"47;9978400000";" -4;0962310000"
202200026665;14;12;2022;14:00;1;975;2;1;1;6;"46;7796820000";" -56;1721460000"
202200026666;23;7;2022;18:00;1;50;1;1;1;1;"49;2539620000";" -1;5074770000"
202200026667;21;5;2022;06:30;1;29;1;6;1;6;"48;0299890000";" -4;0884130000"
202200026668;15;12;2022;22:15;3;988;1;1;1;6;" -21;4649610000";"165;3190950000"
202200026669;21;5;2022;02:15;4;22;2;1;1;6;"48;5059572245";" -2;7612486184"
202200026670;15;12;2022;12:45;1;971;1;1;1;7;"15;8623710000";" -61;5913830000"
202200026671;23;7;2022;11:30;1;60;2;3;1;2;"49;3025730000";"2;6057150000"
202200026672;13;12;2022;13:50;1;77;1;2;1;3;"48;7453440000";"2;8406520000"
202200026673;21;5;2022;23:05;5;17;2;9;1;3;"46;1403000000";" -1;1650000000"
202200026674;23;7;2022;03:00;3;60;1;1;2;6;"49;4132003908";"2;9839854239"
202200026675;21;5;2022;04:30;5;13;2;1;1;6;"43;2588742071";"5;3847032715"
202200026676;14;12;2022;16:20;1;2B;1;1;9;6;"42;5717260000";"9;4408340000"
202200026677;23;7;2022;07:30;2;64;2;1;1;6;"43;4559040000";" -1;5357650000"
202200026678;21;5;2022;07:00;1;13;2;2;1;3;"43;2881800000";"5;3952000000"
202200026679;14;12;2022;22:10;5;2A;2;4;1;3;"41;5803635469";"9;2754582166"
202200026680;21;5;2022;09:25;1;13;1;4;1;1;"43;5852800000";"4;9456900000"
202200026681;23;7;2022;12:00;1;16;1;3;1;3;"45;7648880000";"0;1621990000"
202200026682;15;12;2022;14:15;1;66;2;3;1;3;"42;6263060000";"2;8104831000"
202200026683;21;5;2022;11:10;1;13;2;6;1;3;"43;2971600000";"5;5688100000"
202200026684;23;7;2022;03:00;3;07;1;1;1;6;"44;4155130000";"4;2796900000"
202200026685;14;12;2022;16:20;1;26;1;1;2;2;"44;9476620000";"4;8907290000"
202200026686;15;12;2022;16:55;1;81;1;1;1;6;"43;6990230000";"1;8545440000"
202200026687;21;7;2022;14:40;1;21;2;3;1;3;"47;1363300000";"4;4849540000"
202200026688;20;5;2022;17:05;1;06;2;1;1;6;"43;7632780000";"7;4544170000"
202200026689;14;12;2022;07:45;5;33;2;1;1;3;"45;3065010000";" -0;8575720000"
202200026690;20;5;2022;17:00;1;06;2;1;1;3;"43;5523400000";"7;0290500000"
202200026691;16;7;2022;20:15;1;40;2;3;7;1;"43;7869700000";" -1;4047370000"
202200026692;12;12;2022;07:25;3;49;2;3;5;6;"47;4595200000";" -0;7094170000"
202200026693;21;5;2022;16:47;1;75;2;1;1;4;"48;8331910000";"2;4069460000"
202200026694;12;11;2022;17:55;2;29;1;1;1;7;"48;2688170000";" -4;4247590000"
202200026695;22;7;2022;19:30;1;85;1;1;1;7;"46;8859700000";" -1;9828300000"
202200026696;20;5;2022;18:45;1;75;2;4;1;3;"48;8564575738";"2;4138714373"
202200026697;14;12;2022;18:00;5;29;2;3;1;6;"48;0895540000";" -4;3299540000"
202200026698;23;7;2022;09:45;1;27;1;1;1;1;"49;3974010000";"0;3069950000"
202200026699;14;12;2022;16:10;2;59;1;1;1;1;"50;2237030000";"3;6425200000"
202200026700;20;5;2022;14:20;1;75;2;1;1;4;"48;8202582268";"2;3244251311"
202200026701;15;12;2022;08:25;2;59;1;3;1;3;"50;6935220000";"2;9820830000"
202200026702;21;5;2022;16:30;1;75;2;2;1;3;"48;8337200000";"2;3824485000"
202200026703;23;7;2022;07:40;1;17;2;6;7;2;"45;9758130000";" -1;3526110000"
202200026704;9;12;2022;20:03;3;54;1;1;1;6;"48;6259500000";"6;1837900000"
202200026705;2;4;2022;01:10;3;17;1;1;1;7;"46;0751060000";" -0;7841710000"
202200026706;21;5;2022;22:20;5;75;2;7;1;6;"48;8780270346";"2;3706771433"
202200026707;21;5;2022;12:30;1;75;2;1;1;6;"48;8764164832";"2;3785521090"
202200026708;14;12;2022;10:20;1;33;1;1;2;2;"44;7940000000";" -0;5396000000"
202200026709;20;7;2022;15:50;1;30;2;1;1;1;"43;7914850000";"4;2273060000"
202200026710;11;12;2022;01:35;3;59;1;1;1;6;"50;4163700000";"3;4126300000"
202200026711;14;12;2022;06:44;3;92;1;1;4;7;"48;9299019086";"2;3021194538"
202200026712;13;12;2022;13:10;1;92;1;1;1;2;"48;8018365085";"2;2151025398"
202200026713;20;7;2022;12:15;1;88;2;2;1;3;"48;3213250000";"6;8469820000"
202200026714;13;12;2022;08:54;1;92;1;1;9;4;"48;9333403270";"2;3021533533"
202200026715;22;7;2022;17:00;1;24;1;1;1;1;"44;8147240000";"0;4412980000"