Accident_Id;jour;mois;an;hrmn;lum;dep;agg;int;atm;col;lat;long
202200026716;13;12;2022;14:30;1;93;1;1;1;3;"48;9467409550";"2;4424188267"
202200026717;22;7;2022;14:20;1;13;1;1;7;6;"43;6597530000";"5;3995230000"
202200026718;13;12;2022;06:30;3;95;1;1;1;2;"49;0688100000";"2;5522600000"
202200026719;23;7;2022;02:15;5;74;2;1;1;7;"45;8852510000";"6;1093640000"
202200026720;13;12;2022;07:00;3;95;1;1;1;2;"49;0289927251";"2;1266824015"
202200026721;13;12;2022;06:30;3;95;1;1;1;3;"49;0831902377";"2;5511554622"
202200026722;23;7;2022;05:30;1;67;1;1;1;3;"48;3861970000";"7;4777410000"
202200026723;13;12;2022;23:20;3;77;1;1;1;2;"48;8323747506";"2;7821201275"
202200026724;23;7;2022;08:40;1;69;2;1;1;6;"45;6723050000";"4;7538610000"
202200026725;13;6;2022;17:25;1;91;2;3;1;2;"48;5860500000";"2;4728500000"
202200026726;23;7;2022;08:15;2;988;2;1;3;7;" -21;5223520000";"165;9691720000"
202200026727;13;6;2022;16:20;1;91;2;3;1;6;"48;6034200000";"2;4684900000"
202200026728;9;6;2022;16:40;1;91;2;3;1;3;"48;6078700000";"2;4742900000"
202200026729;23;7;2022;17:50;2;974;2;2;1;3;" -20;9326680000";"55;3350130000"
202200026730;9;6;2022;07:40;1;91;2;1;1;6;"48;5948800000";"2;4784700000"
202200026731;8;6;2022;09:45;1;91;1;1;3;1;"48;6412800000";"2;4201000000"
202200026732;4;6;2022;09:30;1;91;2;3;1;3;"48;5868400000";"2;4770600000"
202200026733;21;7;2022;04:00;3;971;1;1;1;1;"16;3340390000";" -61;3837960000"
202200026734;12;12;2022;17:30;1;974;1;1;1;6;" -21;3247800000";"55;4888700000"
202200026735;13;12;2022;23:30;5;974;2;1;2;1;" -20;8887600000";"55;5001300000"
202200026736;22;7;2022;22:15;2;77;1;2;1;3;"48;7925390000";"2;9348730000"
202200026737;13;12;2022;15:50;1;974;2;1;1;6;" -20;9055600000";"55;4749900000"
202200026738;12;12;2022;19:15;5;974;2;1;1;6;" -20;9461300000";"55;2920400000"
202200026739;12;12;2022;13:20;1;974;1;1;1;2;" -20;9405700000";"55;3053700000"
202200026740;23;7;2022;03:00;2;78;1;1;1;6;"48;5747050000";"1;8326140000"
202200026741;13;12;2022;19:35;5;69;2;2;1;3;"45;7516800000";"4;8950000000"
202200026742;13;12;2022;07:00;5;69;2;1;4;6;"45;7375375411";"4;8708093168"
202200026743;13;12;2022;17:40;3;972;1;1;1;1;"14;6434100000";" -60;9910300000"
202200026744;13;12;2022;08:10;2;69;2;1;4;6;"45;7521500000";"4;7829600000"
202200026745;13;12;2022;06:00;3;69;2;1;4;1;"45;7044900000";"4;8291300000"
202200026746;24;11;2022;16:30;1;69;2;1;1;6;"45;7612600000";"4;8251400000"
202200026747;13;12;2022;07:25;1;971;2;1;1;3;"15;9993100000";" -61;7215800000"
202200026748;23;7;2022;13:40;1;78;1;1;1;1;"49;0476830000";"1;5224850000"
202200026749;13;12;2022;21:20;5;2A;2;2;1;6;"41;9350000000";"8;7510000000"
202200026750;21;7;2022;18:50;1;34;2;1;7;6;"43;2361950000";"3;2649730000"
202200026751;13;12;2022;22:00;5;91;2;3;1;2;"48;6875800000";"2;3720500000"
202200026752;13;12;2022;13:00;1;91;1;1;1;2;"48;7429200000";"2;3638500000"
202200026753;2;12;2022;18:16;5;86;2;1;8;6;"46;8191190000";"0;5220280000"
202200026754;12;12;2022;09:25;1;84;2;9;1;6;"43;8488600000";"5;0383200000"
202200026755;22;7;2022;20:15;1;05;1;1;1;6;"44;3480280000";"5;9109560000"
202200026756;13;12;2022;11:45;1;83;2;1;2;6;"43;1347300000";"5;9015700000"
202200026757;13;12;2022;09:15;1;79;2;1;1;7;"46;3108000000";" -0;4458400000"
202200026758;23;7;2022;19:50;2;13;2;1;1;7;"43;3373680000";"5;5996640000"
202200026759;28;11;2022;18:55;5;79;2;9;2;2;"46;3336000000";" -0;4330000000"
202200026760;13;12;2022;18:00;3;78;2;1;1;2;"48;9929030000";"1;8983030000"
202200026761;21;7;2022;08:35;1;13;2;6;1;7;"43;6460520000";"5;5732660000"
202200026762;10;12;2022;22:41;5;76;1;1;1;6;"49;5034309847";"0;1941972971"
202200026763;12;12;2022;18:30;5;72;1;1;1;4;"47;9913500000";"0;1750800000"
202200026764;12;12;2022;16:40;5;67;2;1;1;6;"48;6043200000";"7;7177000000"
202200026765;22;7;2022;18:50;1;57;1;6;2;3;"49;1873290000";"6;7096770000"
202200026766;13;12;2022;13:40;1;64;1;1;1;2;"43;3343000000";" -1;6777900000"
202200026767;13;12;2022;16:20;1;64;2;1;1;6;"43;2902570000";" -0;3563980000"
202200026768;12;12;2022;11:00;1;62;2;1;1;6;"50;4765100000";"2;6652900000"
202200026769;13;12;2022;17:15;5;60;2;1;1;6;"49;4214600000";"2;0799970000"
202200026770;13;12;2022;09:50;1;59;2;1;1;1;"50;7241900000";"3;1726800000"
202200026771;20;7;2022;19:50;2;81;2;2;1;3;"43;9361290000";"1;9539790000"
202200026772;12;12;2022;18:25;5;55;2;1;1;6;"48;7740000000";"5;1590000000"
202200026773;13;12;2022;07:35;2;54;2;1;1;6;"48;7030648359";"6;1464536190"
202200026774;12;12;2022;14:05;1;54;1;1;1;2;"48;6458600000";"6;2847200000"
202200026775;22;7;2022;20:45;1;85;1;1;1;7;"46;7972390000";" -1;4292740000"
202200026776;22;7;2022;22:08;2;76;2;1;1;6;"49;6094020000";"1;5343600000"
202200026777;13;12;2022;17:58;5;51;2;1;1;3;"49;2167700000";"4;0286100000"
202200026778;13;12;2022;17:50;5;51;2;1;1;7;"49;2648600000";"4;0266100000"
202200026779;13;12;2022;07:30;5;51;2;1;1;3;"49;2365100000";"4;0713400000"
202200026780;23;7;2022;16:34;1;60;1;1;1;7;"49;0931090000";"2;8269840000"
202200026781;12;12;2022;17:55;5;50;2;1;1;2;"49;6296280000";" -1;6179830000"
202200026782;13;12;2022;12:30;1;45;2;1;1;6;"47;9066310000";"1;9061110000"
202200026783;23;7;2022;13:45;1;60;2;1;1;7;"49;3887120000";"2;4328980000"
202200026784;13;12;2022;08:20;1;43;1;1;4;6;"45;0180700000";"3;8973000000"
202200026785;23;7;2022;04:00;3;60;2;1;1;6;"49;3824920000";"2;4372750000"
202200026786;8;12;2022;16:50;5;42;2;1;1;6;"45;4100400000";"4;3841300000"
202200026787;12;12;2022;15:30;1;42;2;1;8;6;"45;4584900000";"4;3860600000"
202200026788;22;7;2022;14:00;1;62;2;1;1;6;"50;8837980000";"1;6609100000"
202200026789;13;12;2022;07:05;5;35;2;1;9;7;"48;1048174450";" -1;6503296793"
202200026790;12;12;2022;18:05;5;35;2;2;1;3;"48;1135500000";" -1;6751000000"
202200026791;16;6;2022;12:30;1;59;1;1;7;3;"50;2529470000";"3;3039560000"
202200026792;12;12;2022;07:00;5;34;2;1;1;6;"43;6446300000";"3;8420800000"
202200026793;12;12;2022;18:45;5;34;2;2;2;3;"43;5992500000";"3;8797700000"
202200026794;12;12;2022;18:30;5;34;2;1;2;6;"43;3127584571";"3;4738234431"
202200026795;23;7;2022;03:45;5;59;1;1;1;6;"50;5801550634";"2;8777903318"
202200026796;14;12;2022;01:05;5;33;2;1;2;7;"44;8500718625";" -0;5855879188"
202200026797;13;12;2022;14:10;1;33;2;3;1;3;"44;6355980000";" -1;1335000000"
202200026798;13;12;2022;17:15;5;31;2;1;1;3;"43;5907300000";"1;4177000000"
202200026799;21;7;2022;09:15;1;13;1;1;1;2;"43;2980000000";"5;3640000000"
202200026800;22;7;2022;10:30;1;69;1;1;1;5;"45;8511575219";"4;9103415012"
202200026801;22;7;2022;19:15;1;91;1;1;2;7;"48;7394400000";"2;2256200000"
202200026802;22;7;2022;22:18;3;91;1;1;1;3;"48;7409300000";"2;3212240000"
202200026803;21;7;2022;18:40;1;92;1;1;1;4;"48;8374721916";"2;1885659846"
202200026804;21;7;2022;17:30;1;93;1;1;1;5;"48;9132562331";"2;4767729969"
202200026805;21;7;2022;14:20;1;95;1;1;1;3;"49;0060000000";"2;1642300000"
202200026806;20;7;2022;12:20;1;93;1;1;2;2;"48;9062533918";"2;4721405579"
202200026807;20;7;2022;20:45;1;93;1;1;1;5;"48;8740284252";"2;4378279214"
202200026808;22;7;2022;13:25;1;75;1;1;1;2;"48;8189830000";"2;4574720000"
202200026809;22;7;2022;04:45;3;94;1;1;1;6;"48;8173294761";"2;4285464286"
202200026810;16;4;2022;18:00;1;14;2;3;1;3;"49;3486610000";" -0;8426800000"
202200026811;21;7;2022;14:00;1;973;2;1;1;3;"4;9220000000";" -52;3039200000"
202200026812;21;7;2022;09:06;1;973;2;3;1;3;"4;9149233134";" -52;3209875822"
202200026813;21;7;2022;14:15;1;972;1;1;1;3;"14;6233700000";" -60;9889200000"
202200026814;21;7;2022;19:15;5;972;1;1;1;6;"14;6182400000";" -61;0364000000"
202200026815;20;7;2022;19:45;5;972;2;1;2;2;"14;6099600000";" -61;0652800000"
202200026816;21;7;2022;09:21;1;971;1;1;1;4;"16;2513400000";" -61;5303500000"
202200026817;21;7;2022;18:25;1;2A;2;1;1;2;"41;9128721715";"8;7245312333"
202200026818;21;7;2022;07:10;1;2A;2;2;1;3;"41;9288600000";"8;7375100000"
202200026819;21;7;2022;07:30;1;95;2;2;1;6;"48;9609170693";"2;2555178404"
202200026820;20;7;2022;21:29;1;91;2;1;1;6;"48;6048600000";"2;3204200000"
202200026821;20;7;2022;19:10;1;91;2;1;2;2;"48;7128000000";"2;2978800000"
202200026822;21;7;2022;19:15;1;91;2;1;1;5;"48;6837100000";"2;4083300000"
202200026823;21;7;2022;01:50;5;83;2;1;1;1;"43;1211900000";"5;9304200000"
202200026824;21;7;2022;19:00;1;77;1;1;1;1;"48;7781400000";"2;7090700000"
202200026825;20;7;2022;16:15;1;77;1;1;8;1;"48;3290700000";"2;8604800000"
202200026826;21;7;2022;18:55;1;69;2;2;1;2;"45;9996024637";"4;7193279862"
202200026827;21;7;2022;16:30;1;69;2;2;7;1;"45;7080800000";"4;9180600000"
202200026828;21;7;2022;08:25;1;69;2;1;1;3;"45;7267700000";"4;9289700000"
202200026829;20;7;2022;23:47;3;68;2;1;8;7;"47;8062300000";"7;3169700000"
202200026830;21;7;2022;02:28;3;66;1;1;1;2;"42;7170300000";"2;8734310000"
202200026831;20;7;2022;15:53;1;66;1;1;1;2;"42;6774100000";"2;8486100000"
202200026832;21;7;2022;09:55;1;64;2;1;1;2;"43;3210623963";" -0;3789512068"
202200026833;22;6;2022;15:00;1;62;2;9;1;3;"50;4079100000";"2;9698800000"
202200026834;20;7;2022;20:15;1;62;2;6;1;2;"50;9541390000";"1;8910690000"
202200026835;21;7;2022;10:45;1;62;2;1;1;7;"50;9519490000";"1;8847300000"
202200026836;21;7;2022;08:10;1;62;1;1;1;1;"50;2833100000";"2;7018700000"
202200026837;20;7;2022;14:30;1;61;2;4;1;5;"48;4189800000";"0;0895000000"
202200026838;20;7;2022;15:10;1;60;2;1;1;2;"49;4333900000";"2;1213400000"
202200026839;21;7;2022;22:00;5;59;2;9;1;3;"50;6322145889";"3;0150783060"
202200026840;20;7;2022;23:35;5;59;2;1;2;6;"50;3667442586";"3;0976831913"
202200026841;20;7;2022;09:20;1;56;2;1;1;7;"47;7720000000";" -3;4040000000"
202200026842;21;7;2022;17:30;1;54;1;1;1;1;"49;5367500000";"5;8001700000"
202200026843;19;7;2022;06:50;1;50;2;2;1;2;"49;6339700000";" -1;6227600000"
202200026844;21;7;2022;13:05;1;45;2;1;1;2;"47;9811000000";"2;7329620000"
202200026845;21;7;2022;21:25;2;44;2;3;1;3;"47;2273500000";" -1;5609300000"
202200026846;20;7;2022;11:10;1;43;2;1;1;2;"45;0281000000";"3;8800800000"
202200026847;21;7;2022;21:00;1;42;2;3;7;1;"45;3883700000";"4;2688600000"
202200026848;13;7;2022;12:20;1;40;2;1;1;6;"43;7257200000";" -1;0469300000"
202200026849;5;3;2022;18:20;2;974;2;1;1;6;" -21;3794720000";"55;6294490000"
202200026850;24;2;2022;10:34;1;67;2;8;1;3;"48;7550820000";"7;5670860000"
202200026851;8;3;2022;17:05;1;22;1;2;2;3;"48;4162172862";" -2;3857122663"
202200026852;7;3;2022;16:00;1;34;2;1;1;1;"43;5931280000";"3;8301780000"
202200026853;7;3;2022;07:25;2;62;2;3;9;3;"50;0891900000";"2;9774020000"
202200026854;7;3;2022;21:45;3;56;1;1;1;6;"47;7848930000";" -2;9248090000"
202200026855;17;2;2022;11:30;1;33;2;3;1;6;"44;4313590000";" -0;2134980000"
202200026856;8;3;2022;17:22;1;81;2;1;1;1;"43;4986280000";"2;3415060000"
202200026857;8;3;2022;09:40;1;71;1;1;1;5;"47;0496570000";"4;3464660000"
202200026858;7;3;2022;15:30;1;38;1;3;1;3;"45;4850410000";"5;3995120000"
202200026859;7;3;2022;17:50;1;02;1;1;1;3;"49;2523440000";"3;0630930000"
202200026860;1;3;2022;08:00;1;72;2;2;1;3;"48;0598970000";"0;7285310000"
202200026861;7;3;2022;14:45;1;60;2;1;1;6;"49;3890810000";"3;0062740000"
202200026862;7;3;2022;20:20;5;40;2;3;2;3;"43;5535870000";" -1;4573890000"
202200026863;7;3;2022;15:40;1;08;2;1;1;6;"49;5281120000";"4;5776990000"
202200026864;7;3;2022;09:00;2;53;1;1;1;1;"48;3689090000";" -0;3381510000"
202200026865;5;3;2022;08:30;1;971;1;1;1;4;"16;2540450000";" -61;5509250000"
202200026866;2;3;2022;12:00;1;38;1;1;1;3;"45;5875550000";"5;3007320000"
202200026867;8;3;2022;01:33;3;77;1;1;1;6;"49;0140300000";"2;9495060000"
202200026868;8;3;2022;15:10;1;83;1;1;1;1;"43;2605110000";"6;5684780000"
202200026869;8;3;2022;05:30;5;06;1;1;1;3;"43;7802200000";"7;2756740000"
202200026870;7;3;2022;18:56;3;25;1;3;1;5;"47;3621560000";"6;3753320000"
202200026871;25;2;2022;20:00;3;49;2;1;6;1;"47;4795370000";" -0;6194400000"
202200026872;28;1;2022;22:45;3;35;1;1;2;6;"48;6051630000";" -2;0567610000"
202200026873;8;3;2022;14:45;1;27;2;1;1;6;"49;2093590000";"1;0527830000"
202200026874;8;3;2022;11:45;1;60;1;9;1;1;"49;2444650000";"2;0848260000"
202200026875;6;3;2022;18:43;2;83;1;1;1;2;"43;1261021146";"5;9089611769"
202200026876;4;3;2022;18:00;1;54;1;1;1;5;"48;6423100000";"6;1617900000"
202200026877;6;3;2022;03:10;5;59;1;1;1;6;"50;6344360000";"2;9489480000"
202200026878;1;3;2022;16:59;1;59;1;1;1;2;"50;3380302625";"3;5065011977"
202200026879;7;3;2022;08:20;1;91;1;1;1;3;"48;7242900000";"2;2989500000"
202200026880;7;3;2022;11:00;1;92;1;1;1;3;"48;9348846198";"2;2827304295"
202200026881;6;2;2022;15:40;1;92;1;1;1;6;"48;9180852121";"2;2229496253"
202200026882;6;3;2022;00:35;3;78;1;1;1;5;"48;9631600000";"1;8369500000"
202200026883;7;3;2022;10:15;1;93;1;1;1;2;"48;9025000000";"2;4676000000"
202200026884;7;3;2022;01:20;4;93;1;1;1;2;"48;8961600000";"2;4702200000"
202200026885;6;3;2022;04:30;3;93;1;1;1;6;"48;9227000000";"2;3452000000"
202200026886;7;3;2022;16:30;1;94;1;1;1;4;"48;8129273331";"2;4489557692"
202200026887;7;3;2022;08:20;1;94;1;1;1;4;"48;8205076244";"2;4018322324"
202200026888;6;3;2022;00:25;3;77;1;1;1;7;"48;9365070000";"2;6279810000"
202200026889;6;3;2022;12:00;1;973;2;2;2;3;"4;9365075065";" -52;3277011514"
202200026890;6;3;2022;04:15;4;69;2;2;1;3;"45;7073000000";"4;8768800000"
202200026891;6;3;2022;18:50;2;69;2;1;1;2;"45;7109039520";"4;8827147484"
202200026892;6;3;2022;17:40;1;69;2;3;1;1;"45;7278400000";"4;8240500000"
202200026893;6;3;2022;15:36;1;972;1;1;1;6;"14;6751200000";" -61;0916200000"
202200026894;6;3;2022;04:40;5;69;2;1;1;6;"45;7252521515";"4;7779718041"
202200026895;6;3;2022;10:59;1;971;1;1;1;6;"16;2666700000";" -61;4739000000"
202200026896;25;2;2022;20:35;5;971;1;1;1;7;"15;9966658812";" -61;7272102833"
202200026897;6;3;2022;09:44;1;2A;2;1;1;6;"41;9307000000";"8;7397100000"
202200026898;6;3;2022;17:50;1;91;2;1;7;2;"48;6470500000";"2;3446800000"
202200026899;5;3;2022;15:30;1;91;2;1;1;6;"48;7039870000";"2;3282460000"
202200026900;4;3;2022;20:45;5;91;2;3;1;3;"48;7068370000";"2;3319000000"
202200026901;6;3;2022;10:42;1;88;2;9;7;6;"48;1903600000";"6;4249500000"
202200026902;6;3;2022;07:10;1;83;2;1;1;3;"43;1264860012";"5;8999653160"
202200026903;6;3;2022;16:45;1;77;1;2;1;3;"48;3695000000";"2;7199000000"
202200026904;6;3;2022;15:45;1;76;2;1;1;6;"49;7343210000";"0;3555650000"
202200026905;6;3;2022;13:30;1;69;2;1;1;6;"45;7690600000";"4;8818400000"
202200026906;7;3;2022;01:25;5;64;2;1;1;7;"43;2655710000";" -0;3897730000"
202200026907;5;3;2022;19:30;5;61;2;9;2;3;"48;7357000000";" -0;5754000000"
202200026908;6;3;2022;11:35;1;57;2;2;1;3;"48;7357000000";"7;0564900000"
202200026909;6;3;2022;06:42;5;51;2;1;1;7;"49;2649900000";"4;0415700000"
202200026910;6;3;2022;10:01;1;49;2;1;1;1;"47;4519000000";" -0;5710000000"
202200026911;6;3;2022;20:30;5;37;2;1;1;3;"47;4246540122";"0;6972509623"
202200026912;4;3;2022;18:10;1;35;2;9;1;6;"48;3453250000";" -1;1940850000"
202200026913;5;3;2022;02:10;5;33;2;3;1;2;"44;8139500000";" -0;5677470000"
202200026914;5;3;2022;20:20;5;18;2;2;1;3;"47;1000900000";"2;4156400000"
202200026915;6;3;2022;20:35;5;13;2;2;1;3;"43;2890900000";"5;3841000000"
202200026916;6;3;2022;14:30;1;13;2;1;2;2;"43;3328800000";"5;4363000000"
202200026917;6;3;2022;05:15;5;13;2;1;1;3;"43;3207300000";"5;4582100000"
202200026918;5;3;2022;19:00;2;13;1;1;1;1;"43;4894000000";"5;4079400000"
202200026919;6;3;2022;18:25;1;06;2;1;1;3;"43;7787550000";"7;5049540000"
202200026920;6;3;2022;06:40;2;75;2;4;1;6;"48;8165540000";"2;3642960000"
202200026921;5;3;2022;20:30;3;75;2;4;1;2;"48;8207580106";"2;3764961958"
202200026922;3;3;2022;17:45;2;75;2;1;1;3;"48;8696430000";"2;4132670000"
202200026923;4;3;2022;21:46;5;75;2;1;1;7;"48;8506490000";"2;2522180000"
202200026924;6;3;2022;11:30;1;75;2;2;1;4;"48;8943120000";"2;3817240000"
202200026925;6;3;2022;20:15;5;75;2;1;1;3;"48;8938670000";"2;3347390000"
202200026926;6;3;2022;16:30;1;75;2;3;1;3;"48;8927042410";"2;3597672582"
202200026927;5;3;2022;22:45;5;75;2;7;1;3;"48;8740590000";"2;2942130000"
202200026928;6;3;2022;06:40;5;75;2;2;1;3;"48;8515877943";"2;3311105371"
202200026929;6;3;2022;18:00;1;75;2;3;1;6;"48;8418762352";"2;3226240277"
202200026930;6;3;2022;12:25;1;75;2;1;1;3;"48;8293040000";"2;3281580000"
202200026931;6;3;2022;15:30;1;75;2;4;1;2;"48;8260428158";"2;3872116208"
202200026932;6;3;2022;11:15;1;75;2;2;1;6;"48;8322360000";"2;3797740000"
202200026933;6;3;2022;17:00;1;75;2;3;1;3;"48;8611440000";"2;3828610000"
202200026934;5;3;2022;23:45;5;75;2;2;1;3;"48;8662910000";"2;3720930000"
202200026935;6;3;2022;18:00;1;75;2;4;1;3;"48;8805312538";"2;3099425435"
202200026936;6;3;2022;03:30;5;75;2;3;1;3;"48;8658190000";"2;3608900000"
202200026937;6;3;2022;09:45;1;94;2;1;1;6;"48;7925700000";"2;3537400000"
202200026938;6;3;2022;06:05;5;94;2;9;1;2;"48;8095292759";"2;3256120086"
202200026939;6;3;2022;20:15;5;94;2;1;1;2;"48;7740000000";"2;4094700000"
202200026940;6;3;2022;00:24;5;93;2;2;1;6;"48;9399000000";"2;5172500000"
202200026941;6;3;2022;19:57;5;93;2;1;1;3;"48;8588500000";"2;4363100000"
202200026942;3;3;2022;15:35;1;17;1;2;1;3;"46;1592340000";" -0;9805080000"
202200026943;5;3;2022;05:00;3;33;2;1;1;7;"44;6497380000";"0;0880270000"
202200026944;7;3;2022;15:05;1;44;1;1;1;1;"47;2357720000";" -1;4362910000"
202200026945;5;3;2022;11:55;1;71;1;1;1;3;"46;4162110000";"4;8633190000"
202200026946;7;3;2022;19:10;4;974;2;6;1;6;" -21;0482370000";"55;7169270000"
202200026947;6;3;2022;20:15;3;63;1;1;1;2;"45;4823694245";"3;2463312144"
202200026948;5;3;2022;05:15;5;34;1;1;1;3;"43;5640360000";"3;8025570000"
202200026949;6;3;2022;16:45;1;63;1;1;1;6;"45;7342850000";"3;7356780000"
202200026950;6;3;2022;17:00;1;12;1;3;1;3;"44;4302290000";"2;4508900000"
202200026951;6;3;2022;17:24;2;12;1;1;7;1;"44;5049380000";"2;4317550000"
202200026952;6;3;2022;18:05;2;41;1;1;1;4;"47;6264500000";"2;0080350000"
202200026953;6;3;2022;22:20;3;44;1;1;1;7;"47;4140390000";" -1;0441440000"
202200026954;6;3;2022;22:15;3;02;2;1;1;6;"49;7009440000";"3;1857990000"
202200026955;4;3;2022;16:40;1;03;1;1;1;1;"46;0999300000";"3;2179210000"
202200026956;5;3;2022;17:15;1;03;1;2;1;3;"46;6608780000";"2;6730570000"
202200026957;4;3;2022;10:09;1;70;2;1;1;6;"47;6882530000";"6;0458730000"
202200026958;6;3;2022;14:20;1;43;1;3;1;3;"44;9994980000";"3;9928030000"
202200026959;7;3;2022;00:50;3;43;1;1;1;1;"45;1044860000";"4;0693620000"
202200026960;6;3;2022;17:40;1;16;2;1;1;1;"45;8103530000";"0;2870550000"
202200026961;6;3;2022;14:45;1;16;2;1;1;6;"45;8955846783";"0;4658762366"
202200026962;6;3;2022;19:15;2;24;2;1;1;6;"44;8900570000";"1;2185330000"
202200026963;1;3;2022;12:45;1;04;2;2;1;3;"44;1812920000";"5;9407280000"
202200026964;6;3;2022;14:15;1;04;1;1;1;7;"43;9149600000";"6;5637950000"
202200026965;7;3;2022;10:55;1;04;2;2;1;3;"44;0462840000";"6;0324330000"
202200026966;7;3;2022;08:00;1;85;1;1;1;6;"46;5388200000";" -1;1973810000"
202200026967;24;3;2022;15:50;3;28;1;1;1;7;"48;2580960000";"1;9667120000"
202200026968;6;3;2022;19:20;5;28;2;1;1;1;"48;2525480000";"1;9483080000"
202200026969;7;3;2022;11:35;1;35;1;1;1;6;"48;1543089074";" -1;8043595881"
202200026970;7;3;2022;12:10;1;66;2;1;1;6;"42;6704992367";"2;8289761394"
202200026971;6;3;2022;21:30;5;987;1;3;1;1;" -17;5523830000";" -149;5992850000"
202200026972;6;3;2022;06:50;2;38;1;9;1;6;"45;2408300000";"5;8486020000"
202200026973;6;3;2022;18:06;1;33;1;1;1;2;"44;5042190000";" -0;0383660000"
202200026974;7;3;2022;14:40;1;38;1;1;1;2;"45;7661460000";"5;0970980000"
202200026975;6;3;2022;14:45;1;69;1;1;1;7;"45;5046780000";"4;7359230000"
202200026976;7;3;2022;08:45;1;45;2;1;1;6;"47;7778780000";"1;6278900000"
202200026977;6;3;2022;15:59;1;77;1;1;1;7;"48;8235400000";"2;7909400000"
202200026978;6;3;2022;16:45;1;66;2;3;1;6;"42;7792200000";"2;8714330000"
202200026979;7;3;2022;13:10;1;84;2;1;1;2;"43;9805480000";"4;8871230000"
202200026980;7;3;2022;07:20;1;84;1;3;1;1;"43;8834960000";"4;9733900000"
202200026981;23;2;2022;10:00;1;83;1;1;1;6;"43;3188280000";"6;5449980000"
202200026982;7;3;2022;15:30;1;73;2;1;1;6;"45;5014630000";"6;5091020000"
202200026983;7;3;2022;08:00;1;26;1;3;1;3;"45;0736014253";"4;9354147911"
202200026984;6;3;2022;17:15;1;59;1;1;1;6;"50;2893120000";"3;2269760000"
202200026985;6;3;2022;19:30;3;13;1;1;1;2;"43;3356000000";"5;3542300000"
202200026986;5;3;2022;20:35;5;13;1;1;1;1;"43;3199600000";"5;3710100000"
202200026987;5;3;2022;19:58;3;13;1;1;1;2;"43;4024300000";"5;3559400000"
202200026988;5;3;2022;03:53;3;13;1;1;1;2;"43;2919000000";"5;4526900000"
202200026989;28;2;2022;11:20;1;69;1;1;1;4;"45;7853746632";"4;8897635937"
202200026990;6;3;2022;02:31;3;42;1;9;1;6;"45;4048300000";"4;3760700000"
202200026991;6;3;2022;13:30;1;94;1;6;1;6;"48;7579400000";"2;3397500000"
202200026992;5;3;2022;19:15;3;91;1;1;1;4;"48;6956600000";"2;3176400000"
202200026993;5;3;2022;11:45;1;91;1;1;1;4;"48;7108900000";"2;2992800000"
202200026994;6;3;2022;11:24;1;92;1;1;1;2;"48;9154302971";"2;2202267987"
202200026995;6;3;2022;19:45;4;95;1;1;1;7;"48;9822200000";"2;5002500000"
202200026996;6;3;2022;14:50;1;93;1;1;1;2;"48;9401100000";"2;4220900000"
202200026997;6;3;2022;06:15;3;95;1;1;1;6;"48;9856450000";"2;2132820000"
202200026998;5;3;2022;21:45;3;95;1;1;1;6;"49;0482900000";"2;1335200000"
202200026999;5;3;2022;12:00;1;93;1;1;1;4;"48;8811807298";"2;4744982044"
202200027000;6;3;2022;16:30;1;94;1;1;1;4;"48;8268920527";"2;5112557410"
202200027001;5;3;2022;22:30;3;94;1;9;1;2;"48;8172500000";"2;4240400000"
202200027002;5;3;2022;21:30;5;92;2;1;1;6;"48;9050917656";"2;2390785813"
202200027003;25;2;2022;15:40;1;73;2;1;1;6;"45;6680120000";"6;3903670000"
202200027004;5;3;2022;18:45;1;974;2;1;1;7;" -20;9588500000";"55;3146000000"
202200027005;5;3;2022;17:20;1;974;2;1;1;2;" -20;9357000000";"55;2911500000"
202200027006;5;3;2022;13:16;1;973;1;1;2;3;"4;9044500000";" -52;3191300000"
202200027007;5;3;2022;01:40;4;973;1;1;2;7;"4;9035900000";" -52;3164100000"
202200027008;4;3;2022;15:45;1;69;2;1;1;3;"45;7241400000";"4;8869900000"
202200027009;4;3;2022;17:15;1;69;2;1;2;1;"45;7257000000";"4;8609400000"
202200027010;20;2;2022;23:00;3;972;2;1;1;6;"14;6055800000";" -61;0595800000"
202200027011;4;3;2022;20:20;3;972;1;1;1;7;"14;6166300000";" -61;0746600000"
202200027012;4;3;2022;16:05;1;69;2;1;1;3;"45;7508058257";"4;8150479794"
202200027013;5;3;2022;13:20;1;91;2;1;1;3;"48;7020200000";"2;4260300000"
202200027014;5;3;2022;22:45;3;91;1;1;1;7;"48;4380130000";"2;1624260000"
202200027015;29;1;2022;17:20;1;83;2;3;1;3;"43;1059900000";"6;1754300000"
202200027016;4;3;2022;16:22;1;82;2;1;2;2;"44;0616000000";"1;0979000000"
202200027017;6;3;2022;00:40;5;76;2;1;9;6;"49;4443000000";"1;0752000000"
202200027018;5;3;2022;15:30;1;74;2;9;1;3;"46;1929000000";"6;2374000000"
202200027019;5;3;2022;23:55;5;64;2;2;1;1;"43;3021660000";" -0;3963980000"
202200027020;5;3;2022;23:00;5;64;2;3;1;3;"43;4945800000";" -1;4778000000"
202200027021;5;3;2022;03:52;3;61;1;1;1;1;"48;4406600000";"0;0179300000"
202200027022;4;3;2022;12:45;1;59;2;1;1;3;"50;6140000000";"3;1349300000"
202200027023;5;3;2022;04:50;5;59;2;6;1;3;"51;0175029355";"2;3475739360"