Accident_Id;jour;mois;an;hrmn;lum;dep;agg;int;atm;col;lat;long
202200027639;20;6;2022;18:20;1;68;2;1;1;1;"48;1711090000";"7;1201280000"
202200027640;18;1;2022;14:45;1;06;2;1;1;3;"43;6760000000";"7;1870000000"
202200027641;17;1;2022;11:58;1;63;2;1;1;6;"45;7639200000";"3;1157000000"
202200027642;19;6;2022;19:20;5;972;2;1;1;3;"14;6351820000";" -60;9189110000"
202200027643;20;6;2022;07:45;1;46;1;2;7;3;"44;3911080000";"1;4830470000"
202200027644;14;1;2022;17:45;5;15;2;1;1;6;"44;9203130000";"2;4239400000"
202200027645;21;6;2022;20:15;2;54;1;1;1;7;"49;1664792577";"5;9575778254"
202200027646;19;6;2022;20:15;1;50;1;1;8;6;"48;9474100000";" -1;0306000000"
202200027647;22;1;2022;22:00;5;988;2;2;2;3;" -22;2794200000";"166;4487200000"
202200027648;21;6;2022;11:40;1;57;1;1;1;1;"48;8503570000";"6;6734040000"
202200027649;20;6;2022;14:40;1;56;1;6;1;3;"47;7255370000";" -3;3239440000"
202200027650;18;1;2022;12:06;1;988;2;3;1;3;" -22;2399000000";"166;4719300000"
202200027651;19;6;2022;06:10;2;56;2;1;1;2;"47;6480190000";" -2;7062103000"
202200027652;23;1;2022;19:05;5;987;1;2;1;3;" -17;5318300000";" -149;5431300000"
202200027653;24;1;2022;13:45;1;976;2;1;1;7;" -12;7615000000";"45;2261400000"
202200027654;24;1;2022;20:50;3;974;2;1;1;6;" -21;3344500000";"55;4856470000"
202200027655;24;1;2022;08:00;1;974;2;1;2;3;" -21;2986300000";"55;4942300000"
202200027656;24;1;2022;12:20;1;973;2;1;3;6;"4;9238700000";" -52;3192100000"
202200027657;19;1;2022;10:50;1;973;2;1;2;3;"4;9297200000";" -52;3150200000"
202200027658;24;1;2022;19:50;5;69;2;1;1;3;"45;6954800000";"4;8596000000"
202200027659;24;1;2022;14:50;1;69;2;3;1;3;"45;7563500000";"4;8429100000"
202200027660;24;1;2022;12:45;1;69;2;2;1;3;"45;7548411829";"4;8752684786"
202200027661;24;1;2022;10:05;1;69;2;8;1;3;"45;7423600000";"4;8582200000"
202200027662;20;1;2022;15:00;1;69;2;4;1;7;"45;7499000000";"4;8518100000"
202200027663;19;1;2022;12:50;1;69;2;2;1;3;"45;7708700000";"4;8469200000"
202200027664;19;1;2022;08:50;1;69;2;1;5;1;"45;7408400000";"4;8679700000"
202200027665;19;1;2022;18:00;5;972;1;1;2;4;"14;6181000000";" -61;0340000000"
202200027666;19;1;2022;07:30;1;972;2;1;1;2;"14;6159800000";" -61;0729400000"
202200027667;24;1;2022;14:58;1;69;2;1;1;6;"45;7882264165";"4;7904923558"
202200027668;24;1;2022;01:50;5;69;2;1;1;6;"45;7499500000";"4;8248600000"
202200027669;19;1;2022;07:45;5;69;2;2;8;3;"45;7539500000";"4;8321000000"
202200027670;24;1;2022;11:10;1;2B;2;3;1;3;"42;6826200000";"9;4442960000"
202200027671;23;1;2022;07:04;1;971;2;1;1;1;"16;2678100000";" -61;5076200000"
202200027672;24;1;2022;14:00;1;95;2;9;1;6;"48;9960700000";"2;4204500000"
202200027673;19;1;2022;20:20;5;91;2;1;2;1;"48;6621000000";"2;3006300000"
202200027674;18;1;2022;19:00;5;91;2;3;1;1;"48;5864500000";"2;2526600000"
202200027675;24;1;2022;10:40;1;91;2;2;1;3;"48;6911260000";"2;3503000000"
202200027676;18;1;2022;12:20;1;91;2;1;1;7;"48;4397000000";"2;1578200000"
202200027677;18;1;2022;17:27;1;87;1;1;1;5;"45;8863900000";"1;2088500000"
202200027678;19;1;2022;11:00;1;83;2;3;1;6;"43;1106200000";"5;9323400000"
202200027679;22;1;2022;21:45;3;80;1;1;1;7;"49;8518500000";"2;4041900000"
202200027680;23;1;2022;14:20;1;80;2;5;1;3;"49;8924400000";"2;2924400000"
202200027681;24;1;2022;16:50;2;78;2;6;1;3;"48;8949160000";"2;0985000000"
202200027682;24;1;2022;08:05;1;78;2;1;1;6;"48;9003200000";"2;0935300000"
202200027683;19;1;2022;08:20;3;78;2;1;1;2;"49;0097700000";"1;9021200000"
202200027684;24;1;2022;10:15;1;77;2;3;1;2;"48;8746700000";"2;6928000000"
202200027685;21;1;2022;14:35;1;76;2;3;1;6;"49;5493000000";"0;1786700000"
202200027686;24;1;2022;08:15;2;76;2;3;1;6;"49;9217800000";"1;0737600000"
202200027687;20;1;2022;07:50;2;73;2;6;1;6;"45;6621295591";"6;3729816706"
202200027688;24;1;2022;10:20;1;71;1;1;8;7;"46;7790500000";"4;4431600000"
202200027689;24;1;2022;09:00;1;67;2;3;1;3;"48;5512200000";"7;7427900000"
202200027690;23;1;2022;17:00;2;67;2;1;5;2;"48;5967900000";"7;7497600000"
202200027691;22;1;2022;20:00;5;67;2;1;1;6;"48;6024700000";"7;7224600000"
202200027692;21;1;2022;21:00;5;67;2;8;1;6;"48;5708600000";"7;7586100000"
202200027693;21;1;2022;20:10;5;67;2;1;1;6;"48;5691830000";"7;7104360000"
202200027694;18;1;2022;12:10;1;67;2;3;1;3;"48;6112300000";"7;7057000000"
202200027695;21;1;2022;18:17;2;66;2;1;1;1;"42;6887100000";"2;9101600000"
202200027696;21;1;2022;17:06;1;66;2;1;1;6;"42;7044900000";"2;8929200000"
202200027697;24;1;2022;12:10;1;64;2;1;1;6;"43;3550780000";" -1;7745730000"
202200027698;19;1;2022;19:10;2;64;2;2;2;3;"43;4013300000";" -1;6356500000"
202200027699;24;1;2022;14:35;1;64;2;1;1;6;"43;2996500000";" -0;3918300000"
202200027700;20;1;2022;01:50;5;64;2;1;1;7;"43;4930000000";" -1;5470000000"
202200027701;19;1;2022;12:20;1;64;2;1;1;6;"43;4891700000";" -1;4822600000"
202200027702;19;1;2022;10:25;1;64;2;1;1;3;"43;4749135112";" -1;5302478160"
202200027703;24;1;2022;12:40;1;63;2;3;1;3;"45;7984900000";"3;1142200000"
202200027704;21;1;2022;13:50;1;63;2;1;1;3;"45;7871702503";"3;1189262867"
202200027705;18;1;2022;17:20;1;63;2;3;1;3;"45;7709000000";"3;0945400000"
202200027706;18;1;2022;15:28;1;63;2;1;1;2;"45;7679900000";"3;0870600000"
202200027707;23;1;2022;02:05;5;59;2;1;1;2;"50;7337200000";"3;1445600000"
202200027708;17;1;2022;21:50;5;59;2;1;1;6;"50;6446529532";"3;1179177761"
202200027709;24;1;2022;08:35;1;59;2;1;1;3;"51;0325610000";"2;3970440000"
202200027710;24;1;2022;19:50;5;57;1;9;1;1;"49;1639800000";"6;1606600000"
202200027711;21;1;2022;19:20;5;56;2;1;1;7;"47;7533658000";" -3;3415040000"
202200027712;21;1;2022;11:40;1;56;2;1;1;6;"47;7598900000";" -3;3818400000"
202200027713;18;1;2022;19:50;5;56;2;2;1;3;"47;7438600000";" -3;3809800000"
202200027714;18;1;2022;13:40;1;56;2;6;8;6;"47;7467600000";" -3;3774200000"
202200027715;24;1;2022;13:20;1;54;2;2;1;3;"48;6787700000";"6;1972100000"
202200027716;19;1;2022;16:15;1;54;2;1;2;6;"48;6915100000";"6;1507900000"
202200027717;16;1;2022;09:48;1;54;2;3;5;3;"49;5253000000";"5;7646000000"
202200027718;19;1;2022;17:46;2;52;2;1;1;3;"48;0978000000";"5;1410100000"
202200027719;18;1;2022;08:41;1;49;2;2;2;6;"47;4343000000";" -0;5262500000"
202200027720;19;1;2022;10:25;1;45;2;1;8;3;"47;8524900000";"1;9244700000"
202200027721;24;1;2022;17:15;1;44;2;1;1;6;"47;2473700000";" -1;6029100000"
202200027722;19;1;2022;10:00;1;42;2;1;1;3;"45;4746600000";"4;4772100000"
202200027723;24;1;2022;15:40;1;37;2;1;8;6;"47;3895839873";"0;6473427638"
202200027724;24;1;2022;06:30;5;37;2;1;8;4;"47;3438200318";"0;6287071109"
202200027725;23;1;2022;02:05;5;37;2;1;1;6;"47;4017500000";"0;6896300000"
202200027726;19;1;2022;16:15;1;37;1;1;1;2;"47;3879076748";"0;6484897435"
202200027727;19;1;2022;11:40;1;37;2;3;2;7;"47;3762734828";"0;6777647138"
202200027728;14;1;2022;17:30;2;35;1;1;1;2;"48;6036700000";" -2;0794800000"
202200027729;24;1;2022;17:30;1;35;1;1;1;6;"48;1208700000";" -1;7223200000"
202200027730;19;1;2022;08:00;2;35;2;6;1;3;"48;1041700000";" -1;6498700000"
202200027731;18;1;2022;16:40;1;34;2;2;1;1;"43;6243000000";"3;8628300000"
202200027732;19;1;2022;07:50;5;33;2;2;8;6;"44;7835200000";" -0;6466500000"
202200027733;17;1;2022;10:16;1;33;2;1;1;3;"44;8729900000";" -0;5199900000"
202200027734;19;1;2022;19:00;5;33;2;1;1;6;"44;6584000000";" -1;1619100000"
202200027735;24;1;2022;10:20;1;31;2;1;1;3;"43;5930631495";"1;4450669289"
202200027736;24;1;2022;08:10;2;31;2;1;1;6;"43;6123600000";"1;4586900000"
202200027737;24;1;2022;07:20;2;31;1;1;1;5;"43;6538400000";"1;4298100000"
202200027738;18;1;2022;05:00;5;31;2;7;5;3;"43;5912800000";"1;4528300000"
202200027739;24;1;2022;15:40;1;22;2;2;1;3;"48;5053000000";" -2;7696700000"
202200027740;18;1;2022;18:40;5;21;2;1;8;3;"47;3124086546";"5;0445612520"
202200027741;19;1;2022;10:55;1;15;2;1;4;3;"44;9126710000";"2;4249900000"
202200027742;19;1;2022;21:45;3;14;1;1;9;5;"49;1373200000";" -0;3341800000"
202200027743;23;1;2022;11:00;1;13;2;1;1;3;"43;4605100000";"5;3531700000"
202200027744;24;1;2022;16:50;2;13;2;1;1;1;"43;2867247937";"5;3772842485"
202200027745;24;1;2022;10:15;1;13;2;2;1;3;"43;2417374250";"5;3711311679"
202200027746;19;1;2022;10:50;1;13;2;3;1;1;"43;2973200000";"5;3977300000"
202200027747;21;1;2022;11:08;1;11;2;1;1;6;"43;1802800000";"3;0096860000"
202200027748;18;1;2022;08:58;1;10;2;1;1;6;"48;2948000000";"4;0804000000"
202200027749;24;1;2022;15:45;1;09;1;9;1;2;"43;1043200000";"1;6326700000"
202200027750;24;1;2022;07:50;1;09;1;1;1;7;"43;1047120000";"1;6325430000"
202200027751;19;1;2022;10:45;1;06;2;3;1;3;"43;6734100000";"7;1898100000"
202200027752;21;1;2022;14:36;1;05;2;1;1;3;"44;5641900000";"6;0890100000"
202200027753;18;1;2022;14:48;1;05;2;1;7;6;"44;5576100000";"6;0681200000"
202200027754;24;1;2022;14:25;1;01;2;2;7;3;"46;2090100000";"5;2340800000"
202200027755;25;1;2022;09:00;1;988;2;3;1;6;" -22;3017400000";"166;4451600000"
202200027756;20;1;2022;16:41;1;976;2;1;2;2;" -12;7761700000";"45;2249000000"
202200027757;25;1;2022;18:50;2;974;1;1;1;4;" -21;3127500000";"55;4950800000"
202200027758;25;1;2022;07:55;1;974;1;1;1;4;" -21;3064200000";"55;4298500000"
202200027759;25;1;2022;09:55;1;973;2;6;1;3;"4;9244900000";" -52;3242600000"
202200027760;25;1;2022;08:06;1;973;1;1;1;2;"4;9263900000";" -52;3289500000"
202200027761;25;1;2022;22:15;5;69;2;2;1;3;"45;7516685498";"4;8368830864"
202200027762;25;1;2022;17:00;1;972;1;1;1;6;"14;6184100000";" -61;0611000000"
202200027763;25;1;2022;07:43;1;972;2;1;1;3;"14;6071294890";" -61;0677543283"
202200027764;25;1;2022;15:50;1;91;2;1;1;6;"48;6940800000";"2;3664100000"
202200027765;25;1;2022;08:54;5;87;2;1;1;6;"45;8334200000";"1;2700000000"
202200027766;24;1;2022;12:10;1;86;2;1;1;2;"46;5679430000";"0;3561030000"
202200027767;25;1;2022;07:25;5;85;2;2;1;1;"46;4995500000";" -1;7685200000"
202200027768;26;1;2022;00:00;5;83;2;1;1;7;"43;1073600000";"6;0285600000"
202200027769;25;1;2022;19:15;5;83;2;6;1;3;"43;1325100000";"5;8454500000"
202200027770;24;1;2022;09:19;1;80;2;1;1;3;"49;8865680415";"2;2781449557"
202200027771;24;1;2022;11:00;1;73;2;2;7;3;"45;6693130000";"6;3827350000"
202200027772;25;1;2022;08:35;2;64;2;2;1;3;"43;3496500000";" -1;7745900000"
202200027773;25;1;2022;16:40;1;64;2;1;7;3;"43;2966479019";" -0;3674358130"
202200027774;25;1;2022;12:14;1;63;2;2;1;6;"45;7762243605";"3;0959392190"
202200027775;22;1;2022;12:20;1;55;2;3;1;2;"48;7806216288";"5;1492381468"
202200027776;24;1;2022;16:20;1;54;2;1;1;6;"48;7002400000";"6;2256700000"
202200027777;25;1;2022;18:40;5;54;2;1;1;4;"48;6340100000";"6;3218900000"
202200027778;22;1;2022;20:25;5;50;2;2;1;5;"49;6406600000";" -1;6139900000"
202200027779;22;1;2022;15:10;1;50;2;1;1;3;"49;6234710000";" -1;6144400000"
202200027780;24;1;2022;10:00;1;49;2;1;1;3;"47;4653400000";" -0;5503400000"
202200027781;24;1;2022;07:34;5;49;2;1;1;7;"47;4774800000";" -0;5680100000"
202200027782;24;1;2022;07:10;5;49;2;5;1;6;"47;4794100000";" -0;5214300000"
202200027783;24;1;2022;15:41;1;44;2;1;1;3;"47;2631510000";" -2;2392730000"
202200027784;9;11;2022;19:15;3;91;1;1;1;4;"48;6192200000";"2;4590600000"
202200027785;29;1;2022;21:30;5;42;2;2;1;3;"45;4389200000";"4;3970600000"
202200027786;10;11;2022;07:10;1;92;1;1;1;7;"48;8842197360";"2;2618859410"
202200027787;26;1;2022;02:10;3;37;2;1;5;6;"47;3782033090";"0;6495773792"
202200027788;25;1;2022;20:30;5;37;2;1;5;7;"47;4324256833";"0;6824934483"
202200027789;10;11;2022;20:05;5;93;1;1;1;2;"48;9189934371";"2;3572939965"
202200027790;25;1;2022;10:35;1;37;2;6;1;2;"47;3972600000";"0;7036600000"
202200027791;9;11;2022;21:00;3;95;1;1;1;3;"48;9644078548";"2;2619996143"
202200027792;25;1;2022;08:20;2;37;2;1;8;1;"47;3657776243";"0;7164475322"
202200027793;10;11;2022;08:50;1;93;1;1;1;4;"48;8990217854";"2;4693435431"
202200027794;25;1;2022;17:50;5;35;2;1;1;3;"48;1165710000";" -1;6571790000"
202200027795;25;1;2022;09:05;1;33;2;2;1;3;"44;8186300000";" -0;6150100000"
202200027796;10;11;2022;08:00;1;93;1;1;1;4;"48;8791675030";"2;4763414899"
202200027797;10;11;2022;01:30;3;95;1;1;1;6;"49;0314026731";"2;4936347473"
202200027798;24;1;2022;15:50;1;33;2;2;1;3;"44;8014200000";" -0;5809700000"
202200027799;24;1;2022;15:10;1;33;2;3;1;3;"44;8346700000";" -0;5638700000"
202200027800;8;11;2022;14:45;1;59;2;1;1;6;"50;6410650000";"3;0843500000"
202200027801;9;11;2022;15:30;1;75;2;1;1;2;"48;8331974292";"2;4203476310"
202200027802;26;1;2022;01:25;5;30;2;4;1;6;"44;1310000000";"4;0973800000"
202200027803;25;1;2022;07:30;3;29;1;3;1;7;"47;8786416421";" -3;8619223237"
202200027804;8;11;2022;23:05;5;94;2;2;1;3;"48;8525148883";"2;4656075544"
202200027805;25;1;2022;08:50;5;28;1;9;1;2;"48;4537100000";"1;5291500000"
202200027806;9;11;2022;09:00;1;93;2;1;1;3;"48;8863630000";"2;4686130000"
202200027807;24;1;2022;13:50;1;27;2;1;1;7;"49;0193500000";"1;1578800000"
202200027808;25;1;2022;07:55;1;26;2;1;1;6;"44;5601400000";"4;7479000000"
202200027809;25;1;2022;17:00;1;24;2;1;1;2;"44;8440150900";"0;5030490000"
202200027810;25;1;2022;19:00;5;13;2;1;1;1;"43;4741748974";"5;2283350280"
202200027811;8;11;2022;18:20;5;75;2;1;1;2;"48;8194170000";"2;3282910000"
202200027812;25;1;2022;17:45;5;13;2;1;1;2;"43;2513500000";"5;4219600000"
202200027813;9;11;2022;02:15;5;75;2;2;9;3;"48;8491100000";"2;4112700000"
202200027814;25;1;2022;16:30;1;13;2;3;1;3;"43;2898400000";"5;3760100000"
202200027815;25;1;2022;13:20;1;13;2;1;1;3;"43;2909500000";"5;3814900000"
202200027816;9;11;2022;08:45;1;75;2;3;1;3;"48;8920170000";"2;3598470000"
202200027817;25;1;2022;14:10;1;13;2;2;1;3;"43;2969600000";"5;3736700000"
202200027818;9;11;2022;00:15;5;75;2;6;1;2;"48;8955200000";"2;3593260000"
202200027819;25;1;2022;11:30;1;13;2;4;1;3;"43;3485000000";"5;3570700000"
202200027820;25;1;2022;06:30;1;13;2;1;1;7;"43;3250700000";"5;3884300000"
202200027821;7;11;2022;08:25;1;75;2;2;1;6;"48;8481070000";"2;2868280000"
202200027822;9;11;2022;16:45;2;75;2;1;1;6;"48;8270300000";"2;3852380000"
202200027823;9;11;2022;08:40;1;75;2;4;8;2;"48;8406570000";"2;4362370000"
202200027824;9;11;2022;17:40;5;75;2;1;1;6;"48;8654320000";"2;3673160000"
202200027825;9;11;2022;09:15;1;75;2;1;1;3;"48;8756490000";"2;2998100000"
202200027826;9;11;2022;13:15;1;75;2;1;1;2;"48;8542280000";"2;2889210000"
202200027827;9;11;2022;15:57;1;75;2;3;1;6;"48;8573030000";"2;3524400000"
202200027828;9;11;2022;12:30;1;94;2;2;1;3;"48;8114920000";"2;4374990000"
202200027829;9;11;2022;09:00;1;94;2;3;1;1;"48;7846000000";"2;3546300000"
202200027830;9;11;2022;17:40;2;94;2;1;1;1;"48;8176600000";"2;3985300000"
202200027831;9;11;2022;10:05;1;94;1;4;1;2;"48;7537210000";"2;3687590000"
202200027832;9;11;2022;20:48;5;94;2;3;1;3;"48;7454400000";"2;4102400000"
202200027833;8;11;2022;19:00;5;94;2;1;1;6;"48;7309600000";"2;4232000000"
202200027834;8;11;2022;18:48;5;94;2;1;1;1;"48;8056900000";"2;5326100000"
202200027835;8;11;2022;07:45;2;94;2;3;8;3;"48;7695474996";"2;5430180171"
202200027836;7;11;2022;18:55;5;94;2;2;1;3;"48;8325900000";"2;5316600000"
202200027837;9;11;2022;09:24;1;94;2;1;1;3;"48;7517950000";"2;5187620000"
202200027838;9;11;2022;16:00;1;93;2;7;1;6;"48;9296850000";"2;3566120000"
202200027839;9;11;2022;18:20;5;93;2;2;1;3;"48;9013304465";"2;5124031901"
202200027840;8;11;2022;22:50;5;93;2;1;1;3;"48;8474740000";"2;5528520000"
202200027841;9;11;2022;10:05;1;93;2;1;2;3;"48;8559752349";"2;5357362629"
202200027842;9;11;2022;18:25;5;93;2;1;1;3;"48;9113837408";"2;5131112934"
202200027843;9;11;2022;15:50;1;92;2;9;1;6;"48;8942475518";"2;2670883536"
202200027844;9;11;2022;15:15;1;92;2;1;1;7;"48;8940100000";"2;2671800000"
202200027845;9;11;2022;18:03;1;92;2;9;1;2;"48;8943670000";"2;1916820000"
202200027846;27;10;2022;11:30;1;92;2;2;1;3;"48;9039900000";"2;2188200000"
202200027847;8;11;2022;21:10;5;92;2;1;1;6;"48;9212920000";"2;2943820000"
202200027848;9;11;2022;02:25;5;92;2;9;2;7;"48;8879637362";"2;2535582185"
202200027849;9;11;2022;18:45;5;92;2;1;1;2;"48;9045081966";"2;3046478629"
202200027850;9;11;2022;15:35;1;92;2;6;1;3;"48;8336509440";"2;2434157133"
202200027851;1;11;2022;07:00;2;92;1;1;1;3;"48;9323447796";"2;2786411643"
202200027852;9;11;2022;08:50;1;92;2;1;1;6;"48;9135350000";"2;2731890000"
202200027853;9;11;2022;12:05;1;92;2;1;1;3;"48;7493200000";"2;3107100000"
202200027854;10;11;2022;17:00;1;976;2;1;1;2;" -12;7454020000";"45;2251770000"
202200027855;10;11;2022;12:15;1;47;1;1;1;7;"44;4966499503";"0;8718019201"
202200027856;7;11;2022;17:00;1;35;1;2;1;3;"48;2845670000";" -1;9670140000"
202200027857;6;11;2022;18:25;5;41;2;1;1;3;"47;5676090000";"1;4453780000"
202200027858;10;11;2022;11:15;1;76;2;3;1;3;"49;8770290000";"1;2209570000"
202200027859;7;11;2022;09:40;1;10;2;9;1;3;"48;3978930000";"3;9875880000"
202200027860;10;11;2022;07:50;1;62;1;6;8;3;"50;8799774654";"2;0621704561"
202200027861;29;10;2022;03:15;3;86;1;1;1;7;"46;6722080000";"0;8630800000"
202200027862;10;11;2022;15:57;1;21;1;1;1;2;"47;3004640000";"4;5038260000"
202200027863;2;10;2022;16:55;1;83;1;1;1;3;"43;1949730000";"6;5610000000"
202200027864;3;11;2022;19:46;5;01;2;6;2;6;"46;2508710000";"6;0257090000"
202200027865;8;11;2022;21:40;3;14;1;1;2;7;"48;9639480000";" -0;9350820000"
202200027866;10;11;2022;19:15;5;74;2;3;1;3;"45;9482110000";"6;0383610000"
202200027867;10;11;2022;07:00;2;63;1;1;8;7;"45;5010738505";"3;2595007891"
202200027868;10;11;2022;10:10;1;30;2;1;1;6;"44;2632060000";"4;5965260000"
202200027869;10;11;2022;07:15;3;91;1;1;1;6;"48;7289110000";"2;1771600000"
202200027870;9;11;2022;16:15;1;74;1;1;1;5;"45;9799540000";"6;1324410000"
202200027871;5;11;2022;15:40;1;67;2;1;1;6;"48;2313700000";"7;5369540000"
202200027872;9;11;2022;11:45;1;67;1;1;2;5;"48;4306960000";"7;1841470000"
202200027873;9;11;2022;13:25;1;11;2;1;1;2;"43;1655033877";"2;8714334965"
202200027874;10;11;2022;17:50;3;71;1;2;5;3;"46;9069750000";"5;2965260000"
202200027875;10;11;2022;11:15;1;71;1;1;1;5;"46;5202490000";"4;1641190000"
202200027876;10;11;2022;13:00;1;49;1;9;1;3;"47;6939850000";" -0;8903860000"
202200027877;30;9;2022;07:25;5;88;2;6;1;3;"48;1803400000";"6;4542000000"
202200027878;10;11;2022;17:40;2;49;1;1;1;1;"47;2409510000";"0;0119300000"
202200027879;9;11;2022;15:45;1;22;1;1;1;3;"48;6624960000";" -2;8834820000"
202200027880;27;9;2022;18:20;2;85;2;1;1;6;"46;6842920000";" -1;4300546000"
202200027881;9;11;2022;19:40;5;29;2;1;2;6;"47;9610450000";" -3;8429030000"
202200027882;9;11;2022;20:20;3;29;1;1;1;6;"47;9856420000";" -3;7027140000"
202200027883;28;9;2022;19:00;2;83;2;1;1;3;"43;1247386221";"6;1474868953"
202200027884;10;11;2022;07:10;1;06;2;4;1;6;"43;7206560000";"7;3972110000"
202200027885;8;11;2022;05:50;3;14;1;1;1;6;"49;1108560000";"0;0079290000"
202200027886;10;11;2022;15:40;2;14;2;3;1;2;"49;3424850000";" -1;0036500000"
202200027887;10;11;2022;12:30;1;50;1;1;1;1;"48;8971700000";" -1;4257340000"
202200027888;10;11;2022;09:50;1;07;2;1;1;3;"44;5827880000";"4;3922890000"
202200027889;31;10;2022;16:30;2;53;1;3;6;3;"47;8590370000";" -1;1505070000"
202200027890;27;9;2022;13:40;1;76;2;3;2;6;"49;2875110000";"1;0061400000"
202200027891;7;11;2022;21:00;5;40;2;1;1;1;"43;5346470000";" -1;4697490000"
202200027892;12;9;2022;21:50;5;76;2;4;1;6;"49;4336670000";"1;0754940000"
202200027893;9;11;2022;18:30;5;85;1;2;2;1;"46;4978080000";" -1;1938530000"
202200027894;1;10;2022;18:20;1;71;2;1;1;5;"46;6710000000";"4;3800000000"
202200027895;9;11;2022;20:10;3;17;1;1;5;7;"45;1607010000";" -0;1285550000"
202200027896;26;9;2022;17:05;1;71;2;1;1;6;"46;6747300000";"4;3592300000"
202200027897;10;11;2022;11:00;1;23;1;1;1;6;"46;0666060000";"2;5003120000"
202200027898;25;9;2022;09:25;1;67;1;1;1;7;"48;5423339506";"7;7096021175"
202200027899;10;11;2022;11:10;1;48;1;1;1;7;"44;2159000000";"3;8126640000"
202200027900;10;11;2022;08:25;2;45;2;8;5;3;"47;6901780000";"2;6432240000"
202200027901;23;9;2022;17:20;1;67;2;3;1;6;"48;5332000000";"7;7250900000"
202200027902;23;6;2022;16:15;1;77;2;1;1;3;"48;8590690000";"2;9031250000"
202200027903;10;11;2022;03:45;5;95;2;1;1;6;"49;0752691998";"2;1899217367"
202200027904;10;9;2022;00:10;5;67;2;3;2;3;"48;5715700000";"7;7702900000"
202200027905;9;11;2022;05:00;4;11;2;1;1;6;"43;3238700000";"1;9496710000"
202200027906;9;11;2022;14:30;1;13;1;1;8;1;"43;5226710000";"5;1935940000"
202200027907;9;9;2022;20:20;5;67;2;3;1;3;"48;5656100000";"7;7634200000"
202200027908;25;9;2022;06:15;1;64;1;6;2;6;"43;4120000000";" -1;6180000000"
202200027909;10;11;2022;17:20;2;01;1;1;1;1;"45;8632080000";"4;9052020000"
202200027910;29;9;2022;07:50;5;64;2;1;2;6;"43;3703300000";" -1;7721900000"
202200027911;9;11;2022;15:35;1;69;1;1;2;1;"45;8882080000";"4;6899070000"
202200027912;26;9;2022;17:30;1;64;2;1;2;2;"43;3955200000";" -1;6474500000"
202200027913;7;11;2022;15:48;1;69;2;2;1;6;"45;6946100000";"4;7927210000"
202200027914;8;11;2022;15:20;1;16;1;1;1;1;"45;6727230000";" -0;0151060000"
202200027915;10;9;2022;21:30;5;63;2;2;1;3;"45;7896000000";"3;1179400000"
202200027916;10;11;2022;10:30;1;50;2;1;1;6;"48;6798650000";" -1;3552340000"
202200027917;10;9;2022;11:26;1;63;2;1;1;6;"45;7802675619";"3;1082296371"
202200027918;9;11;2022;07:50;1;76;1;3;7;3;"49;5225360000";"0;7556000000"
202200027919;8;9;2022;23:43;5;63;2;8;1;3;"45;7623500000";"3;1233200000"
202200027920;21;9;2022;16:30;1;62;2;1;1;3;"50;9396560000";"1;8792990000"
202200027921;10;11;2022;18:10;3;60;1;1;1;4;"49;2210450000";"2;1148570000"
202200027922;28;10;2022;22:20;3;59;1;1;2;7;"50;7314731613";"2;6474127173"
202200027923;28;9;2022;18:20;1;60;2;9;1;3;"49;4491495340";"2;0776986480"
202200027924;9;11;2022;20:30;3;13;1;1;1;2;"43;4461724485";"5;2426316509"
202200027925;19;9;2022;08:40;1;60;1;9;1;2;"49;4321200000";"2;1065930000"
202200027926;9;11;2022;14:35;1;33;1;1;2;7;"44;8838600000";" -0;5568700000"
202200027927;12;9;2022;09:00;1;60;2;1;1;6;"49;4317139011";"2;0702147483"
202200027928;28;9;2022;14:50;1;59;2;9;1;3;"50;6543230713";"3;1309881806"
202200027929;8;11;2022;18:48;5;33;1;1;1;4;"44;8734300000";" -0;5067900000"
202200027930;20;10;2022;15:30;1;33;1;1;1;6;"44;8038140000";" -0;6608380000"
202200027931;9;9;2022;18:05;2;59;2;1;2;6;"50;4328100000";"3;1872000000"
202200027932;9;11;2022;19:20;3;94;1;1;1;2;"48;7740987312";"2;3454809067"
202200027933;28;9;2022;11:00;1;59;2;1;1;6;"50;1766300000";"3;2259200000"
202200027934;9;11;2022;12:50;1;92;1;1;1;5;"48;7305641950";"2;3085177541"
202200027935;9;11;2022;09:50;1;91;1;1;1;3;"48;7124200000";"2;1827600000"
202200027936;9;11;2022;07:40;1;91;1;1;1;7;"48;6443200000";"2;5376200000"
202200027937;9;11;2022;15:30;1;93;1;1;1;6;"48;8631400000";"2;4828400000"
202200027938;30;9;2022;14:00;1;55;2;1;1;2;"49;1571100000";"5;3998100000"
202200027939;9;11;2022;20:30;5;94;1;1;1;2;"48;8172046066";"2;4285178250"
202200027940;12;9;2022;08:30;1;54;2;9;1;6;"49;2249900000";"5;9814600000"
202200027941;9;11;2022;15:00;1;94;1;1;1;2;"48;8274342642";"2;4691540168"
202200027942;26;9;2022;18:20;1;50;2;1;8;6;"49;0532600000";" -1;4419500000"
202200027943;9;11;2022;18:30;1;77;1;1;1;6;"48;8317016358";"2;6457240122"
202200027944;16;9;2022;17:03;1;49;2;1;1;6;"47;2592220000";" -0;0866870000"