Accident_Id;jour;mois;an;hrmn;lum;dep;agg;int;atm;col;lat;long
202200027945;25;9;2022;19:42;2;49;1;9;1;2;"47;2726728944";" -0;0818288326"
202200027946;6;11;2022;03:40;5;972;1;1;2;5;"14;6110400000";" -61;0067700000"
202200027947;26;10;2022;18:20;5;67;2;1;1;6;"48;5787400000";"7;7287000000"
202200027948;29;9;2022;14:40;1;47;2;2;2;3;"44;1993800000";"0;6203500000"
202200027949;7;11;2022;15:20;1;44;2;6;1;6;"47;2173800000";" -1;6125400000"
202200027950;7;11;2022;11:00;1;42;2;1;1;6;"45;3915700000";"4;2903100000"
202200027951;28;9;2022;20:36;5;42;1;1;3;1;"45;4126406214";"4;3713632778"
202200027952;20;1;2022;15:18;1;91;2;1;1;6;"48;6047390000";"2;4823230000"
202200027953;1;10;2022;10:25;1;41;2;1;2;3;"47;6041900000";"1;3507200000"
202200027954;18;1;2022;14:30;1;91;2;1;1;3;"48;6106000000";"2;4798280000"
202200027955;20;9;2022;17:40;1;40;2;1;1;2;"43;8871785938";" -0;5000721912"
202200027956;14;1;2022;07:05;2;91;2;1;1;1;"48;6171600000";"2;4778800000"
202200027957;8;1;2022;18:15;5;91;2;1;2;3;"48;6097300000";"2;4480100000"
202200027958;30;9;2022;11:30;1;38;2;3;1;3;"45;2126800000";"5;7002200000"
202200027959;1;1;2022;00:45;4;91;2;1;2;2;"48;6395968316";"2;4350515008"
202200027960;29;9;2022;20:07;3;33;2;2;8;3;"44;7906800000";" -0;6574100000"
202200027961;8;11;2022;17:10;1;973;2;1;2;2;"4;9388200000";" -52;3059600000"
202200027962;26;9;2022;18:00;1;33;1;1;1;3;"44;5832000000";" -1;1396400000"
202200027963;20;5;2022;13:20;1;75;2;5;1;3;"48;8597222610";"2;2789804637"
202200027964;8;11;2022;13:20;1;973;2;3;2;3;"4;9375500000";" -52;3159000000"
202200027965;20;5;2022;23:15;5;75;2;1;1;6;"48;8536340000";"2;2947990000"
202200027966;8;11;2022;10:15;1;973;2;3;1;3;"4;9329293410";" -52;3216581345"
202200027967;27;9;2022;17:00;1;31;1;1;1;6;"43;1089800000";"0;7222600000"
202200027968;7;11;2022;17:50;2;973;1;1;2;3;"4;9047300152";" -52;3185038567"
202200027969;21;5;2022;18:45;1;75;2;5;1;3;"48;8419397847";"2;3294958472"
202200027970;28;9;2022;18:35;1;30;2;3;1;6;"44;1258200000";"4;0922600000"
202200027971;8;11;2022;02:30;1;973;2;3;1;6;"4;9211772430";" -52;3040843010"
202200027972;21;5;2022;13:40;1;75;2;1;1;3;"48;8755560000";"2;4099530000"
202200027973;6;11;2022;23:30;5;973;1;1;3;7;"4;9026400000";" -52;3245400000"
202200027974;1;10;2022;15:30;1;29;2;1;1;6;"48;4129992517";" -4;4998075962"
202200027975;7;11;2022;16:10;1;69;2;1;1;6;"45;7505500000";"4;8413500000"
202200027976;21;5;2022;23:25;5;75;2;2;1;6;"48;8528160000";"2;3924410000"
202200027977;29;9;2022;17:00;1;29;2;1;1;7;"48;4043500000";" -4;5115000000"
202200027978;8;11;2022;12:50;1;972;2;3;1;3;"14;6047000000";" -61;0717600000"
202200027979;8;11;2022;18:23;3;2B;1;1;1;2;"42;6495100000";"9;4404300000"
202200027980;21;5;2022;14:15;1;75;2;2;1;2;"48;8732190000";"2;3387330000"
202200027981;8;11;2022;11:30;1;2B;2;1;1;2;"42;6990900000";"9;4523400000"
202200027982;30;9;2022;08:30;1;28;2;1;1;6;"48;4506300000";"1;4637000000"
202200027983;21;5;2022;12:10;1;75;2;4;1;3;"48;8812462179";"2;3166091740"
202200027984;8;11;2022;12:17;1;2B;2;1;1;6;"42;6946700000";"9;4483600000"
202200027985;21;5;2022;02:15;5;75;2;1;1;6;"48;8526255594";"2;2986765951"
202200027986;27;9;2022;08:30;1;27;2;2;1;3;"49;2111600000";"1;1595900000"
202200027987;8;11;2022;14:30;1;971;2;1;1;6;"16;2410200000";" -61;5359500000"
202200027988;20;5;2022;23:15;5;75;2;2;1;6;"48;8399880000";"2;2903630000"
202200027989;7;11;2022;09:50;1;971;2;9;1;3;"16;2516600000";" -61;5264700000"
202200027990;29;9;2022;17:00;1;27;1;1;1;7;"49;0534000000";"1;1774400000"
202200027991;21;5;2022;21:05;1;75;2;3;7;6;"48;8608122074";"2;3412057012"
202200027992;7;11;2022;01:15;5;971;2;4;1;2;"16;0614097242";" -61;5663474798"
202200027993;29;9;2022;14:10;1;27;2;1;1;3;"49;0153500000";"1;1800100000"
202200027994;8;11;2022;07:55;1;2A;1;6;1;3;"41;9276300000";"8;7964600000"
202200027995;21;5;2022;15:45;1;75;2;1;1;1;"48;8666109346";"2;3527519405"
202200027996;30;9;2022;17:00;1;25;2;2;1;3;"47;2462900000";"6;0300000000"
202200027997;29;9;2022;17:40;1;25;2;1;1;6;"47;2288300000";"6;0094100000"
202200027998;21;5;2022;04:00;5;75;2;3;1;1;"48;8684320000";"2;3365150000"
202200027999;7;11;2022;16:45;1;91;2;1;2;6;"48;6986870000";"2;3151180000"
202200028000;7;11;2022;20:45;5;91;2;1;2;6;"48;7020600000";"2;3210980000"
202200028001;1;10;2022;08:56;1;22;2;6;1;1;"48;5191700000";" -2;7918700000"
202200028002;21;5;2022;03:30;5;75;2;5;1;3;"48;8688834243";"2;3343868554"
202200028003;8;11;2022;14:10;1;91;2;1;1;7;"48;7057700000";"2;4225300000"
202200028004;28;9;2022;16:25;1;22;2;1;1;6;"48;4967700000";" -2;7476400000"
202200028005;8;11;2022;09:15;1;91;2;3;1;3;"48;6950510000";"2;4806820000"
202200028006;26;9;2022;08:00;2;21;2;2;1;3;"47;3102100000";"5;0714200000"
202200028007;8;11;2022;18:30;5;91;2;1;1;4;"48;6820000000";"2;3850300000"
202200028008;21;5;2022;19:10;1;94;2;9;1;3;"48;8130453626";"2;3701608180"
202200028009;9;9;2022;17:56;1;21;2;7;1;6;"47;3502410000";"5;0406480000"
202200028010;8;11;2022;16:24;1;91;2;6;1;3;"48;6814600000";"2;3790000000"
202200028011;21;5;2022;14:10;1;94;2;6;1;3;"48;7692100000";"2;4614500000"
202200028012;13;1;2022;14:20;1;91;2;1;1;6;"48;6047660000";"2;4673780000"
202200028013;29;9;2022;13:40;1;17;1;1;1;4;"45;7664100000";" -0;6439000000"
202200028014;7;11;2022;17:48;2;87;2;3;1;2;"45;8674700000";"1;2382000000"
202200028015;21;5;2022;22:20;5;94;2;3;1;3;"48;8232100000";"2;3963100000"
202200028016;29;9;2022;10:40;1;17;2;2;1;3;"45;7283900000";" -0;6431500000"
202200028017;6;11;2022;17:29;1;87;2;1;1;3;"45;8269300000";"1;2594000000"
202200028018;20;5;2022;22:45;5;93;2;1;1;6;"48;8663600000";"2;4976600000"
202200028019;28;9;2022;17:32;1;17;1;1;1;2;"45;7168200000";" -0;6348200000"
202200028020;21;5;2022;16:45;1;93;2;1;1;6;"48;8493646747";"2;5644069315"
202200028021;8;11;2022;11:10;1;85;2;3;8;6;"46;4953200000";" -1;7768100000"
202200028022;27;9;2022;21:45;5;17;2;1;1;7;"45;7451230000";" -0;6617150000"
202200028023;7;11;2022;16:15;1;83;2;9;1;6;"43;1364700000";"5;9796000000"
202200028024;27;9;2022;08:30;1;17;1;1;1;7;"45;7142519680";" -0;6718906932"
202200028025;21;5;2022;21:20;2;93;2;6;1;3;"48;9298200000";"2;4805900000"
202200028026;7;11;2022;17:25;2;83;2;1;1;6;"43;1009400000";"5;8809000000"
202200028027;7;11;2022;16:45;2;80;2;2;1;3;"49;8819800000";"2;2987500000"
202200028028;18;5;2022;18:30;1;92;2;4;1;3;"48;8579213859";"2;2108652294"
202200028029;6;11;2022;01:52;5;80;2;1;1;6;"49;8858600000";"2;3302400000"
202200028030;27;9;2022;20:05;5;14;2;3;2;3;"49;1816920000";" -0;4017050000"
202200028031;21;5;2022;22:52;5;92;2;1;1;6;"48;8886589592";"2;2223340869"
202200028032;8;11;2022;08:30;1;78;2;9;1;3;"48;9980600000";"1;9238830000"
202200028033;29;9;2022;15:40;1;09;2;9;1;6;"42;9481800000";"1;6166100000"
202200028034;20;5;2022;23:04;5;92;2;3;1;2;"48;7868253941";"2;2310995459"
202200028035;26;9;2022;16:41;1;08;2;9;3;6;"49;7612521837";"4;7134874761"
202200028036;8;11;2022;19:50;5;77;2;1;1;5;"48;8675100000";"2;5717100000"
202200028037;21;5;2022;03:20;3;13;1;1;1;2;"43;2895000000";"5;4462500000"
202200028038;28;9;2022;12:30;1;07;2;1;2;6;"44;8855700000";"4;8514700000"
202200028039;8;11;2022;19:40;3;77;2;2;1;6;"48;7345100000";"2;7379400000"
202200028040;19;5;2022;23:38;3;13;1;1;1;2;"43;2880400000";"5;5624600000"
202200028041;1;10;2022;17:37;1;04;2;1;1;2;"43;8307090000";"5;7942740000"
202200028042;7;11;2022;17:45;5;77;1;1;2;2;"48;8477300000";"2;7779600000"
202200028043;20;5;2022;22:45;3;91;1;1;1;3;"48;7080800000";"2;3069500000"
202200028044;27;4;2022;14:30;1;93;2;1;1;2;"48;8874933704";"2;4649093149"
202200028045;8;11;2022;10:50;1;76;2;1;1;6;"49;4376100000";"1;0940100000"
202200028046;21;5;2022;15:04;1;78;1;1;1;7;"48;9640000000";"1;7844900000"
202200028047;7;11;2022;18:25;3;71;2;3;1;6;"46;3696100000";"4;8563300000"
202200028048;21;5;2022;06:46;1;78;1;1;1;3;"48;9370300000";"1;9601400000"
202200028049;8;11;2022;13:10;1;69;2;3;1;6;"45;7598600000";"4;8953300000"
202200028050;21;5;2022;03:30;3;93;1;1;1;6;"48;8798000000";"2;4504900000"
202200028051;6;11;2022;14:19;1;66;2;3;1;3;"42;6951300000";"2;8895700000"
202200028052;29;9;2022;16:15;1;92;2;2;1;1;"48;9113500000";"2;2826000000"
202200028053;20;5;2022;11:50;1;95;1;1;2;3;"49;0014710000";"2;1723040000"
202200028054;8;11;2022;17:10;2;64;2;1;2;1;"43;3329977069";" -0;4303336143"
202200028055;29;9;2022;07:03;2;83;2;1;1;2;"43;1223056636";"5;9395144880"
202200028056;7;11;2022;08:50;1;64;2;1;1;3;"43;2821000000";" -0;3564100000"
202200028057;21;5;2022;19:25;1;94;1;1;1;2;"48;8359206125";"2;5399074801"
202200028058;30;9;2022;17:45;1;33;1;1;1;3;"44;9158530000";" -0;4783210000"
202200028059;21;5;2022;11:45;1;94;1;1;1;3;"48;7542676036";"2;3814083116"
202200028060;29;9;2022;15:48;1;33;1;1;1;2;"44;8834675946";" -0;5202466249"
202200028061;7;11;2022;16:20;1;59;2;3;1;3;"50;3774100000";"3;0841700000"
202200028062;28;9;2022;18:10;1;33;1;1;2;7;"44;7814300000";" -0;5820800000"
202200028063;8;11;2022;09:00;1;51;2;1;1;3;"49;2542510000";"4;0173590000"
202200028064;15;1;2022;19:45;5;74;2;3;1;3;"46;3849180000";"6;5276940000"
202200028065;27;9;2022;17:10;1;33;1;1;1;2;"44;7776400000";" -0;5619300000"
202200028066;7;11;2022;10:50;1;49;2;2;2;3;"47;5010000000";" -0;5886700000"
202200028067;30;9;2022;08:00;1;94;1;1;1;2;"48;8276988218";"2;5065179704"
202200028068;5;1;2022;21:35;3;74;1;1;8;5;"46;3546500000";"6;4668900000"
202200028069;7;11;2022;21:38;5;44;2;2;1;3;"47;2625000000";" -2;2450000000"
202200028070;29;9;2022;09:30;1;94;1;1;1;2;"48;7537319733";"2;3557683493"
202200028071;20;5;2022;20:50;5;988;2;1;2;6;" -22;2410700000";"166;4469100000"
202200028072;15;10;2022;11:46;1;42;2;1;1;3;"45;4368100000";"4;3834200000"
202200028073;22;9;2022;08:15;1;77;1;1;2;2;"48;9656660000";"2;6075480000"
202200028074;20;5;2022;11:55;1;973;2;1;1;6;"4;9287100000";" -52;3165600000"
202200028075;8;11;2022;19:30;3;38;1;1;1;4;"45;1510500000";"5;7343200000"
202200028076;29;9;2022;07:10;3;94;1;1;1;3;"48;8176679679";"2;4148114130"
202200028077;9;11;2022;00:45;5;37;2;3;2;7;"47;4077058673";"0;6818604469"
202200028078;20;5;2022;19:15;1;69;2;2;1;3;"45;7505700000";"4;8853400000"
202200028079;28;9;2022;18:45;1;77;1;1;1;2;"48;9677700000";"2;6019100000"
202200028080;7;11;2022;16:35;1;37;2;1;1;2;"47;3859800000";"0;6767200000"
202200028081;20;5;2022;17:00;1;69;2;2;1;3;"45;7597300000";"4;8741100000"
202200028082;8;11;2022;13:25;1;35;2;1;6;3;"48;1040198030";" -1;6845962405"
202200028083;28;9;2022;09:15;1;77;1;1;1;6;"48;9582050000";"2;6241840000"
202200028084;20;5;2022;16:10;1;69;2;2;1;6;"45;7493000000";"4;8861000000"
202200028085;8;11;2022;08:43;1;33;2;3;8;3;"44;8206300000";" -0;5317900000"
202200028086;29;6;2022;14:15;1;83;2;1;1;2;"43;1378400000";"6;0217900000"
202200028087;20;5;2022;05:45;5;69;2;2;1;3;"45;7663300000";"4;8672000000"
202200028088;8;11;2022;22:29;5;31;2;2;1;3;"43;5920980000";"1;3995580000"
202200028089;29;6;2022;12:00;1;83;2;1;1;3;"43;1422870000";"5;9883670000"
202200028090;20;5;2022;07:35;1;972;2;1;1;3;"14;6249900000";" -60;9770000000"
202200028091;8;11;2022;11:40;1;30;2;2;2;6;"44;1240141541";"4;0756967068"
202200028092;23;6;2022;12:00;1;83;2;1;1;6;"43;1272900000";"5;9775100000"
202200028093;20;5;2022;11:29;1;69;2;4;1;6;"45;7570800000";"4;8105700000"
202200028094;7;11;2022;14:00;1;29;2;1;1;2;"47;9712960000";" -4;0866720000"
202200028095;21;6;2022;19:45;1;83;2;1;1;7;"43;1165300000";"5;9353600000"
202200028096;20;5;2022;09:00;1;69;2;1;1;3;"45;7658000000";"4;7685100000"
202200028097;21;6;2022;07:45;1;83;2;1;1;6;"43;1252389317";"5;9427237511"
202200028098;19;5;2022;17:43;1;69;2;1;1;6;"45;7690200000";"4;8125700000"
202200028099;21;6;2022;00:01;5;83;2;1;1;1;"43;1233000000";"5;9480700000"
202200028100;8;11;2022;18:12;5;15;2;1;1;3;"44;9115000000";"2;4490000000"
202200028101;20;5;2022;15:15;1;2B;2;1;1;2;"42;6996500000";"9;4439500000"
202200028102;18;6;2022;09:45;1;83;2;1;1;6;"43;1229200000";"5;9552800000"
202200028103;19;5;2022;19:05;1;95;2;1;1;6;"48;9807216269";"2;3866027594"
202200028104;18;6;2022;07:50;1;83;2;1;1;6;"43;1213410000";"5;9478180000"
202200028105;3;11;2022;13:55;1;14;1;1;2;5;"49;2835860000";" -0;0824530000"
202200028106;15;6;2022;19:10;1;83;2;1;1;6;"43;1117200000";"5;9328600000"
202200028107;20;5;2022;20:05;1;95;2;3;1;3;"48;9840000000";"2;4180000000"
202200028108;8;11;2022;12:50;1;13;1;1;1;3;"43;4246700000";"5;2595900000"
202200028109;10;6;2022;08:10;2;14;1;1;1;7;"49;1233720000";" -0;1887380000"
202200028110;7;11;2022;16:30;1;07;2;9;1;3;"44;9236597130";"4;8688530922"
202200028111;20;5;2022;16:40;1;95;2;1;1;2;"48;9818177377";"2;2927629948"
202200028112;4;10;2022;19:30;2;75;2;1;1;3;"48;8705000000";"2;2722200000"
202200028113;8;11;2022;11:35;1;07;2;1;1;3;"44;6107100000";"4;3968400000"
202200028114;20;5;2022;23:45;5;91;2;3;1;3;"48;7282500000";"2;2847100000"
202200028115;8;11;2022;18:45;5;06;2;1;1;6;"43;7133700000";"7;2716200000"
202200028116;3;10;2022;20:00;5;75;2;1;1;5;"48;8304880000";"2;2851770000"
202200028117;8;11;2022;16:40;2;06;2;1;8;6;"43;5540000000";"7;0172000000"
202200028118;20;5;2022;06:00;1;91;2;4;1;3;"48;7137480000";"2;4431800000"
202200028119;7;11;2022;16:15;1;04;2;1;1;6;"44;0913100000";"6;2312500000"
202200028120;3;10;2022;13:40;1;75;2;1;1;4;"48;9003680000";"2;3751870000"
202200028121;7;11;2022;19:15;5;04;2;1;1;7;"44;0877200000";"6;2185000000"
202200028122;20;5;2022;17:00;1;91;2;2;1;3;"48;7000000000";"2;3333000000"
202200028123;2;10;2022;21:05;5;75;2;1;1;4;"48;9012360000";"2;3521120000"
202200028124;8;11;2022;14:00;1;01;2;6;1;3;"46;2014100000";"5;2490370000"
202200028125;20;5;2022;13:21;1;91;2;1;1;1;"48;4335910000";"2;1817220000"
202200028126;30;6;2022;10:34;1;22;2;1;1;6;"48;5624780000";" -3;1492350000"
202200028127;19;5;2022;15:10;1;88;2;3;1;1;"48;1789600000";"6;4463000000"
202200028128;1;10;2022;20:40;5;75;2;1;1;4;"48;8696430000";"2;4132670000"
202200028129;26;7;2022;16:30;1;22;2;1;1;3;"48;5644640000";" -3;1544770000"
202200028130;19;5;2022;13:19;1;87;2;1;1;2;"45;8688400000";"1;2964200000"
202200028131;8;7;2022;13:41;1;22;2;3;1;1;"48;4878000000";" -2;7069300000"
202200028132;1;10;2022;17:40;1;75;2;1;1;5;"48;8747450000";"2;4105430000"
202200028133;18;5;2022;10:45;1;83;2;4;1;2;"43;1397232331";"5;7704932094"
202200028134;6;7;2022;10:50;1;22;2;1;1;7;"48;5417560000";" -2;7771280000"
202200028135;3;10;2022;22:45;5;75;2;3;1;2;"48;8939020000";"2;3343620000"
202200028136;31;8;2022;17:30;1;22;1;2;8;3;"48;5867920000";" -3;2541100000"
202200028137;18;5;2022;16:30;1;80;2;1;1;4;"49;8589700000";"2;2529900000"
202200028138;4;10;2022;14:10;1;75;2;3;1;6;"48;8836060000";"2;3733750000"
202200028139;29;8;2022;18:30;1;22;1;1;1;6;"48;1490520000";" -2;3673610000"
202200028140;18;5;2022;14:00;1;80;1;1;1;1;"49;8327900000";"2;4192800000"
202200028141;29;9;2022;18:10;1;75;2;1;1;3;"48;8931063117";"2;3158487678"
202200028142;29;8;2022;10:00;1;22;1;1;1;2;"48;7794360000";" -3;4928530000"
202200028143;17;5;2022;12:58;1;80;2;4;1;3;"49;8986200000";"2;2951500000"
202200028144;4;10;2022;16:30;1;75;2;1;1;6;"48;8697310000";"2;2522640000"
202200028145;27;8;2022;16:55;1;22;1;1;1;6;"48;4808000000";" -2;8234000000"
202200028146;17;5;2022;08:00;1;80;2;1;7;6;"49;8792608487";"2;2985824943"
202200028147;3;10;2022;12:30;1;75;2;4;1;2;"48;8452520000";"2;2728380000"
202200028148;27;8;2022;11:00;1;22;1;1;1;1;"48;6260160000";" -2;3361020000"
202200028149;15;5;2022;16:23;1;80;2;1;1;3;"49;9116400000";"2;3023000000"
202200028150;3;10;2022;18:20;1;75;2;1;8;6;"48;8259010000";"2;3138760000"
202200028151;20;5;2022;17:30;1;78;2;9;1;2;"48;8807760000";"2;1084290000"
202200028152;4;10;2022;18:30;1;75;2;3;1;3;"48;8251420000";"2;3575800000"
202200028153;20;5;2022;12:20;1;76;1;1;3;2;"49;4817000000";"0;2436100000"
202200028154;4;10;2022;18:15;1;75;2;5;1;6;"48;8727300000";"2;3992420000"
202200028155;18;5;2022;23:29;3;76;2;9;1;6;"49;5139900000";"0;6187900000"
202200028156;4;10;2022;15:32;1;75;2;2;1;5;"48;8533290000";"2;3578070000"
202200028157;20;5;2022;19:40;1;74;2;4;1;4;"45;9194400000";"6;1256600000"
202200028158;20;5;2022;06:40;2;72;1;1;2;6;"47;9563090000";"0;2070330000"
202200028159;4;10;2022;12:20;1;75;2;7;1;3;"48;8670900000";"2;3290300000"
202200028160;19;5;2022;15:54;1;66;1;1;1;2;"42;6749700000";"2;8650500000"
202200028161;4;10;2022;08:00;1;94;2;1;1;3;"48;7939960000";"2;3999090000"
202200028162;19;5;2022;10:00;1;66;1;1;1;2;"42;6725900000";"2;8912500000"
202200028163;4;10;2022;12:15;1;94;2;2;1;3;"48;8056500000";"2;3637100000"
202200028164;21;5;2022;00:15;5;64;2;3;1;3;"43;4015100000";" -1;6368500000"
202200028165;4;10;2022;07:40;1;94;2;1;1;6;"48;8054100000";"2;3256100000"
202200028166;20;5;2022;16:55;1;64;1;1;8;1;"43;3530300000";" -1;6896500000"
202200028167;4;10;2022;21:13;5;94;2;3;1;3;"48;8114810000";"2;3903710000"
202200028168;19;5;2022;15:00;1;64;2;1;1;2;"43;3091000000";" -0;3443900000"
202200028169;4;10;2022;07:30;5;94;2;1;5;3;"48;7688900000";"2;3371700000"
202200028170;19;5;2022;07:55;1;64;1;1;2;1;"43;2877300000";" -0;3355800000"
202200028171;4;10;2022;07:15;5;94;2;1;5;6;"48;7771500000";"2;4322200000"
202200028172;20;5;2022;18:50;1;64;2;1;1;7;"43;4985400000";" -1;4579300000"
202200028173;26;9;2022;01:32;5;94;2;1;1;6;"48;7622338724";"2;4752028286"
202200028174;20;5;2022;15:30;1;64;2;4;1;3;"43;4720000000";" -1;5008400000"
202200028175;4;10;2022;09:40;1;94;2;1;8;2;"48;8228040000";"2;4231250000"
202200028176;20;5;2022;13:45;1;62;2;2;2;3;"50;9476700000";"1;8831400000"
202200028177;3;10;2022;17:25;1;94;2;3;1;1;"48;7112500000";"2;5251800000"
202200028178;23;4;2022;14:30;1;62;2;2;1;6;"50;5308600000";"2;6424200000"
202200028179;4;10;2022;17:40;1;93;2;2;1;6;"48;9595500000";"2;5721200000"
202200028180;16;5;2022;17:40;1;62;2;1;1;6;"50;4168630000";"1;6377930000"
202200028181;20;5;2022;00:45;4;60;2;6;1;6;"49;2782700000";"2;4617200000"
202200028182;4;10;2022;16:02;1;93;2;3;1;3;"48;8939549916";"2;4171629645"
202200028183;21;5;2022;00:10;5;59;2;9;1;6;"50;6270967573";"3;0391681194"
202200028184;4;10;2022;20:05;5;93;2;3;1;6;"48;8641605461";"2;5123753203"
202200028185;20;5;2022;13:05;1;56;2;6;7;6;"47;7499100000";" -3;3663700000"
202200028186;20;5;2022;09:45;1;54;2;1;1;6;"48;6860300000";"6;1691000000"
202200028187;4;10;2022;18:20;1;93;2;2;1;3;"48;9216101002";"2;5252266401"
202200028188;4;10;2022;12:15;1;93;2;2;1;1;"48;9454504685";"2;4456497571"
202200028189;19;5;2022;13:09;1;54;2;1;1;5;"48;6336000000";"6;3089700000"
202200028190;4;10;2022;09:37;1;92;2;1;1;6;"48;8641190000";"2;2198780000"
202200028191;20;5;2022;15:37;1;51;2;6;8;7;"49;2321400000";"4;0334800000"
202200028192;29;9;2022;12:54;1;92;2;1;1;6;"48;8661100000";"2;1962400000"
202200028193;20;5;2022;13:40;1;51;2;3;2;1;"49;2494540000";"4;0562560000"
202200028194;4;10;2022;18:27;2;92;2;1;1;6;"48;8861900000";"2;1883500000"
202200028195;4;10;2022;09:55;1;92;2;1;1;2;"48;8929100000";"2;2273100000"
202200028196;21;5;2022;01:17;5;49;2;1;1;6;"47;4827600000";" -0;5494000000"
202200028197;21;5;2022;00:08;5;49;2;1;1;7;"47;4703300000";" -0;5157000000"
202200028198;4;10;2022;02:24;5;92;2;1;1;2;"48;8897090000";"2;2388720000"
202200028199;20;5;2022;13:30;1;49;2;1;1;3;"47;4883100000";" -0;5361000000"
202200028200;4;10;2022;08:50;1;92;2;1;1;3;"48;9000326478";"2;3146696687"
202200028201;19;5;2022;20:55;1;49;2;1;1;3;"47;4391400000";" -0;5325300000"
202200028202;20;5;2022;06:25;1;49;2;1;3;6;"47;4518500000";" -0;5248500000"
202200028203;4;10;2022;06:48;2;92;2;9;1;1;"48;9033460000";"2;3131470000"
202200028204;19;5;2022;10:39;1;49;2;6;2;7;"47;4906207591";" -0;5823934078"
202200028205;3;10;2022;15:40;1;92;1;1;1;3;"48;9190625950";"2;3118973374"
202200028206;20;5;2022;08:30;1;47;2;1;1;2;"44;1936800000";"0;5944200000"
202200028207;3;10;2022;13:10;1;14;2;1;1;2;"48;9588800000";" -0;4794500000"
202200028208;20;5;2022;07:58;1;47;2;1;1;3;"44;1843560000";"0;6170350000"
202200028209;5;10;2022;12:10;1;34;1;1;1;6;"43;3595190000";"3;1136880000"
202200028210;20;5;2022;09:20;1;45;2;2;1;3;"47;8943100000";"1;9009100000"
202200028211;5;10;2022;13:44;1;74;1;1;1;1;"45;8988069304";"6;0948793351"
202200028212;20;5;2022;08:35;1;45;2;1;2;7;"47;9264000000";"1;8992100000"
202200028213;2;10;2022;14:30;1;84;1;3;1;3;"43;9983210000";"5;1545620000"
202200028214;19;5;2022;17:45;1;45;2;1;1;4;"47;9942232029";"2;7404197902"
202200028215;4;10;2022;16:40;1;06;2;1;1;1;"43;6861750000";"7;1038200000"
202200028216;19;5;2022;19:35;1;44;1;1;1;1;"47;2850600000";" -2;2496700000"
202200028217;5;10;2022;13:30;1;13;1;1;1;7;"43;3917830000";"4;8405610000"
202200028218;15;4;2022;06:40;2;44;2;1;1;6;"47;2700000000";" -2;2390000000"
202200028219;7;4;2022;05:15;2;44;2;1;8;6;"47;2961100000";" -2;1840000000"
202200028220;5;10;2022;07:40;1;84;2;3;5;3;"44;1785130000";"4;7600710000"
202200028221;16;4;2022;15:05;1;43;2;1;1;2;"45;0183607917";"3;8953572453"
202200028222;20;5;2022;20:30;1;42;2;1;1;6;"46;0366671613";"4;0669680833"
202200028223;4;10;2022;17:20;1;06;1;1;1;2;"43;6570520000";"6;8119100000"
202200028224;5;10;2022;17:00;1;42;1;1;1;6;"45;4631110000";"4;6681060000"
202200028225;20;5;2022;11:30;1;37;2;1;1;2;"47;4072556815";"0;7214444876"
202200028226;5;10;2022;11:30;1;50;1;1;1;2;"49;4979600000";" -1;4376050000"
202200028227;18;5;2022;11:29;1;35;2;2;1;6;"48;1223740185";" -1;6615094841"
202200028228;5;10;2022;08:45;1;85;1;2;1;3;"46;7701520000";" -1;0188850000"
202200028229;18;5;2022;08:50;1;34;2;2;1;3;"43;3478938056";"3;2181341682"
202200028230;5;10;2022;16:55;1;22;2;6;1;6;"48;3127850000";" -2;2623400000"
202200028231;5;5;2022;11:20;1;33;2;3;1;6;"44;8675901742";" -0;5756691098"
202200028232;4;10;2022;17:20;1;83;1;1;7;2;"43;3952140000";"6;2742660000"
202200028233;5;10;2022;08:18;1;31;2;1;7;6;"43;5405650000";"1;3544400000"
202200028234;19;5;2022;23:30;5;33;2;3;1;5;"44;8450700000";" -0;5705900000"
202200028235;4;10;2022;22:45;3;67;1;1;5;7;"49;0477030000";"7;0913900000"
202200028236;5;5;2022;10:15;1;33;2;2;1;3;"44;8646396493";" -0;5637466908"
202200028237;13;5;2022;22:40;3;30;2;1;1;6;"43;8135300000";"4;3980400000"
202200028238;18;9;2022;04:30;4;76;2;1;1;1;"49;6970830000";"0;8216030000"
202200028239;18;5;2022;16:46;1;29;2;3;2;2;"48;4048620000";" -4;5063930000"
202200028240;5;10;2022;18:20;1;82;1;1;1;6;"44;1663405826";"1;1162824447"
202200028241;20;5;2022;06:50;1;27;1;1;1;7;"49;0340300000";"1;1862300000"
202200028242;13;4;2022;17:15;1;26;2;1;1;3;"44;9200500000";"4;8783400000"
202200028243;5;10;2022;08:50;1;71;2;1;5;3;"46;9578060000";"4;2859770000"
202200028244;19;5;2022;15:55;1;22;2;1;1;6;"48;5134200000";" -2;7856100000"
202200028245;5;10;2022;08:30;2;89;1;1;8;6;"47;8747640000";"3;5947720000"
202200028246;2;10;2022;06:45;3;55;1;1;2;7;"49;3055000000";"5;2741720000"
202200028247;20;5;2022;19:58;1;16;2;3;1;3;"45;7002400000";" -0;3143200000"
202200028248;4;10;2022;22:55;3;49;2;6;1;7;"47;1882620000";" -0;2884880000"
202200028249;21;5;2022;00:05;5;13;2;1;1;2;"43;2830500000";"5;3857700000"
202200028250;4;10;2022;17:20;1;42;1;1;1;3;"45;4935630000";"4;3219940000"
202200028251;20;5;2022;11:45;1;13;2;9;1;3;"43;2923900000";"5;3661000000"