Accident_Id;jour;mois;an;hrmn;lum;dep;agg;int;atm;col;lat;long
202200028252;4;10;2022;22:30;4;46;2;1;1;7;"44;9984750000";"1;6430700000"
202200028253;5;10;2022;07:00;5;47;2;1;1;6;"44;5988210000";"0;3687230000"
202200028254;20;5;2022;07:15;1;13;2;2;1;3;"43;2908600000";"5;3809600000"
202200028255;20;5;2022;16:50;1;10;2;2;1;3;"48;3082800000";"4;0560190000"
202200028256;5;10;2022;18:19;1;47;1;2;1;1;"44;3124570000";"0;5160570000"
202200028257;4;10;2022;18:15;1;41;2;1;1;6;"47;3425890000";"1;1816470000"
202200028258;20;5;2022;18:02;1;06;2;1;1;7;"43;6684330000";"6;9276020000"
202200028259;5;10;2022;16:35;1;39;1;1;1;6;"46;4427900000";"5;8566540000"
202200028260;20;5;2022;08:30;1;06;2;1;1;6;"43;5443800000";"6;9678400000"
202200028261;5;10;2022;05:00;3;39;1;1;1;1;"46;9733790000";"5;8033410000"
202200028262;21;5;2022;01:20;5;06;2;3;1;3;"43;6569490000";"7;1808970000"
202200028263;2;10;2022;14:00;1;29;1;4;1;1;"48;3819660000";" -3;7536390000"
202200028264;4;10;2022;13:10;1;29;1;1;1;6;"48;5231850000";" -4;5933010000"
202200028265;16;5;2022;16:35;1;05;2;1;1;4;"44;5417500000";"6;0522400000"
202200028266;20;5;2022;07:30;1;03;2;1;7;6;"46;5693600000";"3;3456300000"
202200028267;4;10;2022;17:50;1;38;1;2;7;3;"45;3431330000";"5;2167060000"
202200028268;25;9;2022;11:45;1;38;1;1;3;7;"45;4321120000";"5;9990810000"
202200028269;20;5;2022;14:40;1;01;2;2;6;3;"46;2222000000";"5;2088400000"
202200028270;4;10;2022;19:40;2;02;1;9;1;1;"49;2087110000";"3;1055080000"
202200028271;5;10;2022;00:00;3;02;2;3;1;6;"49;4589650000";"3;2282420000"
202200028272;4;10;2022;12:00;1;01;1;1;1;6;"46;0613350000";"5;4633060000"
202200028273;18;5;2022;19:00;5;75;2;1;1;2;"48;8628389051";"2;2650380698"
202200028274;4;10;2022;14:50;1;85;2;1;1;7;"46;9535030000";" -1;0075240000"
202200028275;20;5;2022;00:25;3;75;2;1;1;5;"48;9007040000";"2;3275140000"
202200028276;3;10;2022;17:30;1;66;1;1;1;6;"42;6116680000";"2;4096210000"
202200028277;5;10;2022;05:45;4;14;2;6;1;6;"49;2943000000";"0;1967561244"
202200028278;19;5;2022;10:16;1;75;2;2;1;6;"48;8803787777";"2;3028374272"
202200028279;4;10;2022;20:20;3;83;1;1;1;7;"43;5373140000";"6;5397620000"
202200028280;20;5;2022;18:10;1;75;2;3;1;3;"48;8418550519";"2;3632004857"
202200028281;18;5;2022;23:29;5;75;2;4;1;6;"48;8431600000";"2;3426110000"
202200028282;5;10;2022;09:00;1;60;2;3;1;3;"49;2657084794";"2;3970250481"
202200028283;20;5;2022;10:00;1;75;2;3;3;6;"48;8678918693";"2;4109961092"
202200028284;20;5;2022;12:40;1;75;2;1;1;6;"48;8888830000";"2;3934490000"
202200028285;5;10;2022;07:15;2;64;1;3;5;3;"43;2302430000";" -1;3009140000"
202200028286;20;5;2022;08:40;1;75;2;3;2;6;"48;8871620000";"2;3808030000"
202200028287;4;10;2022;11:55;1;18;2;3;1;3;"46;7301300000";"2;4996790000"
202200028288;20;5;2022;19:05;1;75;2;7;1;3;"48;8645589008";"2;2936762869"
202200028289;2;10;2022;03:30;3;07;1;1;1;6;"45;3297710000";"4;7376290000"
202200028290;20;5;2022;19:45;1;75;2;1;1;6;"48;8326041931";"2;3329076171"
202200028291;5;10;2022;05:15;5;53;2;1;1;2;"48;3122640000";" -0;6223880000"
202200028292;19;5;2022;14:20;1;75;2;2;1;3;"48;8193362820";"2;3445302494"
202200028293;4;10;2022;20:00;2;85;1;1;1;7;"46;6417601400";" -1;0084864400"
202200028294;20;5;2022;19:15;1;75;2;2;1;3;"48;8251030000";"2;3111790000"
202200028295;5;10;2022;11:30;1;28;2;2;1;3;"48;1882490000";"1;9270710000"
202200028296;20;5;2022;14:30;1;75;2;7;1;3;"48;8318202632";"2;3553094268"
202200028297;4;10;2022;17:15;1;37;1;1;1;3;"47;4011600000";"0;7956500000"
202200028298;19;5;2022;13:40;1;75;2;1;1;6;"48;8350610584";"2;3680038136"
202200028299;5;10;2022;13:00;1;48;1;1;1;1;"44;7328940000";"3;3184770000"
202200028300;20;5;2022;09:50;1;75;2;7;2;2;"48;8240073664";"2;4576960504"
202200028301;4;10;2022;16:30;1;48;1;1;1;3;"44;8405570000";"3;2112770000"
202200028302;20;5;2022;07:40;1;75;2;4;2;3;"48;8420880000";"2;4491070000"
202200028303;4;10;2022;16:30;1;38;1;1;1;6;"45;0538180000";"5;8536740000"
202200028304;20;5;2022;02:10;5;75;2;1;1;6;"48;8425081969";"2;3716709018"
202200028305;4;10;2022;18:50;3;988;2;3;1;3;" -22;1283470000";"166;3447880000"
202200028306;20;5;2022;19:55;1;75;2;1;1;3;"48;8538968512";"2;3776428401"
202200028307;4;10;2022;13:45;1;77;1;2;1;3;"48;1518580000";"2;6921810000"
202200028308;20;5;2022;15:00;1;75;2;2;1;3;"48;8660340000";"2;3663790000"
202200028309;4;10;2022;15:40;1;66;2;1;1;7;"42;6197020000";"3;0207250000"
202200028310;5;10;2022;05:20;3;83;1;1;1;6;"43;5966400000";"6;7969550000"
202200028311;20;5;2022;12:45;1;75;2;2;8;3;"48;8740437803";"2;3423556983"
202200028312;2;10;2022;16:35;1;13;1;1;1;1;"43;3088710000";"5;6643210000"
202200028313;20;5;2022;17:30;1;75;2;7;1;5;"48;8384373763";"2;3172274232"
202200028314;5;10;2022;13:50;1;68;1;2;1;3;"47;9483140000";"7;2812350000"
202200028315;20;5;2022;13:30;1;75;2;2;1;2;"48;8599350000";"2;3101740000"
202200028316;20;5;2022;14:45;1;75;2;1;1;1;"48;8553580000";"2;3481290000"
202200028317;20;5;2022;07:50;1;75;2;3;2;6;"48;8504400000";"2;3629120000"
202200028318;5;10;2022;17:38;1;03;1;2;7;5;"46;3042340000";"3;4444120000"
202200028319;4;10;2022;08:15;1;81;2;1;1;3;"43;7008500000";"1;8294860000"
202200028320;18;5;2022;18:00;1;75;2;1;1;4;"48;8479903385";"2;3638619181"
202200028321;4;10;2022;19:19;1;32;1;1;7;3;"43;4235800000";"0;2768680000"
202200028322;20;5;2022;21:45;5;94;2;1;1;2;"48;7852410000";"2;3920540000"
202200028323;10;9;2022;18:45;1;33;2;1;1;3;"44;9097210000";" -0;3588040000"
202200028324;20;5;2022;09:15;1;94;2;3;2;7;"48;8119200000";"2;4497800000"
202200028325;20;5;2022;07:00;1;94;2;1;8;5;"48;7816000000";"2;3602200000"
202200028326;2;10;2022;17:55;1;33;2;6;1;3;"44;8421010000";" -0;7676910000"
202200028327;20;5;2022;19:40;1;94;2;1;1;4;"48;8237600000";"2;3906100000"
202200028328;20;5;2022;19:00;1;94;2;1;1;6;"48;7737100000";"2;4698500000"
202200028329;5;10;2022;09:50;1;22;2;1;1;2;"48;7699580000";" -3;3698310000"
202200028330;19;5;2022;07:05;1;94;2;2;1;6;"48;8349405345";"2;5473314524"
202200028331;3;10;2022;12:45;1;22;1;1;1;3;"48;4430310000";" -2;8159440000"
202200028332;20;5;2022;14:52;1;94;2;3;1;2;"48;8172900000";"2;4198100000"
202200028333;20;5;2022;18:25;1;93;2;2;1;3;"48;9154072950";"2;3577443363"
202200028334;4;10;2022;21:10;3;27;1;1;1;3;"49;3271640000";"1;2219720000"
202200028335;19;5;2022;00:24;5;93;2;9;1;6;"48;8798563206";"2;4777871372"
202200028336;19;5;2022;14:10;1;93;2;1;1;6;"48;8713686579";"2;4573943019"
202200028337;20;5;2022;22:50;5;93;2;5;1;3;"48;9106560450";"2;5123205781"
202200028338;20;5;2022;09:30;1;93;2;9;2;3;"48;9288720000";"2;5555940000"
202200028339;20;5;2022;08:30;1;93;2;1;2;6;"48;9332700000";"2;4006100000"
202200028340;20;5;2022;02:10;5;93;2;3;1;3;"48;9243697113";"2;4016740918"
202200028341;12;12;2022;22:20;5;31;2;1;3;6;"43;1099330000";"0;7321550000"
202200028342;12;12;2022;18:45;5;29;2;1;1;6;"48;4274160000";" -4;4669170000"
202200028343;13;12;2022;16:15;1;27;2;9;1;6;"49;0953500000";"1;4639200000"
202200028344;20;5;2022;08:20;2;93;2;2;2;6;"48;9018400000";"2;5596900000"
202200028345;13;12;2022;19:15;5;27;2;2;1;3;"49;0307500000";"1;1604500000"
202200028346;13;12;2022;11:59;1;27;2;1;1;3;"49;0198300000";"1;1554900000"
202200028347;20;5;2022;09:50;1;93;2;1;2;3;"48;9075166776";"2;4943476320"
202200028348;12;12;2022;15:00;1;21;2;1;1;3;"47;3502871703";"5;0627167646"
202200028349;20;5;2022;08:10;2;93;2;1;2;6;"48;8965940000";"2;4840440000"
202200028350;12;12;2022;18:15;5;17;2;2;4;3;"46;1501203015";" -1;1543959379"
202200028351;20;5;2022;14:00;1;93;2;1;2;6;"48;9079660000";"2;4306300000"
202200028352;12;12;2022;17:25;5;13;2;1;2;3;"43;6395093710";"5;0927527733"
202200028353;13;12;2022;16:45;5;13;2;1;2;6;"43;3169400000";"5;3740700000"
202200028354;20;5;2022;18:49;1;93;2;2;1;6;"48;9274630000";"2;4685550000"
202200028355;13;12;2022;16:30;1;13;2;1;1;1;"43;3307319748";"5;3650315877"
202200028356;12;12;2022;19:35;5;13;2;2;2;3;"43;2861400000";"5;3948300000"
202200028357;20;5;2022;00:00;5;93;2;1;1;6;"48;9354600000";"2;4689700000"
202200028358;20;5;2022;19:30;2;93;2;1;1;6;"48;9534733311";"2;5171828866"
202200028359;13;12;2022;11:52;1;13;1;1;2;3;"43;5418700000";"5;4581900000"
202200028360;13;12;2022;12:40;1;11;2;1;1;2;"43;2113700000";"2;3597700000"
202200028361;20;5;2022;18:30;1;92;2;1;1;6;"48;8837447052";"2;2719985396"
202200028362;10;12;2022;16:08;1;10;2;1;1;2;"48;3020900000";"4;0872500000"
202200028363;13;12;2022;07:50;2;04;2;1;3;6;"43;8286600000";"5;8046700000"
202200028364;20;5;2022;18:05;1;92;2;6;1;6;"48;8838752256";"2;2733619064"
202200028365;13;12;2022;19:30;5;75;2;1;1;6;"48;8465520000";"2;3404250000"
202200028366;13;12;2022;09:20;1;75;2;3;1;6;"48;8428360000";"2;3640180000"
202200028367;13;12;2022;12:05;1;75;2;7;1;3;"48;8895010000";"2;3957150000"
202200028368;20;5;2022;14:25;1;92;2;3;2;6;"48;8828854008";"2;2757976875"
202200028369;13;12;2022;11:10;1;75;2;1;1;3;"48;8969340000";"2;3287770000"
202200028370;13;12;2022;16:50;2;75;2;3;1;6;"48;8893570000";"2;3223150000"
202200028371;20;5;2022;13:30;1;92;2;2;1;7;"48;8174203289";"2;3267443031"
202200028372;13;12;2022;07:55;1;75;2;2;1;6;"48;8930010000";"2;3274200000"
202200028373;12;12;2022;15:35;1;75;2;2;1;6;"48;8915670000";"2;3184820000"
202200028374;19;5;2022;00:50;5;92;2;2;1;3;"48;9273868872";"2;2469984740"
202200028375;12;12;2022;14:30;1;75;2;2;1;3;"48;8258690000";"2;3002530000"
202200028376;13;12;2022;10:20;1;75;2;1;1;6;"48;8502210000";"2;3782230000"
202200028377;18;5;2022;20:20;1;92;2;4;1;3;"48;9036944942";"2;3032352775"
202200028378;13;12;2022;14:38;1;75;2;4;1;6;"48;8573530000";"2;3797050000"
202200028379;17;5;2022;19:15;1;13;1;1;1;4;"43;4066919510";"5;3279703947"
202200028380;13;12;2022;08:30;1;75;2;3;1;6;"48;8702000000";"2;3505160000"
202200028381;13;12;2022;13:05;1;75;2;7;1;6;"48;8637520000";"2;3320840000"
202200028382;19;5;2022;16:30;1;13;1;1;1;2;"43;4045400000";"5;3173900000"
202200028383;13;12;2022;09:20;1;75;2;3;9;7;"48;8686690000";"2;3539250000"
202200028384;19;5;2022;15:56;1;13;1;1;1;3;"43;3341000000";"5;3831000000"
202200028385;13;12;2022;13:20;1;94;1;1;1;2;"48;8133000000";"2;4667000000"
202200028386;12;12;2022;09:30;1;94;2;1;1;3;"48;7895700000";"2;3686300000"
202200028387;17;5;2022;08:30;1;69;1;1;1;2;"45;7122227136";"4;9688297510"
202200028388;13;12;2022;18:40;5;94;2;3;1;2;"48;8265024984";"2;5096718967"
202200028389;13;12;2022;12:50;1;93;2;2;1;6;"48;8881900000";"2;4606100000"
202200028390;18;5;2022;11:45;1;38;1;1;1;2;"45;5740254780";"4;8081847256"
202200028391;13;12;2022;08:05;2;93;2;1;1;2;"48;9512725109";"2;3394213617"
202200028392;19;5;2022;17:40;1;59;1;1;1;7;"50;6830631648";"3;0651319027"
202200028393;12;12;2022;08:42;1;93;2;1;1;6;"48;9043770000";"2;5811550000"
202200028394;13;12;2022;02:47;5;93;2;9;1;6;"48;9022311827";"2;3706958673"
202200028395;20;5;2022;17:20;1;75;1;1;1;3;"48;8168228661";"2;3356259818"
202200028396;13;12;2022;16:16;1;92;2;6;1;6;"48;8192136685";"2;2426174879"
202200028397;20;5;2022;11:50;1;91;1;1;1;3;"48;6371200000";"2;3979300000"
202200028398;13;12;2022;18:30;5;92;2;3;1;3;"48;8908771885";"2;2476670146"
202200028399;20;5;2022;18:40;1;78;1;1;1;2;"48;9124050000";"2;0054840000"
202200028400;12;12;2022;15:32;1;92;2;1;1;6;"48;9253488458";"2;2818898558"
202200028401;13;12;2022;17:52;5;92;2;1;1;6;"48;7451444295";"2;3153423667"
202200028402;20;5;2022;17:45;1;78;1;1;8;3;"48;9703590000";"1;9082000000"
202200028403;13;12;2022;16:15;1;49;1;1;1;2;"47;3412510000";" -0;7558570000"
202200028404;20;5;2022;16:00;1;92;1;1;8;7;"48;9291243587";"2;2406985404"
202200028405;14;12;2022;10:30;1;43;1;1;1;1;"45;3842060708";"3;3187187627"
202200028406;13;12;2022;13:30;1;43;2;1;1;6;"45;2908370000";"3;3854950000"
202200028407;20;5;2022;11:15;1;78;1;1;3;2;"48;9001900000";"2;0052500000"
202200028408;19;5;2022;11:20;1;92;1;1;1;2;"48;9348439651";"2;2672648297"
202200028409;14;12;2022;13:40;1;06;2;1;1;-1;"43;6334740000";"7;1340320000"
202200028410;18;5;2022;20:10;2;78;1;1;1;2;"48;7901500000";"2;1123100000"
202200028411;12;12;2022;15:45;1;28;1;1;1;1;"48;0688170000";"1;2311550000"
202200028412;9;12;2022;17:30;1;972;1;1;1;1;"14;7235790000";" -61;0422660000"
202200028413;20;5;2022;15:45;1;95;1;1;1;2;"48;9676345047";"2;2742986679"
202200028414;13;12;2022;21:45;3;21;1;1;5;6;"47;1305833826";"4;6989947123"
202200028415;20;5;2022;13:00;1;93;1;1;1;3;"48;9601710192";"2;4735270436"
202200028416;19;5;2022;18:05;1;93;1;1;1;3;"48;8741558720";"2;4795013170"
202200028417;19;5;2022;17:50;1;93;1;1;1;4;"48;9352100000";"2;4017200000"
202200028418;19;5;2022;04:30;3;95;1;1;1;6;"48;9678300000";"2;2522900000"
202200028419;4;7;2022;08:40;1;40;1;1;1;5;"43;7371100000";" -1;0215400000"
202200028420;14;12;2022;18:35;3;25;1;1;3;5;"47;4732850000";"6;7789170000"
202200028421;20;5;2022;08:50;1;93;1;1;2;2;"48;8365300000";"2;5514600000"
202200028422;21;7;2022;18:25;1;35;2;3;1;6;"48;1098573495";" -1;6801638901"
202200028423;13;12;2022;14:15;1;38;1;3;2;3;"45;3456310000";"5;4838090000"
202200028424;21;5;2022;20:10;2;38;2;1;1;4;"45;4185910000";"4;8161260000"
202200028425;21;7;2022;12:00;1;35;2;1;1;3;"48;1006800000";" -1;7014400000"
202200028426;14;12;2022;11:20;1;36;1;1;2;6;"46;6731090000";"1;5762910000"
202200028427;22;5;2022;08:00;1;43;1;1;1;3;"45;3184480000";"3;4143450000"
202200028428;14;12;2022;15:15;2;41;1;1;2;6;"47;7540550000";"1;1112930000"
202200028429;21;7;2022;22:40;5;33;2;2;1;3;"44;8509500000";" -0;5778200000"
202200028430;13;12;2022;19:40;3;62;1;1;1;2;"50;1632370000";"2;4710440000"
202200028431;22;5;2022;14:30;1;52;1;1;1;3;"47;8398530000";"5;2315740000"
202200028432;21;7;2022;16:30;1;33;2;1;1;4;"44;6342500000";" -1;1691300000"
202200028433;14;12;2022;08:30;1;61;1;1;4;6;"48;6584320000";"0;0814780000"
202200028434;20;7;2022;07:00;1;29;1;1;1;2;"48;0386600000";" -4;0764400000"
202200028435;21;5;2022;07:00;1;83;1;9;1;3;"43;2163164117";"6;5838516355"
202200028436;20;7;2022;07:55;1;29;1;1;1;6;"47;9740700000";" -4;0872600000"
202200028437;12;12;2022;13:05;1;57;1;1;1;1;"49;0099160000";"6;7754160000"
202200028438;21;7;2022;20:50;1;29;2;1;1;6;"48;4138610000";" -4;4823240000"
202200028439;12;12;2022;13:50;1;62;1;1;7;2;"50;1181020000";"2;8571320000"
202200028440;21;7;2022;07:20;1;27;2;6;1;7;"49;0204200000";"1;1820400000"
202200028441;14;12;2022;11:30;1;19;1;1;2;6;"45;0769470000";"1;9369840000"
202200028442;21;7;2022;12:15;1;26;2;1;1;6;"44;5601400000";"4;7479600000"
202200028443;14;12;2022;07:40;2;71;1;1;2;6;"46;7823380000";"4;6891530000"
202200028444;22;7;2022;00:05;5;18;2;2;1;3;"47;0877500000";"2;3929400000"
202200028445;5;12;2022;17:15;2;42;1;1;8;5;"45;6652030000";"4;2298450000"
202200028446;2;7;2022;16:57;1;16;2;2;1;3;"45;6901900000";" -0;3201300000"
202200028447;12;12;2022;09:00;1;22;1;1;8;1;"48;2316480000";" -3;1541060000"
202200028448;21;7;2022;16:15;1;14;2;3;1;6;"49;1812300000";" -0;3565400000"
202200028449;13;12;2022;17:00;3;25;1;1;4;1;"47;4470500000";"6;6139250000"
202200028450;21;7;2022;10:43;1;14;2;1;1;3;"49;2173209621";" -0;3661014140"
202200028451;14;12;2022;11:00;1;31;1;1;2;1;"43;7607420000";"1;4418480000"
202200028452;21;7;2022;19:40;1;13;2;4;1;3;"43;2996400000";"5;5014200000"
202200028453;13;12;2022;13:00;1;03;2;3;1;6;"46;1587480000";"3;3961060000"
202200028454;21;7;2022;19:30;2;13;2;3;1;3;"43;2876500000";"5;4647800000"
202200028455;21;7;2022;14:55;1;13;2;1;1;3;"43;2889642814";"5;4320180473"
202200028456;13;12;2022;08:00;2;01;1;1;5;3;"46;1698190000";"5;0367000000"
202200028457;21;7;2022;18:00;1;10;2;1;7;3;"48;3071188831";"4;0700483322"
202200028458;14;12;2022;13:40;1;58;1;1;3;7;"47;0394070000";"3;8551180000"
202200028459;20;7;2022;22:35;5;10;2;3;1;3;"48;3058100000";"4;0289690000"
202200028460;13;12;2022;17:24;3;54;1;1;1;1;"48;4919661430";"6;3393151754"
202200028461;20;7;2022;17:41;1;10;2;1;1;6;"48;2876763028";"4;0594053268"
202200028462;13;12;2022;08:10;1;14;1;3;1;2;"49;1432853269";"0;3849818994"
202200028463;21;7;2022;18:00;1;06;2;1;1;3;"43;7133200000";"7;2732000000"
202200028464;13;12;2022;16:50;3;90;1;1;4;1;"47;5259890000";"7;0417800000"
202200028465;21;7;2022;08:30;1;04;2;3;1;2;"43;8275200000";"5;7983400000"
202200028466;12;12;2022;18:00;5;90;2;1;8;1;"47;5056710000";"7;0022070000"
202200028467;21;7;2022;16:30;1;75;2;1;1;3;"48;8286420000";"2;3988890000"
202200028468;9;12;2022;10:30;2;60;2;6;1;6;"49;6643190000";"1;9398590000"
202200028469;20;7;2022;13:43;1;75;2;7;8;6;"48;9001590000";"2;3872960000"
202200028470;12;12;2022;18:10;3;78;1;1;8;6;"48;8304370000";"2;0692760000"
202200028471;21;7;2022;06:45;1;75;2;1;1;3;"48;8452510000";"2;3252120000"
202200028472;13;12;2022;06:45;3;51;1;1;1;7;"49;0696405389";"4;7513374686"
202200028473;21;7;2022;18:05;1;75;2;3;1;6;"48;8988090000";"2;3762790000"
202200028474;13;12;2022;20:30;3;28;1;1;1;2;"48;2268580000";"1;8477900000"
202200028475;21;7;2022;14:00;1;75;2;2;1;2;"48;8830520000";"2;3443370000"
202200028476;21;7;2022;11:20;1;75;2;7;1;6;"48;8956370000";"2;3462950000"
202200028477;12;12;2022;05:50;1;974;2;1;1;7;" -21;2031780000";"55;5441450000"
202200028478;21;7;2022;10:50;1;75;2;2;1;3;"48;8985350000";"2;3590190000"
202200028479;14;12;2022;09:35;1;11;1;1;1;3;"43;0398030000";"2;9690550000"
202200028480;20;7;2022;16:50;1;75;2;1;2;6;"48;8418150000";"2;2813370000"
202200028481;13;12;2022;18:00;5;83;1;3;1;6;"43;1406480000";"6;0492180000"
202200028482;21;7;2022;15:15;1;75;2;3;1;3;"48;8774160000";"2;3613840000"
202200028483;11;12;2022;19:55;3;89;1;1;1;4;"47;7254910000";"3;7503540000"
202200028484;21;7;2022;09:55;1;75;2;2;1;2;"48;8731850000";"2;3588330000"
202200028485;21;7;2022;12:38;1;75;2;2;1;3;"48;8717960000";"2;3305830000"
202200028486;14;12;2022;07:50;2;58;2;1;2;3;"46;9807720000";"3;0936060000"
202200028487;10;12;2022;16:00;1;88;2;8;1;6;"48;3704560000";"5;6983530000"
202200028488;20;7;2022;11:30;1;75;2;2;1;3;"48;8765500000";"2;3016840000"
202200028489;14;12;2022;11:30;1;26;1;1;2;6;"45;0379100000";"5;2974750000"
202200028490;20;7;2022;11:15;1;75;2;4;1;3;"48;8706190000";"2;3228820000"
202200028491;21;7;2022;13:46;1;75;2;3;1;3;"48;8562660000";"2;2929370000"
202200028492;14;12;2022;20:15;3;31;1;1;1;1;"43;5867950000";"1;2614320000"
202200028493;13;12;2022;17:15;5;17;2;1;5;6;"45;6722320000";" -1;0124640000"
202200028494;21;7;2022;12:40;1;75;2;2;1;3;"48;8517440000";"2;3100600000"
202200028495;14;12;2022;15:15;1;64;1;9;1;3;"43;2554630000";" -0;2854890000"
202200028496;13;12;2022;19:00;3;85;2;6;2;4;"46;7242750000";" -2;3478610000"
202200028497;19;7;2022;19:30;1;94;2;2;7;4;"48;8482200000";"2;4369900000"
202200028498;28;11;2022;19:05;3;49;1;1;2;1;"47;4579100000";" -0;6407260000"
202200028499;21;7;2022;09:30;1;94;1;1;1;2;"48;8504550000";"2;5024360000"
202200028500;12;12;2022;10:25;1;44;2;3;1;3;"47;1645930000";" -1;4798070000"
202200028501;21;7;2022;10:10;1;94;2;3;1;3;"48;8095900000";"2;4336300000"
202200028502;14;12;2022;07:45;2;59;2;1;1;6;"50;1229720000";"3;9254870000"
202200028503;20;7;2022;16:00;1;94;2;1;1;2;"48;8158900000";"2;3928300000"
202200028504;21;7;2022;17:10;1;94;2;1;1;6;"48;7673720000";"2;3794990000"
202200028505;13;12;2022;14:30;1;13;2;1;2;2;"43;2906900000";"5;3641200000"
202200028506;20;7;2022;19:35;1;94;2;1;3;6;"48;7801900000";"2;4760500000"
202200028507;13;12;2022;08:41;1;13;1;1;2;2;"43;3911400000";"5;2509600000"
202200028508;21;7;2022;18:00;1;94;2;1;1;5;"48;8179240000";"2;4257550000"
202200028509;21;7;2022;15:30;1;93;2;1;8;3;"48;9277377502";"2;5170629919"
202200028510;13;12;2022;07:47;5;13;1;1;2;2;"43;2901807485";"5;4244029522"
202200028511;21;7;2022;19:25;1;93;2;1;1;6;"48;9348228585";"2;3501094281"
202200028512;12;12;2022;16:44;3;13;1;1;1;3;"43;4274400000";"5;3840800000"
202200028513;20;7;2022;15:06;1;93;2;2;1;2;"48;9243980000";"2;3464950000"
202200028514;19;7;2022;19:30;1;93;2;1;1;3;"48;9212290907";"2;3452457786"
202200028515;8;12;2022;09:51;1;13;1;1;1;5;"43;3178965537";"5;4225182534"
202200028516;21;7;2022;06:35;1;93;2;2;1;2;"48;8744930000";"2;5066890000"
202200028517;21;7;2022;18:30;1;93;1;1;1;3;"48;9345100000";"2;6018000000"
202200028518;8;12;2022;08:18;1;13;1;1;1;5;"43;2865000000";"5;4344000000"
202200028519;21;7;2022;08:05;1;93;2;2;1;6;"48;9070910000";"2;3763610000"
202200028520;21;7;2022;09:30;1;92;2;6;1;3;"48;8897425143";"2;2765844464"
202200028521;13;12;2022;10:05;1;83;1;1;2;4;"43;1238900000";"5;9614700000"
202200028522;21;7;2022;15:00;1;92;2;3;1;6;"48;8941484475";"2;2845420241"
202200028523;9;12;2022;19:00;5;69;1;1;2;4;"45;6142372235";"4;8093295097"
202200028524;21;7;2022;12:15;1;92;2;1;1;2;"48;7823987876";"2;3147766888"
202200028525;22;7;2022;03:00;3;24;1;1;1;6;"45;1435170000";"1;0197010000"
202200028526;10;12;2022;08:45;1;54;1;1;8;2;"48;6849700000";"5;9521400000"
202200028527;22;7;2022;13:20;1;976;1;1;1;2;" -12;7453680000";"45;2251710000"
202200028528;1;12;2022;14:40;1;54;1;1;1;6;"48;8570700000";"6;0898600000"
202200028529;21;7;2022;18:30;1;01;1;1;1;5;"45;8769080000";"5;1831010000"
202200028530;13;12;2022;18:51;1;33;1;1;1;3;"44;9172751323";" -0;4771275891"
202200028531;21;7;2022;18:15;1;83;1;1;1;5;"43;5848650000";"6;3871500000"
202200028532;13;12;2022;18:25;4;91;1;1;1;2;"48;7448200000";"2;3231900000"
202200028533;17;7;2022;07:15;1;49;2;1;1;6;"47;0065210000";" -0;8526700000"
202200028534;13;12;2022;10:56;1;91;1;1;1;2;"48;6881300000";"2;3252100000"
202200028535;20;7;2022;05:49;2;31;2;1;1;6;"43;5964540000";"1;4989100000"
202200028536;20;7;2022;09:40;1;01;1;6;1;3;"46;2393830000";"6;0327440000"
202200028537;13;12;2022;07:39;5;92;1;1;1;3;"48;8392656116";"2;2098680491"
202200028538;21;7;2022;17:34;1;29;1;1;1;2;"48;4574276870";" -4;3651844550"
202200028539;29;8;2022;09:00;1;69;1;3;1;3;"45;6945300000";"4;8441900000"
202200028540;21;7;2022;08:35;1;34;1;1;1;2;"43;6293688819";"3;7126828411"
202200028541;22;7;2022;05:20;3;30;1;1;1;6;"44;0313020000";"4;4821000000"
202200028542;24;8;2022;21:50;5;69;2;4;1;2;"45;7484015375";"4;9199572206"
202200028543;23;8;2022;08:00;1;69;2;2;1;3;"45;7169400000";"4;9283000000"
202200028544;21;7;2022;18:15;1;83;1;1;1;3;"43;3320066015";"6;1776316166"
202200028545;23;5;2022;06:50;2;69;2;1;8;6;"45;7462300000";"4;8961300000"
202200028546;22;7;2022;03:35;5;57;2;1;1;7;"49;4538836894";"6;3439188359"
202200028547;12;12;2022;06:55;5;53;2;6;5;6;"48;0760000000";" -0;8220000000"
202200028548;19;7;2022;14:50;1;51;1;1;1;7;"48;8691750000";"3;5549780000"
202200028549;12;12;2022;18:10;5;44;2;1;1;6;"47;2488200000";" -1;5209400000"
202200028550;19;7;2022;12:30;1;56;1;1;1;3;"47;7884800000";" -3;2332330000"
202200028551;21;8;2022;19:45;2;76;2;1;1;6;"49;5672480000";"1;1503640000"
202200028552;10;12;2022;11:37;1;29;2;1;1;6;"47;8713500000";" -3;9187200000"
202200028553;22;7;2022;15:15;1;79;1;1;1;7;"46;7129950000";" -0;3392570000"
202200028554;6;8;2022;17:17;1;74;1;1;1;6;"45;8106750000";"6;0983990000"
202200028555;21;7;2022;14:10;1;2B;2;1;1;2;"42;4459030000";"9;5076480000"
202200028556;21;9;2022;18:40;1;74;1;1;1;7;"45;8115420000";"6;2430670000"
202200028557;22;7;2022;11:30;1;71;1;2;1;3;"46;8576750000";"4;4348390000"