Accident_Id;jour;mois;an;hrmn;lum;dep;agg;int;atm;col;lat;long
202200028866;4;3;2022;03:15;3;2B;1;1;1;7;"42;6117939584";"9;4377851047"
202200028867;2;3;2022;23:40;4;971;2;1;1;3;"16;2388200000";" -61;5253200000"
202200028868;3;3;2022;19:15;5;971;2;2;1;3;"16;0447200000";" -61;5661600000"
202200028869;4;3;2022;11:30;1;971;2;1;1;1;"15;9954300000";" -61;7316600000"
202200028870;4;3;2022;19:35;5;2A;2;3;8;7;"41;9475700000";"8;7634000000"
202200028871;1;3;2022;03:20;5;91;2;1;1;6;"48;6139200000";"2;4742700000"
202200028872;4;3;2022;14:40;1;88;2;3;1;3;"48;0196028639";"6;6154083610"
202200028873;3;3;2022;16:10;1;88;2;2;1;3;"48;1937800000";"6;4432200000"
202200028874;3;3;2022;11:40;1;77;2;2;1;2;"48;8511600000";"2;7866100000"
202200028875;3;3;2022;23:30;3;76;1;1;1;6;"49;5205200000";"0;1904200000"
202200028876;4;3;2022;18:30;5;69;2;2;1;2;"45;7626900000";"4;8782000000"
202200028877;1;3;2022;11:45;1;69;2;2;1;3;"45;7707800000";"4;9824800000"
202200028878;4;3;2022;13:20;1;66;1;1;6;6;"42;7132081381";"2;9297500849"
202200028879;3;3;2022;02:30;5;66;2;1;1;6;"42;7023000000";"2;8973900000"
202200028880;3;3;2022;15:10;1;64;2;1;3;3;"43;4887898162";" -1;5085923672"
202200028881;6;2;2022;21:00;3;62;1;1;3;6;"50;4952050000";"2;9115340000"
202200028882;4;3;2022;14:20;1;61;2;1;1;2;"48;4328640000";"0;0948130000"
202200028883;4;3;2022;13:05;1;59;2;2;1;3;"50;6392114889";"2;9930576831"
202200028884;4;3;2022;19:15;5;59;2;1;1;6;"50;6546760966";"3;0513539313"
202200028885;4;3;2022;16:40;1;54;2;1;1;3;"48;6996047285";"6;2165611982"
202200028886;4;3;2022;15:15;1;54;2;1;1;4;"48;7032372044";"6;2287706137"
202200028887;3;3;2022;15:30;1;54;2;1;1;2;"48;6815942567";"6;1747616529"
202200028888;2;3;2022;11:40;1;54;2;2;1;3;"48;6882250000";"6;2081270000"
202200028889;4;3;2022;10:20;1;51;2;2;1;2;"49;2603014280";"4;0474399924"
202200028890;4;3;2022;08:10;1;51;2;3;1;1;"49;2547597037";"4;0320910513"
202200028891;3;3;2022;17:10;1;51;2;1;1;7;"49;2622222428";"4;0424323082"
202200028892;2;3;2022;06:55;5;51;2;1;1;3;"49;0454540573";"3;9592288435"
202200028893;4;3;2022;15:14;1;51;2;2;1;5;"48;9547000000";"4;3522900000"
202200028894;2;3;2022;13:40;1;50;2;3;1;2;"49;6425400000";" -1;6100900000"
202200028895;4;3;2022;17:33;1;49;2;1;1;1;"47;4685100000";" -0;5229600000"
202200028896;4;3;2022;14:14;1;49;2;1;1;6;"47;4260000000";" -0;5260500000"
202200028897;31;8;2022;06:40;2;93;1;1;1;7;"48;8730079962";"2;4352838986"
202200028898;4;3;2022;08:24;1;49;2;1;2;7;"47;4690100000";" -0;6031800000"
202200028899;4;3;2022;20:50;5;47;2;1;2;3;"44;1822300000";"0;6504700000"
202200028900;4;3;2022;20:00;3;38;2;1;1;2;"45;1666200000";"5;7586800000"
202200028901;14;4;2022;00:07;5;62;2;1;1;6;"50;7172200000";"2;2601600000"
202200028902;4;3;2022;15:00;1;35;2;6;1;3;"48;0848300000";" -1;6825000000"
202200028903;3;3;2022;18:50;4;31;1;1;1;7;"43;6248700000";"1;4092600000"
202200028904;2;4;2022;06:15;2;62;1;1;1;2;"50;4686400000";"2;9095170000"
202200028905;4;3;2022;19:30;5;30;2;3;1;3;"44;0812500000";"4;0708600000"
202200028906;24;2;2022;17:55;1;62;2;1;1;6;"50;7154340000";"1;5991950000"
202200028907;4;3;2022;13:05;1;27;2;1;2;6;"49;0344700000";"1;1558200000"
202200028908;30;8;2022;09:10;1;61;2;9;1;3;"48;4378800000";"0;0865300000"
202200028909;4;3;2022;06:25;3;25;2;1;1;1;"47;2441000000";"5;9860100000"
202200028910;1;3;2022;16:50;1;22;1;1;2;7;"48;7669100000";" -3;4808900000"
202200028911;28;8;2022;08:15;1;83;2;1;1;6;"43;1274200000";"5;9048500000"
202200028912;2;3;2022;20:47;5;18;2;3;2;3;"47;0982010000";"2;3690270000"
202200028913;30;3;2022;18:15;1;95;2;1;1;6;"48;9768322345";"2;3287904263"
202200028914;4;3;2022;20:58;5;17;2;2;1;3;"46;1589900000";" -1;1616300000"
202200028915;30;8;2022;05:16;3;976;2;1;1;1;" -12;7683700000";"45;2243100000"
202200028916;4;3;2022;13:20;1;17;2;9;1;3;"46;1595300000";" -1;1031100000"
202200028917;30;8;2022;11:30;1;973;2;1;1;1;"4;9324900000";" -52;3083900000"
202200028918;4;3;2022;04:50;5;14;2;1;1;3;"49;1847500000";" -0;3602500000"
202200028919;4;3;2022;07:15;1;13;2;1;1;1;"43;2900000000";"5;4200000000"
202200028920;29;8;2022;21:55;5;973;2;6;1;3;"4;9076678529";" -52;3225834966"
202200028921;4;3;2022;18:20;2;11;2;6;2;6;"43;2050600000";"2;3308300000"
202200028922;30;8;2022;13:30;1;69;2;3;1;3;"45;7488600000";"4;8415000000"
202200028923;3;3;2022;08:58;1;10;2;6;1;3;"48;2756900000";"4;0781900000"
202200028924;29;8;2022;17:50;1;972;1;6;1;2;"14;5941400000";" -60;9823300000"
202200028925;4;3;2022;00:15;3;09;2;1;1;6;"43;1337600000";"1;6248130000"
202200028926;4;3;2022;07:40;1;06;2;1;1;6;"43;6591080000";"7;1485000000"
202200028927;18;8;2022;16:40;1;972;1;6;1;3;"14;6256300000";" -60;9792700000"
202200028928;4;3;2022;11:10;1;75;2;4;1;3;"48;8192140000";"2;3291530000"
202200028929;30;8;2022;11:05;1;972;2;9;1;6;"14;6078700000";" -61;0675200000"
202200028930;4;3;2022;05:55;5;75;2;1;1;6;"48;8208180000";"2;3218010000"
202200028931;30;8;2022;07:55;1;69;2;1;1;6;"45;6964600000";"4;8209100000"
202200028932;2;3;2022;06:00;5;75;2;1;1;2;"48;8523600000";"2;2523500000"
202200028933;1;3;2022;09:30;1;75;2;4;1;2;"48;8265125231";"2;3916479945"
202200028934;30;8;2022;10:45;1;971;1;1;1;1;"16;2791618236";" -61;5099620819"
202200028935;4;3;2022;09:03;1;75;2;5;1;3;"48;8419120000";"2;3295980000"
202200028936;28;8;2022;22:40;3;88;2;1;1;6;"48;1622300000";"6;4636300000"
202200028937;4;3;2022;13:40;1;75;2;3;1;2;"48;8981700000";"2;3495200000"
202200028938;29;8;2022;20:18;1;87;2;2;1;3;"45;8260500000";"1;2680100000"
202200028939;4;3;2022;07:40;2;75;2;1;1;3;"48;9006740000";"2;3211390000"
202200028940;4;3;2022;15:50;1;75;2;3;1;3;"48;8528880000";"2;2810740000"
202200028941;22;7;2022;08:20;1;84;2;3;7;6;"44;0422600000";"5;0362000000"
202200028942;4;3;2022;18:23;2;75;2;4;1;6;"48;8317440000";"2;3443920000"
202200028943;27;8;2022;10:40;1;83;2;1;1;6;"43;4247000000";"6;7611200000"
202200028944;4;3;2022;13:15;1;75;2;4;1;3;"48;8172590000";"2;4555140000"
202200028945;29;8;2022;16:07;1;80;2;1;1;3;"49;9184800000";"2;3046600000"
202200028946;3;3;2022;17:50;1;75;2;2;1;3;"48;8468480000";"2;3694110000"
202200028947;3;3;2022;17:40;1;75;2;5;1;3;"48;8446710000";"2;4057360000"
202200028948;4;3;2022;18:58;5;75;2;2;1;2;"48;8628250000";"2;3134580000"
202200028949;4;3;2022;17:11;1;75;2;1;1;6;"48;8628870000";"2;3237950000"
202200028950;4;3;2022;14:20;1;75;2;3;1;7;"48;8550600000";"2;3616780000"
202200028951;29;8;2022;20:35;2;77;2;2;1;3;"48;8398871953";"2;6294398300"
202200028952;2;3;2022;14:00;1;94;2;2;1;2;"48;8027600000";"2;4105400000"
202200028953;4;3;2022;21:00;5;94;2;1;1;1;"48;8015300000";"2;4939300000"
202200028954;30;8;2022;15:15;1;77;2;1;1;4;"48;8524000000";"2;7621000000"
202200028955;3;3;2022;11:45;1;94;2;2;1;1;"48;8212700000";"2;4719000000"
202200028956;28;8;2022;17:15;1;76;2;1;1;6;"49;5445500000";"0;1902700000"
202200028957;4;3;2022;13:45;1;94;2;2;1;3;"48;8100900000";"2;3407500000"
202200028958;3;3;2022;08:00;1;94;2;1;1;3;"48;7962000000";"2;3515900000"
202200028959;29;8;2022;17:55;1;71;2;4;1;6;"46;3159100000";"4;8330000000"
202200028960;4;3;2022;13:50;1;94;2;2;1;3;"48;7825400000";"2;4944600000"
202200028961;30;8;2022;18:50;1;69;2;1;2;2;"45;8086400000";"4;9041400000"
202200028962;3;3;2022;12:35;1;94;2;2;1;1;"48;8349600000";"2;5472000000"
202200028963;4;3;2022;20:00;5;94;2;1;1;7;"48;7520700000";"2;5027600000"
202200028964;29;8;2022;17:20;1;67;2;3;1;3;"48;5887200000";"7;6972300000"
202200028965;4;3;2022;17:00;1;94;2;2;1;6;"48;7494000000";"2;5084000000"
202200028966;30;8;2022;15:00;1;64;2;1;1;2;"43;3628500000";" -1;6954800000"
202200028967;3;3;2022;18:25;2;94;2;1;1;3;"48;8145900000";"2;4107100000"
202200028968;29;8;2022;11:30;1;63;2;1;1;6;"45;7769500000";"3;0797400000"
202200028969;4;3;2022;16:07;1;93;2;2;1;3;"48;9572700000";"2;5450100000"
202200028970;4;3;2022;10:59;1;93;2;2;1;3;"48;9165500000";"2;5315400000"
202200028971;30;8;2022;17:25;1;59;2;1;1;4;"50;6784426355";"3;0638927221"
202200028972;4;3;2022;08:40;1;93;2;1;1;2;"48;8679100000";"2;4464600000"
202200028973;30;8;2022;15:40;1;54;2;4;1;1;"48;7055183211";"6;1959108710"
202200028974;4;3;2022;13:25;1;93;2;1;1;3;"48;9270690000";"2;3889220000"
202200028975;3;3;2022;13:25;1;93;2;1;1;3;"48;9208640000";"2;3836460000"
202200028976;29;8;2022;17:50;1;50;2;2;1;3;"49;6364600000";" -1;6257300000"
202200028977;4;3;2022;10:35;1;92;2;1;1;2;"48;8429915921";"2;2135690302"
202200028978;4;3;2022;08:35;1;92;2;1;1;3;"48;8899100000";"2;2601870000"
202200028979;30;8;2022;19:03;1;45;2;1;1;3;"47;9295179042";"1;8382476568"
202200028980;3;3;2022;23:35;5;92;2;9;1;3;"48;9356081708";"2;2720945626"
202200028981;30;8;2022;18:35;1;44;2;1;1;6;"47;2025720000";" -1;5379150000"
202200028982;4;3;2022;14:45;1;92;2;1;1;6;"48;9080374952";"2;2416528314"
202200028983;30;8;2022;07:50;1;44;2;1;1;3;"47;2109600000";" -1;6259400000"
202200028984;3;3;2022;08:05;1;92;2;1;1;2;"48;9278037901";"2;2468872964"
202200028985;2;3;2022;22:30;5;92;2;2;1;3;"48;9273928788";"2;2470062524"
202200028986;29;8;2022;04:40;3;44;1;2;1;3;"47;2832200000";" -2;3159200000"
202200028987;3;3;2022;07:20;1;92;2;1;1;3;"48;9010550826";"2;3053662926"
202200028988;30;8;2022;21:50;5;37;2;3;1;3;"47;3948200000";"0;6713000000"
202200028989;5;3;2022;16:50;1;2A;1;1;4;7;"41;8683820000";"9;0150410000"
202200028990;5;3;2022;09:20;1;41;1;1;8;1;"47;4905580000";"1;8074660000"
202200028991;30;8;2022;15:06;1;37;2;3;1;6;"47;3797017136";"0;6717163324"
202200028992;4;3;2022;19:25;4;974;2;1;1;1;" -21;2784760000";"55;4984620000"
202200028993;30;8;2022;16:15;1;35;2;6;1;3;"48;0812900000";" -1;6751600000"
202200028994;4;3;2022;22:20;3;62;1;1;1;7;"50;9304850000";"2;0715450000"
202200028995;4;3;2022;07:15;2;59;1;1;1;3;"50;5876240000";"2;9214300000"
202200028996;30;8;2022;17:45;1;35;2;1;1;2;"48;0962982740";" -1;6604000330"
202200028997;4;3;2022;17:30;1;60;2;9;1;3;"49;2240190000";"2;8929230000"
202200028998;30;8;2022;15:10;1;33;2;6;1;2;"44;7757800000";" -0;6427500000"
202200028999;4;3;2022;16:00;1;50;1;1;1;6;"48;7373710000";" -1;2943700000"
202200029000;29;8;2022;15:30;1;33;2;1;1;2;"44;8044600000";" -0;5926100000"
202200029001;5;3;2022;07:00;1;69;2;3;1;3;"45;6127027324";"4;7980910540"
202200029002;31;8;2022;00:05;5;29;2;6;1;6;"48;5640300560";" -3;8389377590"
202200029003;30;8;2022;17:25;1;29;2;9;1;2;"47;8960200000";" -3;9115900000"
202200029004;5;3;2022;02:00;3;89;1;1;1;7;"48;2523340000";"3;4810890000"
202200029005;29;8;2022;07:10;2;17;1;1;1;1;"45;7680800000";" -0;6456200000"
202200029006;30;8;2022;14:40;1;17;2;1;1;2;"45;6258200000";" -0;9996700000"
202200029007;29;8;2022;16:35;1;13;2;1;1;3;"43;2952169791";"5;4251614288"
202200029008;30;8;2022;03:30;5;13;2;1;1;2;"43;2934596381";"5;4029653966"
202200029009;30;8;2022;12:25;1;13;2;9;1;3;"43;2862800000";"5;5872900000"
202200029010;30;8;2022;12:05;1;13;2;3;1;1;"43;2939800000";"5;5691800000"
202200029011;30;8;2022;16:40;1;08;2;9;1;2;"49;7554124972";"4;7085396051"
202200029012;30;8;2022;13:29;1;06;2;1;1;2;"43;6818330000";"6;9610480000"
202200029013;29;8;2022;13:30;1;05;2;1;1;4;"44;5646647032";"6;0903847218"
202200029014;30;8;2022;01:15;3;03;1;4;1;2;"46;5777100000";"3;3762200000"
202200029015;30;8;2022;17:10;1;03;1;1;1;1;"46;3572000000";"2;5663500000"
202200029016;30;8;2022;11:47;1;03;2;1;2;1;"46;3629300000";"2;5561400000"
202200029017;30;8;2022;14:25;1;75;2;1;1;3;"48;8168510000";"2;3362100000"
202200029018;29;8;2022;09:10;1;75;2;1;1;4;"48;8198740000";"2;3743350000"
202200029019;30;8;2022;11:00;1;75;2;3;1;3;"48;8443870000";"2;3328850000"
202200029020;30;8;2022;01:42;5;75;2;7;1;2;"48;8532773873";"2;3433977365"
202200029021;30;8;2022;16:45;1;75;2;7;1;3;"48;8647550000";"2;3986180000"
202200029022;30;8;2022;20:50;5;75;2;1;1;6;"48;8972070000";"2;3565820000"
202200029023;29;8;2022;10:00;1;75;2;2;1;3;"48;8808490000";"2;3125520000"
202200029024;29;8;2022;14:30;1;75;2;2;1;3;"48;8362230000";"2;3715310000"
202200029025;30;8;2022;19:30;1;75;2;2;1;3;"48;8317000000";"2;3979550000"
202200029026;29;8;2022;19:45;1;75;2;3;1;3;"48;8644050000";"2;3690440000"
202200029027;30;8;2022;18:55;1;75;2;3;1;6;"48;8670880000";"2;3160870000"
202200029028;30;8;2022;15:25;1;75;2;3;1;2;"48;8605350000";"2;2956460000"
202200029029;29;8;2022;23:07;5;75;2;1;1;1;"48;8267500000";"2;3396910000"
202200029030;29;8;2022;14:45;1;94;2;1;1;6;"48;8464300000";"2;4347900000"
202200029031;29;8;2022;18:00;1;94;2;2;1;6;"48;8010000000";"2;4871500000"
202200029032;30;8;2022;12:27;1;94;2;1;1;3;"48;7996410000";"2;4324930000"
202200029033;30;8;2022;10:00;1;94;2;9;1;3;"48;8080000000";"2;3995400000"
202200029034;29;8;2022;18:50;1;94;2;7;1;3;"48;7630000000";"2;4795800000"
202200029035;30;8;2022;21:41;5;94;2;2;1;6;"48;8326000000";"2;5437700000"
202200029036;30;8;2022;16:47;1;94;2;1;1;6;"48;7973000000";"2;5247100000"
202200029037;30;8;2022;18:45;1;93;2;1;1;3;"48;9091865883";"2;3328861983"
202200029038;30;8;2022;08:50;1;93;2;7;1;3;"48;9069865737";"2;3266723701"
202200029039;29;8;2022;22:00;5;93;2;3;1;3;"48;8938143189";"2;4162036884"
202200029040;29;8;2022;15:15;1;93;2;4;1;2;"48;8471700000";"2;5415800000"
202200029041;30;8;2022;08:45;1;93;2;3;1;5;"48;9497526213";"2;3414859499"
202200029042;30;8;2022;06:30;2;93;2;1;2;6;"48;8945175227";"2;4814617595"
202200029043;30;8;2022;11:00;1;93;2;1;8;6;"48;9172040558";"2;3819595867"
202200029044;30;8;2022;17:50;1;92;2;2;1;3;"48;9330067873";"2;3311067819"
202200029045;4;5;2022;11:35;1;92;2;1;1;3;"48;8876300000";"2;1693300000"
202200029046;29;8;2022;14:20;1;92;2;1;1;6;"48;8123229770";"2;3143802583"
202200029047;30;8;2022;11:50;1;92;2;2;1;7;"48;9000100000";"2;3063000000"
202200029048;30;8;2022;15:55;1;92;2;2;1;3;"48;8352955335";"2;2425482869"
202200029049;29;8;2022;10:45;1;51;2;6;1;7;"48;7014660000";"4;5883580000"
202200029050;30;8;2022;08:45;1;38;1;3;1;1;"45;4510540000";"4;8231700000"
202200029051;31;8;2022;08:40;1;74;1;1;1;2;"45;9877340000";"6;1281610000"
202200029052;30;8;2022;22:17;4;69;1;6;3;1;"45;6926500000";"5;0776310000"
202200029053;31;8;2022;16:50;1;81;1;1;1;6;"43;8575080000";"2;3297240000"
202200029054;30;8;2022;14:15;1;38;1;9;1;3;"45;4777296593";"4;8004945605"
202200029055;30;8;2022;17:30;1;68;1;6;1;3;"48;1160970000";"7;5356640000"
202200029056;29;8;2022;23:05;3;67;1;9;1;1;"48;7254360000";"7;2996750000"
202200029057;31;8;2022;18:00;1;51;1;1;2;3;"49;0041900258";"4;4008693099"
202200029058;31;8;2022;11:00;1;41;1;1;1;2;"47;6003350000";"1;1073340000"
202200029059;30;8;2022;17:05;1;37;1;1;1;4;"47;2039620805";"0;6529355049"
202200029060;26;8;2022;19:30;1;34;1;1;1;7;"43;5301000000";"3;6955150000"
202200029061;31;8;2022;17:00;1;57;2;1;1;6;"49;1864160000";"6;4897120000"
202200029062;26;8;2022;05:00;3;2B;1;1;1;1;"42;5701610000";"8;8292850000"
202200029063;16;8;2022;17:00;1;2B;2;1;1;3;"42;5639390000";"8;7542370000"
202200029064;30;8;2022;12:50;1;80;2;9;1;2;"50;0386310000";"1;4715520000"
202200029065;29;8;2022;10:20;1;42;2;1;1;2;"45;6350130000";"4;3923100000"
202200029066;31;8;2022;13:25;1;34;1;1;1;7;"43;3780100000";"3;4200690000"
202200029067;31;8;2022;01:50;5;25;2;1;2;6;"47;4248030000";"6;8832510000"
202200029068;31;8;2022;14:35;1;01;2;1;1;7;"45;7184350000";"5;6662200000"
202200029069;31;8;2022;17:00;1;50;1;1;1;7;"48;5453470000";" -1;4259370000"
202200029070;29;8;2022;17:00;1;64;1;1;6;6;"43;3386490000";" -0;9767340000"
202200029071;29;8;2022;18:20;1;64;1;1;2;1;"43;4634250000";" -1;2719200000"
202200029072;30;8;2022;18:30;2;10;1;1;2;3;"48;0086300000";"4;3767860000"
202200029073;31;8;2022;10:45;1;16;1;1;1;3;"45;4924850000";"0;1478050000"
202200029074;29;8;2022;17:37;1;85;1;2;1;3;"46;4541700000";" -1;4031440000"
202200029075;30;8;2022;11:20;1;85;1;1;1;3;"46;7027471300";" -0;8866640980"
202200029076;27;8;2022;15:10;1;68;2;3;1;1;"47;8033760000";"7;2409410000"
202200029077;31;8;2022;04:13;3;72;1;1;1;2;"48;0526400000";"0;3207060000"
202200029078;31;8;2022;07:20;2;13;1;1;1;7;"43;5990410000";"5;3156230000"
202200029079;26;8;2022;18:50;1;06;2;1;1;1;"43;6022500000";"7;0162670000"
202200029080;31;8;2022;07:50;1;85;1;1;1;1;"46;8069700000";" -1;9796140000"
202200029081;31;8;2022;11:00;1;85;1;1;1;3;"46;8694800000";" -2;0599700000"
202200029082;31;8;2022;08:30;1;31;2;3;1;3;"43;5693460000";"1;5174440000"
202200029083;31;8;2022;10:30;1;976;1;1;1;7;" -12;8023120000";"45;1274590000"
202200029084;31;8;2022;07:00;1;95;1;1;1;6;"49;0857165526";"2;5483319163"
202200029085;29;8;2022;15:15;1;13;1;1;1;6;"43;8842840000";"4;9235920000"
202200029086;31;8;2022;14:55;1;29;2;3;1;2;"47;8683362590";" -3;5468829273"
202200029087;26;8;2022;12:50;1;06;2;1;1;3;"43;8757000000";"7;0032370000"
202200029088;30;8;2022;16:40;1;71;2;1;1;2;"46;2774710000";"4;8017820000"
202200029089;26;8;2022;15:10;1;01;2;3;1;3;"46;2481110000";"5;1362930000"
202200029090;17;8;2022;18:10;1;69;2;1;1;1;"45;6962020000";"5;0192660000"
202200029091;30;8;2022;11:30;1;17;1;1;1;4;"45;7020880000";" -0;6448250000"
202200029092;30;8;2022;08:05;1;53;1;1;1;7;"47;9433680000";" -0;8649920000"
202200029093;29;8;2022;17:30;1;35;2;1;1;6;"48;1090290000";" -1;2152500000"
202200029094;31;8;2022;14:15;1;27;2;1;1;6;"49;2815170000";"1;4604200000"
202200029095;31;8;2022;06:10;3;27;1;1;1;6;"49;0137940000";"1;2490510000"
202200029096;31;8;2022;12:10;1;02;2;1;1;3;"48;9745550000";"3;3081190000"
202200029097;29;8;2022;15:22;1;83;1;1;1;3;"43;1252500000";"5;9076700000"
202200029098;30;8;2022;17:10;1;69;1;1;2;2;"45;7934743368";"4;8755344748"
202200029099;30;8;2022;05:40;3;69;1;1;1;3;"45;7199784998";"4;9360120296"
202200029100;29;8;2022;21:20;5;69;1;1;1;4;"45;7550700000";"4;9082900000"
202200029101;30;8;2022;19:30;1;94;1;1;1;3;"48;8083132183";"2;3403117553"
202200029102;30;8;2022;18:30;1;91;1;1;1;2;"48;6777370000";"2;3375680000"
202200029103;30;8;2022;15:00;1;92;1;1;1;3;"48;9153080015";"2;2201101228"
202200029104;30;8;2022;17:45;1;77;1;1;1;2;"48;8311081155";"2;6383618217"
202200029105;30;8;2022;14:15;1;94;1;1;1;3;"48;8165048505";"2;4525248344"
202200029106;9;1;2022;11:15;1;14;2;2;1;7;"49;1625730000";" -0;3485040000"
202200029107;10;2;2022;12:30;1;73;2;6;1;6;"45;5035530000";"6;0540250000"
202200029108;13;2;2022;19:02;3;73;1;2;1;3;"45;5519390000";"6;1603210000"
202200029109;17;4;2022;17:00;1;73;1;2;1;1;"45;5298840000";"6;1175980000"
202200029110;29;8;2022;21:56;5;95;2;6;1;3;"48;9805140000";"2;4234740000"
202200029111;29;8;2022;19:55;1;68;2;3;1;1;"47;7971700000";"7;3218000000"
202200029112;27;8;2022;12:45;1;76;2;2;1;6;"49;4990000000";"0;0945800000"
202200029113;7;5;2022;10:20;1;72;1;1;1;6;"47;8343135599";" -0;1375150683"
202200029114;29;8;2022;14:20;1;973;2;1;1;7;"4;9210376143";" -52;3220577836"
202200029115;29;8;2022;07:10;1;973;2;3;1;3;"4;9298800000";" -52;3041200000"
202200029116;29;8;2022;13:10;1;69;2;1;1;6;"45;7533900000";"4;8452700000"
202200029117;28;8;2022;08:23;2;2B;1;1;1;1;"42;6846800000";"9;4167100000"
202200029118;29;8;2022;21:48;5;2A;2;7;1;3;"41;9456684452";"8;7699072365"
202200029119;26;8;2022;13:00;1;95;2;1;1;6;"48;9832730000";"2;4485350000"
202200029120;25;8;2022;17:35;1;90;2;9;1;3;"47;6337500000";"6;8389900000"
202200029121;27;8;2022;23:44;3;87;2;1;1;6;"45;7903200000";"1;1693700000"
202200029122;26;8;2022;15:55;1;87;2;1;1;6;"45;8294800000";"1;2447300000"
202200029123;24;8;2022;12:34;1;87;2;2;1;3;"45;8214000000";"1;2403400000"
202200029124;22;8;2022;11:30;1;87;2;1;1;6;"45;8821100000";"1;2901400000"
202200029125;27;8;2022;19:28;2;83;2;1;1;2;"43;0951240000";"5;8330760000"
202200029126;28;8;2022;13:10;1;76;1;1;1;7;"49;3573262763";"1;0331803308"
202200029127;28;8;2022;02:30;5;72;2;1;1;7;"47;9966971218";"0;2348899839"
202200029128;28;8;2022;11:20;1;71;1;1;1;7;"46;6462037258";"4;3360580206"
202200029129;30;8;2022;00:50;5;69;2;4;1;7;"45;7763600000";"4;9399200000"
202200029130;29;8;2022;08:00;1;68;2;2;1;3;"48;0820300000";"7;3603600000"
202200029131;27;8;2022;13:30;1;67;2;1;1;2;"48;5409900000";"7;7600100000"
202200029132;26;8;2022;16:35;1;67;2;1;1;2;"48;5950000000";"7;7103500000"
202200029133;26;8;2022;08:10;1;67;2;1;1;6;"48;5624000000";"7;6947100000"
202200029134;26;8;2022;16:47;1;66;2;3;1;3;"42;7046600000";"2;8884800000"
202200029135;28;8;2022;16:24;1;63;2;1;1;6;"45;7685980937";"3;0612748861"
202200029136;29;8;2022;13:10;1;61;2;1;1;3;"48;4435800000";"0;1107900000"
202200029137;29;7;2022;21:25;2;59;2;1;1;6;"50;7152220359";"3;1514078379"
202200029138;29;8;2022;15:40;1;59;2;1;1;6;"50;7148495388";"3;1694456935"
202200029139;20;8;2022;19:30;1;59;2;4;1;3;"50;6487983432";"2;9752993584"
202200029140;25;8;2022;23:15;5;52;2;3;1;3;"48;6374580000";"4;9433690000"
202200029141;29;8;2022;17:40;1;51;2;2;1;3;"49;2512086352";"4;0343776345"
202200029142;28;8;2022;03:27;3;49;2;1;1;2;"47;4526900000";" -0;5146900000"
202200029143;29;8;2022;07:57;1;49;2;1;1;6;"47;5193070000";" -0;5873620000"
202200029144;26;8;2022;19:08;1;45;2;1;1;7;"48;0156650000";"2;7327270000"
202200029145;29;8;2022;16:55;1;44;1;1;1;2;"47;2566600000";" -1;5420900000"
202200029146;29;8;2022;20:20;2;42;2;1;1;2;"46;0364700000";"4;0683900000"
202200029147;29;8;2022;13:28;1;37;1;1;1;3;"47;3811500000";"0;7480300000"
202200029148;29;8;2022;09:00;1;37;2;4;1;6;"47;3954768750";"0;6563687325"
202200029149;29;8;2022;19:00;1;35;2;6;1;3;"48;0928992873";" -1;6398945451"
202200029150;29;8;2022;19:25;1;33;2;1;1;3;"44;8353594801";" -0;5404248834"
202200029151;29;8;2022;14:10;1;33;2;1;1;6;"44;8428400000";" -0;5593600000"
202200029152;29;8;2022;10:19;1;33;2;1;1;6;"44;7947800000";" -0;6045400000"
202200029153;29;8;2022;06:00;5;31;2;1;1;3;"43;6271660000";"1;4786390000"
202200029154;29;8;2022;12:10;1;27;2;3;1;6;"49;0794400000";"1;4754300000"
202200029155;29;8;2022;10:30;1;17;2;6;1;3;"46;1601000000";" -1;1024000000"
202200029156;16;4;2022;05:20;3;76;1;1;1;7;"49;5095500000";"0;2727480000"
202200029157;22;3;2022;05:40;2;60;1;1;1;6;"49;2157451039";"2;4654436109"
202200029158;16;4;2022;14:20;1;59;1;1;1;7;"50;4846410000";"3;1858850000"
202200029159;14;4;2022;08:20;1;83;1;1;1;4;"43;1437595812";"6;0225244760"
202200029160;14;4;2022;06:15;2;94;1;1;1;6;"48;7950670141";"2;3452843000"
202200029161;14;4;2022;19:50;2;78;1;1;1;2;"48;9261600000";"1;9969400000"
202200029162;14;4;2022;11:00;1;92;1;1;1;2;"48;9280993721";"2;2383538616"
202200029163;13;4;2022;18:40;1;92;1;1;1;2;"48;8429820546";"2;2224709619"
202200029164;13;4;2022;15:45;1;92;1;1;1;4;"48;9362604392";"2;2896237179"
202200029165;13;4;2022;11:45;1;93;1;1;3;6;"48;9614000000";"2;4693300000"
202200029166;13;4;2022;20:50;2;93;1;1;1;5;"48;8791960301";"2;4484241199"
202200029167;13;4;2022;16:20;1;93;1;1;2;6;"48;9601900000";"2;5400000000"
202200029168;13;4;2022;11:00;1;93;1;1;2;2;"48;8869396963";"2;4760490656"
202200029169;13;4;2022;11:55;1;94;1;1;3;6;"48;8325700000";"2;5332900000"
202200029170;23;1;2022;18:30;3;36;1;1;1;5;"46;7647700000";"1;6735400000"
202200029171;12;4;2022;21:15;5;987;2;9;1;1;" -17;5321410000";" -149;5437630000"
202200029172;13;4;2022;10:40;1;976;2;6;1;3;" -12;7904600000";"45;2227300000"
202200029173;13;4;2022;21:15;5;69;2;3;1;2;"45;7224100000";"4;8422400000"