Accident_Id;jour;mois;an;hrmn;lum;dep;agg;int;atm;col;lat;long
202200029174;13;4;2022;17:10;1;69;2;1;1;6;"45;7611973224";"4;8575176119"
202200029175;13;4;2022;13:00;1;69;2;3;1;6;"45;6973800000";"4;8721200000"
202200029176;13;4;2022;08:15;1;69;2;3;1;3;"45;7664600000";"4;8495000000"
202200029177;12;4;2022;01:10;5;972;1;1;1;2;"14;6153200000";" -61;0135300000"
202200029178;13;4;2022;20:30;2;69;2;3;1;7;"45;7798100000";"4;8116400000"
202200029179;13;4;2022;19:47;2;69;2;1;1;6;"45;7678300000";"4;8320800000"
202200029180;13;4;2022;11:50;1;69;2;4;1;6;"45;7627000000";"4;8374800000"
202200029181;13;4;2022;08:25;1;69;2;9;1;2;"45;7854245804";"4;8481062055"
202200029182;13;4;2022;17:35;1;2A;2;3;1;5;"41;9135768000";"8;7253014000"
202200029183;13;4;2022;12:10;1;2A;2;1;1;3;"41;9366400000";"8;7535300000"
202200029184;12;4;2022;20:50;5;91;2;1;1;3;"48;6453920000";"2;2975180000"
202200029185;10;4;2022;17:30;1;91;2;1;1;6;"48;7147700000";"2;3607600000"
202200029186;5;4;2022;18:45;1;88;2;3;1;3;"48;1772900000";"6;4269300000"
202200029187;13;4;2022;10:00;1;83;2;1;1;4;"43;1285100000";"5;9150500000"
202200029188;13;4;2022;15:35;1;83;2;1;1;6;"43;1271090000";"5;7861320000"
202200029189;12;4;2022;17:35;1;83;1;1;1;5;"43;1661600000";"6;1195100000"
202200029190;9;4;2022;12:00;1;71;2;1;1;6;"46;3055600000";"4;7891700000"
202200029191;12;4;2022;19:25;2;69;2;1;1;5;"45;7546700000";"4;9352900000"
202200029192;13;4;2022;22:10;5;69;2;4;1;3;"45;9806000000";"4;7188600000"
202200029193;12;4;2022;07:45;1;67;2;1;1;6;"48;5712000000";"7;7691800000"
202200029194;11;4;2022;12:55;1;64;2;3;1;3;"43;3046400000";" -0;3681900000"
202200029195;11;4;2022;17:00;1;64;2;6;1;3;"43;4965900000";" -1;5380900000"
202200029196;13;4;2022;18:23;1;59;2;3;1;6;"50;7056400000";"3;1798800000"
202200029197;13;4;2022;19:42;1;54;2;1;1;3;"48;6285700000";"6;2969800000"
202200029198;13;4;2022;16:54;1;50;1;1;1;6;"49;1054300000";" -1;0939100000"
202200029199;29;1;2022;18:31;2;45;2;1;8;3;"47;9052800000";"1;8970500000"
202200029200;13;4;2022;13:53;1;45;2;2;8;3;"47;9013000000";"1;9039200000"
202200029201;20;6;2022;22:00;3;82;1;1;1;6;"44;2652090000";"1;8598080000"
202200029202;12;3;2022;17:50;1;42;2;1;1;7;"45;4555800000";"4;5004200000"
202200029203;21;6;2022;16:00;1;71;2;3;1;3;"46;6429880000";"5;1750331000"
202200029204;10;4;2022;15:31;1;42;2;2;1;3;"45;4461100000";"4;4001900000"
202200029205;2;6;2022;16:35;1;61;1;1;1;2;"48;6964350000";"0;1240900000"
202200029206;20;6;2022;17:50;1;12;1;1;1;6;"44;6777930000";"2;8511940000"
202200029207;18;6;2022;16:30;1;46;1;1;1;6;"44;9432810000";"1;9090680000"
202200029208;12;4;2022;18:40;1;41;2;1;2;2;"47;6065400000";"1;3534800000"
202200029209;13;4;2022;11:30;1;37;2;1;1;7;"47;3409500000";"0;6551000000"
202200029210;19;6;2022;19:45;2;34;1;3;1;1;"43;3897840000";"3;5372110000"
202200029211;13;4;2022;17:30;1;35;2;9;1;3;"48;1356329913";" -1;6601626575"
202200029212;21;6;2022;10:45;1;25;2;4;7;3;"47;5206330000";"6;6595250000"
202200029213;13;4;2022;07:50;2;35;1;1;5;7;"48;1478610016";" -1;5946859121"
202200029214;21;6;2022;12:40;1;25;1;1;1;5;"47;2539190000";"5;8737710000"
202200029215;12;4;2022;15:00;1;33;2;1;1;6;"44;8053200000";" -0;5865800000"
202200029216;20;6;2022;17:30;1;38;1;1;1;6;"45;1627260000";"5;8139930000"
202200029217;20;6;2022;18:15;1;02;2;1;1;7;"49;8436980000";"3;4873970000"
202200029218;12;4;2022;13:50;1;33;2;2;1;3;"44;8509400000";" -0;5778300000"
202200029219;24;1;2022;17:30;1;13;2;2;1;7;"43;2936400000";"5;4013000000"
202200029220;24;1;2022;14:50;1;13;2;9;1;3;"43;2672600000";"5;3838900000"
202200029221;18;6;2022;11:40;1;01;1;1;1;5;"46;1297460000";"4;9652950000"
202200029222;13;4;2022;15:40;1;31;1;9;2;4;"43;5542900000";"1;4098900000"
202200029223;21;6;2022;13:30;1;58;1;1;1;6;"47;2822170000";"3;9910090000"
202200029224;25;1;2022;13:30;1;13;2;1;1;1;"43;1870822981";"5;6233234947"
202200029225;24;1;2022;16:26;1;10;2;1;7;6;"48;3215000000";"4;1089490000"
202200029226;21;6;2022;06:30;1;54;1;1;1;1;"49;3625745742";"5;9074419745"
202200029227;13;4;2022;07:54;1;17;2;6;1;3;"46;1429800000";" -1;1536100000"
202200029228;25;1;2022;11:00;1;09;2;1;1;2;"43;1073800000";"1;6180400000"
202200029229;21;6;2022;08:45;1;05;2;3;1;3;"44;5493890000";"6;4847820000"
202200029230;19;1;2022;12:11;1;06;2;1;1;6;"43;6982400000";"7;2873200000"
202200029231;13;4;2022;18:10;1;13;2;1;1;3;"43;6376400000";"5;0953600000"
202200029232;20;6;2022;18:00;1;50;1;9;1;6;"49;0185080000";" -1;4878590000"
202200029233;25;1;2022;17:00;2;75;2;1;1;3;"48;9008200000";"2;3694450000"
202200029234;20;6;2022;13:25;1;09;2;1;1;7;"43;0129710000";"1;6077590000"
202200029235;24;1;2022;11:30;1;75;2;3;1;2;"48;8775043020";"2;2799071670"
202200029236;13;4;2022;20:30;5;13;2;2;1;3;"43;2900874475";"5;3723631015"
202200029237;19;6;2022;06:25;1;60;1;1;8;6;"49;3657750000";"1;7657950000"
202200029238;13;4;2022;20:00;2;13;2;1;1;3;"43;3081200000";"5;4029500000"
202200029239;20;6;2022;10:45;1;73;1;3;1;3;"45;6183710000";"6;3324060000"
202200029240;24;1;2022;19:35;5;75;2;1;1;4;"48;8284710000";"2;3974180000"
202200029241;13;4;2022;18:20;1;13;2;1;1;3;"43;2566300000";"5;4196400000"
202200029242;21;6;2022;19:30;1;04;1;1;1;1;"43;9461450000";"5;8093540000"
202200029243;22;1;2022;06:05;5;75;2;1;1;4;"48;8599300000";"2;4139920000"
202200029244;13;4;2022;21:15;3;13;1;1;1;1;"43;5298200000";"5;4280200000"
202200029245;21;6;2022;17:50;1;04;1;1;1;1;"43;8421030000";"6;1598970000"
202200029246;25;1;2022;20:00;3;75;2;2;1;3;"48;8887870000";"2;3930890000"
202200029247;21;6;2022;14:55;1;48;1;1;1;6;"44;3623050000";"3;5618450000"
202200029248;13;4;2022;07:42;1;01;2;1;1;1;"46;2144600000";"5;2160500000"
202200029249;25;1;2022;09:22;1;75;2;5;1;6;"48;8912650000";"2;3612590000"
202200029250;19;6;2022;20:20;1;67;2;1;1;6;"48;9072340000";"7;5313210000"
202200029251;25;1;2022;08:15;1;75;2;2;1;6;"48;8915540000";"2;3496330000"
202200029252;20;6;2022;16:25;1;34;1;1;7;3;"43;7006130000";"3;8218260000"
202200029253;13;4;2022;11:10;1;75;2;1;2;2;"48;8308070000";"2;4031540000"
202200029254;24;1;2022;09:00;1;75;2;2;1;3;"48;8803210000";"2;2998520000"
202200029255;20;6;2022;21:50;3;13;1;1;1;2;"43;6892100000";"5;0961540000"
202200029256;13;4;2022;09:00;1;75;2;1;2;3;"48;8793790000";"2;2813450000"
202200029257;25;1;2022;15:15;1;75;2;2;1;6;"48;8338820000";"2;3081070000"
202200029258;21;6;2022;10:20;1;986;1;1;1;3;" -13;2805890000";" -176;1928510000"
202200029259;25;1;2022;04:30;5;75;2;1;1;7;"48;8615880000";"2;2976610000"
202200029260;13;4;2022;02:25;5;75;2;3;1;3;"48;8510837286";"2;3444907220"
202200029261;20;6;2022;14:15;1;973;1;9;1;1;"5;4767600000";" -54;0385510000"
202200029262;24;1;2022;15:40;1;75;2;1;1;2;"48;8484100000";"2;3678420000"
202200029263;20;6;2022;12:45;1;973;1;1;1;3;"5;4934770000";" -54;0119650000"
202200029264;13;4;2022;21:00;5;75;2;4;1;2;"48;8895545751";"2;3263469338"
202200029265;24;1;2022;11:30;1;75;2;4;1;3;"48;8444170000";"2;4410600000"
202200029266;21;6;2022;09:40;1;91;1;6;1;2;"48;5681750000";"2;2703340000"
202200029267;25;1;2022;12:20;1;75;2;1;8;2;"48;8632430000";"2;3688330000"
202200029268;13;4;2022;14:45;1;75;2;3;2;6;"48;8857060000";"2;3474050000"
202200029269;25;1;2022;15:40;1;75;2;2;8;3;"48;8752610000";"2;3322910000"
202200029270;13;4;2022;11:50;1;75;2;1;2;6;"48;8839230927";"2;2918036529"
202200029271;17;6;2022;22:20;5;66;2;3;1;3;"42;6058474672";"2;8927382827"
202200029272;25;1;2022;12:06;1;75;2;7;1;3;"48;8758870000";"2;3399460000"
202200029273;21;6;2022;09:25;1;83;1;1;7;3;"43;3220090000";"6;0266180000"
202200029274;13;4;2022;09:00;1;75;2;4;2;6;"48;8528020000";"2;2983400000"
202200029275;25;1;2022;06:45;5;75;2;5;1;3;"48;8748400000";"2;3059990000"
202200029276;21;6;2022;10:05;1;04;2;1;1;6;"43;7864780000";"5;7653760000"
202200029277;12;4;2022;14:00;1;75;2;1;1;6;"48;8454760744";"2;3122411966"
202200029278;9;6;2022;11:20;1;13;2;1;1;1;"43;8362760000";"4;9432040000"
202200029279;25;1;2022;01:00;5;75;2;3;1;6;"48;8540820000";"2;3072270000"
202200029280;13;4;2022;17:00;1;75;2;1;1;6;"48;8416283160";"2;3304500635"
202200029281;21;6;2022;01:50;3;13;1;1;1;1;"43;7868650000";"4;7526140000"
202200029282;24;1;2022;09:05;1;75;2;4;1;3;"48;8611540000";"2;3206480000"
202200029283;12;4;2022;15:30;1;75;2;3;1;3;"48;8212090000";"2;3342980000"
202200029284;20;6;2022;20:10;1;13;2;1;1;3;"43;6414750000";"5;5309510000"
202200029285;24;1;2022;14:36;1;94;2;1;1;2;"48;8152583489";"2;4736737013"
202200029286;17;6;2022;22:20;3;67;1;1;1;6;"48;9234650000";"7;7482630000"
202200029287;11;4;2022;01:05;5;75;2;1;1;2;"48;8299510000";"2;3101530000"
202200029288;25;1;2022;21:35;5;94;2;3;1;2;"48;8131700000";"2;3805400000"
202200029289;13;4;2022;11:10;1;75;2;1;3;3;"48;8641560000";"2;3694650000"
202200029290;25;1;2022;13:25;1;94;2;3;1;3;"48;8026100000";"2;3962200000"
202200029291;9;6;2022;20:30;1;57;2;3;1;3;"49;2172750000";"6;1186710000"
202200029292;25;1;2022;13:40;1;94;2;1;8;6;"48;8447400000";"2;4591500000"
202200029293;21;6;2022;01:30;3;81;1;1;1;6;"43;5708230000";"2;0369820000"
202200029294;13;4;2022;16:25;1;75;2;2;1;6;"48;8793180000";"2;3571050000"
202200029295;25;1;2022;12:35;1;94;2;3;8;3;"48;7693800000";"2;5146200000"
202200029296;24;1;2022;22:40;4;93;2;1;1;6;"49;0031000000";"2;5492900000"
202200029297;13;4;2022;11:35;1;75;2;2;2;3;"48;8571230000";"2;3043090000"
202200029298;19;6;2022;13:30;1;09;1;2;1;3;"43;1806700000";"1;6523480000"
202200029299;25;1;2022;12:20;1;93;2;1;1;6;"48;8624467797";"2;4930975836"
202200029300;19;6;2022;16:30;1;33;1;1;1;6;"44;7679740000";"0;2054680000"
202200029301;13;4;2022;07:30;1;94;2;2;2;3;"48;8412700000";"2;4828400000"
202200029302;25;1;2022;17:20;2;93;2;3;8;3;"48;8969000000";"2;4615900000"
202200029303;12;6;2022;17:10;1;33;1;2;1;3;"44;9823910000";" -0;4077170000"
202200029304;13;4;2022;17:30;1;94;2;1;1;6;"48;8124200000";"2;3616200000"
202200029305;25;1;2022;19:10;4;93;2;1;1;3;"48;9478100000";"2;5327400000"
202200029306;20;6;2022;17:30;1;33;1;2;1;3;"44;7497850000";" -0;5505560000"
202200029307;25;1;2022;20:15;5;93;2;1;1;3;"48;9181407244";"2;3746913551"
202200029308;13;4;2022;18:30;1;94;2;6;1;3;"48;8537400000";"2;4935000000"
202200029309;25;1;2022;12:15;1;92;2;1;1;6;"48;8829465833";"2;2436188906"
202200029310;21;6;2022;18:00;1;27;2;2;1;3;"49;3047380000";"1;1590790000"
202200029311;25;1;2022;11:10;1;92;2;1;1;7;"48;8298700000";"2;2846800000"
202200029312;21;6;2022;17:20;1;76;1;1;1;6;"49;5003820000";"0;3116510000"
202200029313;13;4;2022;09:35;1;94;2;1;3;3;"48;8290000000";"2;4022100000"
202200029314;24;1;2022;10:30;1;92;2;7;1;3;"48;9362019042";"2;2571859062"
202200029315;20;6;2022;17:15;1;59;2;3;1;3;"50;6781231025";"2;9931521416"
202200029316;22;1;2022;20:00;5;92;2;1;1;3;"48;7849135933";"2;3086668849"
202200029317;12;4;2022;18:20;1;94;2;1;1;5;"48;8113513322";"2;5384171307"
202200029318;26;1;2022;15:10;1;47;1;3;1;7;"44;6575880000";"0;5894480000"
202200029319;20;6;2022;17:55;1;13;1;1;1;2;"43;5832350386";"5;4762673311"
202200029320;20;6;2022;16:45;1;13;1;1;1;2;"43;3504330530";"5;3681069612"
202200029321;25;1;2022;11:00;1;41;2;1;1;7;"47;4907300000";"1;2584820000"
202200029322;13;4;2022;14:35;1;94;2;1;8;2;"48;7621700000";"2;5371000000"
202200029323;15;6;2022;17:20;1;54;1;1;1;6;"48;6416600000";"6;1670800000"
202200029324;25;1;2022;16:35;1;84;2;9;1;6;"44;2420750000";"5;0733660000"
202200029325;20;6;2022;12:37;1;33;1;1;1;3;"44;8686220000";" -0;5016180000"
202200029326;25;1;2022;21:30;3;972;2;3;1;3;"14;5759060000";" -60;9647110000"
202200029327;13;4;2022;08:45;1;93;2;2;3;3;"48;8529000000";"2;4260000000"
202200029328;26;1;2022;03:20;3;41;1;1;8;7;"47;5028230000";"2;0071510000"
202200029329;20;6;2022;18:45;1;94;1;1;1;2;"48;7763427485";"2;3462651211"
202200029330;26;1;2022;19:00;3;44;1;1;1;6;"47;3289370000";" -2;1284080000"
202200029331;12;4;2022;17:20;1;93;2;2;1;3;"48;9546750000";"2;3079330000"
202200029332;20;6;2022;15:00;1;92;1;1;1;2;"48;9324848646";"2;2484916319"
202200029333;20;6;2022;14:10;1;78;1;1;1;7;"48;9560300000";"1;9363000000"
202200029334;8;1;2022;15:40;1;67;1;1;1;2;"48;8098790000";"7;9717840000"
202200029335;13;4;2022;14:30;1;93;2;3;2;3;"48;9140400000";"2;3783800000"
202200029336;20;6;2022;17:30;1;93;1;1;1;2;"48;9217000000";"2;3575300000"
202200029337;24;1;2022;14:55;1;57;1;9;1;3;"49;2670310000";"6;2021870000"
202200029338;13;4;2022;18:48;1;92;2;1;1;2;"48;8120987436";"2;2804001569"
202200029339;26;1;2022;08:45;1;51;2;1;9;7;"48;7201030000";"3;5438260000"
202200029340;19;6;2022;16:45;1;93;1;1;1;2;"48;9043535615";"2;4716561041"
202200029341;26;1;2022;16:10;1;59;1;1;1;6;"50;0654865003";"3;3914279935"
202200029342;12;4;2022;11:00;1;92;2;3;1;6;"48;8894214976";"2;1980964392"
202200029343;19;6;2022;16:00;1;93;1;1;1;2;"48;8727600000";"2;4803700000"
202200029344;26;1;2022;06:50;3;59;1;1;1;1;"50;8977257478";"2;2529375553"
202200029345;19;6;2022;00:40;4;93;1;1;1;6;"48;9385733468";"2;4164026735"
202200029346;13;4;2022;12:10;1;92;2;1;2;6;"48;8009470000";"2;2793020000"
202200029347;26;1;2022;00:30;3;79;1;6;5;7;"46;7749500000";" -0;6426140000"
202200029348;19;6;2022;02:00;3;93;1;1;1;7;"48;9265000000";"2;4028500000"
202200029349;13;4;2022;14:10;1;92;2;1;2;6;"48;8977174907";"2;2629008889"
202200029350;25;1;2022;17:20;2;82;2;4;7;1;"44;1608460000";"1;5518720000"
202200029351;13;4;2022;21:50;5;92;2;2;1;3;"48;8309363262";"2;2346239686"
202200029352;25;1;2022;15:30;1;32;2;1;1;5;"43;6296770000";"0;8732550000"
202200029353;18;6;2022;14:00;1;93;1;1;1;4;"48;9508885757";"2;4745512892"
202200029354;13;4;2022;05:30;5;92;2;1;2;6;"48;7956338818";"2;3170420825"
202200029355;24;1;2022;09:15;1;89;2;1;1;1;"48;2868980000";"3;2073210000"
202200029356;18;6;2022;13:30;1;95;1;1;1;3;"49;0429200000";"2;0785500000"
202200029357;25;1;2022;20:00;5;25;2;1;5;5;"47;2280060000";"6;0622320000"
202200029358;18;6;2022;07:15;1;93;1;1;1;2;"48;8638635528";"2;4131602275"
202200029359;20;6;2022;12:00;1;94;1;1;1;2;"48;8172046066";"2;4285178250"
202200029360;26;1;2022;12:00;1;29;2;1;1;6;"48;6688940000";" -3;9152450000"
202200029361;12;4;2022;18:30;1;37;1;2;8;5;"47;5499112661";"0;7877352834"
202200029362;26;1;2022;09:38;1;29;2;7;7;6;"48;5111380000";" -4;0731210000"
202200029363;18;6;2022;23:40;5;94;1;1;1;4;"48;8272864270";"2;4692556276"
202200029364;26;1;2022;07:05;5;06;2;1;1;6;"43;5447080000";"6;9379100000"
202200029365;15;4;2022;10:40;1;74;1;1;1;5;"46;2466470000";"6;6384140000"
202200029366;19;6;2022;02:20;5;31;2;1;1;7;"43;5674000000";"1;4034900000"
202200029367;26;1;2022;18:45;2;73;1;1;1;1;"45;6544850000";"6;3324170000"
202200029368;19;6;2022;18:45;1;75;2;1;1;6;"48;8443320000";"2;3768500000"
202200029369;15;4;2022;12:25;1;68;1;1;1;6;"48;1121810000";"7;1001830000"
202200029370;25;1;2022;14:35;1;18;2;1;7;3;"46;5557540000";"2;2705680000"
202200029371;17;6;2022;16:03;1;07;2;1;1;6;"44;7148600000";"4;6160800000"
202200029372;25;1;2022;16:25;1;16;2;1;1;7;"45;8383566848";"0;3488648683"
202200029373;18;6;2022;18:20;3;974;1;1;3;7;" -20;8776000000";"55;4374600000"
202200029374;14;4;2022;21:00;5;68;2;2;1;1;"48;1108020000";"7;4159490000"
202200029375;26;1;2022;15:30;1;16;1;1;1;7;"45;9833950000";"0;6649730000"
202200029376;24;1;2022;17:45;2;53;2;1;8;3;"48;2922490000";" -0;9172350000"
202200029377;19;6;2022;09:50;1;974;2;3;1;3;" -20;9571400000";"55;6547300000"
202200029378;26;1;2022;07:20;3;40;1;1;1;6;"43;8485180000";" -0;7459550000"
202200029379;19;6;2022;15:00;1;973;2;1;1;7;"4;9318600000";" -52;2905100000"
202200029380;14;4;2022;19:45;1;28;1;1;1;7;"48;4007060000";"1;4106220000"
202200029381;19;6;2022;03:10;5;69;2;1;1;6;"45;7314100000";"4;8239300000"
202200029382;19;1;2022;10:00;1;28;1;6;1;1;"48;5739700000";"1;6711990000"
202200029383;15;4;2022;17:10;1;22;1;1;1;3;"48;5027300000";" -2;4928880000"
202200029384;19;6;2022;06:40;1;2B;2;1;1;7;"42;6711900000";"9;4437300000"
202200029385;26;1;2022;07:00;3;77;1;1;8;6;"48;1490380000";"2;7500560000"
202200029386;19;6;2022;17:06;1;2A;2;1;1;7;"41;9254000000";"8;7344200000"
202200029387;14;4;2022;21:20;3;41;1;1;1;1;"47;6378920000";"0;9443800000"
202200029388;18;6;2022;21:30;2;95;2;1;1;3;"48;9924300000";"2;4553700000"
202200029389;19;6;2022;12:15;1;91;2;1;1;1;"48;6661500000";"2;3277200000"
202200029390;25;1;2022;08:25;2;35;1;1;5;5;"48;1599690000";" -1;8400430000"
202200029391;15;4;2022;15:35;1;61;1;1;1;6;"48;4658220000";"0;1244330000"
202200029392;19;6;2022;22:05;2;91;2;1;2;6;"48;7267350000";"2;3243770000"
202200029393;26;1;2022;15:50;1;06;1;1;1;2;"43;6234950000";"7;0120780000"
202200029394;19;6;2022;18:35;1;91;1;1;1;7;"48;4165600000";"2;1305400000"
202200029395;15;4;2022;17:00;1;74;2;9;1;3;"45;9338220000";"6;1864510000"
202200029396;24;1;2022;15:10;1;33;1;1;1;6;"44;6148950000";" -0;9889410000"
202200029397;22;1;2022;04:10;3;34;1;9;1;6;"43;6195450000";"3;9524390000"
202200029398;15;4;2022;14:38;1;65;1;1;1;7;"43;4780653920";"0;0521736642"
202200029399;17;6;2022;19:25;1;83;1;1;1;3;"43;1149200000";"6;0958300000"
202200029400;25;1;2022;15:25;1;95;1;1;5;6;"49;0368457480";"1;9769757986"
202200029401;14;4;2022;13:45;1;89;1;2;1;3;"48;3459930000";"3;2316430000"
202200029402;26;1;2022;15:30;1;66;1;1;1;1;"42;6563870000";"2;7676110000"
202200029403;19;6;2022;17:55;1;81;1;1;6;4;"43;9668800000";"2;1830200000"
202200029404;15;4;2022;13:49;1;55;1;1;1;7;"48;6971530000";"5;0668990000"
202200029405;25;1;2022;08:00;2;84;2;1;1;1;"43;9395210000";"4;9038720000"
202200029406;19;6;2022;18:11;1;76;2;5;1;2;"49;4196500000";"1;0901860000"
202200029407;14;4;2022;13:00;1;47;1;1;1;6;"44;3685290000";"0;2825390000"
202200029408;19;6;2022;02:20;5;76;2;9;2;1;"49;8927800000";"1;0748500000"
202200029409;13;4;2022;17:50;1;68;2;1;1;2;"47;5806850000";"7;5195430000"
202200029410;25;1;2022;18:55;3;57;1;2;5;3;"48;9755700000";"6;5156010000"
202200029411;14;4;2022;18:30;1;68;1;9;1;7;"47;6036130000";"7;2185810000"
202200029412;14;4;2022;19:50;1;68;1;1;8;7;"47;6622040000";"7;2059480000"
202200029413;26;1;2022;06:00;5;01;2;7;5;6;"45;8517180000";"5;0769950000"
202200029414;19;6;2022;17:20;1;74;2;3;1;3;"46;1869460000";"6;2479880000"
202200029415;25;1;2022;17:40;2;69;2;1;1;1;"45;5970979884";"4;8028761148"
202200029416;15;4;2022;12:15;1;39;1;1;1;1;"47;1657050000";"5;7149200000"
202200029417;19;6;2022;14:50;1;69;2;2;1;3;"45;7760900000";"4;8842700000"
202200029418;26;1;2022;16:15;1;31;2;1;1;6;"43;4271650000";"1;3539480000"
202200029419;14;4;2022;21:05;3;44;1;1;1;7;"47;4746400000";" -2;0067150000"
202200029420;18;6;2022;02:35;5;69;2;2;1;6;"45;7521500000";"4;9151800000"
202200029421;22;1;2022;16:00;1;33;1;6;1;7;"44;8329260000";" -0;4733560000"
202200029422;19;6;2022;21:00;2;68;2;1;1;7;"47;7745100000";"7;3282600000"
202200029423;24;1;2022;19:00;3;50;1;1;1;6;"48;9900670000";" -1;0783870000"
202200029424;15;4;2022;18:00;1;29;2;2;7;3;"47;8141130000";" -4;3442340000"
202200029425;19;6;2022;04:40;5;67;2;1;1;6;"48;2664500000";"7;4320900000"
202200029426;26;1;2022;17:35;1;22;1;1;1;3;"48;8061230000";" -3;5012270000"
202200029427;15;4;2022;13:15;1;29;2;1;1;3;"47;9801370000";" -4;1800990000"
202200029428;20;6;2022;01:10;5;64;2;2;1;6;"43;5281100000";" -1;4912100000"
202200029429;24;1;2022;07:15;3;13;1;1;1;2;"43;3781300000";"5;3564400000"
202200029430;14;4;2022;16:25;1;01;1;4;7;3;"46;0698644235";"4;7706547379"
202200029431;24;1;2022;06:45;3;13;1;1;1;2;"43;2299000000";"5;5854200000"
202200029432;19;6;2022;16:05;1;54;2;1;1;6;"48;6846047131";"6;2242645025"
202200029433;15;4;2022;17:15;1;01;1;1;1;2;"46;1634550000";"5;5909680000"
202200029434;17;6;2022;21:25;2;54;1;1;1;1;"49;4707300000";"5;8941700000"
202200029435;24;1;2022;07:50;1;83;1;1;1;4;"43;1260711843";"5;9729420542"
202200029436;19;6;2022;19:22;1;45;2;1;1;6;"47;9163100000";"1;9266500000"
202200029437;14;4;2022;16:30;1;70;1;1;1;3;"47;6775950000";"6;1611630000"
202200029438;24;1;2022;08:40;1;59;1;1;1;4;"50;6471452201";"2;9260271788"
202200029439;19;6;2022;17:00;1;37;2;2;1;3;"47;3597558226";"0;6975916028"
202200029440;25;1;2022;19:20;3;91;1;1;1;7;"48;6358860000";"2;4010450000"
202200029441;14;4;2022;15:45;1;05;2;1;1;6;"44;6229610000";"6;2149570000"
202200029442;19;6;2022;17:49;1;33;2;3;1;3;"44;8346443047";" -0;5803200603"
202200029443;24;1;2022;18:30;3;78;1;1;1;5;"48;7963900000";"2;0323000000"
202200029444;18;6;2022;17:00;1;31;2;1;1;3;"43;6029700000";"1;4514500000"
202200029445;7;4;2022;08:15;1;60;2;3;1;6;"49;3072940000";"2;6042850000"
202200029446;25;1;2022;19:00;3;95;1;1;1;3;"49;0612613803";"2;3119488358"
202200029447;18;6;2022;19:45;1;29;1;4;2;7;"47;8894000000";" -3;9155600000"
202200029448;25;1;2022;14:40;1;93;1;1;1;2;"48;9022101430";"2;3586907111"
202200029449;19;6;2022;16:40;1;27;1;1;1;6;"49;0571200000";"1;1750200000"
202200029450;17;6;2022;18:30;1;25;2;1;1;3;"47;2542260000";"6;0152010000"
202200029451;25;1;2022;14:30;1;93;1;1;1;2;"48;9127345676";"2;4368072152"
202200029452;18;6;2022;13:30;1;13;1;1;1;2;"43;4421000000";"5;2327900000"
202200029453;25;1;2022;01:35;3;95;1;1;1;2;"48;9733416161";"2;4870246649"
202200029454;19;6;2022;08:05;1;13;2;1;1;3;"43;2828560763";"5;4272232860"
202200029455;15;4;2022;16:04;1;45;1;1;1;3;"47;9442398984";"2;1209120751"
202200029456;25;1;2022;10:30;1;94;1;1;8;2;"48;8289600000";"2;4998400000"
202200029457;15;4;2022;02:00;5;18;2;4;1;1;"47;1445400000";"2;2209950000"
202200029458;19;6;2022;16:35;1;06;2;1;1;5;"43;6453870000";"6;9026840000"
202200029459;19;6;2022;20:20;1;06;2;1;1;3;"43;5556600000";"7;0169500000"
202200029460;23;1;2022;06:15;5;75;2;4;1;6;"48;8808770000";"2;4040970000"
202200029461;23;1;2022;00:22;5;75;2;1;1;6;"48;8646630043";"2;4123197794"
202200029462;13;4;2022;16:00;1;16;1;1;1;6;"45;6928370000";" -0;2295440000"
202200029463;18;6;2022;18:40;1;75;2;2;1;3;"48;8514660000";"2;3370620000"
202200029464;23;1;2022;23:05;5;75;2;2;1;6;"48;8880840000";"2;2996720000"
202200029465;19;6;2022;18:10;1;75;2;2;1;7;"48;8716610000";"2;3923110000"
202200029466;23;1;2022;19:25;5;75;2;2;1;7;"48;8822170000";"2;3203760000"
202200029467;19;6;2022;06:00;1;75;2;3;1;7;"48;8982560000";"2;3861060000"
202200029468;23;1;2022;22:20;5;75;2;1;1;6;"48;8414770000";"2;2923900000"
202200029469;14;4;2022;17:45;1;24;2;3;1;3;"45;1315190000";"1;2817740000"
202200029470;19;6;2022;09:45;1;75;2;2;2;3;"48;8915590000";"2;3185020000"
202200029471;23;1;2022;13:40;1;75;2;3;1;3;"48;8383380000";"2;2940080000"
202200029472;14;4;2022;06:25;2;88;1;1;1;1;"48;2734140000";"7;0528740000"
202200029473;19;6;2022;11:30;1;75;2;1;1;3;"48;8460200000";"2;2578820000"
202200029474;19;6;2022;17:30;1;75;2;4;1;3;"48;8389920000";"2;2822650000"
202200029475;15;4;2022;10:00;1;67;1;1;7;1;"48;9915900000";"7;6709980000"
202200029476;24;1;2022;10:30;1;75;2;3;1;3;"48;8277780000";"2;3152100000"
202200029477;19;6;2022;17:25;1;75;2;1;1;2;"48;8350270000";"2;2659020000"
202200029478;19;6;2022;12:50;1;75;2;2;1;6;"48;8456570000";"2;2879970000"
202200029479;19;6;2022;17:30;1;75;2;1;1;3;"48;8578080000";"2;2917150000"
202200029480;24;1;2022;09:20;1;75;2;3;1;3;"48;8228820000";"2;3778550000"
202200029481;19;6;2022;02:45;5;75;2;7;1;3;"48;8532070000";"2;3687150000"