Accident_Id;jour;mois;an;hrmn;lum;dep;agg;int;atm;col;lat;long
202200029482;15;4;2022;01:25;3;60;1;1;1;2;"49;6760135081";"2;2114019391"
202200029483;24;1;2022;01:20;5;75;2;2;1;3;"48;8373540000";"2;3738400000"
202200029484;19;6;2022;19:50;1;94;2;1;1;3;"48;7934170000";"2;3692000000"
202200029485;15;4;2022;13:40;1;13;1;1;1;1;"43;6088300000";"5;0163960000"
202200029486;19;6;2022;02:20;5;94;2;1;1;3;"48;7671450000";"2;4238140000"
202200029487;24;1;2022;15:20;1;75;2;2;1;3;"48;8647910000";"2;3451660000"
202200029488;21;1;2022;00:05;5;75;2;3;1;7;"48;8553460000";"2;3528150000"
202200029489;19;6;2022;17:10;1;94;2;1;1;3;"48;8181900000";"2;4211100000"
202200029490;14;4;2022;16:45;1;95;1;1;1;1;"49;0639690000";"2;2680120000"
202200029491;24;1;2022;09:55;1;94;2;2;1;3;"48;7833670000";"2;4178000000"
202200029492;19;6;2022;07:00;1;94;2;2;2;6;"48;7469300000";"2;5102200000"
202200029493;15;4;2022;14:38;1;17;1;1;1;3;"45;4582790000";" -0;6175090000"
202200029494;19;6;2022;18:55;1;93;2;1;1;6;"48;8750057234";"2;4704663157"
202200029495;24;1;2022;17:57;3;94;2;1;1;2;"48;7390410000";"2;4468600000"
202200029496;17;6;2022;16:40;1;93;2;7;1;3;"48;9094100000";"2;4718900000"
202200029497;24;1;2022;16:15;1;94;2;9;1;2;"48;8217900000";"2;4645600000"
202200029498;24;1;2022;11:40;1;94;2;1;1;3;"48;7815130000";"2;3670520000"
202200029499;19;6;2022;22:20;4;93;2;2;3;1;"48;9137715143";"2;3829936380"
202200029500;19;6;2022;20:00;1;93;2;1;1;5;"48;9109000000";"2;3822600000"
202200029501;24;1;2022;18:00;5;94;2;2;1;6;"48;7336700000";"2;4057700000"
202200029502;12;4;2022;06:00;1;971;2;6;1;3;"16;2181570000";" -61;6001160000"
202200029503;19;6;2022;12:35;1;92;2;1;1;3;"48;8147235980";"2;2868283391"
202200029504;24;1;2022;22:30;5;94;2;1;1;1;"48;8228977730";"2;5104128569"
202200029505;14;4;2022;10:25;1;34;2;1;1;1;"43;7201210000";"4;0366070000"
202200029506;19;6;2022;17:20;1;92;2;1;1;6;"48;7956155723";"2;2904538140"
202200029507;24;1;2022;17:40;5;94;2;3;1;2;"48;8293118220";"2;4933318794"
202200029508;11;4;2022;13:00;1;06;2;1;1;1;"43;7954000000";"7;2643720000"
202200029509;19;6;2022;12:50;1;92;2;2;1;6;"48;8434979011";"2;2379493713"
202200029510;24;1;2022;19:05;5;93;2;1;1;6;"48;9568600000";"2;5432500000"
202200029511;24;1;2022;15:35;1;93;2;1;1;2;"48;8574117506";"2;5322016971"
202200029512;19;6;2022;22:10;5;92;1;1;1;4;"48;9044486051";"2;2884054780"
202200029513;13;4;2022;11:11;1;13;1;3;1;2;"43;3735920000";"5;6701500000"
202200029514;20;6;2022;16:30;1;35;1;1;1;6;"47;7099170000";" -1;9919750000"
202200029515;24;1;2022;14:17;1;93;2;1;1;3;"48;8682635512";"2;4919512503"
202200029516;10;4;2022;17:45;1;71;2;1;1;3;"46;3822580000";"4;8553830000"
202200029517;24;1;2022;08:30;1;93;2;9;1;6;"48;9055400000";"2;4444400000"
202200029518;29;5;2022;14:15;1;01;2;3;1;3;"45;9071330000";"5;1949130000"
202200029519;14;4;2022;08:00;1;67;2;1;1;6;"48;9384150000";"7;8807060000"
202200029520;22;1;2022;13:28;1;93;2;2;8;3;"48;9182100000";"2;4547400000"
202200029521;20;6;2022;14:35;1;95;2;1;1;6;"49;1368060000";"2;2404410000"
202200029522;14;4;2022;20:00;2;54;1;1;1;2;"48;5742184717";"6;6214835653"
202200029523;22;1;2022;12:35;1;93;2;3;8;3;"48;9057700000";"2;4666700000"
202200029524;19;6;2022;02:10;3;40;1;1;1;1;"43;7296680000";" -1;4122610000"
202200029525;24;1;2022;13:00;1;93;2;2;1;3;"48;9147951121";"2;4039112679"
202200029526;20;6;2022;16:50;1;83;1;1;1;3;"43;2897210000";"6;1943740000"
202200029527;15;4;2022;01:00;3;32;1;1;1;6;"43;6219550000";"0;4902030000"
202200029528;17;6;2022;18:10;1;71;1;1;1;3;"46;3913680000";"4;6285810000"
202200029529;24;1;2022;07:50;5;92;2;5;8;3;"48;8968200000";"2;2642700000"
202200029530;11;4;2022;18:35;1;86;1;9;1;6;"46;6046950000";"0;4272860000"
202200029531;19;6;2022;20:20;1;68;2;2;1;3;"48;1106760000";"7;4184700000"
202200029532;15;4;2022;06:40;2;33;2;1;5;6;"44;9118710000";" -0;6018340000"
202200029533;23;1;2022;22:35;3;92;2;2;1;3;"48;9104800000";"2;2415140000"
202200029534;19;6;2022;21:00;3;972;1;1;1;7;"14;7207800000";" -61;0371580000"
202200029535;23;1;2022;20:00;5;92;2;3;1;2;"48;9068253640";"2;2966489457"
202200029536;14;4;2022;16:55;1;14;2;2;1;3;"48;9223940000";" -0;2133110000"
202200029537;19;6;2022;17:25;1;74;1;1;1;1;"45;8979830000";"6;0433820000"
202200029538;23;1;2022;05:23;3;35;1;1;1;6;"47;8927730000";" -1;3429660000"
202200029539;9;5;2022;21:45;5;44;2;2;1;3;"47;1765740000";" -1;4117480000"
202200029540;3;4;2022;11:45;1;76;2;6;1;3;"49;6135880000";"0;7617150000"
202200029541;19;6;2022;11:45;1;57;1;2;1;1;"48;8300310000";"6;4938960000"
202200029542;20;1;2022;15:40;1;40;1;1;1;2;"44;0523720000";" -0;3270150000"
202200029543;15;4;2022;09:50;1;60;2;9;1;3;"49;5874410000";"2;8437020000"
202200029544;13;6;2022;17:10;1;74;1;1;1;3;"46;0228780000";"5;9454920000"
202200029545;15;4;2022;02:08;3;62;1;1;1;6;"50;9072510000";"1;7779410000"
202200029546;19;6;2022;01:00;3;78;1;1;1;1;"48;9222450000";"1;7818020000"
202200029547;24;1;2022;20:00;3;58;1;1;5;6;"47;5556550000";"2;9647850000"
202200029548;11;4;2022;15:00;1;83;1;1;1;4;"43;1239350000";"5;9612480000"
202200029549;13;4;2022;16:30;1;91;1;1;1;5;"48;6880400000";"2;3250800000"
202200029550;24;1;2022;14:00;1;59;2;1;1;6;"50;5655600000";"2;9225900000"
202200029551;20;6;2022;18:10;1;79;2;1;1;1;"46;6348370000";" -0;2451160000"
202200029552;13;4;2022;13:08;1;91;1;1;2;2;"48;6136500000";"2;4312380000"
202200029553;19;6;2022;01:16;3;79;1;1;1;7;"46;4463810000";" -0;1235000000"
202200029554;13;4;2022;17:30;1;78;1;1;1;2;"48;8350400000";"2;1457140000"
202200029555;21;1;2022;15:30;1;72;1;1;1;1;"47;9510900000";"0;2952150000"
202200029556;13;4;2022;17:15;1;92;1;1;1;7;"48;8931560706";"2;2343018353"
202200029557;19;6;2022;22:00;3;2B;1;1;1;6;"41;9229480000";"9;3109050000"
202200029558;24;1;2022;19:30;3;34;1;1;1;2;"43;6538250000";"3;5252190000"
202200029559;23;1;2022;01:15;3;13;1;1;1;1;"43;8240200000";"4;6674500000"
202200029560;19;6;2022;06:15;1;82;1;1;1;6;"44;1039880000";"1;4612070000"
202200029561;25;1;2022;19:45;5;62;1;6;5;7;"50;3319034672";"2;6412937939"
202200029562;18;6;2022;22:40;3;81;1;1;1;7;"43;9817370000";"1;9285190000"
202200029563;10;2;2022;22:00;5;75;2;3;2;6;"48;8553070000";"2;2262140000"
202200029564;20;6;2022;15:15;1;32;1;1;1;1;"43;9124830000";"0;3965750000"
202200029565;12;4;2022;21:00;4;976;2;6;1;3;" -12;7711700000";"45;2237800000"
202200029566;20;6;2022;14:00;1;71;1;3;1;3;"46;5549210000";"5;3156230000"
202200029567;12;4;2022;18:05;1;973;2;1;1;3;"4;9353824842";" -52;3316922784"
202200029568;22;1;2022;00:00;5;62;2;1;1;1;"50;4920780000";"1;7201380000"
202200029569;12;4;2022;20:40;5;69;2;7;1;3;"45;7450859450";"4;8417359591"
202200029570;18;6;2022;18:55;1;71;2;1;1;7;"46;2026500160";"4;3336979114"
202200029571;12;6;2022;14:45;1;49;1;1;1;7;"47;6422680000";" -0;4951470000"
202200029572;23;1;2022;23:15;3;74;1;1;1;1;"45;8854830000";"6;6488530000"
202200029573;12;4;2022;12:00;1;69;2;2;1;1;"45;7245200000";"4;8711800000"
202200029574;19;6;2022;20:00;1;49;1;1;1;6;"47;3128610000";" -1;3085530000"
202200029575;12;4;2022;19:15;1;69;2;1;1;7;"45;7507600000";"4;8151000000"
202200029576;24;1;2022;15:40;1;31;1;4;1;2;"43;6374100502";"1;3324503601"
202200029577;16;6;2022;20:30;1;12;1;1;1;1;"44;1977360000";"2;0960660000"
202200029578;12;4;2022;12:55;1;69;2;3;8;3;"45;7281500000";"4;7788600000"
202200029579;7;6;2022;07:45;1;34;2;6;1;3;"43;4203350000";"3;1608710000"
202200029580;24;1;2022;15:20;1;89;1;1;8;1;"48;3068050000";"3;1682510000"
202200029581;12;4;2022;15:45;1;2A;2;1;1;5;"41;9087700000";"8;7117800000"
202200029582;19;6;2022;11:20;1;38;2;4;1;1;"45;3291750000";"5;9034880000"
202200029583;11;4;2022;12:20;1;91;2;1;1;6;"48;6924140000";"2;3003660000"
202200029584;25;1;2022;18:15;3;55;1;1;5;6;"48;6974790000";"5;3460400000"
202200029585;20;6;2022;10:00;1;06;1;1;1;1;"44;2602800000";"6;9221650000"
202200029586;21;1;2022;19:45;3;42;1;1;9;6;"45;7383460000";"4;0682300000"
202200029587;11;4;2022;11:35;1;90;2;1;1;7;"47;6508710000";"6;8517380000"
202200029588;24;1;2022;17:30;1;44;1;9;1;6;"47;3405090000";" -2;3450290000"
202200029589;20;6;2022;00:30;5;09;2;6;1;6;"43;0958990000";"1;6251720000"
202200029590;12;4;2022;08:38;1;87;2;1;1;6;"45;8685100000";"1;3279400000"
202200029591;11;6;2022;12:00;1;73;2;1;1;6;"45;6546631915";"6;3707667558"
202200029592;18;1;2022;17:10;1;35;1;1;1;6;"48;3426090000";" -1;1545090000"
202200029593;11;4;2022;11:48;1;87;2;1;1;5;"45;8315300000";"1;2367300000"
202200029594;19;6;2022;16:23;1;10;2;1;1;1;"48;4645130824";"3;4140416980"
202200029595;12;4;2022;14:35;1;83;2;1;1;3;"43;1223300000";"5;9725100000"
202200029596;8;4;2022;21:45;5;80;2;2;1;3;"49;8965500000";"2;2889400000"
202200029597;19;6;2022;19:30;1;10;1;2;1;3;"48;1792220000";"4;3507790000"
202200029598;20;1;2022;09:00;1;38;1;3;1;3;"45;6442280000";"5;4328040000"
202200029599;19;6;2022;16:50;1;07;1;1;1;6;"44;8922820000";"4;4891450000"
202200029600;12;4;2022;15:10;1;78;2;9;1;3;"48;9949800000";"1;9135800000"
202200029601;19;6;2022;02:00;3;40;1;1;1;6;"43;5275800000";" -1;1047380000"
202200029602;20;6;2022;09:50;1;04;1;1;1;1;"43;7592930000";"6;0893120000"
202200029603;11;4;2022;03:55;5;77;2;3;1;3;"48;5271700000";"2;6534500000"
202200029604;25;1;2022;11:00;1;14;1;1;5;6;"49;2103640000";" -0;1153560000"
202200029605;19;6;2022;03:20;3;85;2;9;2;7;"46;3766710000";" -1;0769950000"
202200029606;12;4;2022;09:15;1;76;2;1;1;6;"49;4904700000";"0;5771400000"
202200029607;20;6;2022;10:45;1;28;1;1;1;3;"48;2323420000";"0;8633550000"
202200029608;11;4;2022;13:35;1;62;1;6;1;3;"50;9253800000";"1;8064500000"
202200029609;19;6;2022;09:45;1;37;1;1;1;1;"47;5325740000";"0;3693190000"
202200029610;24;1;2022;07:48;2;14;2;1;5;1;"49;1553520000";" -0;4520020000"
202200029611;19;6;2022;10:45;1;08;2;1;1;1;"49;7013758450";"4;4162882566"
202200029612;11;4;2022;14:55;1;59;2;3;1;1;"50;3689500000";"3;2005900000"
202200029613;19;6;2022;18:00;5;987;2;1;2;1;" -17;7220000000";" -149;3990000000"
202200029614;12;4;2022;10:30;1;56;1;1;1;1;"47;7614600000";" -3;4042200000"
202200029615;20;6;2022;13:30;1;67;1;9;1;3;"48;7317060000";"7;8946260000"
202200029616;12;4;2022;09:10;1;56;2;1;1;6;"47;7637400000";" -3;3678900000"
202200029617;25;1;2022;08:25;2;85;1;1;1;3;"46;8040700000";" -1;1459470000"
202200029618;20;6;2022;17:57;1;38;2;2;1;3;"45;6182270000";"5;2093300000"
202200029619;11;4;2022;19:05;1;54;2;2;1;1;"48;7001770000";"6;1725490000"
202200029620;19;6;2022;03:05;3;34;2;1;1;7;"43;5119270000";"3;8027720000"
202200029621;10;4;2022;17:00;1;54;2;1;1;3;"48;6764156293";"6;1773419380"
202200029622;23;1;2022;10:45;1;23;1;3;7;3;"46;0289310000";"2;5211370000"
202200029623;19;6;2022;19:15;1;44;1;1;1;6;"47;4197610000";" -1;0197330000"
202200029624;12;4;2022;08:34;1;51;2;6;1;3;"49;2322900000";"4;0335200000"
202200029625;19;6;2022;15:05;1;49;1;1;1;6;"47;4294421124";" -0;8831977844"
202200029626;24;1;2022;14:05;1;77;1;1;1;2;"48;5541140000";"2;7724600000"
202200029627;10;4;2022;00:15;5;50;1;6;1;1;"49;6407400000";" -1;6697900000"
202200029628;20;6;2022;14:48;1;38;1;1;1;2;"45;4433620000";"5;4048010000"
202200029629;8;4;2022;21:55;5;50;2;1;2;6;"49;6226400000";" -1;6183100000"
202200029630;12;4;2022;23:11;5;37;2;1;1;6;"47;3821200000";"0;6923300000"
202200029631;19;6;2022;14:15;1;83;1;1;1;3;"43;4687660000";"5;8380960000"
202200029632;25;1;2022;08:55;1;06;2;3;8;1;"43;6365490000";"7;0030010000"
202200029633;19;6;2022;21:00;2;38;1;9;1;7;"45;5574380000";"5;4587670000"
202200029634;12;4;2022;18:33;1;37;2;1;2;2;"47;4071900000";"0;6765200000"
202200029635;11;4;2022;17:10;1;37;2;1;1;3;"47;3352000341";"0;6648411602"
202200029636;19;6;2022;16:40;1;60;1;1;7;6;"49;1485350000";"2;5809070000"
202200029637;23;1;2022;20:52;5;06;2;5;1;1;"43;5801030000";"6;9980710000"
202200029638;12;4;2022;19:25;1;32;2;1;2;7;"43;6280100000";"0;6290700000"
202200029639;17;6;2022;16:55;1;13;1;1;1;2;"43;6041690000";"5;1516330000"
202200029640;9;4;2022;15:05;1;19;2;2;1;3;"45;1606000000";"1;5032800000"
202200029641;10;1;2022;08:01;2;57;1;1;5;1;"48;9776400000";"6;8580440000"
202200029642;19;6;2022;16:40;1;34;1;1;1;1;"43;6291800000";"3;7460020000"
202200029643;12;4;2022;13:49;1;15;2;3;1;2;"44;9046640000";"2;4541400000"
202200029644;19;6;2022;08:05;1;34;2;6;1;3;"43;6258030000";"3;6700240000"
202200029645;25;1;2022;15:20;1;38;2;1;7;6;"45;1756463368";"5;6862910354"
202200029646;8;4;2022;00:00;5;15;2;1;2;6;"44;9164000000";"2;4289000000"
202200029647;19;6;2022;12:05;1;988;1;1;1;1;" -21;2891040000";"165;6854260000"
202200029648;20;2;2022;08:25;1;30;1;1;1;7;"43;7934000000";"4;6304000000"
202200029649;25;1;2022;00:00;5;69;2;1;1;7;"45;5676690000";"4;8002740000"
202200029650;18;6;2022;23:00;3;974;1;1;1;7;" -21;0995250000";"55;2657900000"
202200029651;12;4;2022;08:05;1;13;2;3;1;3;"43;3001511782";"5;4490968190"
202200029652;19;6;2022;18:30;2;973;1;1;2;1;"5;4572065983";" -54;0409541130"
202200029653;24;1;2022;19:18;5;971;2;1;1;2;"16;2743710000";" -61;3006530000"
202200029654;18;6;2022;18:00;5;971;2;1;1;1;"16;1982520000";" -61;6045690000"
202200029655;12;4;2022;08:50;1;13;2;2;1;3;"43;2888600000";"5;3828900000"
202200029656;21;1;2022;17:30;2;971;1;1;7;2;"15;8742910000";" -61;2457970000"
202200029657;11;4;2022;18:40;1;13;2;2;1;3;"43;2957700000";"5;4001700000"
202200029658;19;6;2022;18:50;1;34;1;1;1;5;"43;6555150000";"4;1385400000"
202200029659;12;4;2022;14:00;1;13;1;1;1;1;"43;5439400000";"4;9553900000"
202200029660;19;6;2022;18:45;1;34;1;2;1;3;"43;6688370000";"4;1434300000"
202200029661;20;6;2022;14:30;1;04;1;1;1;1;"43;8288150000";"6;4262940000"
202200029662;24;1;2022;16:00;2;971;1;1;7;2;"15;8743320000";" -61;2457750000"
202200029663;18;6;2022;14:55;1;13;1;1;1;1;"43;7677780000";"4;9828360000"
202200029664;12;4;2022;15:15;1;10;2;1;1;2;"48;2771941760";"4;0640482306"
202200029665;19;6;2022;20:15;1;89;1;9;1;6;"47;7875000000";"3;6726410000"
202200029666;12;4;2022;12:25;1;06;2;1;1;3;"43;6541060000";"6;9302690000"
202200029667;18;6;2022;17:30;1;71;1;1;1;6;"46;8334220000";"4;2581680000"
202200029668;19;6;2022;05:30;2;21;2;1;1;6;"47;3321365440";"5;1530634463"
202200029669;12;4;2022;20:00;2;06;1;3;1;3;"43;6176050000";"7;1034020000"
202200029670;25;1;2022;16:50;1;95;2;1;5;3;"49;1588360000";"1;8536370000"
202200029671;10;4;2022;21:01;4;75;2;4;1;6;"48;9006463022";"2;3662582040"
202200029672;20;6;2022;08:34;1;63;2;6;1;3;"45;8006783762";"3;2431112230"
202200029673;18;6;2022;01:50;3;74;1;1;1;1;"46;1468080000";"6;3175030000"
202200029674;12;4;2022;08:20;1;75;2;7;1;2;"48;8400303199";"2;3563621938"
202200029675;20;1;2022;13:30;1;78;1;1;1;1;"48;9383620000";"1;5544130000"
202200029676;19;6;2022;20:30;1;38;1;1;1;6;"45;7756560000";"5;3435480000"
202200029677;18;6;2022;18:00;1;07;1;1;1;6;"44;7094140000";"4;2034510000"
202200029678;11;4;2022;15:15;1;75;2;3;1;6;"48;8426960000";"2;3317570000"
202200029679;20;6;2022;08:50;1;01;1;1;1;3;"46;3510010000";"5;9771100000"
202200029680;12;4;2022;10:10;1;75;2;1;1;6;"48;8698911322";"2;4051455408"
202200029681;20;6;2022;10:55;1;81;2;3;1;1;"43;7608900000";"1;9775870000"
202200029682;25;1;2022;03:25;5;70;2;2;1;3;"47;6771630000";"6;5338500000"
202200029683;12;4;2022;06:45;2;75;2;1;1;6;"48;8988260000";"2;3773400000"
202200029684;19;6;2022;14:35;1;32;1;1;1;6;"43;7515980000";"0;6206100000"
202200029685;20;6;2022;17:10;1;09;2;1;1;1;"42;8657620000";"1;6137030000"
202200029686;12;4;2022;21:50;5;75;2;2;1;3;"48;8903510000";"2;3545360000"
202200029687;20;6;2022;12:15;1;40;2;9;1;1;"43;7399100000";" -1;0152380000"
202200029688;24;1;2022;07:10;5;57;2;1;1;6;"49;0484060000";"6;5953480000"
202200029689;8;6;2022;14:05;1;33;1;1;1;6;"45;0456770000";" -0;4108720000"
202200029690;17;6;2022;16:50;1;60;1;3;7;1;"49;3938971164";"2;9248770475"
202200029691;20;6;2022;18:01;1;60;2;3;1;3;"49;3278370000";"2;3283240000"
202200029692;17;6;2022;16:30;1;60;2;1;1;6;"49;4035840000";"2;3821130000"
202200029693;17;6;2022;14:20;1;60;1;1;1;6;"49;4508570000";"2;3406670000"
202200029694;25;1;2022;18:20;3;42;1;2;1;3;"45;6408810000";"4;0522570000"
202200029695;20;6;2022;19:20;1;59;1;1;1;2;"50;3308200000";"3;0784410000"
202200029696;17;6;2022;16:28;1;13;1;1;1;2;"43;3159300000";"5;4223000000"
202200029697;21;1;2022;17:20;1;38;2;1;1;6;"45;2308380000";"5;6816590000"
202200029698;23;1;2022;12:27;1;65;1;2;1;3;"43;1288210000";"0;1154210000"
202200029699;5;1;2022;10:30;1;31;1;1;1;1;"43;6308880000";"1;2823590000"
202200029700;25;1;2022;19:00;5;79;2;6;5;3;"46;8437490000";" -0;4894700000"
202200029701;25;1;2022;11:00;1;29;1;6;1;7;"48;4516630000";" -4;2667780000"
202200029702;25;1;2022;14:41;1;80;2;3;5;3;"49;6647530000";"2;6809750000"
202200029703;19;1;2022;10:23;1;13;1;1;1;5;"43;3283870000";"5;4172880000"
202200029704;24;1;2022;14:10;1;78;1;1;1;3;"48;8089540000";"2;0544640000"
202200029705;24;1;2022;08:40;1;92;1;1;1;4;"48;9337452828";"2;2760672051"
202200029706;22;1;2022;02:37;5;75;2;3;1;7;"48;8668260000";"2;3366070000"
202200029707;17;1;2022;20:17;5;13;1;1;1;3;"43;2919766871";"5;4527812296"
202200029708;23;1;2022;17:37;1;973;2;3;1;3;"4;9319967166";" -52;3179379106"
202200029709;23;1;2022;16:47;1;973;2;1;1;6;"4;9267982252";" -52;3140031099"
202200029710;22;1;2022;10:57;1;973;2;3;1;3;"4;9439300000";" -52;3081900000"
202200029711;22;1;2022;09:45;1;973;2;1;1;2;"4;9106500000";" -52;3214700000"
202200029712;23;1;2022;06:10;2;973;2;6;1;7;"4;9413400000";" -52;3213400000"
202200029713;27;8;2022;03:20;3;22;1;1;1;6;"48;7524700000";" -3;4115000000"
202200029714;23;1;2022;19:40;5;69;2;1;1;3;"45;7663378846";"4;8645561934"
202200029715;23;1;2022;12:15;1;69;1;1;1;5;"45;7518988253";"4;8209005594"
202200029716;26;8;2022;11:00;1;22;1;3;1;3;"48;7074030000";" -3;4995750000"
202200029717;18;1;2022;16:30;1;88;2;1;7;6;"48;1931700000";"6;4532200000"
202200029718;24;8;2022;17:30;1;22;1;1;1;3;"48;5880380000";" -2;8212440000"
202200029719;23;1;2022;21:30;5;83;2;3;1;1;"43;1074706354";"5;9333876967"
202200029720;22;8;2022;10:29;1;22;2;1;1;1;"48;5049000000";" -2;7177100000"
202200029721;23;1;2022;13:50;1;81;2;1;1;6;"43;6007299579";"2;2349546850"
202200029722;21;1;2022;16:35;1;81;2;4;7;1;"44;0270600000";"2;1286200000"
202200029723;21;8;2022;16:24;1;22;1;1;2;6;"48;4482766231";" -2;4820362338"
202200029724;22;1;2022;19:15;5;81;2;1;1;6;"43;9189200000";"2;1227900000"
202200029725;20;8;2022;21:30;3;22;1;1;1;7;"48;5520870000";" -3;1236090000"
202200029726;18;8;2022;05:00;3;22;1;1;1;7;"48;5697210000";" -3;0928020000"
202200029727;23;1;2022;19:10;5;78;2;1;1;2;"48;9390770000";"2;0341350000"
202200029728;23;1;2022;14:00;1;76;1;1;1;3;"49;3451200000";"1;0596300000"
202200029729;17;8;2022;10:55;1;22;2;6;1;3;"48;5059470359";" -2;7328823805"
202200029730;21;1;2022;16:10;2;73;2;3;7;1;"45;6683000000";"6;3738600000"
202200029731;7;8;2022;11:30;1;22;2;1;1;1;"48;5574020000";" -3;1616650000"
202200029732;7;1;2022;13:00;1;68;2;3;1;3;"48;0834100000";"7;3506100000"
202200029733;1;8;2022;11:35;1;74;2;3;1;3;"46;3921600000";"6;5333900000"
202200029734;22;1;2022;21:05;5;62;2;1;8;1;"50;4557900000";"2;6155500000"
202200029735;8;9;2022;20:35;5;62;2;1;1;6;"50;4462660000";"2;8393270000"
202200029736;23;1;2022;19:50;5;54;2;1;1;6;"48;7007700000";"6;2021000000"
202200029737;7;11;2022;13:10;1;974;1;9;1;2;" -21;2959600000";"55;4609300000"
202200029738;23;1;2022;03:25;5;51;2;1;2;7;"49;2391815421";"4;0137219429"
202200029739;7;11;2022;13:10;1;974;1;1;1;3;" -21;3252400000";"55;4879100000"
202200029740;17;1;2022;21:15;3;47;1;3;5;1;"44;3962985675";"0;7467184386"
202200029741;7;11;2022;15:55;1;974;2;1;1;6;" -20;8928800000";"55;4654100000"
202200029742;21;1;2022;16:10;1;46;2;1;1;-1;"44;4468180000";"1;4440800000"
202200029743;16;10;2022;13:55;1;974;2;1;1;6;" -20;9370100000";"55;3002000000"
202200029744;23;1;2022;14:08;1;45;2;1;1;6;"47;9138800000";"1;8955400000"
202200029745;7;11;2022;18:15;5;69;2;2;1;1;"45;7380700000";"4;8844500000"
202200029746;22;1;2022;17:35;3;45;2;1;1;4;"47;9617572647";"1;8890690804"
202200029747;7;11;2022;19:30;5;69;2;2;1;3;"45;7247200000";"4;8541500000"
202200029748;22;1;2022;09:00;1;38;2;2;1;6;"45;5850165402";"5;2732497689"
202200029749;7;11;2022;09:27;1;69;2;2;1;6;"45;7454000000";"4;8712200000"
202200029750;7;11;2022;18:45;5;69;2;2;1;3;"45;7557100000";"4;8159100000"
202200029751;23;1;2022;03:20;5;33;2;2;1;2;"44;8533000000";" -0;5699800000"
202200029752;23;1;2022;00:45;5;33;2;3;1;6;"44;8265000000";" -0;5474000000"
202200029753;7;11;2022;18:00;5;69;2;2;1;2;"45;7651828365";"4;8381176591"
202200029754;7;11;2022;16:30;1;69;2;1;1;7;"45;7337300000";"4;8178200000"
202200029755;22;1;2022;15:01;1;33;2;1;1;2;"44;7641500000";" -0;5607900000"
202200029756;23;1;2022;16:55;1;30;2;6;1;6;"44;1036000000";"4;0828000000"
202200029757;7;11;2022;14:15;1;69;2;1;1;2;"45;7607600000";"4;8308700000"
202200029758;7;11;2022;07:00;2;69;2;9;1;3;"45;7727800000";"4;8385400000"
202200029759;23;1;2022;12:30;1;27;2;1;1;7;"49;0032700000";"1;1519900000"
202200029760;7;11;2022;01:30;5;69;2;1;1;6;"45;7522900000";"4;8245000000"
202200029761;7;11;2022;16:53;1;2B;2;6;1;1;"42;7030900000";"9;4466800000"
202200029762;5;11;2022;15:30;1;971;2;1;8;3;"16;2138100000";" -61;5010400000"
202200029763;7;11;2022;17:30;2;91;2;1;1;2;"48;6918800000";"2;3785200000"
202200029764;7;11;2022;10:40;1;91;2;2;1;3;"48;7058570000";"2;3714090000"
202200029765;4;11;2022;16:14;1;87;1;1;2;3;"45;8567000000";"1;1591900000"
202200029766;7;11;2022;15:15;1;85;2;6;1;3;"46;5030140000";" -1;7982950000"
202200029767;20;10;2022;16:22;1;85;2;1;1;6;"46;4803194000";" -1;7606422300"
202200029768;7;11;2022;10:20;1;83;2;2;1;3;"43;1278500000";"5;9247700000"
202200029769;7;11;2022;13:23;1;83;2;1;1;6;"43;1190600000";"6;1311400000"
202200029770;3;11;2022;16:05;1;81;2;1;1;6;"43;9159500000";"2;1299300000"
202200029771;4;11;2022;13:20;1;78;2;1;1;6;"48;8308700000";"2;0002300000"
202200029772;5;11;2022;20:33;5;76;2;2;1;6;"49;4956989566";"0;0957155225"
202200029773;4;11;2022;15:00;1;76;1;1;1;4;"49;5081100000";"0;1968900000"
202200029774;2;11;2022;17:35;1;70;1;1;1;2;"47;6321700000";"6;1377100000"
202200029775;7;11;2022;18:10;5;69;2;6;1;3;"45;7704500000";"4;9929300000"
202200029776;3;11;2022;11:10;1;69;2;1;8;3;"45;7708900000";"4;8719000000"
202200029777;7;11;2022;08:15;1;69;2;1;7;3;"45;7376700000";"4;9713600000"
202200029778;5;11;2022;17:57;2;66;2;1;1;2;"42;6811550610";"2;9105776548"
202200029779;4;11;2022;15:47;1;66;1;1;1;2;"42;7251000000";"2;8775500000"
202200029780;7;11;2022;08:10;1;64;2;1;7;2;"43;3166000000";" -0;3401600000"
202200029781;5;11;2022;17:10;2;64;2;2;1;3;"43;4939000000";" -1;4529000000"
202200029782;4;11;2022;19:10;5;64;2;3;1;1;"43;4914600000";" -1;4693300000"
202200029783;6;11;2022;15:56;1;63;2;1;1;6;"45;8074300000";"3;1093500000"
202200029784;5;11;2022;01:05;5;62;2;3;1;6;"50;5248900000";"1;5821030000"
202200029785;7;11;2022;12:05;1;61;2;1;1;7;"48;4633000000";"0;1028100000"
202200029786;7;11;2022;10:50;1;59;2;2;1;3;"50;7383260000";"3;1422290000"
202200029787;2;11;2022;20:20;5;59;2;1;1;6;"50;6522586019";"3;0402410030"
202200029788;6;11;2022;22:21;5;56;2;1;2;6;"47;7512400000";" -3;3685300000"