Accident_Id;jour;mois;an;hrmn;lum;dep;agg;int;atm;col;lat;long
202200029789;6;11;2022;21:55;3;56;1;6;2;7;"47;7085400000";" -3;4207600000"
202200029790;1;11;2022;02:42;3;56;2;1;2;7;"47;7411200000";" -3;3585400000"
202200029791;3;11;2022;19:15;3;52;1;1;3;1;"48;6237400000";"4;9381200000"
202200029792;7;11;2022;11:55;1;45;2;2;1;6;"47;9000200000";"1;9049300000"
202200029793;7;11;2022;08:30;1;45;2;1;1;6;"47;9024000000";"1;8606000000"
202200029794;7;11;2022;18:34;3;44;1;1;1;4;"47;1979900000";" -1;6189500000"
202200029795;7;11;2022;21:15;5;41;2;1;1;1;"47;5919800000";"1;3187400000"
202200029796;7;11;2022;18:10;5;38;2;2;1;1;"45;2005400000";"5;7592100000"
202200029797;7;11;2022;09:25;1;38;2;2;1;6;"45;1788490329";"5;7512271715"
202200029798;7;11;2022;20:45;3;35;1;1;1;2;"48;1680090000";" -1;7119530000"
202200029799;7;11;2022;19:30;5;35;2;3;1;3;"48;1101000000";" -1;6861000000"
202200029800;7;11;2022;07:35;1;34;2;6;1;1;"43;6184500000";"3;8633300000"
202200029801;7;11;2022;12:07;1;33;2;8;1;3;"44;8838400000";" -0;5419200000"
202200029802;7;11;2022;09:20;1;33;2;6;1;6;"44;8127600000";" -0;5909400000"
202200029803;7;11;2022;08:20;2;33;2;3;1;3;"44;8250700000";" -0;5987000000"
202200029804;7;11;2022;21:35;5;18;2;3;1;6;"47;2242290000";"2;0724030000"
202200029805;7;11;2022;09:55;1;15;2;1;1;6;"44;9123400000";"2;4367810000"
202200029806;7;11;2022;14:25;1;14;2;1;1;6;"49;1904000000";" -0;3006300000"
202200029807;7;11;2022;09:15;1;13;2;1;1;4;"43;4240000000";"5;2500000000"
202200029808;7;11;2022;07:20;1;13;2;1;1;3;"43;3259495223";"5;4819022656"
202200029809;7;11;2022;06:58;2;13;2;1;1;3;"43;2892000000";"5;4684200000"
202200029810;7;11;2022;17:30;2;13;2;6;1;3;"43;5280000000";"5;4114000000"
202200029811;7;11;2022;15:30;1;06;2;9;1;6;"43;6708700000";"7;2239700000"
202200029812;7;11;2022;13:49;1;06;2;7;1;2;"43;7001000000";"7;2560000000"
202200029813;7;11;2022;20:25;5;06;1;9;1;1;"43;6427400000";"6;9079700000"
202200029814;7;11;2022;16:05;1;01;2;1;1;3;"46;1996330000";"5;1878170000"
202200029815;6;11;2022;01:41;5;75;2;3;1;6;"48;8494260000";"2;3569210000"
202200029816;8;11;2022;16:25;1;75;2;7;1;6;"48;8781490000";"2;4093570000"
202200029817;8;11;2022;21:45;5;75;2;3;1;3;"48;8797420000";"2;2894200000"
202200029818;7;11;2022;18:40;5;75;2;1;1;7;"48;8915680000";"2;3104160000"
202200029819;8;11;2022;19:00;5;75;2;2;1;2;"48;8308440000";"2;2923080000"
202200029820;8;11;2022;11:45;1;75;2;1;1;3;"48;8261730000";"2;3263410000"
202200029821;6;11;2022;01:00;5;75;2;1;1;2;"48;8393490000";"2;3219530000"
202200029822;8;11;2022;13:13;1;75;2;3;1;3;"48;8202420000";"2;3479600000"
202200029823;8;11;2022;22:50;5;75;2;7;1;3;"48;8666980000";"2;3651610000"
202200029824;7;11;2022;21:12;5;75;2;3;1;6;"48;8763580000";"2;3324140000"
202200029825;7;11;2022;16:10;1;75;2;2;1;1;"48;8736230000";"2;3353230000"
202200029826;8;11;2022;20:30;5;75;2;7;1;2;"48;8662870000";"2;3216880000"
202200029827;7;11;2022;16:34;1;75;2;1;8;3;"48;8620060000";"2;3151240000"
202200029828;8;11;2022;18:10;5;94;2;1;1;6;"48;7777600000";"2;4626900000"
202200029829;8;11;2022;19:45;5;94;2;9;1;4;"48;7293870000";"2;4470170000"
202200029830;8;11;2022;19:30;5;93;2;3;1;3;"48;9628000000";"2;3784700000"
202200029831;8;11;2022;10:15;1;93;2;3;1;6;"48;9261800000";"2;3622500000"
202200029832;8;11;2022;19:10;5;93;2;3;1;1;"48;8733400000";"2;5297200000"
202200029833;8;11;2022;08:30;1;93;2;3;8;3;"48;8648158993";"2;5258598269"
202200029834;8;11;2022;11:20;1;93;2;1;1;6;"48;9088311179";"2;3870131374"
202200029835;8;11;2022;22:20;5;92;2;1;1;7;"48;8151527886";"2;3042626977"
202200029836;7;11;2022;16:43;5;92;2;9;1;3;"48;8676250000";"2;2284330000"
202200029837;8;11;2022;11:40;1;92;2;1;1;7;"48;8823204677";"2;2683736682"
202200029838;7;11;2022;12:06;1;92;2;1;1;3;"48;8843500000";"2;2657200000"
202200029839;8;11;2022;08:40;1;92;2;1;1;6;"48;8154410000";"2;3177550000"
202200029840;8;11;2022;06:30;5;92;2;1;1;6;"48;8168040344";"2;3116469532"
202200029841;7;11;2022;11:25;1;92;2;3;1;3;"48;8194320000";"2;3102660000"
202200029842;8;11;2022;16:48;1;37;2;2;8;3;"47;1158900000";"0;4180240000"
202200029843;9;11;2022;14:20;1;34;1;1;1;4;"43;3716770000";"3;1439940000"
202200029844;9;11;2022;17:15;2;95;2;1;8;6;"49;1380630000";"2;2751570000"
202200029845;9;11;2022;17:45;5;06;2;1;2;3;"43;6719070000";"7;1206640000"
202200029846;8;11;2022;18:15;3;49;1;1;8;1;"47;0051040000";" -0;6702950000"
202200029847;4;11;2022;09:59;1;68;1;3;1;7;"48;0835720000";"7;4039710000"
202200029848;9;11;2022;10:40;1;01;2;3;3;6;"46;3322466219";"6;0602219403"
202200029849;9;11;2022;18:00;3;01;1;1;2;1;"46;1154310000";"5;8225820000"
202200029850;9;11;2022;05:45;3;42;1;1;3;6;"45;4591070000";"4;6556280000"
202200029851;9;11;2022;07:30;1;83;1;3;2;3;"43;3703080000";"6;2205310000"
202200029852;8;11;2022;19:40;3;95;1;1;1;6;"49;1112470956";"2;4282842875"
202200029853;8;11;2022;08:00;1;2A;2;1;7;2;"41;9531230000";"8;8019480000"
202200029854;8;11;2022;22:10;3;63;1;1;2;6;"45;5463880327";"3;6134505272"
202200029855;9;11;2022;12:20;1;12;2;3;1;3;"44;5710340000";"2;0746890000"
202200029856;9;11;2022;14:25;1;42;1;1;1;6;"45;4240880000";"4;0505650000"
202200029857;2;11;2022;04:50;3;68;1;1;5;7;"47;7617580000";"7;2328610000"
202200029858;8;11;2022;14:30;1;35;2;3;1;3;"48;1057864203";" -1;5187807381"
202200029859;8;11;2022;19:00;5;35;2;1;3;6;"48;5504688317";" -1;7486487329"
202200029860;6;11;2022;20:20;3;35;1;1;2;6;"48;0058034533";" -2;0830585063"
202200029861;5;11;2022;05:45;3;31;1;2;1;3;"43;7800788269";"1;4480951428"
202200029862;8;11;2022;21:41;5;38;2;3;1;3;"45;2459850000";"5;8310900000"
202200029863;8;11;2022;08:30;1;72;2;1;1;6;"48;0618100000";"0;4997870000"
202200029864;8;11;2022;18:15;3;45;1;1;6;3;"48;0811470000";"2;0632300000"
202200029865;8;11;2022;19:45;5;40;2;6;1;6;"43;7547290000";" -1;3514690000"
202200029866;12;10;2022;14:07;1;04;2;9;1;6;"44;1974320000";"5;9437000000"
202200029867;27;7;2022;09:15;1;08;1;9;1;7;"49;3360980000";"4;8492710000"
202200029868;9;11;2022;10:50;1;973;2;1;2;3;"4;8791350000";" -52;2783030000"
202200029869;9;11;2022;05:34;3;13;1;1;1;2;"43;4699420000";"5;6571440000"
202200029870;8;11;2022;19:00;5;988;2;3;1;1;" -20;9321200000";"165;3263500000"
202200029871;8;11;2022;16:10;1;45;1;9;7;3;"48;1659803332";"2;2101649119"
202200029872;7;11;2022;23:30;3;95;1;1;1;6;"49;1315955129";"2;0869478008"
202200029873;9;11;2022;08:00;1;78;1;1;1;6;"48;6371910000";"1;6901350000"
202200029874;7;11;2022;23:00;3;48;1;1;2;6;"44;4146850000";"3;9308310000"
202200029875;7;11;2022;17:40;2;34;2;2;1;3;"43;6783480000";"4;1328390000"
202200029876;8;11;2022;20:15;3;34;1;1;1;1;"43;6747320000";"3;9974780000"
202200029877;9;9;2022;17:30;1;13;2;3;1;1;"43;4518910000";"5;6841050000"
202200029878;5;11;2022;17:50;3;67;1;1;1;7;"48;5100300000";"7;4882130000"
202200029879;6;11;2022;18:00;5;73;1;8;2;7;"45;7395860000";"6;4234250000"
202200029880;9;11;2022;15:10;1;69;1;1;1;6;"45;8838742895";"4;3957060575"
202200029881;5;11;2022;21:15;3;53;1;1;1;6;"47;9640410000";" -0;3513640000"
202200029882;8;11;2022;18:20;3;49;1;1;1;7;"47;4539420000";" -0;2447350000"
202200029883;9;11;2022;17:50;3;14;1;1;2;2;"49;1887050000";" -0;1913920000"
202200029884;9;11;2022;00:45;3;76;2;1;1;6;"49;5045480000";"0;2988890000"
202200029885;9;11;2022;16:15;1;60;1;1;7;1;"49;4028049882";"2;7152182065"
202200029886;7;11;2022;16:23;1;60;1;1;1;7;"49;4524075696";"2;2161429973"
202200029887;6;11;2022;18:10;5;59;2;1;9;6;"50;2334300000";"3;3216050000"
202200029888;8;11;2022;18:15;3;13;1;1;1;2;"43;4243680000";"5;3754950000"
202200029889;8;11;2022;09:43;1;13;1;1;1;2;"43;3678600000";"5;3607800000"
202200029890;8;11;2022;09:35;1;69;1;1;1;2;"45;7777801867";"4;7812360525"
202200029891;8;11;2022;02:45;3;69;1;1;1;7;"45;5080100000";"4;8451000000"
202200029892;8;11;2022;19:10;5;33;1;1;1;4;"44;7900487912";" -0;6111788750"
202200029893;8;11;2022;18:23;3;33;1;1;1;4;"44;8901260000";" -0;6121860000"
202200029894;8;11;2022;00:30;5;33;1;1;1;2;"44;8011872629";" -0;5344301462"
202200029895;7;11;2022;18:45;5;33;1;1;1;3;"44;8793400000";" -0;6281300000"
202200029896;6;11;2022;16:33;1;59;1;1;2;2;"50;5340600000";"3;0485400000"
202200029897;3;11;2022;14:50;1;59;1;1;1;6;"50;3383500000";"3;5035900000"
202200029898;31;10;2022;15:45;1;62;1;1;1;3;"50;4256320000";"2;9873150000"
202200029899;29;10;2022;15:24;1;59;1;1;1;6;"50;6713281984";"2;8712439389"
202200029900;8;11;2022;17:15;2;91;1;1;1;3;"48;6251000000";"2;3231500000"
202200029901;8;11;2022;11:10;1;91;1;1;1;4;"48;6680000000";"2;3540000000"
202200029902;8;11;2022;09:30;1;91;1;1;1;3;"48;7078300000";"2;1878500000"
202200029903;8;11;2022;19:00;4;93;1;1;1;4;"48;8866200000";"2;4821300000"
202200029904;8;11;2022;07:25;2;93;1;1;1;3;"48;9242200000";"2;4809000000"
202200029905;7;11;2022;12:10;1;93;1;1;1;2;"48;8657661263";"2;4206435175"
202200029906;7;11;2022;17:50;2;94;1;1;1;3;"48;7910300000";"2;4409100000"
202200029907;16;7;2022;20:02;1;78;2;1;1;6;"48;9667910000";"2;0112780000"
202200029908;27;8;2022;11:05;1;38;2;1;1;6;"45;3690730000";"4;7960580000"
202200029909;7;11;2022;08:27;1;93;2;1;8;3;"48;9651600000";"2;5709700000"
202200029910;6;11;2022;21:35;5;93;2;2;2;3;"48;8610610000";"2;4898250000"
202200029911;7;11;2022;13:05;1;93;2;1;8;2;"48;9052690000";"2;3966320000"
202200029912;7;9;2022;05:50;5;93;2;1;8;3;"48;9035794863";"2;4678687079"
202200029913;7;11;2022;22:35;5;93;2;5;1;3;"48;9106000000";"2;5122900000"
202200029914;7;11;2022;14:25;1;93;2;3;1;6;"48;9312200000";"2;3784400000"
202200029915;6;11;2022;02:50;3;972;1;1;1;1;"14;4844120000";" -60;9927950000"
202200029916;8;11;2022;00:18;2;11;1;1;1;6;"43;2722060000";"2;8909710000"
202200029917;4;11;2022;14:10;1;34;1;1;1;6;"43;6564692878";"3;5195758266"
202200029918;3;6;2022;21:00;1;62;1;1;2;2;"50;1355630000";"2;7672600000"
202200029919;8;11;2022;00:09;3;59;1;1;8;6;"50;9059020000";"2;4549080000"
202200029920;8;11;2022;17:34;5;32;2;2;1;6;"43;5142050000";"0;4045150000"
202200029921;8;11;2022;17:50;4;89;1;1;2;2;"47;8651730000";"3;5798910000"
202200029922;4;10;2022;14:21;1;60;2;1;1;1;"49;2911290000";"2;4446240000"
202200029923;7;11;2022;10:06;1;12;1;1;1;1;"44;7881710000";"2;8444720000"
202200029924;3;10;2022;08:30;1;13;1;1;1;3;"43;2847000000";"5;5207000000"
202200029925;7;11;2022;20:30;3;46;1;2;1;3;"44;9126440000";"1;7783500000"
202200029926;7;11;2022;16:15;1;39;1;1;1;6;"47;0168080000";"5;6687610000"
202200029927;3;10;2022;17:05;1;69;2;1;1;4;"45;7361000000";"4;8199000000"
202200029928;8;11;2022;07:40;2;25;1;1;1;1;"47;1062010000";"6;6738890000"
202200029929;3;10;2022;07:30;1;67;1;1;1;2;"48;5876300000";"7;7102000000"
202200029930;5;11;2022;01:20;3;44;1;1;1;6;"47;6516970000";" -1;6172920000"
202200029931;4;10;2022;18:35;2;92;1;1;1;2;"48;7604701300";"2;2910136580"
202200029932;6;11;2022;20:30;3;44;1;1;2;6;"47;3360820000";" -1;3586250000"
202200029933;4;10;2022;16:00;1;94;1;1;1;3;"48;7903422576";"2;3438434323"
202200029934;7;11;2022;14:15;1;34;2;1;1;6;"43;5293110000";"3;9299570000"
202200029935;4;10;2022;11:25;1;91;1;1;1;3;"48;7313300000";"2;2392400000"
202200029936;4;10;2022;17:25;1;78;1;1;1;2;"48;9749260000";"1;7265620000"
202200029937;4;10;2022;10:00;1;92;1;1;1;4;"48;9346615298";"2;2581093324"
202200029938;3;10;2022;16:55;1;95;1;1;1;6;"48;9656083334";"2;2718364000"
202200029939;3;10;2022;12:20;1;93;1;1;1;7;"48;8837520000";"2;4591860000"
202200029940;26;7;2022;23:50;5;59;2;1;8;6;"50;6952524701";"3;2131361961"
202200029941;19;6;2022;15:30;1;62;1;1;8;6;"50;4537450000";"2;5844650000"
202200029942;18;4;2022;16:00;1;14;1;1;1;2;"48;9201870000";" -0;8571370000"
202200029943;29;6;2022;16:45;1;74;1;1;1;5;"46;1523450870";"6;1556160444"
202200029944;21;5;2022;04:15;3;42;2;1;1;7;"45;4742910000";"4;6089150000"
202200029945;4;6;2022;14:55;1;74;2;3;1;3;"46;0762300000";"6;5612520000"
202200029946;19;5;2022;15:55;1;74;2;6;1;6;"46;1474770000";"6;3200570000"
202200029947;20;5;2022;21:00;2;62;2;1;1;1;"50;1194090000";"2;9326150000"
202200029948;21;5;2022;11:35;1;51;1;1;7;7;"48;8636840000";"3;7815500000"
202200029949;15;5;2022;12:05;1;74;1;1;1;3;"45;8806800000";"6;0295840000"
202200029950;21;5;2022;09:57;1;56;1;2;1;3;"47;8094080000";" -2;1249960000"
202200029951;3;10;2022;07:30;1;976;2;9;1;3;" -12;8074600000";"45;2064500000"
202200029952;22;5;2022;12:50;1;59;1;9;1;3;"50;8822713153";"2;2271279991"
202200029953;3;10;2022;12:00;1;974;2;1;1;2;" -21;3382100000";"55;4894800000"
202200029954;22;5;2022;09:15;1;74;2;1;1;6;"45;9237790000";"6;6120200000"
202200029955;3;10;2022;07:15;1;974;2;3;1;3;" -21;3442300000";"55;4831100000"
202200029956;21;5;2022;20:00;1;2B;1;1;1;7;"42;9081920000";"9;3776460000"
202200029957;30;9;2022;12:45;1;973;2;1;1;1;"4;9140120426";" -52;3208507895"
202200029958;15;5;2022;22:40;3;82;2;1;1;6;"44;1287300000";"1;8165310000"
202200029959;22;5;2022;09:15;1;32;1;1;1;6;"43;5409890000";"0;8267860000"
202200029960;3;10;2022;08:30;1;972;1;1;1;3;"14;6170600000";" -61;0736400000"
202200029961;22;5;2022;10:45;1;71;1;1;1;1;"46;7505500000";"5;2860980000"
202200029962;2;10;2022;19:10;2;69;2;3;1;3;"45;7530929433";"4;8248586059"
202200029963;22;5;2022;04:35;5;61;2;1;1;6;"48;6554570000";" -0;5040190000"
202200029964;21;5;2022;21:15;2;61;1;1;1;1;"48;8032670000";" -0;0230780000"
202200029965;3;10;2022;09:55;1;2B;2;1;1;2;"42;6144900000";"9;4375100000"
202200029966;21;5;2022;01:30;3;61;1;1;1;6;"48;5365990000";"0;2470310000"
202200029967;2;10;2022;19:12;5;2B;2;2;1;1;"42;7012800000";"9;4504000000"
202200029968;21;5;2022;11:30;1;42;1;1;1;6;"45;3242950000";"4;6078830000"
202200029969;22;5;2022;12:45;1;41;1;1;1;6;"47;9979630000";"0;9104920000"
202200029970;2;10;2022;10:40;1;971;1;1;1;2;"16;2414032030";" -61;4893788099"
202200029971;20;5;2022;16:45;1;29;1;3;1;2;"48;4134930000";" -4;2429540000"
202200029972;2;10;2022;09:30;1;971;2;1;1;2;"16;2413700000";" -61;5371200000"
202200029973;22;5;2022;10:45;1;22;1;1;2;6;"48;2146080000";" -3;1587410000"
202200029974;22;5;2022;01:00;3;39;1;1;1;6;"46;9714580000";"5;3396470000"
202200029975;1;10;2022;15:55;1;971;2;3;1;3;"16;2429000000";" -61;5396000000"
202200029976;21;5;2022;23:45;3;39;1;1;1;6;"46;9963530000";"5;7908250000"
202200029977;3;10;2022;13:40;1;2A;1;1;1;2;"41;9270900000";"8;7861000000"
202200029978;22;5;2022;13:13;1;44;1;2;1;3;"47;1613800000";" -1;3413070000"
202200029979;3;10;2022;08:45;1;2A;2;9;1;3;"41;9474500000";"8;7634000000"
202200029980;1;10;2022;13:29;1;87;1;1;2;6;"45;8956400000";"1;3034900000"
202200029981;22;5;2022;18:55;1;44;1;1;1;1;"46;9927090000";" -1;7683270000"
202200029982;30;9;2022;15:52;1;87;2;1;1;6;"45;8359500000";"1;2702700000"
202200029983;21;5;2022;20:45;1;29;2;4;1;6;"47;9575670000";" -3;8258490000"
202200029984;1;10;2022;17:00;1;87;1;1;2;6;"45;7699500000";"1;2240800000"
202200029985;1;10;2022;16:23;1;87;2;1;2;6;"45;8170900000";"1;2524400000"
202200029986;28;9;2022;19:59;5;87;2;2;2;3;"45;8209000000";"1;2303700000"
202200029987;21;5;2022;19:53;1;02;2;1;1;6;"49;5103340000";"3;4509780000"
202200029988;29;9;2022;17:40;1;83;2;1;1;3;"43;0955000000";"5;8831200000"
202200029989;21;4;2022;09:18;1;03;1;1;1;7;"46;3434390000";"3;8890100000"
202200029990;22;5;2022;07:00;3;03;1;1;1;6;"46;4236110000";"2;3882980000"
202200029991;21;5;2022;18:15;1;58;2;1;1;6;"47;1764490000";"3;0192760000"
202200029992;2;10;2022;18:10;1;78;1;1;1;1;"48;9638000000";"1;9796200000"
202200029993;22;5;2022;11:15;1;64;1;1;1;3;"43;0106730000";" -0;7470270000"
202200029994;3;10;2022;11:30;1;76;2;1;2;7;"49;3381142294";"1;0238248646"
202200029995;21;5;2022;10:45;1;64;2;2;1;3;"43;3879110000";" -1;2989650000"
202200029996;3;10;2022;07:40;2;76;2;3;5;2;"49;4373100000";"1;0552200000"
202200029997;21;5;2022;11:35;1;73;1;2;1;3;"45;4556366222";"5;7809570432"
202200029998;21;5;2022;19:15;1;73;1;1;1;1;"45;4316850000";"5;8707760000"
202200029999;30;9;2022;12:30;1;76;1;2;1;3;"49;4815800000";"0;2197600000"
202200030000;21;5;2022;22:47;3;07;1;1;1;6;"44;3843300000";"4;1722300000"
202200030001;20;5;2022;14:40;1;24;1;2;1;3;"45;4635170000";"1;1013360000"
202200030002;2;10;2022;23:40;5;76;2;2;1;6;"49;4976600000";"0;0967200000"
202200030003;1;10;2022;04:20;5;74;2;1;1;6;"46;1829200000";"6;2528400000"
202200030004;22;5;2022;11:45;1;85;2;2;1;3;"46;9083090000";" -1;3768740000"
202200030005;3;10;2022;03:30;3;73;1;1;1;6;"45;5851000000";"5;9076600000"
202200030006;22;5;2022;13:15;1;27;1;2;1;3;"49;2479320000";"1;6112240000"
202200030007;1;10;2022;15:54;1;72;2;1;1;3;"48;0251500000";"0;1805000000"
202200030008;22;5;2022;08:05;1;17;1;1;1;1;"45;9601900000";" -0;8115080000"
202200030009;30;9;2022;23:25;5;72;1;3;2;3;"47;9599620000";"0;2249350000"
202200030010;20;5;2022;08:35;1;95;2;1;8;6;"49;0597487166";"2;1671229601"
202200030011;21;5;2022;16:25;1;18;1;1;1;2;"47;0329720000";"2;3724680000"
202200030012;29;9;2022;18:03;1;72;2;1;1;2;"47;9715900000";"0;2168200000"
202200030013;21;5;2022;16:40;2;988;2;1;2;1;" -22;2189580000";"166;5123560000"
202200030014;1;10;2022;19:30;5;71;2;1;2;3;"46;2899100000";"4;8126500000"
202200030015;22;5;2022;08:50;1;988;1;3;1;2;" -21;8467660000";"165;9231930000"
202200030016;3;10;2022;18:00;1;69;2;9;1;6;"45;6887680880";"4;8652911187"
202200030017;3;10;2022;12:30;1;69;2;1;1;6;"45;7237161367";"4;9175637960"
202200030018;18;5;2022;15:05;1;91;2;1;1;6;"48;6101060000";"2;3258000000"
202200030019;22;5;2022;15:30;1;83;2;1;1;1;"43;1744889000";"5;8283760000"
202200030020;3;10;2022;13:35;1;68;2;2;1;3;"47;7500900000";"7;3274900000"
202200030021;22;5;2022;06:25;2;83;1;1;1;1;"43;2316872310";"5;8064747232"
202200030022;1;10;2022;21:05;5;67;2;1;1;2;"48;5733300000";"7;7193400000"
202200030023;4;2;2022;07:50;2;83;1;1;1;2;"43;5467709724";"6;8073166608"
202200030024;1;10;2022;19:10;5;67;2;3;1;5;"48;5765400000";"7;7539000000"
202200030025;22;5;2022;18:05;1;06;1;1;1;6;"43;9234450000";"7;1531400000"
202200030026;22;5;2022;10:05;1;13;1;1;1;1;"43;2678940000";"5;7268810000"
202200030027;1;10;2022;06:00;5;67;2;3;2;3;"48;5748940243";"7;7511388063"
202200030028;22;5;2022;16:48;1;13;1;1;1;3;"43;4693970000";"4;3951000000"
202200030029;30;9;2022;11:20;1;67;2;1;1;2;"48;6273500000";"7;7724700000"
202200030030;21;5;2022;21:25;2;08;2;3;1;3;"50;1351220000";"4;8283140000"
202200030031;29;9;2022;16:45;1;67;2;3;1;3;"48;5807400000";"7;7236500000"
202200030032;21;5;2022;17:30;1;68;1;1;1;7;"47;9402950000";"7;0117200000"
202200030033;27;9;2022;16:55;1;67;2;3;2;3;"48;5958300000";"7;6960100000"
202200030034;21;5;2022;17:50;1;67;1;1;1;7;"48;4095386404";"7;6319575310"
202200030035;1;10;2022;18:55;1;64;2;6;7;3;"43;3189000000";" -0;3072400000"
202200030036;22;5;2022;16:00;1;74;1;1;1;1;"46;3632780000";"6;5203540000"
202200030037;20;4;2022;15:20;1;38;2;1;1;6;"45;5805490000";"4;8054080000"
202200030038;30;4;2022;16:20;1;69;1;1;1;6;"45;9557867084";"4;5239853859"
202200030039;29;9;2022;07:25;5;64;2;2;3;3;"43;3136887264";" -0;3777475655"
202200030040;18;5;2022;16:15;1;69;1;3;1;4;"45;9439960000";"4;7261810000"
202200030041;2;10;2022;19:45;2;64;2;2;1;1;"43;4938800000";" -1;4992500000"
202200030042;21;5;2022;18:55;1;81;1;1;1;2;"43;6131330000";"2;0980780000"
202200030043;2;10;2022;06:00;5;64;2;1;1;2;"43;4760578912";" -1;5276110738"
202200030044;21;5;2022;18:25;1;69;2;1;1;3;"45;7473516726";"4;7344900619"
202200030045;27;9;2022;18:10;1;62;2;2;2;6;"50;4048300000";"2;8282700000"
202200030046;22;5;2022;18:15;1;65;1;1;1;1;"43;1292400000";"0;1282950000"
202200030047;1;10;2022;09:30;1;59;2;3;1;3;"50;3475600000";"3;1223900000"
202200030048;21;5;2022;12:20;1;33;1;1;7;6;"45;0370950000";" -0;4162310000"
202200030049;27;9;2022;07:10;2;59;2;6;8;3;"50;3806552873";"3;0941346288"
202200030050;22;5;2022;12:00;1;29;1;4;1;3;"48;5692047420";" -4;3594023585"
202200030051;2;10;2022;14:20;1;57;2;1;3;1;"49;2612400000";"6;1286190000"
202200030052;1;10;2022;11:15;1;56;2;6;1;7;"47;7177800000";" -3;3842500000"
202200030053;7;5;2022;16:30;1;22;2;1;1;2;"48;7782680000";" -3;0420960000"
202200030054;22;5;2022;11:00;1;22;1;1;8;2;"48;1805240000";" -2;8255460000"
202200030055;1;10;2022;01:05;3;56;1;1;2;4;"47;7836280000";" -3;3388890000"
202200030056;22;5;2022;10:30;1;02;1;1;1;7;"49;5152140000";"3;7512730000"
202200030057;30;9;2022;19:35;5;54;2;2;1;2;"48;6825665320";"6;1842580140"
202200030058;3;10;2022;07:50;2;51;2;1;5;7;"49;2233281062";"4;0164443851"
202200030059;21;5;2022;18:25;1;59;1;1;1;5;"50;2037743154";"3;5002666712"
202200030060;1;10;2022;13:05;1;49;2;1;2;7;"47;4725746351";" -0;4930034280"
202200030061;3;10;2022;17:30;1;47;2;1;1;6;"44;4047763846";"0;7150935400"
202200030062;21;5;2022;07:30;1;60;1;1;8;1;"49;6301020000";"2;0295420000"
202200030063;3;10;2022;19:30;1;47;2;2;1;6;"44;1985100000";"0;6209600000"
202200030064;20;5;2022;12:35;1;73;2;3;1;1;"45;8299410910";"5;8427819611"
202200030065;3;10;2022;09:05;2;47;2;1;1;2;"44;2085900000";"0;6439700000"
202200030066;20;5;2022;23:00;3;42;1;1;1;6;"45;9279720000";"4;0461120000"
202200030067;3;10;2022;12:00;1;37;2;1;1;6;"47;3508431305";"0;6460529566"
202200030068;20;5;2022;15:52;1;67;2;2;1;6;"48;7945700000";"7;5890180000"
202200030069;3;10;2022;08:40;1;37;2;6;1;3;"47;4250000000";"0;7116300000"
202200030070;21;5;2022;03:40;3;22;1;1;1;2;"48;5008730019";" -2;0397455514"
202200030071;20;5;2022;10:19;1;01;2;6;1;3;"46;1280990000";"5;8115910000"
202200030072;3;10;2022;19:00;1;33;2;2;1;3;"44;7777600000";" -0;5951600000"
202200030073;19;5;2022;11:30;1;79;2;1;1;7;"46;2645200000";" -0;0119500000"
202200030074;21;5;2022;04:16;5;68;2;1;1;7;"47;8769260000";"7;3074480000"
202200030075;2;10;2022;13:52;1;32;2;2;1;1;"43;6436600000";"0;5869900000"
202200030076;20;5;2022;11:10;1;34;1;1;1;3;"43;7064220000";"3;9124740000"
202200030077;3;10;2022;17:15;1;31;2;1;1;1;"43;5822400000";"1;3331400000"
202200030078;17;5;2022;10:40;1;57;2;9;7;4;"49;2924490000";"6;5328140000"
202200030079;2;10;2022;00:25;3;27;1;1;2;7;"49;0981900000";"1;5098500000"
202200030080;21;5;2022;06:15;1;04;2;1;1;6;"44;2791520000";"6;3894720000"
202200030081;26;9;2022;20:25;5;27;2;1;8;1;"49;0882000000";"1;4918000000"
202200030082;18;5;2022;20:00;1;56;1;9;1;3;"47;8331050000";" -2;9073380000"
202200030083;3;10;2022;06:15;3;25;2;5;1;3;"47;2262030000";"5;9772210000"
202200030084;21;5;2022;03:00;3;56;1;1;1;6;"47;8924670000";" -2;4674340000"
202200030085;29;9;2022;11:25;1;22;2;9;2;6;"48;7319500000";" -3;4513800000"
202200030086;20;5;2022;19:00;1;74;1;1;1;7;"45;7890730000";"6;1102010000"
202200030087;3;10;2022;18:05;2;17;2;1;1;6;"45;7372880000";" -0;6534740000"
202200030088;21;5;2022;14:45;1;2B;1;1;1;3;"42;9435280000";"9;4613310000"
202200030089;12;5;2022;17:00;1;2B;1;1;1;3;"42;8199720000";"9;4864130000"
202200030090;3;10;2022;20:44;5;17;2;3;1;1;"46;1465700000";" -1;1423000000"
202200030091;21;5;2022;12:15;1;65;2;1;1;7;"42;9814970000";" -0;0945580000"
202200030092;21;5;2022;09:20;1;49;1;9;1;3;"47;6158410000";" -0;5285020000"
202200030093;30;9;2022;19:50;5;13;2;2;1;3;"43;8137200000";"4;6612200000"
202200030094;21;5;2022;16:00;1;12;1;1;1;7;"44;6275921000";"2;3209480000"
202200030095;3;10;2022;19:40;5;13;2;1;1;3;"43;2960200000";"5;5685200000"