Accident_Id;jour;mois;an;hrmn;lum;dep;agg;int;atm;col;lat;long
202200030096;30;9;2022;17:30;1;11;2;1;1;6;"43;1925000000";"3;0128510000"
202200030097;21;5;2022;15:30;1;29;1;2;1;6;"48;5429430100";" -3;7458080000"
202200030098;29;9;2022;16:30;1;09;2;9;1;6;"42;9344480000";"1;6298120000"
202200030099;20;5;2022;10:50;1;31;2;2;1;3;"43;4649630000";"1;9956490000"
202200030100;3;10;2022;03:00;5;06;2;1;1;6;"43;6338600000";"6;9393100000"
202200030101;15;5;2022;13:20;1;31;1;1;7;6;"43;1931220000";"1;1047730000"
202200030102;29;9;2022;12:10;1;06;2;1;1;7;"43;6580870000";"7;1659260000"
202200030103;20;5;2022;21:16;3;58;1;1;1;7;"46;9915570000";"3;9307560000"
202200030104;21;7;2022;01:04;5;75;2;2;1;3;"48;8513880000";"2;3431890000"
202200030105;21;5;2022;10:30;1;05;1;1;1;7;"44;6471130000";"6;1826850000"
202200030106;3;10;2022;20:30;5;75;2;1;1;3;"48;9005010000";"2;3248890000"
202200030107;20;5;2022;19:40;1;05;1;1;1;6;"44;6793190000";"6;0621680000"
202200030108;20;5;2022;22:00;2;10;1;1;1;6;"48;0288821344";"4;3632888794"
202200030109;1;10;2022;22:30;5;75;2;4;1;6;"48;8257910000";"2;3865890000"
202200030110;20;5;2022;19:05;1;40;1;3;7;5;"43;8703950000";" -0;2474070000"
202200030111;3;10;2022;01:45;5;75;2;7;1;3;"48;8959770000";"2;3464180000"
202200030112;21;5;2022;09:50;1;85;1;1;1;1;"46;5347240000";" -1;3686240000"
202200030113;3;10;2022;19:50;5;75;2;2;1;2;"48;8943080000";"2;3137630000"
202200030114;20;5;2022;18:45;1;37;2;1;1;4;"47;2747960000";"0;8315220000"
202200030115;3;10;2022;18:30;1;75;2;1;1;3;"48;8673870000";"2;2722590000"
202200030116;21;5;2022;00:30;3;37;1;2;1;6;"47;0735160216";"1;0964166373"
202200030117;2;10;2022;03:30;5;75;2;3;2;3;"48;8527090000";"2;2807250000"
202200030118;20;5;2022;20:20;2;08;1;1;1;7;"49;5489090000";"4;1003890000"
202200030119;3;10;2022;12:15;1;75;2;2;8;2;"48;8472300000";"2;2791650000"
202200030120;20;5;2022;04:15;3;18;1;1;8;3;"47;2383650000";"2;0388540000"
202200030121;21;5;2022;00:15;3;34;1;1;1;1;"43;7193810000";"3;8329410000"
202200030122;3;10;2022;08:00;1;75;2;4;8;3;"48;8295870000";"2;2922970000"
202200030123;21;5;2022;16:30;1;69;2;3;1;3;"45;7650190000";"4;7681500000"
202200030124;3;10;2022;10:00;1;75;2;2;1;3;"48;8387300000";"2;3764230000"
202200030125;3;10;2022;08:30;1;75;2;1;2;6;"48;8399260000";"2;3884800000"
202200030126;20;5;2022;18:05;1;49;1;1;1;2;"47;4408259544";" -0;7538073815"
202200030127;21;5;2022;06:41;2;64;1;1;1;2;"43;3409103619";" -1;7373579741"
202200030128;3;10;2022;17:30;1;75;2;2;1;2;"48;8820980000";"2;3633370000"
202200030129;20;5;2022;13:40;1;38;1;1;1;2;"45;5602077706";"5;4104104760"
202200030130;27;9;2022;08:40;1;94;2;9;1;3;"48;8348200000";"2;5049650000"
202200030131;20;5;2022;20:40;3;987;2;1;1;1;" -17;8272130000";" -149;2423950000"
202200030132;3;10;2022;17:50;1;94;2;1;1;6;"48;7823000000";"2;4644000000"
202200030133;3;10;2022;05:25;5;94;2;3;2;6;"48;7724358243";"2;4023992093"
202200030134;21;5;2022;10:40;1;973;1;1;1;5;"4;9156190000";" -52;3762460000"
202200030135;18;4;2022;21:10;5;971;1;1;2;6;"16;2918940000";" -61;3690230000"
202200030136;2;10;2022;22:10;5;94;2;7;1;1;"48;7638700000";"2;3682900000"
202200030137;14;1;2022;19:15;4;971;2;1;1;6;"16;3311050000";" -61;6945730000"
202200030138;3;10;2022;16:50;1;94;2;1;1;3;"48;7222100000";"2;5344300000"
202200030139;20;5;2022;13:20;1;33;2;1;1;1;"44;8190286990";" -0;4408974946"
202200030140;21;5;2022;19:00;1;77;1;1;7;1;"48;3055350000";"2;4919650000"
202200030141;3;10;2022;07:55;2;93;2;3;5;3;"48;9454800000";"2;3866200000"
202200030142;18;5;2022;19:35;1;77;2;1;1;6;"48;8608050000";"2;9273410000"
202200030143;3;10;2022;22:55;5;93;2;1;1;3;"48;9359412542";"2;5767822252"
202200030144;20;5;2022;08:20;1;95;2;1;3;6;"49;0803070000";"1;9319360000"
202200030145;20;5;2022;16:00;1;83;1;1;1;7;"43;1417670000";"6;2619500000"
202200030146;3;10;2022;15:00;1;93;2;1;1;3;"48;9515052945";"2;3208390860"
202200030147;20;5;2022;15:45;1;13;2;1;1;3;"43;4894860000";"5;2195630000"
202200030148;3;10;2022;08:40;1;93;2;2;5;3;"48;9032362304";"2;5586056080"
202200030149;21;5;2022;08:30;1;13;1;2;1;3;"43;8810910000";"4;9156040000"
202200030150;19;5;2022;13:10;1;89;1;1;1;6;"47;9696350000";"3;4142160000"
202200030151;3;10;2022;07:10;2;93;2;1;5;3;"48;9115087354";"2;4749802053"
202200030152;20;5;2022;16:30;1;71;2;9;1;6;"46;2774480000";"4;0358070000"
202200030153;21;5;2022;10:45;1;71;1;1;1;2;"46;4436750000";"4;2095980000"
202200030154;3;10;2022;12:27;1;93;2;6;5;6;"48;9101200000";"2;4461400000"
202200030155;20;5;2022;21:30;2;71;1;1;1;1;"46;4259000000";"4;4125450000"
202200030156;3;10;2022;08:30;1;93;2;2;1;3;"48;9064752782";"2;3729671932"
202200030157;3;10;2022;08:45;1;92;2;1;8;7;"48;8234094890";"2;2551353574"
202200030158;14;5;2022;20:10;2;69;1;1;7;1;"45;6808093340";"4;3958830833"
202200030159;3;10;2022;17:40;2;92;2;1;1;6;"48;9098376390";"2;2528211474"
202200030160;20;5;2022;14:30;1;69;2;1;1;2;"45;8126080000";"4;6008470000"
202200030161;3;10;2022;08:10;2;92;2;6;8;3;"48;8480920029";"2;2417339682"
202200030162;21;5;2022;11:10;1;69;2;1;1;6;"45;8090670000";"4;7612970000"
202200030163;20;5;2022;17:00;1;16;2;1;1;1;"45;6804990000";"0;1773940000"
202200030164;30;9;2022;23:30;5;92;2;2;1;5;"48;9143400000";"2;3108200000"
202200030165;20;5;2022;23:50;3;33;1;1;1;1;"44;5134000000";" -0;7453540000"
202200030166;5;4;2022;07:30;1;85;1;1;2;5;"46;7274300000";" -1;8698400000"
202200030167;1;10;2022;21:40;5;92;2;6;1;3;"48;9226968311";"2;2860022187"
202200030168;21;5;2022;00:40;3;85;1;1;1;6;"46;8563500000";" -1;4092100000"
202200030169;30;9;2022;12:00;1;92;2;1;1;6;"48;9191344187";"2;3168076575"
202200030170;21;5;2022;01:45;3;49;1;1;1;2;"47;1090270000";" -0;9957650000"
202200030171;29;9;2022;15:10;1;92;2;1;1;6;"48;9195814857";"2;2765994668"
202200030172;3;10;2022;17:45;1;54;1;3;1;1;"48;6970968530";"6;3907653102"
202200030173;21;5;2022;16:05;1;50;1;2;1;3;"49;6262450000";" -1;7986680000"
202200030174;20;5;2022;15:50;1;22;1;1;1;7;"48;2222210000";" -2;8350520000"
202200030175;4;9;2022;12:18;1;01;2;3;1;6;"45;9025410000";"5;1910400000"
202200030176;27;1;2022;05:30;3;54;1;1;8;6;"48;6461670000";"6;1414510000"
202200030177;4;10;2022;13:05;1;38;1;1;1;1;"45;4162490000";"4;7632600000"
202200030178;28;1;2022;16:50;2;54;1;1;1;2;"48;8487800000";"6;0893700000"
202200030179;20;5;2022;00:00;5;974;2;3;1;7;" -20;9409300000";"55;3104900000"
202200030180;4;10;2022;12:00;1;06;2;3;1;1;"43;7384270000";"7;3097500000"
202200030181;18;5;2022;09:35;1;973;2;1;1;2;"4;9208000000";" -52;3033200000"
202200030182;19;5;2022;13:30;1;972;2;1;1;6;"14;6140700000";" -60;9945600000"
202200030183;3;10;2022;18:20;1;43;1;4;1;3;"45;2721230000";"3;6142660000"
202200030184;19;5;2022;13:05;1;972;1;1;1;7;"14;6035900000";" -61;0608100000"
202200030185;4;10;2022;08:15;1;95;2;6;1;3;"49;1244090000";"2;2497730000"
202200030186;19;5;2022;16:25;1;69;1;6;1;2;"45;7707000000";"4;7885100000"
202200030187;3;10;2022;14:45;1;972;1;1;1;7;"14;6958800000";" -61;1770030000"
202200030188;4;10;2022;07:30;2;12;1;1;1;6;"44;0216560000";"2;5358360000"
202200030189;19;5;2022;07:55;1;69;2;3;1;3;"45;7138900000";"4;8172700000"
202200030190;3;10;2022;15:15;1;56;1;1;1;4;"47;9396780000";" -2;2641490000"
202200030191;19;5;2022;18:30;1;971;2;9;1;6;"16;2479100000";" -61;5327500000"
202200030192;3;10;2022;11:30;1;56;2;3;1;3;"47;4761800000";" -3;1124140000"
202200030193;18;5;2022;12:15;1;91;2;1;1;6;"48;6997100000";"2;1649000000"
202200030194;3;10;2022;12:40;1;80;2;2;1;3;"49;9847350000";"1;5616270000"
202200030195;3;10;2022;09:15;1;69;1;6;7;3;"46;0425830000";"4;3029190000"
202200030196;18;5;2022;12:40;1;91;2;1;1;2;"48;7048800000";"2;4592700000"
202200030197;3;10;2022;17:00;1;42;1;1;1;7;"45;8580520000";"4;1904150000"
202200030198;19;5;2022;17:00;1;91;1;1;1;2;"48;7238300000";"2;3702900000"
202200030199;3;10;2022;14:50;1;42;1;4;1;2;"45;5586180000";"4;3199340000"
202200030200;3;10;2022;15:20;1;42;1;1;8;3;"45;4245100000";"4;0467020000"
202200030201;18;5;2022;17:30;1;91;2;1;7;2;"48;6863020000";"2;3508810000"
202200030202;1;10;2022;15:00;1;42;1;1;1;6;"45;2695670000";"4;3976960000"
202200030203;19;5;2022;13:32;1;87;2;1;1;7;"45;8493700000";"1;2256100000"
202200030204;3;10;2022;07:45;2;22;1;1;1;6;"48;5370417878";" -3;5015407205"
202200030205;10;9;2022;18:30;1;35;2;1;1;6;"48;1116300000";" -1;4016480000"
202200030206;19;5;2022;07:41;1;87;2;2;1;3;"45;8264500000";"1;2517500000"
202200030207;3;10;2022;08:00;1;31;1;1;1;6;"43;3098470000";"0;6790490000"
202200030208;18;5;2022;09:09;1;87;2;3;1;3;"45;8920700000";"1;2014100000"
202200030209;18;5;2022;21:30;1;86;2;1;1;6;"46;5762030000";"0;3735780000"
202200030210;3;10;2022;17:30;1;38;2;1;1;6;"45;2731310000";"5;9242430000"
202200030211;2;10;2022;01:00;5;72;2;1;1;1;"48;1016600000";"0;5784500000"
202200030212;19;5;2022;16:25;1;83;2;6;1;7;"43;1288310000";"5;9817270000"
202200030213;9;5;2022;11:35;1;83;2;1;1;6;"43;4239553340";"6;7663845420"
202200030214;4;10;2022;02:00;5;64;1;1;1;6;"43;2936200000";" -0;2864810000"
202200030215;15;7;2022;09:45;1;07;1;1;1;4;"44;6139700000";"4;4083300000"
202200030216;15;5;2022;16:55;1;83;2;9;1;6;"43;4147870000";"6;8080340000"
202200030217;1;10;2022;22:30;3;10;1;1;1;6;"48;5050189194";"3;4752309322"
202200030218;20;7;2022;16:00;1;01;2;1;1;6;"46;1946088136";"5;2298891544"
202200030219;16;5;2022;10:27;1;17;2;1;1;6;"45;9553350000";" -0;5325240000"
202200030220;19;7;2022;17:25;1;75;2;1;1;2;"48;8933370000";"2;3034110000"
202200030221;17;5;2022;19:00;1;80;1;1;1;3;"49;8965600000";"2;3013300000"
202200030222;2;10;2022;11:55;1;87;1;1;1;7;"45;8487298680";"0;8551290479"
202200030223;19;7;2022;14:20;1;75;2;1;1;2;"48;8262150000";"2;3877800000"
202200030224;2;10;2022;15:30;1;87;1;1;1;3;"46;2146150000";"1;1203910000"
202200030225;16;4;2022;00:05;5;79;2;3;1;1;"46;3153000000";" -0;4140000000"
202200030226;19;7;2022;13:48;1;75;2;1;1;4;"48;8788790000";"2;4079060000"
202200030227;19;5;2022;08:55;1;78;2;1;1;3;"48;9730380000";"1;8465000000"
202200030228;4;10;2022;08:30;1;988;2;3;1;7;" -22;2000460000";"166;4786200000"
202200030229;19;7;2022;02:10;5;75;2;1;1;2;"48;8544570000";"2;4138350000"
202200030230;19;5;2022;20:40;1;76;2;6;1;3;"49;4261000000";"1;0877500000"
202200030231;4;10;2022;12:40;1;973;1;1;1;1;"4;8670340000";" -52;2508590000"
202200030232;20;7;2022;18:35;1;75;2;1;2;4;"48;8734120000";"2;3960010000"
202200030233;19;5;2022;07:55;1;72;2;1;1;2;"47;9853200000";"0;2252400000"
202200030234;30;9;2022;21:15;5;69;2;1;1;1;"45;7639200000";"4;7792050000"
202200030235;16;5;2022;16:30;1;72;2;1;1;2;"48;0124530000";"0;2058590000"
202200030236;20;7;2022;21:50;5;75;2;2;1;3;"48;8947880000";"2;3823560000"
202200030237;19;5;2022;18:35;1;69;2;2;1;3;"45;7119600000";"4;9206700000"
202200030238;4;10;2022;18:00;1;51;1;1;1;4;"49;2547010000";"4;0030470000"
202200030239;20;7;2022;17:40;1;75;2;3;9;6;"48;8938160000";"2;3350810000"
202200030240;19;5;2022;03:50;5;69;2;3;1;7;"45;7721100000";"4;8588800000"
202200030241;4;10;2022;08:20;1;22;1;1;1;3;"48;4807020000";" -2;6499800000"
202200030242;20;7;2022;14:40;1;75;2;7;1;3;"48;8737310000";"2;2941270000"
202200030243;18;5;2022;07:10;1;69;2;3;1;6;"45;6972900000";"4;9445900000"
202200030244;4;10;2022;08:20;1;59;1;1;5;6;"50;2291071484";"3;2708144188"
202200030245;20;7;2022;08:50;2;75;2;1;2;2;"48;8450160000";"2;3800620000"
202200030246;18;5;2022;13:25;1;67;2;3;1;5;"48;5616200000";"7;6950900000"
202200030247;19;7;2022;23:50;5;75;2;4;1;6;"48;8372130000";"2;4079270000"
202200030248;3;10;2022;02:24;3;60;1;1;5;4;"49;1388223579";"2;5685951841"
202200030249;19;5;2022;14:55;1;64;2;1;1;5;"43;2799100000";" -0;3587600000"
202200030250;4;10;2022;05:00;5;988;1;3;1;6;" -21;7275800000";"165;8283100000"
202200030251;20;7;2022;09:40;1;75;2;2;2;3;"48;8684350000";"2;3749300000"
202200030252;19;5;2022;08:30;1;64;1;3;2;5;"43;3483000000";" -0;3800100000"
202200030253;2;10;2022;18:40;3;971;1;1;1;3;"16;2624550000";" -61;3861410000"
202200030254;19;5;2022;06:15;2;64;2;1;1;7;"43;4744489329";" -1;5005055070"
202200030255;26;9;2022;16:26;2;13;1;2;1;1;"43;4891950000";"5;6303160000"
202200030256;18;5;2022;09:25;1;63;2;3;1;6;"45;7910900000";"3;0863200000"
202200030257;19;7;2022;22:09;5;75;2;4;1;3;"48;8568210000";"2;3704860000"
202200030258;17;5;2022;11:07;1;63;2;1;1;2;"45;7590100000";"3;1444900000"
202200030259;4;10;2022;05:10;3;77;1;1;5;3;"48;6130340000";"2;9762430000"
202200030260;20;7;2022;22:00;2;94;2;1;8;7;"48;7913600000";"2;3536500000"
202200030261;18;5;2022;00:21;3;63;2;1;1;6;"45;8239800000";"3;1109200000"
202200030262;17;5;2022;10:46;1;63;2;1;1;2;"45;7661100000";"3;0942500000"
202200030263;20;7;2022;23:10;5;94;2;1;1;6;"48;8122200000";"2;3672500000"
202200030264;17;5;2022;09:39;1;63;2;1;1;6;"45;8116800000";"3;1147400000"
202200030265;2;10;2022;20:45;5;91;2;1;1;3;"48;6891370000";"2;2303530000"
202200030266;17;5;2022;08:21;1;63;2;1;1;6;"45;7930800000";"3;1177600000"
202200030267;19;5;2022;09:20;1;61;1;2;1;3;"48;4356700000";"0;0224200000"
202200030268;3;10;2022;08:30;1;34;1;3;1;3;"43;4569140000";"3;6105750000"
202200030269;4;10;2022;17:10;1;05;1;1;1;1;"44;2656430000";"5;9034150000"
202200030270;19;7;2022;19:10;1;94;2;2;7;1;"48;8507800000";"2;4751400000"
202200030271;15;4;2022;22:10;5;60;2;1;1;4;"49;4161851382";"2;0993623137"
202200030272;2;10;2022;05:20;3;52;1;1;1;7;"48;0376490000";"5;2038720000"
202200030273;15;5;2022;01:00;5;59;2;2;1;3;"50;6344700000";"3;0487200000"
202200030274;30;8;2022;19:10;1;67;1;1;1;3;"48;4366440000";"7;3250350000"
202200030275;13;5;2022;13:10;1;57;2;3;1;6;"49;1861010450";"6;8691058013"
202200030276;4;10;2022;16:45;1;64;1;1;1;7;"43;2551980000";" -0;2903710000"
202200030277;19;5;2022;11:10;1;56;2;3;1;6;"47;7523480000";" -3;3653310000"
202200030278;20;7;2022;07:35;1;94;2;3;3;4;"48;8015400000";"2;5406200000"
202200030279;19;5;2022;22:05;5;54;2;9;1;3;"48;6858200000";"6;1962900000"
202200030280;1;10;2022;15:00;1;33;1;1;2;1;"45;1223240000";" -0;5750230000"
202200030281;19;5;2022;16:15;1;51;2;1;1;7;"49;2362288934";"4;0159736574"
202200030282;3;10;2022;18:45;1;44;1;1;1;7;"47;1407120000";" -1;4045550000"
202200030283;18;5;2022;17:40;1;51;2;1;1;7;"49;2901053081";"4;0631751716"
202200030284;20;7;2022;08:30;1;93;2;2;3;3;"48;9487000000";"2;5606600000"
202200030285;3;10;2022;20:15;5;50;2;3;1;3;"48;6786670000";" -1;3415560000"
202200030286;19;5;2022;17:22;1;47;2;2;1;1;"44;1852100000";"0;6320300000"
202200030287;13;5;2022;10:00;1;46;2;3;1;3;"44;4634140000";"1;4537640000"
202200030288;4;10;2022;16:11;1;59;2;1;1;6;"50;0264490000";"4;0322510000"
202200030289;3;10;2022;11:20;1;13;1;9;1;7;"43;3963382878";"5;0484287738"
202200030290;19;5;2022;12:10;1;45;2;3;1;3;"47;9061500000";"1;8580600000"
202200030291;20;7;2022;16:30;1;93;2;3;2;3;"48;9491700000";"2;3834500000"
202200030292;3;10;2022;18:36;1;83;1;1;1;2;"43;1249370000";"5;9678690000"
202200030293;18;5;2022;20:00;1;45;2;2;1;3;"47;9859000000";"2;7143200000"
202200030294;20;7;2022;20:20;1;93;2;1;1;6;"48;8653742252";"2;5345732571"
202200030295;3;10;2022;02:50;3;69;1;1;1;2;"45;7255112119";"4;8171222210"
202200030296;19;5;2022;17:28;1;44;1;1;1;4;"47;2122300000";" -1;6325900000"
202200030297;12;4;2022;12:50;1;42;2;1;1;6;"45;4745700000";"4;5192600000"
202200030298;3;10;2022;14:30;1;33;1;1;1;4;"44;7892900000";" -0;6184800000"
202200030299;19;5;2022;17:40;1;42;2;2;1;3;"46;0304597034";"4;0625499487"
202200030300;1;10;2022;18:26;1;33;1;1;2;3;"44;8292940000";" -0;6757640000"
202200030301;19;7;2022;11:22;1;92;2;3;1;3;"48;9348485394";"2;3249427974"
202200030302;18;5;2022;15:15;1;39;1;1;1;1;"47;0700800000";"5;4539700000"
202200030303;29;9;2022;14:16;1;33;1;1;2;7;"44;7900805168";" -0;6465008855"
202200030304;2;10;2022;11:45;1;62;1;1;3;6;"50;4405000000";"2;7782200000"
202200030305;18;5;2022;13:05;1;38;2;1;1;1;"45;1538100000";"5;7120100000"
202200030306;20;7;2022;11:05;1;92;2;1;2;7;"48;8628900000";"2;2183000000"
202200030307;18;5;2022;19:35;1;37;2;6;1;6;"47;3785000000";"0;6983100000"
202200030308;3;10;2022;18:35;1;94;1;1;1;3;"48;7560800000";"2;3329500000"
202200030309;19;5;2022;18:30;1;35;1;9;1;2;"48;0706008556";" -1;6969773173"
202200030310;3;10;2022;08:30;1;91;1;1;5;3;"48;6312290000";"2;5085260000"
202200030311;20;7;2022;08:40;1;92;2;1;2;7;"48;8187112202";"2;2175275683"
202200030312;19;5;2022;16:35;1;35;1;1;1;2;"48;1067725549";" -1;5989450916"
202200030313;3;10;2022;08:20;2;91;1;1;5;4;"48;5704200000";"2;4698700000"
202200030314;19;5;2022;17:30;1;33;2;1;1;6;"44;8415500000";" -0;5810800000"
202200030315;3;10;2022;05:20;3;91;1;1;1;7;"48;7497600000";"2;2209600000"
202200030316;19;5;2022;16:20;1;33;2;1;1;1;"44;8251800000";" -0;6207600000"
202200030317;18;7;2022;23:14;5;92;2;6;1;3;"48;8264600000";"2;2193500000"
202200030318;18;5;2022;14:16;1;33;2;9;1;3;"44;7630044219";" -0;5597287416"
202200030319;2;10;2022;21:40;3;91;1;1;2;2;"48;6254000000";"2;3362900000"
202200030320;18;5;2022;17:30;1;31;1;1;1;4;"43;6230700000";"1;3899400000"
202200030321;3;10;2022;18:18;1;78;1;1;1;2;"48;9778030000";"1;7116350000"
202200030322;19;5;2022;18:50;1;29;2;1;1;6;"48;5765882028";" -3;8414615394"
202200030323;18;5;2022;17:15;1;27;2;1;7;7;"49;2682292662";"1;1898708344"
202200030324;3;10;2022;07:20;2;78;1;1;5;2;"48;9698400000";"1;8697000000"
202200030325;20;7;2022;14:50;1;92;2;6;1;5;"48;8422361132";"2;2071318625"
202200030326;3;10;2022;19:00;2;95;1;1;1;2;"48;9892300000";"2;5105600000"
202200030327;20;7;2022;06:00;5;92;2;1;2;6;"48;8157625686";"2;3106568158"
202200030328;3;10;2022;17:30;1;93;1;1;1;5;"48;9121100000";"2;3581400000"
202200030329;18;5;2022;17:35;1;25;1;1;1;2;"46;9255530000";"6;3566870000"
202200030330;19;7;2022;10:55;1;92;2;6;1;6;"48;9029944114";"2;3131826520"
202200030331;3;10;2022;06:50;3;93;1;1;5;4;"48;8833590967";"2;4579547253"
202200030332;3;10;2022;05:55;3;93;1;1;5;5;"48;8350190000";"2;5804620000"
202200030333;19;7;2022;22:20;5;92;2;1;1;2;"48;7915100000";"2;2630900000"
202200030334;20;7;2022;08:37;1;92;2;2;2;6;"48;7732380643";"2;2807442844"
202200030335;2;10;2022;16:05;1;988;2;1;1;2;" -22;2252100000";"166;4637800000"
202200030336;19;7;2022;09:30;1;92;2;1;1;1;"48;9122768196";"2;2853666693"
202200030337;2;10;2022;13:40;1;974;1;1;1;6;" -21;2986100000";"55;5068500000"
202200030338;2;10;2022;19:40;5;69;2;2;1;6;"45;7298500000";"4;8537400000"
202200030339;21;7;2022;09:45;1;83;1;1;1;3;"43;5442470000";"6;3448740000"
202200030340;2;10;2022;17:25;1;69;2;3;1;3;"45;7639500000";"4;8619400000"
202200030341;21;7;2022;14:45;1;84;1;2;1;3;"43;9459710000";"5;0135690000"
202200030342;2;10;2022;17:00;1;69;2;1;1;6;"45;7405300000";"4;8600300000"
202200030343;2;10;2022;11:14;1;972;1;1;1;7;"14;6285600000";" -61;0586500000"
202200030344;30;9;2022;12:25;1;971;1;9;1;1;"16;0100800000";" -61;7459200000"
202200030345;19;7;2022;13:30;1;71;1;1;1;2;"46;3616490000";"4;8307440000"
202200030346;2;10;2022;19:50;3;2A;1;3;1;3;"41;9370400000";"8;8036300000"
202200030347;21;7;2022;11:27;1;05;1;6;1;3;"44;9305400000";"6;5935830000"
202200030348;2;10;2022;05:40;5;91;2;3;2;3;"48;6997500000";"2;3107800000"
202200030349;20;7;2022;12:55;1;972;2;1;3;2;"14;7112390000";" -61;1839660000"
202200030350;21;7;2022;07:45;1;26;1;1;1;4;"44;4011650000";"4;7291850000"
202200030351;21;7;2022;09:45;1;63;1;4;7;1;"45;6321660000";"2;8253750000"
202200030352;20;7;2022;13:50;1;84;2;2;1;3;"43;8455420000";"5;1113780000"
202200030353;21;7;2022;03:10;3;50;1;1;1;6;"48;7475870000";" -1;2812810000"
202200030354;20;7;2022;14:15;1;30;1;3;1;1;"43;9509190000";"4;7110750000"
202200030355;12;7;2022;06:50;1;40;1;1;1;7;"44;1267350000";" -0;7527140000"
202200030356;20;7;2022;13:32;1;56;1;1;1;6;"48;0943700000";" -3;5561800000"
202200030357;20;7;2022;12:50;1;56;1;1;1;1;"48;0153560000";" -2;4043640000"
202200030358;15;7;2022;11:45;1;56;2;2;1;3;"48;0483260000";" -2;2693630000"
202200030359;17;7;2022;15:10;1;56;1;3;1;2;"47;6590570000";" -3;0894790000"
202200030360;20;7;2022;09:45;1;74;2;6;1;3;"46;0779940000";"6;5414360000"
202200030361;20;7;2022;17:30;1;74;2;2;1;3;"45;9019330000";"5;9346660000"
202200030362;21;7;2022;13:30;1;77;2;1;1;2;"48;4765890000";"3;1961240000"
202200030363;20;7;2022;14:15;1;65;1;1;1;7;"42;9654750000";" -0;2667300000"
202200030364;20;7;2022;18:30;1;33;1;3;7;3;"45;2071530000";" -0;7564580000"
202200030365;20;7;2022;18:03;1;71;2;1;1;1;"46;5945840000";"5;3980420000"
202200030366;21;7;2022;09:25;1;63;1;1;1;7;"45;5459590000";"3;0795410000"
202200030367;20;7;2022;10:35;1;12;2;1;1;6;"44;2920250000";"2;6012920000"
202200030368;28;6;2022;22:15;2;44;1;1;1;1;"47;1384000000";" -1;7192500000"
202200030369;20;7;2022;12:30;1;70;1;1;1;7;"47;6377500000";"6;2858100000"
202200030370;18;7;2022;18:55;1;72;1;9;1;3;"48;1557465582";"0;0307989118"
202200030371;20;7;2022;15:10;1;06;2;9;1;3;"43;7277590000";"7;4075100000"
202200030372;11;12;2022;11:25;1;93;2;3;1;3;"48;9399100000";"2;3628200000"
202200030373;20;7;2022;07:05;1;05;1;1;1;1;"44;5371350000";"6;3964350000"
202200030374;20;7;2022;04:45;3;50;1;1;1;6;"48;8945750000";" -1;5040970000"
202200030375;12;12;2022;14:15;1;93;2;3;1;6;"48;8700155182";"2;4504191032"
202200030376;19;7;2022;18:00;1;64;1;1;1;6;"43;3626140000";" -1;0707590000"
202200030377;21;7;2022;09:20;1;07;1;1;1;1;"44;7242350000";"4;5096300000"
202200030378;12;12;2022;10:35;1;93;2;1;8;3;"48;8725000000";"2;4532500000"
202200030379;20;7;2022;01:15;3;53;1;1;1;6;"48;3427336000";" -0;2671587000"
202200030380;12;12;2022;15:26;1;93;2;2;1;3;"48;8764500000";"2;4137400000"
202200030381;20;7;2022;14:50;1;53;1;2;1;3;"48;1047160000";" -0;3902300000"
202200030382;12;12;2022;14:55;1;93;2;1;1;6;"48;9024800000";"2;5474200000"
202200030383;18;7;2022;23:40;4;85;2;2;1;3;"46;6698100000";" -1;2925300000"
202200030384;12;12;2022;19:05;5;93;2;2;1;3;"48;9060290000";"2;4803260000"
202200030385;21;7;2022;16:50;1;30;1;9;1;7;"44;3235100000";"4;0742540000"
202200030386;12;12;2022;12:35;1;93;2;3;1;3;"48;8986040000";"2;4867450000"
202200030387;21;7;2022;11:26;1;30;1;1;1;1;"43;8483000000";"4;0971000000"
202200030388;19;7;2022;17:40;1;38;2;9;1;7;"45;5978340000";"5;1282890000"
202200030389;12;12;2022;18:30;5;93;2;5;8;1;"48;9074000000";"2;4253700000"
202200030390;20;7;2022;10:50;1;27;1;1;1;3;"48;7636400000";"0;7629700000"
202200030391;12;12;2022;08:13;2;93;2;3;8;3;"48;9383730000";"2;4687570000"
202200030392;19;7;2022;20:05;1;60;1;1;1;7;"49;1506750000";"2;5376700000"
202200030393;20;7;2022;08:20;1;11;1;1;1;3;"42;8982700000";"3;0486520000"
202200030394;12;12;2022;17:00;5;93;2;1;1;3;"48;9100770000";"2;3766150000"
202200030395;12;12;2022;20:09;5;92;2;9;9;7;"48;8142500000";"2;2874400000"
202200030396;12;7;2022;09:30;1;987;1;1;2;7;" -22;4837820000";" -151;3278940000"
202200030397;24;6;2022;22:00;3;988;1;3;1;6;" -22;0821400000";"166;3190400000"
202200030398;12;12;2022;12:30;1;92;2;1;1;6;"48;9230545123";"2;2547472417"
202200030399;14;7;2022;05:15;2;971;1;1;1;1;"16;0743720000";" -61;5622870000"
202200030400;12;12;2022;14:50;1;92;2;2;1;3;"48;7708600000";"2;2850800000"
202200030401;20;7;2022;16:29;1;45;1;1;2;5;"47;6743640000";"2;6737480000"