Accident_Id;jour;mois;an;hrmn;lum;dep;agg;int;atm;col;lat;long
202200030402;12;12;2022;20:30;5;92;2;9;1;3;"48;8351719484";"2;2256181836"
202200030403;20;7;2022;13:30;1;95;1;1;1;6;"49;0603650362";"1;7719209194"
202200030404;12;12;2022;12:15;1;92;2;3;1;3;"48;8344000000";"2;2580700000"
202200030405;21;7;2022;08:30;1;78;1;1;1;7;"48;4884250000";"1;8026160000"
202200030406;12;12;2022;14:30;1;92;2;6;1;3;"48;7336247958";"2;3077077269"
202200030407;13;12;2022;17:31;3;60;1;1;9;3;"49;4881742174";"2;5711171219"
202200030408;20;7;2022;11:30;1;84;2;3;1;1;"43;7652090000";"5;3626750000"
202200030409;12;12;2022;11:20;1;974;1;1;1;5;" -21;0251760000";"55;2739660000"
202200030410;21;7;2022;09:20;1;83;1;1;1;3;"43;1897520000";"5;8144930000"
202200030411;12;12;2022;17:50;3;38;1;6;1;3;"45;5176540000";"4;9264400000"
202200030412;20;7;2022;11:55;1;81;2;1;1;6;"43;6971650000";"1;8155390000"
202200030413;13;12;2022;17:05;3;25;1;1;2;2;"47;3738880000";"6;3641360000"
202200030414;13;12;2022;19:05;3;21;1;1;9;7;"47;4019950000";"5;1829400000"
202200030415;20;7;2022;18:08;1;81;2;1;1;3;"43;7621020000";"1;9896630000"
202200030416;12;12;2022;00:45;3;972;1;1;1;1;"14;6902550000";" -60;9633120000"
202200030417;9;12;2022;10:00;1;35;2;3;1;1;"48;4122760000";" -1;7593900000"
202200030418;20;7;2022;17:35;1;17;1;1;1;1;"45;8613440000";" -0;9748920000"
202200030419;20;7;2022;16:10;1;14;1;1;2;6;"49;2604058436";" -0;2641774714"
202200030420;19;7;2022;14:05;1;60;2;2;7;3;"49;1670930000";"2;2427560000"
202200030421;10;12;2022;17:30;2;35;1;1;1;5;"48;2554352984";" -1;4221193380"
202200030422;20;7;2022;19:20;2;62;2;3;3;1;"50;6346910000";"2;4001880000"
202200030423;20;7;2022;19:00;1;91;1;1;2;6;"48;7508000000";"2;2223000000"
202200030424;12;12;2022;18:15;3;17;1;2;4;3;"46;1502230000";" -1;0555940000"
202200030425;20;7;2022;17:20;1;91;1;1;2;2;"48;6654200000";"2;3632400000"
202200030426;12;12;2022;07:00;2;59;2;1;1;6;"51;0628880000";"2;5212380000"
202200030427;20;7;2022;17:40;1;91;1;1;8;5;"48;7320000000";"2;3150000000"
202200030428;12;12;2022;07:10;5;65;2;2;1;1;"43;1899360000";"0;1717530000"
202200030429;20;7;2022;15:25;1;94;1;1;8;2;"48;8009709861";"2;3420251782"
202200030430;20;7;2022;07:00;1;91;1;1;2;7;"48;6359600000";"2;4009700000"
202200030431;20;7;2022;12:43;1;92;1;1;1;3;"48;9008832163";"2;2054629922"
202200030432;13;12;2022;12:00;1;2B;1;1;1;1;"42;1424010000";"9;5074440000"
202200030433;19;7;2022;14:30;1;92;1;1;1;2;"48;9239274208";"2;3049291695"
202200030434;19;7;2022;09:45;1;92;1;1;1;2;"48;8158170159";"2;2149565122"
202200030435;8;12;2022;08:34;1;91;1;1;1;1;"48;7224170000";"2;1379240000"
202200030436;19;7;2022;08:35;1;78;1;1;1;3;"48;7999600000";"1;9818160000"
202200030437;19;7;2022;21:40;2;93;1;1;1;3;"48;8836200000";"2;4588700000"
202200030438;13;12;2022;09:40;1;71;1;2;8;1;"46;5057030000";"5;0643000000"
202200030439;19;7;2022;08:10;1;93;1;1;1;4;"48;9286400000";"2;4029600000"
202200030440;19;7;2022;06:45;1;92;1;1;1;3;"48;9395667576";"2;2946477251"
202200030441;12;12;2022;18:23;3;25;1;1;1;2;"47;1431480000";"6;4245230000"
202200030442;18;7;2022;13:00;1;93;1;1;1;3;"48;9263427285";"2;4221654468"
202200030443;12;12;2022;20:00;3;72;2;6;1;3;"48;1458450000";"0;1829960000"
202200030444;18;7;2022;11:40;1;95;1;1;1;6;"48;9536398065";"2;2789978981"
202200030445;14;12;2022;17:45;3;60;1;3;1;1;"49;3047429420";"2;7945710420"
202200030446;20;7;2022;17:50;1;94;1;1;1;4;"48;7766468479";"2;4380583283"
202200030447;13;12;2022;13:00;1;60;1;2;1;3;"49;5980830000";"2;2763160000"
202200030448;12;12;2022;21:30;5;45;2;1;1;6;"48;0672970000";"2;8845550000"
202200030449;11;12;2022;16:45;1;43;1;1;1;1;"45;0737780000";"4;3237210000"
202200030450;20;7;2022;17:00;1;94;1;1;2;3;"48;8432096684";"2;4926533177"
202200030451;12;12;2022;22:57;5;07;2;1;4;6;"45;1990140000";"4;8013770000"
202200030452;13;12;2022;18:00;3;24;1;2;5;3;"45;0486260000";"0;6531550000"
202200030453;19;7;2022;12:20;1;54;2;3;1;2;"48;6960400000";"6;1417300000"
202200030454;12;12;2022;15:40;1;37;2;6;1;3;"47;3845530000";"0;8263830000"
202200030455;18;7;2022;11:00;1;976;2;1;1;1;" -12;8132400000";"45;2019600000"
202200030456;12;12;2022;10:45;1;72;1;1;1;2;"48;0406830000";"0;2495700000"
202200030457;14;7;2022;16:00;1;974;1;1;1;6;" -21;3019200000";"55;4256900000"
202200030458;11;12;2022;16:40;1;51;1;1;1;2;"49;0759228093";"4;8062449694"
202200030459;7;12;2022;08:40;1;83;2;9;9;6;"43;3395880000";"6;0843500000"
202200030460;13;12;2022;12:50;1;57;2;1;1;6;"49;3051680000";"6;1104000000"
202200030461;18;7;2022;16:45;1;974;2;1;1;5;" -21;3068500000";"55;4653100000"
202200030462;11;12;2022;18:35;5;57;2;7;4;6;"49;1171160000";"6;9741360000"
202200030463;19;7;2022;08:20;1;974;1;1;1;2;" -20;8762800000";"55;4158800000"
202200030464;12;12;2022;15:09;1;38;1;9;1;3;"45;3136250000";"4;8088150000"
202200030465;12;12;2022;19:32;5;38;1;1;8;7;"45;3084280000";"5;6214590000"
202200030466;19;7;2022;06:50;1;974;2;1;8;2;" -20;8864400000";"55;4762100000"
202200030467;12;12;2022;22:30;3;26;1;1;4;6;"44;3446220000";"4;6890700000"
202200030468;12;12;2022;16:10;1;01;1;1;1;6;"45;8903070000";"5;0349090000"
202200030469;18;7;2022;12:47;1;973;2;1;1;6;"4;9268017879";" -52;3140031099"
202200030470;12;12;2022;17:40;5;72;2;1;1;2;"47;8389130000";" -0;3096660000"
202200030471;9;12;2022;17:45;3;59;1;1;1;4;"50;6486900000";"3;1435600000"
202200030472;19;7;2022;11:15;1;973;2;2;1;3;"4;9333300000";" -52;3316800000"
202200030473;7;12;2022;23:30;3;62;1;1;1;6;"50;4167700000";"2;8224700000"
202200030474;19;7;2022;10:20;1;973;2;1;1;3;"4;9363689943";" -52;3148882389"
202200030475;12;12;2022;09:10;1;94;1;1;8;6;"48;7702865981";"2;3454249440"
202200030476;19;7;2022;09:20;1;69;2;1;1;2;"45;7815200000";"4;8466200000"
202200030477;12;12;2022;11:25;1;92;1;1;1;2;"48;9281382446";"2;3027377306"
202200030478;12;12;2022;09:40;1;93;1;1;1;2;"48;9289800000";"2;3595100000"
202200030479;19;7;2022;13:00;1;972;1;1;2;3;"14;6118200000";" -61;0786700000"
202200030480;18;7;2022;16:25;1;69;2;3;1;6;"45;7795600000";"4;8274900000"
202200030481;10;12;2022;00:02;5;93;1;1;1;5;"48;9208100000";"2;3571500000"
202200030482;18;7;2022;08:40;1;69;2;1;1;3;"45;7749500000";"4;8079200000"
202200030483;12;12;2022;19:00;3;77;1;1;1;2;"48;8477000000";"2;6621400000"
202200030484;11;12;2022;05:45;2;974;1;1;1;6;" -21;2745300000";"55;4971100000"
202200030485;19;7;2022;01:00;5;2B;2;1;1;1;"42;6821600000";"9;4441000000"
202200030486;11;12;2022;18:00;5;69;2;1;1;2;"45;7435642218";"4;8771129549"
202200030487;19;7;2022;08:20;1;971;1;1;1;6;"16;2304429871";" -61;4995765686"
202200030488;11;12;2022;10:45;1;69;2;1;1;6;"45;7704200000";"4;8500600000"
202200030489;11;12;2022;13:25;1;972;1;9;1;7;"14;6314700000";" -60;9677500000"
202200030490;19;7;2022;22:00;5;95;2;3;1;3;"49;0680976708";"2;0882070065"
202200030491;11;12;2022;15:00;1;69;2;1;1;3;"45;7742311056";"4;8303061725"
202200030492;19;7;2022;09:47;1;91;2;9;1;7;"48;6901600000";"2;3774000000"
202200030493;11;12;2022;01:50;5;69;2;3;1;3;"45;7794900000";"4;8323100000"
202200030494;15;7;2022;13:13;1;87;2;3;1;3;"45;8201400000";"1;2514300000"
202200030495;11;12;2022;07:00;5;95;2;6;8;6;"48;9688540000";"2;4652880000"
202200030496;11;12;2022;14:45;1;91;2;6;7;3;"48;6844200000";"2;1883200000"
202200030497;16;7;2022;19:35;1;85;2;2;1;3;"46;5072600000";" -1;7407200000"
202200030498;11;12;2022;20:00;5;83;2;1;1;3;"43;1281800000";"5;9059000000"
202200030499;15;7;2022;11:45;1;85;2;1;1;6;"46;4998100000";" -1;7845500000"
202200030500;11;12;2022;15:00;1;83;2;1;1;3;"43;1360740000";"5;9841820000"
202200030501;11;12;2022;14:30;1;83;2;9;1;3;"43;1192434297";"5;9473554343"
202200030502;11;12;2022;07:00;3;77;2;1;1;6;"48;8666500000";"2;6777200000"
202200030503;11;12;2022;15:20;1;69;2;8;8;3;"45;7580000000";"4;9077700000"
202200030504;19;7;2022;07:48;1;83;2;1;7;7;"43;1190000000";"5;8860000000"
202200030505;11;12;2022;18:35;5;62;2;1;1;6;"50;5238920000";"2;6289200000"
202200030506;10;12;2022;17:15;5;62;2;1;1;6;"50;2906180000";"2;7820050000"
202200030507;10;12;2022;22:26;3;59;2;1;1;3;"50;2974797399";"3;9284759760"
202200030508;10;12;2022;16:10;1;47;1;1;1;5;"44;2232600000";"0;6157000000"
202200030509;17;6;2022;14:10;1;76;2;2;1;3;"49;4940700000";"0;1384300000"
202200030510;11;12;2022;19:32;5;45;2;1;1;6;"47;8823500000";"1;8721000000"
202200030511;11;12;2022;16:50;1;44;2;1;1;2;"47;2002700000";" -1;5788300000"
202200030512;19;7;2022;20:25;1;74;2;7;1;6;"46;1801740000";"6;2549840000"
202200030513;11;12;2022;15:05;1;38;2;1;8;2;"45;1773300000";"5;7023000000"
202200030514;19;7;2022;08:21;1;69;2;1;1;3;"45;7509100000";"4;9078700000"
202200030515;11;12;2022;14:40;1;37;2;1;1;2;"47;3897000000";"0;6867900000"
202200030516;11;12;2022;17:00;1;33;2;1;1;6;"44;8026800000";" -0;5581200000"
202200030517;18;7;2022;13:40;1;69;2;4;1;1;"45;5986900000";"4;7686700000"
202200030518;11;12;2022;16:00;1;33;2;2;1;3;"44;8318800000";" -0;5772700000"
202200030519;18;7;2022;21:15;1;67;2;1;1;3;"48;5568100000";"7;6858900000"
202200030520;10;12;2022;17:30;5;33;2;2;1;3;"44;8171500000";" -0;5484800000"
202200030521;18;7;2022;13:00;1;67;2;3;1;3;"48;6106200000";"7;7339100000"
202200030522;10;12;2022;16:20;1;33;2;1;1;3;"44;8304354957";" -0;5968183279"
202200030523;11;12;2022;14:11;1;29;2;1;5;6;"48;0029790000";" -4;1010940000"
202200030524;18;7;2022;11:15;1;67;2;3;1;3;"48;5685900000";"7;7527600000"
202200030525;16;7;2022;19:10;1;67;2;1;1;3;"48;6138190000";"7;7534520000"
202200030526;10;12;2022;20:40;5;28;2;1;1;1;"48;7393400000";"1;3905500000"
202200030527;10;12;2022;23:50;5;25;2;1;1;6;"47;2308730000";"5;9950680000"
202200030528;16;7;2022;14:35;1;67;2;3;1;3;"48;5817700000";"7;7073500000"
202200030529;16;7;2022;11:20;1;67;2;1;1;2;"48;5974700000";"7;7234100000"
202200030530;10;12;2022;10:05;1;13;2;1;1;2;"43;4160800000";"5;2284600000"
202200030531;16;7;2022;10:50;1;67;2;3;1;3;"48;5573300000";"7;7159300000"
202200030532;11;12;2022;15:45;1;13;2;1;1;4;"43;3548000000";"5;3574200000"
202200030533;16;7;2022;01:00;5;67;2;3;1;3;"48;5693400000";"7;7354000000"
202200030534;10;12;2022;22:15;5;13;2;1;1;3;"43;2887969431";"5;4602906705"
202200030535;10;12;2022;08:20;1;13;2;1;1;1;"43;2889500000";"5;3981900000"
202200030536;15;7;2022;19:45;1;67;2;1;1;6;"48;5673400000";"7;7741700000"
202200030537;11;12;2022;12:00;1;13;2;1;1;3;"43;1841000000";"5;6064500000"
202200030538;19;7;2022;12:50;1;64;2;1;1;1;"43;3069100000";" -0;3763400000"
202200030539;1;12;2022;14:00;1;13;2;3;1;3;"43;1774948658";"5;6018087915"
202200030540;19;7;2022;19:20;1;64;2;1;1;1;"43;4965500000";" -1;4946000000"
202200030541;11;12;2022;18:20;5;13;1;1;8;4;"43;5401110000";"5;4326690000"
202200030542;18;7;2022;20:17;1;63;2;2;1;6;"45;7667700000";"3;1069700000"
202200030543;19;11;2022;09:20;1;69;2;1;2;6;"45;7174500000";"4;8912100000"
202200030544;19;7;2022;11:24;1;60;2;9;1;6;"49;4274638135";"2;0833591819"
202200030545;18;11;2022;14:35;1;61;2;2;2;6;"48;7488500000";" -0;5686700000"
202200030546;19;7;2022;18:40;1;59;2;9;1;3;"50;7333300000";"3;1682000000"
202200030547;11;10;2022;14:10;1;74;1;1;1;3;"46;3536960000";"6;6139520000"
202200030548;10;10;2022;21:50;5;74;2;1;1;6;"45;8831410000";"6;0979160000"
202200030549;19;7;2022;20:40;1;59;2;1;1;6;"50;6740150000";"3;1902970000"
202200030550;5;10;2022;13:25;1;74;1;3;1;6;"45;7548770000";"6;2968670000"
202200030551;11;12;2022;01:20;5;988;2;1;1;1;" -22;2469900000";"166;4607700000"
202200030552;19;7;2022;13:45;1;59;2;1;1;6;"50;6285101146";"3;0523627996"
202200030553;10;12;2022;09:40;1;974;1;1;1;1;" -21;3193000000";"55;4701000000"
202200030554;9;12;2022;10:00;1;974;1;1;1;2;" -21;2974500000";"55;5081700000"
202200030555;19;7;2022;16:20;1;54;2;3;1;3;"48;7028800000";"6;1591800000"
202200030556;10;12;2022;16:45;1;973;2;1;1;7;"4;9328549627";" -52;3188659549"
202200030557;10;12;2022;15:35;1;973;2;1;1;1;"4;9333355265";" -52;3131796718"
202200030558;9;12;2022;23:50;4;973;1;1;1;7;"4;9037100000";" -52;3162400000"
202200030559;18;7;2022;18:00;1;54;2;1;1;6;"49;5327600000";"5;7645300000"
202200030560;9;12;2022;15:15;1;972;1;1;1;1;"14;5951500000";" -60;9829900000"
202200030561;10;12;2022;17:20;1;971;2;1;1;1;"16;2068998088";" -61;5016016364"
202200030562;19;7;2022;15:58;1;51;2;4;1;3;"49;2354804877";"4;0249148011"
202200030563;10;12;2022;07:30;1;971;2;1;1;6;"16;2484600000";" -61;5300400000"
202200030564;10;12;2022;14:00;1;971;2;9;1;6;"16;2660000000";" -61;5150000000"
202200030565;19;7;2022;07:40;1;50;2;1;1;2;"49;6335800000";" -1;6176200000"
202200030566;9;12;2022;14:20;1;2A;1;1;2;3;"41;9418300000";"8;8081300000"
202200030567;19;7;2022;08:43;1;49;2;6;1;3;"47;4334000000";" -0;5295500000"
202200030568;10;12;2022;15:05;1;95;2;3;1;3;"48;9862007659";"2;4133738875"
202200030569;19;7;2022;09:35;1;49;2;1;1;2;"47;4527900000";" -0;5245700000"
202200030570;9;12;2022;16:30;1;91;2;1;1;6;"48;7033320000";"2;4427760000"
202200030571;19;7;2022;10:18;1;49;2;1;1;6;"47;4573800000";" -0;5442800000"
202200030572;9;12;2022;23:00;5;91;2;1;1;1;"48;6734400000";"2;3929600000"
202200030573;10;12;2022;18:20;5;88;2;1;2;1;"48;1860700000";"6;4452900000"
202200030574;19;7;2022;19:33;1;48;2;3;7;2;"44;5319500000";"3;4989000000"
202200030575;10;12;2022;08:00;1;83;2;2;1;1;"43;1028300000";"5;8742500000"
202200030576;19;7;2022;14:47;1;45;2;2;1;3;"47;8979400000";"1;8949700000"
202200030577;10;12;2022;10:30;1;76;2;6;5;6;"49;4818500000";"1;1096900000"
202200030578;19;7;2022;12:56;1;45;1;6;1;3;"47;9379625513";"1;8946392238"
202200030579;10;12;2022;16:10;1;71;2;3;1;3;"46;7959164418";"4;4532917440"
202200030580;9;12;2022;17:20;3;71;2;9;2;6;"46;7930200000";"4;4448800000"
202200030581;19;7;2022;22:50;5;42;2;3;1;1;"46;0308803569";"4;0671719558"
202200030582;10;12;2022;18:00;3;71;2;1;1;1;"46;7849523735";"4;8883232474"
202200030583;19;7;2022;10:35;1;37;2;1;1;6;"47;3925500000";"0;6862400000"
202200030584;10;12;2022;22:40;5;69;2;1;8;6;"45;7708408270";"4;8722112180"
202200030585;10;12;2022;07:41;2;69;2;1;8;6;"45;7130200000";"4;8988300000"
202200030586;9;12;2022;14:24;1;66;2;1;1;6;"42;7003600000";"2;8936700000"
202200030587;19;7;2022;13:10;1;35;2;6;1;3;"48;0915700000";" -1;6585200000"
202200030588;10;12;2022;10:35;1;64;2;1;7;6;"43;3776404942";" -1;6697019339"
202200030589;18;7;2022;21:20;1;34;2;1;1;7;"43;3704202118";"3;2189029455"
202200030590;10;12;2022;12:45;1;60;2;1;1;6;"49;2601795949";"2;4762395024"
202200030591;10;12;2022;14:15;1;60;2;1;1;3;"49;4090500000";"2;1155900000"
202200030592;19;7;2022;18:00;1;33;2;3;1;3;"44;8299000000";" -0;5428600000"
202200030593;10;12;2022;11:08;1;60;2;1;8;4;"49;4278600000";"2;0984000000"
202200030594;14;7;2022;05:34;2;33;2;3;1;3;"44;8298100000";" -0;5558600000"
202200030595;6;12;2022;14:45;1;59;2;1;7;3;"50;7400000000";"2;7375000000"
202200030596;9;12;2022;11:20;1;56;2;1;1;6;"47;6613000000";" -2;7259500000"
202200030597;19;7;2022;12:00;1;27;2;2;1;3;"49;1057300000";"1;4576300000"
202200030598;10;12;2022;15:40;1;54;2;3;1;6;"48;6665400000";"6;1684900000"
202200030599;19;7;2022;14:13;1;25;2;1;1;3;"47;2638740000";"6;0227440000"
202200030600;10;12;2022;22:30;5;51;2;1;1;3;"49;2516600000";"4;0283400000"
202200030601;11;12;2022;20:41;5;49;2;1;1;6;"47;4766600000";" -0;5325000000"
202200030602;9;12;2022;18:50;5;47;2;1;1;3;"44;2017000000";"0;6206700000"
202200030603;10;12;2022;17:37;5;45;2;2;1;3;"47;9942770000";"2;7240930000"
202200030604;13;7;2022;16:00;1;15;2;1;1;2;"44;9122690000";"2;4380270000"
202200030605;10;12;2022;18:30;5;45;2;3;1;2;"48;0053700000";"2;7238900000"
202200030606;19;7;2022;09:00;1;13;2;1;1;2;"43;2696300000";"5;3927000000"
202200030607;9;12;2022;19:10;5;45;2;1;8;4;"48;0081400000";"2;7223000000"
202200030608;10;12;2022;10:15;1;35;2;6;1;3;"48;0860800000";" -1;6441800000"
202200030609;19;7;2022;06:45;1;13;2;1;1;1;"43;3370000000";"5;3515000000"
202200030610;10;12;2022;18:45;5;33;2;1;1;3;"44;8528400000";" -0;5672420000"
202200030611;18;7;2022;10:00;1;13;2;1;1;2;"43;2508305417";"5;4221004281"
202200030612;10;12;2022;18:00;5;29;2;1;2;2;"48;3901900000";" -4;4861000000"
202200030613;10;12;2022;17:40;5;28;2;1;1;6;"48;7402500000";"1;3871600000"
202200030614;10;12;2022;04:30;5;28;2;1;5;6;"48;7503700000";"1;3521900000"
202200030615;19;7;2022;22:00;3;13;2;1;1;3;"43;5144838818";"4;9940685100"
202200030616;10;12;2022;19:00;5;26;2;1;1;3;"44;9380000000";"4;9130000000"
202200030617;9;12;2022;18:53;5;21;2;3;1;1;"47;0183360000";"4;8635790000"
202200030618;10;12;2022;19:05;5;17;2;1;1;1;"46;1843000000";" -1;1190300000"
202200030619;10;12;2022;04:34;3;17;1;1;1;2;"46;1794000000";" -1;0958500000"
202200030620;18;7;2022;19:15;1;10;2;6;1;3;"48;2949000000";"4;0818890000"
202200030621;10;12;2022;22:45;5;14;1;6;9;6;"49;4123900000";"0;2703300000"
202200030622;9;12;2022;16:10;1;13;2;3;8;3;"43;4430000000";"5;2523100000"
202200030623;19;7;2022;18:30;1;06;2;1;1;1;"43;6261600000";"6;9350700000"
202200030624;11;12;2022;01:50;5;13;2;9;1;3;"43;3132925316";"5;3664072912"
202200030625;10;12;2022;00:48;4;13;1;1;1;6;"43;5470900000";"4;9726000000"
202200030626;6;12;2022;11:20;1;13;2;1;1;3;"43;1757700000";"5;6025200000"
202200030627;9;12;2022;21:24;5;08;2;1;1;1;"49;7834560000";"4;6842820000"
202200030628;19;7;2022;16:55;1;06;2;5;1;3;"43;5869200000";"7;1208200000"
202200030629;10;12;2022;21:09;5;06;2;3;1;3;"43;7062500000";"7;2698200000"
202200030630;10;12;2022;02:19;5;06;2;8;1;6;"43;7053800000";"7;2649700000"
202200030631;10;12;2022;08:45;2;06;2;1;1;3;"43;6696980000";"6;9490050000"
202200030632;19;7;2022;09:45;1;06;2;6;1;3;"43;5993260000";"7;0863730000"
202200030633;10;12;2022;11:46;1;06;2;3;1;3;"43;6621200000";"7;1942000000"
202200030634;19;7;2022;09:25;1;75;2;1;1;7;"48;8277650000";"2;3934860000"
202200030635;10;12;2022;22:38;5;06;2;4;1;6;"43;5877800000";"7;1190900000"
202200030636;11;12;2022;21:35;5;75;2;1;1;2;"48;9006060000";"2;3739330000"
202200030637;11;12;2022;11:30;1;75;2;2;1;4;"48;8262150000";"2;3877800000"
202200030638;10;12;2022;19:30;5;75;2;4;1;5;"48;9008690000";"2;3643360000"
202200030639;16;7;2022;22:20;5;75;2;1;1;2;"48;8302760000";"2;4020370000"
202200030640;9;12;2022;18:30;5;75;2;1;1;3;"48;8735780000";"2;2752950000"
202200030641;9;12;2022;18:15;5;75;2;4;1;2;"48;8167830000";"2;3558550000"
202200030642;9;12;2022;09:42;1;75;2;7;1;6;"48;8763540000";"2;3324730000"
202200030643;19;7;2022;14:38;1;75;2;7;1;2;"48;8956380000";"2;3462880000"
202200030644;11;12;2022;15:30;1;75;2;2;1;3;"48;8678510000";"2;2918890000"
202200030645;10;12;2022;03:30;5;75;2;1;1;6;"48;8562916132";"2;3500818014"
202200030646;11;12;2022;12:50;1;94;2;1;8;6;"48;7273000000";"2;4291300000"
202200030647;11;12;2022;16:00;1;94;2;1;1;5;"48;7275200000";"2;5394800000"
202200030648;19;7;2022;09:35;1;75;2;2;1;2;"48;8431010000";"2;2834810000"
202200030649;11;12;2022;19:45;5;93;2;3;1;6;"48;8994229043";"2;5464732121"
202200030650;10;12;2022;18:20;5;93;2;3;1;3;"48;9235100000";"2;4604000000"
202200030651;11;12;2022;18:00;5;93;2;1;1;2;"48;9097000000";"2;3861300000"
202200030652;19;7;2022;09:20;1;75;2;4;1;4;"48;8220910000";"2;3165000000"
202200030653;11;12;2022;20:30;5;92;2;1;1;6;"48;8072848140";"2;2396320552"
202200030654;11;12;2022;13:50;1;92;2;1;1;6;"48;8231310000";"2;2740750000"
202200030655;11;12;2022;19:40;5;92;2;2;1;3;"48;7861107305";"2;2533168197"
202200030656;19;7;2022;06:38;1;75;2;7;1;3;"48;8163990000";"2;3600790000"
202200030657;12;12;2022;16:30;1;51;1;1;1;7;"48;7539250000";"4;9005890000"
202200030658;11;12;2022;19:00;5;66;1;1;1;2;"42;5280100000";"2;8214530000"
202200030659;11;12;2022;16:20;1;974;2;1;1;3;" -21;0495740000";"55;6840750000"
202200030660;19;7;2022;09:00;1;75;2;2;1;3;"48;8349790000";"2;4198000000"
202200030661;10;12;2022;07:40;2;26;1;3;8;3;"45;2777060000";"4;9167200000"
202200030662;19;7;2022;11:55;1;75;2;4;7;6;"48;8532840000";"2;3877200000"
202200030663;9;12;2022;17:00;2;62;1;3;1;1;"50;4633880000";"1;7734120000"
202200030664;19;7;2022;15:40;1;75;2;2;1;1;"48;8740200000";"2;3479040000"
202200030665;12;12;2022;08:30;2;34;2;6;1;3;"43;5529140000";"3;7170640000"
202200030666;12;12;2022;17:10;2;63;1;1;1;6;"45;9311521817";"2;6531472802"
202200030667;19;7;2022;16:20;1;75;2;2;1;6;"48;8728550000";"2;3310700000"
202200030668;12;12;2022;08:15;1;49;1;1;5;1;"47;6473350000";" -0;5769320000"
202200030669;9;12;2022;20:45;3;49;1;1;1;2;"47;3795360000";" -0;3851120000"
202200030670;8;12;2022;21:30;3;42;1;1;1;1;"45;8829470000";"4;2376010000"
202200030671;19;7;2022;20:30;1;75;2;2;1;3;"48;8555610000";"2;2702220000"
202200030672;10;12;2022;20:16;3;47;1;1;9;7;"44;0532460000";"0;3176400000"
202200030673;10;12;2022;19:12;3;47;1;1;1;4;"44;4286310000";"0;2784670000"
202200030674;19;7;2022;16:00;1;75;2;2;1;7;"48;8572610000";"2;3099370000"
202200030675;1;12;2022;05:45;3;41;1;1;5;7;"47;8732340000";"1;1646850000"
202200030676;10;12;2022;13:20;1;41;1;1;1;1;"47;5663090000";"2;1114940000"
202200030677;11;12;2022;14:45;1;29;1;1;9;1;"48;5668593903";" -4;2121108174"
202200030678;18;7;2022;17:48;1;75;2;2;1;6;"48;8527080000";"2;3377490000"
202200030679;12;12;2022;01:30;4;29;2;6;5;6;"48;2456840000";" -4;0842050000"
202200030680;10;12;2022;15:20;1;31;1;1;1;7;"43;2804390000";"1;6383040000"
202200030681;19;7;2022;14:10;1;75;2;2;1;6;"48;8564560000";"2;3643140000"
202200030682;12;12;2022;11:20;1;02;1;1;1;6;"50;0272620000";"3;7764160000"
202200030683;11;12;2022;02:10;3;01;1;2;1;6;"46;0652850000";"4;8156330000"
202200030684;19;7;2022;08:05;1;94;2;1;1;3;"48;7734799735";"2;4606486306"
202200030685;10;12;2022;14:10;1;14;2;3;1;3;"49;2792870000";" -0;9610000000"
202200030686;11;12;2022;19:45;3;64;2;1;1;6;"43;2026950000";" -0;9108430000"
202200030687;11;12;2022;17:05;2;07;1;1;1;7;"44;6986620000";"4;7068210000"
202200030688;10;12;2022;21:00;3;27;1;1;1;1;"49;4040090000";"0;5818740000"
202200030689;10;12;2022;19:15;3;28;1;1;1;7;"48;2198820000";"1;4030570000"
202200030690;18;7;2022;18:10;1;94;2;3;1;4;"48;7643000000";"2;4926000000"
202200030691;11;12;2022;17:50;5;68;2;1;8;1;"47;7886230000";"7;2261070000"
202200030692;5;12;2022;14:10;1;33;1;1;1;4;"44;7065470000";" -0;7523920000"
202200030693;19;7;2022;07:00;1;93;2;3;1;1;"48;9461500000";"2;5154900000"
202200030694;19;7;2022;08:30;1;93;2;2;1;3;"48;9421000000";"2;3654400000"
202200030695;18;7;2022;18:50;1;93;2;9;1;3;"48;9467676708";"2;3705685139"
202200030696;19;7;2022;09:20;1;93;2;6;1;3;"48;8775290000";"2;4756430000"
202200030697;19;7;2022;08:55;1;93;2;2;1;3;"48;8972500000";"2;5296000000"
202200030698;19;7;2022;21:00;2;93;2;1;1;6;"48;9053813438";"2;4393312336"
202200030699;18;7;2022;19:41;1;93;2;1;2;3;"48;9187974304";"2;3911692202"
202200030700;19;7;2022;18:10;1;92;2;2;1;6;"48;9354460000";"2;3329420000"
202200030701;19;7;2022;19:10;1;92;2;1;1;6;"48;8832294551";"2;2397129238"
202200030702;5;3;2022;16:40;1;51;1;1;1;6;"49;0794880000";"3;8792900000"
202200030703;4;3;2022;17:20;1;56;1;1;1;1;"47;9882920000";" -3;1736810000"
202200030704;5;3;2022;09:30;1;74;2;1;1;7;"45;9497700000";"6;6261720000"
202200030705;24;2;2022;16:10;1;67;1;1;1;7;"48;9048470000";"7;1897690000"
202200030706;5;3;2022;08:30;1;79;1;1;1;2;"47;0379590000";" -0;4047560000"