Accident_Id;jour;mois;an;hrmn;lum;dep;agg;int;atm;col;lat;long
202200031016;3;3;2022;10:00;1;91;1;1;1;5;"48;7058900000";"2;2879600000"
202200031017;28;8;2022;11:30;1;94;2;1;1;7;"48;8147200000";"2;3787700000"
202200031018;28;8;2022;05:00;5;93;2;1;1;6;"48;9571365761";"2;5594610479"
202200031019;28;8;2022;13:25;1;92;2;1;1;1;"48;9326896168";"2;3266993761"
202200031020;2;3;2022;19:40;3;94;1;1;1;3;"48;7733700000";"2;3454100000"
202200031021;28;7;2022;08:30;1;974;2;1;1;3;" -21;0528800000";"55;2672390000"
202200031022;1;3;2022;17:00;1;78;1;1;1;5;"48;7774040000";"2;2219980000"
202200031023;28;8;2022;21:18;3;95;1;1;1;2;"49;0993744392";"2;2853145003"
202200031024;28;8;2022;16:00;1;14;1;1;1;7;"48;9612010000";" -0;3519920000"
202200031025;3;3;2022;19:30;3;60;1;1;1;6;"49;1277610000";"2;5581550000"
202200031026;28;8;2022;21:30;3;38;1;1;1;1;"45;5094680000";"4;9696410000"
202200031027;29;8;2022;01:30;3;02;1;1;1;6;"49;8172610000";"3;2769510000"
202200031028;29;8;2022;19:20;1;95;2;6;8;7;"49;1534585123";"2;2580927610"
202200031029;3;3;2022;18:00;1;93;1;1;1;5;"48;8701776556";"2;4825844140"
202200031030;27;8;2022;17:50;1;17;1;1;1;7;"45;5065270000";" -0;8415270000"
202200031031;28;8;2022;15:03;1;28;1;1;7;6;"48;3432220000";"1;1958580000"
202200031032;3;3;2022;13:15;1;93;1;1;1;7;"48;8882300000";"2;4738500000"
202200031033;26;8;2022;11:35;1;28;2;1;1;6;"48;2954330000";"1;3516770000"
202200031034;28;8;2022;10:05;1;972;2;1;1;3;"14;6016860000";" -60;8758930000"
202200031035;29;8;2022;10:35;1;35;2;6;7;3;"48;4119620000";" -1;7461020000"
202200031036;27;8;2022;18:15;1;11;2;3;1;3;"43;2275220000";"2;8470150000"
202200031037;28;8;2022;04:45;3;34;1;1;1;6;"43;6523550000";"3;5305760000"
202200031038;27;8;2022;18:55;1;21;1;1;1;1;"47;3024720000";"4;8048820000"
202200031039;28;8;2022;19:10;1;19;1;9;1;3;"45;5364040000";"1;8006900000"
202200031040;28;8;2022;10:30;1;56;1;4;1;2;"47;7231950000";" -2;9131900000"
202200031041;24;8;2022;10:45;1;74;2;3;1;6;"46;0306280000";"5;9647460000"
202200031042;29;8;2022;18:05;1;76;2;1;1;6;"49;4814600000";"1;7214740000"
202200031043;28;8;2022;19:35;1;82;2;1;1;6;"43;9544100000";"1;1025970000"
202200031044;28;8;2022;10:24;1;71;1;1;1;1;"46;4671870000";"4;6701120000"
202200031045;28;8;2022;20:00;1;61;1;2;1;3;"48;3502000000";"0;4105580000"
202200031046;28;8;2022;07:00;1;12;1;1;1;1;"43;8801240000";"2;8057730000"
202200031047;28;8;2022;10:35;1;42;1;1;1;3;"45;8743130000";"4;2345320000"
202200031048;29;8;2022;17:15;1;25;2;9;1;3;"47;1632980000";"6;7287740000"
202200031049;28;8;2022;01:48;3;35;1;1;1;6;"48;0876320000";" -1;3561640000"
202200031050;28;8;2022;20:55;5;29;2;6;1;3;"48;0187360000";" -4;2134710000"
202200031051;28;8;2022;16:00;1;03;1;1;1;7;"46;2288670000";"3;3387490000"
202200031052;26;8;2022;22:10;3;03;1;1;1;7;"46;1272000000";"3;2923000000"
202200031053;28;8;2022;08:45;1;58;1;1;7;3;"47;3238690000";"2;9336980000"
202200031054;23;8;2022;16:00;1;54;1;1;1;7;"48;4542357040";"6;2921565779"
202200031055;29;8;2022;22:28;2;54;1;1;1;6;"49;2629320000";"5;8287140000"
202200031056;27;8;2022;14:20;1;72;2;1;1;2;"47;6415187034";"0;1602745054"
202200031057;28;8;2022;20:00;1;72;1;1;1;7;"48;0120900000";"0;2785420000"
202200031058;23;8;2022;19:45;1;06;1;1;1;7;"44;0883400000";"7;2501180000"
202200031059;28;8;2022;13:00;1;45;1;1;1;7;"48;1037614430";"2;8257761986"
202200031060;27;8;2022;22:30;1;18;1;1;1;2;"46;9771490000";"2;3525330000"
202200031061;28;8;2022;15:00;1;37;1;1;1;6;"47;2280275578";"0;6763699651"
202200031062;29;8;2022;09:10;1;30;2;1;1;6;"43;9387430000";"4;5624470000"
202200031063;28;8;2022;20:00;1;30;1;1;1;1;"44;2392500000";"4;2754200000"
202200031064;28;8;2022;15:45;1;48;1;1;1;3;"44;2822780000";"3;8235480000"
202200031065;28;8;2022;20:30;2;88;1;1;1;6;"48;3941970000";"6;4538500000"
202200031066;26;8;2022;18:35;1;69;2;2;1;6;"45;7603980000";"4;7701850000"
202200031067;27;8;2022;01:45;5;86;1;1;1;2;"46;6278760000";"0;3508330000"
202200031068;5;3;2022;23:40;3;63;1;1;1;2;"45;7768470000";"3;1320910000"
202200031069;27;8;2022;07:55;1;45;1;1;1;2;"47;8994700000";"1;8365620000"
202200031070;28;8;2022;15:50;1;988;1;1;1;7;" -21;2842400000";"165;6661900000"
202200031071;28;8;2022;19:10;1;2B;1;1;1;7;"42;6363540000";"9;0212020000"
202200031072;28;8;2022;16:20;1;84;1;1;1;6;"44;0947130000";"4;9489650000"
202200031073;28;8;2022;23:35;3;83;1;1;1;6;"43;3651260000";"5;9746740000"
202200031074;29;8;2022;14:50;1;05;1;1;1;1;"44;3258280000";"5;7929710000"
202200031075;28;8;2022;15:20;1;13;1;1;1;7;"43;4786620000";"5;2308760000"
202200031076;28;8;2022;17:30;1;65;2;3;1;3;"43;1285940000";"0;1144390000"
202200031077;24;8;2022;02:30;4;56;2;4;1;7;"47;6559711700";" -2;9188697040"
202200031078;29;8;2022;07:39;2;60;1;2;1;3;"49;4124500000";"2;2174870000"
202200031079;26;8;2022;17:20;1;13;1;1;1;3;"43;2826800000";"5;3951400000"
202200031080;27;8;2022;04:26;3;42;1;1;1;1;"45;5141710000";"4;5721390000"
202200031081;27;8;2022;18:50;1;91;1;1;1;4;"48;6229400000";"2;2876900000"
202200031082;28;8;2022;20:09;1;93;1;1;1;2;"48;9103383362";"2;3582601057"
202200031083;28;8;2022;18:00;1;93;1;1;1;3;"48;8845803844";"2;4698601413"
202200031084;28;8;2022;16:15;1;93;1;1;1;2;"48;9722710000";"2;4954670000"
202200031085;28;8;2022;08:30;1;95;1;1;1;2;"48;9892140943";"2;2006800771"
202200031086;28;8;2022;18:00;1;94;1;1;1;2;"48;8280800000";"2;4735100000"
202200031087;12;4;2022;11:51;1;75;2;3;1;3;"48;8944900000";"2;3664750000"
202200031088;12;4;2022;12:30;1;75;2;2;1;6;"48;8804600000";"2;2964600000"
202200031089;11;4;2022;21:00;5;75;2;3;1;2;"48;8715990000";"2;2793030000"
202200031090;12;4;2022;08:45;1;75;2;2;1;6;"48;8260200000";"2;3125530000"
202200031091;12;4;2022;19:10;1;75;2;2;1;2;"48;8240473935";"2;3770245910"
202200031092;11;4;2022;15:00;2;75;2;2;1;3;"48;8375960000";"2;3736390000"
202200031093;12;4;2022;09:55;1;75;2;4;1;3;"48;8684750000";"2;3697590000"
202200031094;12;4;2022;17:20;1;75;2;4;1;6;"48;8794099859";"2;3532588780"
202200031095;12;4;2022;16:00;1;75;2;4;1;3;"48;8755497394";"2;3567222804"
202200031096;10;4;2022;04:20;5;75;2;2;1;3;"48;8693150000";"2;3542600000"
202200031097;12;4;2022;09:35;1;75;2;5;1;6;"48;8778382870";"2;3270134628"
202200031098;12;4;2022;18:10;1;75;2;7;1;3;"48;8673854982";"2;3633171618"
202200031099;12;4;2022;17:20;1;75;2;2;1;3;"48;8670602653";"2;3528417945"
202200031100;22;1;2022;10:10;1;25;2;1;1;4;"46;9045130000";"6;3565870000"
202200031101;11;4;2022;19:56;1;75;2;3;1;6;"48;8550700000";"2;3616630000"
202200031102;23;1;2022;04:15;5;25;2;6;1;6;"47;2211000000";"5;9564000000"
202200031103;11;4;2022;13:15;1;94;2;1;1;2;"48;7918000000";"2;4459000000"
202200031104;23;1;2022;11:40;1;22;2;1;8;7;"48;5496000000";" -2;7726700000"
202200031105;21;1;2022;15:45;1;22;2;1;1;7;"48;7578250000";" -3;4613510000"
202200031106;23;1;2022;18:30;5;16;2;1;1;3;"45;6391300000";"0;1035600000"
202200031107;11;4;2022;18:49;2;94;2;2;1;3;"48;8535400000";"2;4524000000"
202200031108;23;1;2022;20:30;5;13;2;1;1;1;"43;2944731731";"5;4278012639"
202200031109;10;4;2022;23:00;5;94;2;1;1;2;"48;8165700000";"2;5681900000"
202200031110;23;1;2022;13:15;1;13;2;3;1;3;"43;3071350951";"5;3752069999"
202200031111;18;6;2022;05:10;2;69;1;1;1;6;"45;6526620000";"4;8373189000"
202200031112;12;4;2022;11:00;1;93;2;1;1;6;"48;9358710000";"2;5345940000"
202200031113;23;1;2022;15:15;1;13;1;6;1;2;"43;2821080197";"5;6042001563"
202200031114;23;1;2022;23:10;3;13;1;1;1;6;"43;6640000000";"4;7105000000"
202200031115;12;4;2022;12:42;1;93;2;1;1;3;"48;8904201652";"2;5116167665"
202200031116;23;1;2022;08:07;1;06;2;1;1;1;"43;5643170000";"7;0072640000"
202200031117;19;6;2022;19:50;1;33;1;1;1;4;"44;8688000000";" -0;5013600000"
202200031118;12;4;2022;14:10;1;93;2;3;1;3;"48;9011200000";"2;3944500000"
202200031119;22;1;2022;15:30;1;75;2;1;1;2;"48;8301710000";"2;4021880000"
202200031120;19;6;2022;18:50;1;33;1;1;1;7;"44;9494000000";" -0;4660100000"
202200031121;12;4;2022;16:50;1;93;2;1;1;3;"48;9156100000";"2;4625400000"
202200031122;23;1;2022;04:50;5;75;2;2;1;3;"48;9007120000";"2;3442280000"
202200031123;11;4;2022;19:50;2;93;2;1;1;6;"48;9247500000";"2;4410600000"
202200031124;23;1;2022;13:45;1;75;2;1;1;3;"48;8641350000";"2;2882080000"
202200031125;19;6;2022;18:45;1;91;1;1;1;4;"48;5749800000";"2;4661600000"
202200031126;12;4;2022;20:00;1;93;2;1;1;6;"48;8946280000";"2;4917250000"
202200031127;18;6;2022;06:21;2;78;1;1;1;6;"48;9649630000";"1;8019930000"
202200031128;23;1;2022;03:45;5;75;2;2;1;3;"48;8404250000";"2;3042770000"
202200031129;12;4;2022;16:32;1;93;2;1;1;6;"48;9153740000";"2;5001020000"
202200031130;23;1;2022;20:00;5;75;2;2;1;3;"48;8462690000";"2;3775150000"
202200031131;19;6;2022;17:15;1;93;1;9;1;4;"48;8658000000";"2;4208000000"
202200031132;12;4;2022;15:35;1;92;2;1;1;6;"48;7890890000";"2;2332240000"
202200031133;22;1;2022;23:30;5;75;2;3;1;2;"48;8598270000";"2;3888520000"
202200031134;12;4;2022;08:32;1;92;2;1;1;3;"48;8931860494";"2;2867143452"
202200031135;19;6;2022;02:00;3;93;1;1;1;2;"48;8640000000";"2;4820000000"
202200031136;23;1;2022;11:55;1;75;2;2;8;7;"48;8581570000";"2;3644860000"
202200031137;12;4;2022;14:40;1;92;2;2;1;3;"48;8142100000";"2;2702200000"
202200031138;19;6;2022;06:17;2;94;1;1;3;4;"48;8309372764";"2;4913077198"
202200031139;23;1;2022;00:20;5;94;2;3;1;3;"48;7912460000";"2;5493100000"
202200031140;12;4;2022;11:00;1;92;2;1;1;3;"48;8360984761";"2;2385501862"
202200031141;19;6;2022;01:15;5;94;1;1;1;4;"48;8303228960";"2;4893496496"
202200031142;12;4;2022;12:55;1;92;2;2;1;3;"48;7923648840";"2;2988276035"
202200031143;23;1;2022;16:30;1;94;2;4;1;3;"48;7274690000";"2;5311360000"
202200031144;18;6;2022;21:25;1;77;1;9;1;6;"48;6064640091";"2;6333762576"
202200031145;12;4;2022;09:30;1;92;2;1;1;6;"48;7444100000";"2;2966400000"
202200031146;21;1;2022;18:55;5;88;2;1;1;6;"48;2927600000";"6;9417500000"
202200031147;23;1;2022;16:59;2;93;2;3;1;3;"48;9380704954";"2;3764782897"
202200031148;15;1;2022;11:45;1;88;1;1;1;6;"48;2380300000";"7;0623640000"
202200031149;23;1;2022;20:00;5;93;2;1;1;3;"48;8721900000";"2;4257200000"
202200031150;11;4;2022;17:50;1;92;2;2;1;3;"48;7475430482";"2;3038668036"
202200031151;10;1;2022;04:50;3;88;1;1;9;1;"48;0538000000";"6;7034900000"
202200031152;14;4;2022;16:40;1;24;1;1;1;6;"45;3252070000";"1;1121940000"
202200031153;23;1;2022;10:45;1;93;2;5;8;1;"48;9105020000";"2;5123670000"
202200031154;18;2;2022;06:05;3;57;1;1;2;7;"49;3307200000";"6;0121800000"
202200031155;19;3;2022;17:15;1;62;2;1;1;6;"50;9468730000";"1;8465820000"
202200031156;14;4;2022;10:20;1;31;2;1;1;5;"43;6845900000";"1;4062200000"
202200031157;23;1;2022;13:30;1;93;2;2;8;3;"48;8874405048";"2;5095552206"
202200031158;13;4;2022;22:25;3;71;1;1;1;6;"46;4991600000";"4;9010830000"
202200031159;23;1;2022;18:50;5;92;2;1;1;3;"48;8841200000";"2;2704400000"
202200031160;18;6;2022;18:00;1;95;2;1;1;3;"48;9688529836";"2;3424831033"
202200031161;18;6;2022;15:49;1;06;2;1;1;1;"43;5525200000";"7;0187400000"
202200031162;23;1;2022;19:40;5;92;2;1;1;3;"48;9029281844";"2;3015470281"
202200031163;14;4;2022;09:50;1;40;1;1;1;6;"44;0042180000";" -0;3540410000"
202200031164;17;6;2022;19:48;1;54;2;1;1;6;"48;6858700000";"6;1861200000"
202200031165;23;1;2022;05:50;5;92;2;7;1;7;"48;8337700000";"2;2434900000"
202200031166;13;4;2022;16:45;1;51;1;1;7;1;"48;7372763388";"4;3380331993"
202200031167;22;1;2022;16:00;1;95;1;1;1;6;"49;1331259836";"2;2533720732"
202200031168;17;6;2022;07:45;1;93;2;3;1;6;"48;9225450000";"2;5438450000"
202200031169;13;4;2022;14:00;1;51;1;1;1;7;"49;0577567578";"3;9949223399"
202200031170;24;1;2022;12:35;1;28;2;1;1;3;"48;5108390000";"1;5461250000"
202200031171;16;6;2022;17:44;1;17;2;6;1;3;"45;6360000000";" -1;0287000000"
202200031172;14;4;2022;11:40;1;56;2;1;1;6;"47;9285760000";" -2;3960750000"
202200031173;22;1;2022;15:00;1;91;1;1;1;3;"48;6613760000";"2;2051620000"
202200031174;15;6;2022;09:50;1;49;2;1;1;6;"47;0544200000";" -0;8575700000"
202200031175;22;1;2022;23:00;3;06;1;1;1;6;"43;7977990000";"7;2329690000"
202200031176;14;4;2022;18:00;1;67;1;1;1;1;"48;4008230000";"7;1072370000"
202200031177;13;6;2022;12:20;1;72;2;2;1;6;"47;9841700000";"0;1855000000"
202200031178;22;1;2022;15:20;1;66;1;1;1;4;"42;7690850000";"2;9002830000"
202200031179;12;6;2022;18:30;1;95;2;1;1;3;"49;0076620625";"2;3832124472"
202200031180;14;4;2022;09:00;1;80;1;1;1;5;"49;9588010000";"2;1865560000"
202200031181;22;1;2022;18:38;3;57;1;3;1;3;"48;9559950000";"6;3012470000"
202200031182;13;6;2022;16:10;1;976;2;1;1;1;" -12;7758900000";"45;2255800000"
202200031183;24;1;2022;18:40;3;79;1;2;5;7;"46;8755360000";" -0;1967020000"
202200031184;18;6;2022;18:22;3;974;2;1;1;3;" -21;3368900000";"55;5120600000"
202200031185;23;1;2022;16:30;1;33;1;1;1;7;"45;1344350000";" -0;8397460000"
202200031186;13;4;2022;18:05;1;69;1;1;1;4;"45;9907498882";"4;3307590485"
202200031187;17;6;2022;09:50;1;973;2;1;1;3;"4;9088900000";" -52;3218100000"
202200031188;21;1;2022;17:20;1;32;1;8;1;2;"43;6157780000";"1;0643970000"
202200031189;12;4;2022;16:20;1;63;1;1;1;6;"45;8738295994";"3;3064379097"
202200031190;13;4;2022;16:00;1;63;1;1;1;6;"45;6106680000";"3;4398790000"
202200031191;18;6;2022;19:50;1;69;2;2;1;2;"45;7615900000";"4;8453700000"
202200031192;24;1;2022;15:30;1;11;1;3;1;6;"42;8874090000";"2;1278630000"
202200031193;24;1;2022;07:00;5;63;2;1;5;6;"46;0591240000";"3;3998050000"
202200031194;14;4;2022;12:55;1;61;1;1;1;1;"48;5672830000";"0;6270360000"
202200031195;18;6;2022;06:00;2;69;2;2;1;3;"45;7452400000";"4;8418600000"
202200031196;24;1;2022;09:20;1;12;1;1;1;6;"44;2808420000";"2;5374450000"
202200031197;14;4;2022;01:44;3;25;1;1;1;6;"47;0782320000";"5;9800600000"
202200031198;17;6;2022;19:30;4;971;2;1;1;2;"16;2549200000";" -61;4985800000"
202200031199;24;1;2022;14:10;1;12;2;1;1;7;"44;3021880000";"2;5774880000"
202200031200;10;4;2022;20:15;1;44;1;1;1;6;"47;3987920000";" -2;3604300000"
202200031201;24;1;2022;13:15;1;39;1;2;7;3;"46;6162950000";"5;6094590000"
202200031202;18;6;2022;22:00;5;2A;2;1;1;3;"41;9315100000";"8;7400100000"
202200031203;10;4;2022;11:50;1;29;2;1;1;3;"48;3722042350";" -4;5808111131"
202200031204;18;6;2022;09:00;1;95;2;2;1;6;"49;0249435725";"2;4640220404"
202200031205;23;1;2022;21:20;3;44;1;1;1;5;"47;3836340000";" -1;9407610000"
202200031206;23;1;2022;21:00;3;44;1;1;1;7;"47;0679620000";" -1;2085280000"
202200031207;18;6;2022;04:00;4;91;1;1;1;7;"48;6524930000";"2;2730450000"
202200031208;12;4;2022;11:50;1;31;1;1;1;2;"43;3113300000";"1;3259980000"
202200031209;18;6;2022;13:25;1;91;2;1;1;6;"48;6972300000";"2;2932300000"
202200031210;24;1;2022;13:55;1;29;1;2;1;3;"47;9186140000";" -3;8157750000"
202200031211;12;4;2022;14:00;1;58;1;1;1;6;"47;4374589370";"3;5030572182"
202200031212;18;6;2022;19:20;1;91;2;1;1;6;"48;6639200000";"2;3753200000"
202200031213;13;1;2022;14:15;1;72;1;1;7;2;"48;2149771047";"0;6774902342"
202200031214;14;4;2022;09:45;1;66;2;1;1;6;"42;4632610000";"2;0346330000"
202200031215;24;1;2022;06:30;3;14;1;1;1;1;"49;0373250000";"0;1512810000"
202200031216;18;6;2022;16:15;1;91;2;5;1;3;"48;7160800000";"2;3709300000"
202200031217;13;4;2022;20:30;2;06;2;3;1;3;"43;5272520000";"6;9269940000"
202200031218;23;1;2022;16:15;1;14;2;1;1;4;"49;1168890000";" -0;1671340000"
202200031219;18;6;2022;13:58;1;91;2;1;7;3;"48;7001800000";"2;3386600000"
202200031220;13;4;2022;21:14;3;10;1;1;1;7;"48;2577560000";"4;2530180000"
202200031221;24;1;2022;04:00;3;50;1;1;1;6;"48;5999840000";" -1;1451750000"
202200031222;17;6;2022;18:35;1;91;2;1;1;6;"48;7076600000";"2;3829100000"
202200031223;14;4;2022;14:15;1;24;1;1;1;6;"45;1539740000";"0;7032970000"
202200031224;21;1;2022;16:00;1;50;1;1;1;6;"48;6238890000";" -1;2661640000"
202200031225;18;6;2022;09:50;1;78;2;1;1;2;"48;9738900000";"1;9173100000"
202200031226;23;1;2022;14:45;1;16;1;1;1;6;"45;4681030000";" -0;0631660000"
202200031227;13;4;2022;06:30;2;27;2;3;8;1;"49;0976200000";"0;6054600000"
202200031228;17;6;2022;21:01;1;78;2;1;1;2;"49;0015700000";"1;9074000000"
202200031229;23;1;2022;05:15;3;07;1;1;1;6;"44;4847490000";"4;2935940000"
202200031230;19;6;2022;01:35;3;76;1;1;1;6;"49;3939376084";"1;0368957582"
202200031231;24;1;2022;13:20;1;04;1;1;1;7;"43;9583950000";"5;7976910000"
202200031232;11;4;2022;13:45;1;19;1;1;1;2;"45;5151890000";"2;2992320000"
202200031233;23;1;2022;23:00;3;85;1;1;1;7;"46;8026450000";" -0;9643510000"
202200031234;18;6;2022;15:30;1;76;2;3;1;2;"49;4492300000";"1;0791300000"
202200031235;12;4;2022;20:20;5;973;2;1;1;3;"4;8811740000";" -52;3364800000"
202200031236;24;1;2022;15:15;1;68;1;1;1;4;"47;7816810000";"7;4019850000"
202200031237;17;6;2022;19:40;1;71;1;1;1;2;"46;3647400000";"4;8526500000"
202200031238;7;4;2022;17:00;1;73;1;1;4;1;"45;5077760000";"6;9251850000"
202200031239;18;6;2022;20:15;1;69;2;3;1;3;"45;7500800000";"4;9400800000"
202200031240;21;1;2022;16:15;1;69;1;1;1;7;"45;4892921488";"4;8007203795"
202200031241;24;1;2022;07:25;1;988;1;1;1;6;" -21;4845800000";"165;4042800000"
202200031242;13;4;2022;22:25;3;45;1;1;1;2;"47;9004910000";"1;8474410000"
202200031243;18;6;2022;19:35;1;69;2;1;1;6;"45;7612272074";"4;9203756452"
202200031244;24;1;2022;09:50;1;45;1;1;1;1;"48;1882920000";"2;3483710000"
202200031245;14;4;2022;10:00;1;976;1;1;1;1;" -12;7762450000";"45;2819430000"
202200031246;14;6;2022;14:05;1;62;2;1;1;6;"50;9503900000";"1;8541080000"
202200031247;23;1;2022;19:30;3;2B;1;1;1;1;"42;3971260000";"9;1931530000"
202200031248;18;6;2022;16:30;1;59;2;1;1;6;"50;7191100000";"3;1632400000"
202200031249;23;1;2022;22:55;3;66;1;1;1;6;"42;7608110000";"3;0137570000"
202200031250;14;4;2022;08:45;1;971;2;3;1;3;"16;3261237933";" -61;6903225332"
202200031251;14;6;2022;21:00;1;59;1;1;1;2;"50;2813960000";"3;8993280000"
202200031252;22;1;2022;13:50;1;70;2;4;1;1;"47;7186690000";"6;5325150000"
202200031253;14;4;2022;18:20;1;95;1;1;1;6;"49;0525590000";"2;4269700000"
202200031254;18;6;2022;11:55;1;54;2;1;1;3;"48;6994900000";"6;2511400000"
202200031255;13;4;2022;18:30;1;25;2;1;1;6;"47;4477880000";"6;6794220000"
202200031256;23;1;2022;12:20;1;38;1;3;1;3;"45;8529110000";"5;4048660000"
202200031257;12;1;2022;07:00;3;46;1;1;9;6;"44;5728400000";"2;1137300000"
202200031258;18;6;2022;12:10;1;49;2;2;1;3;"47;4347000000";" -0;5268000000"
202200031259;13;4;2022;17:30;1;71;1;3;1;3;"46;2429820000";"4;7953020000"
202200031260;18;6;2022;21:00;2;43;1;1;1;7;"45;0241700000";"3;9094400000"
202200031261;23;1;2022;15:00;1;09;1;1;1;6;"43;1995760000";"1;6717670000"
202200031262;18;6;2022;11:30;1;42;2;4;1;3;"46;0271926997";"4;0681627393"
202200031263;21;1;2022;17:00;1;72;1;1;1;3;"47;6889100000";" -0;0337700000"
202200031264;11;4;2022;20:00;2;69;2;1;1;3;"45;7522680000";"4;7407130000"
202200031265;18;6;2022;14:15;1;34;2;8;1;3;"43;5952100000";"3;9052100000"
202200031266;23;1;2022;19:30;3;60;1;1;1;2;"49;4144847256";"2;1836400031"
202200031267;18;6;2022;19:35;1;33;2;1;1;6;"44;8405900000";" -0;5523500000"
202200031268;13;4;2022;09:30;1;24;1;3;2;1;"44;7554040000";"0;7728090000"
202200031269;18;6;2022;01:55;5;33;2;1;1;6;"44;8413400000";" -0;5694100000"
202200031270;14;4;2022;08:30;1;33;1;1;1;1;"44;9502740000";" -0;1941280000"
202200031271;24;1;2022;01:05;5;59;2;2;1;3;"50;0188620683";"4;0440818667"
202200031272;18;6;2022;22:10;5;31;2;3;1;3;"43;6103100000";"1;4348000000"
202200031273;14;4;2022;07:45;1;33;1;1;1;1;"45;2002740000";" -0;6493520000"
202200031274;22;1;2022;17:50;1;13;1;1;1;2;"43;3343170000";"5;3829110000"
202200031275;18;6;2022;03:45;5;31;2;1;1;2;"43;6092900000";"1;4449900000"
202200031276;13;4;2022;05:05;3;35;1;1;5;1;"48;0605570000";" -1;7500450000"
202200031277;22;1;2022;22:35;3;69;1;1;1;6;"45;7656568882";"4;9850088358"
202200031278;13;4;2022;11:00;1;59;2;1;2;6;"50;2396832278";"4;0183821916"
202200031279;17;6;2022;21:35;1;29;1;2;1;3;"47;8943600000";" -3;8899300000"
202200031280;23;1;2022;00:35;5;33;1;1;1;6;"44;8663080000";" -0;4855610000"
202200031281;11;4;2022;19:34;1;13;1;1;1;2;"43;3984000000";"5;2987500000"
202200031282;16;6;2022;21:20;1;29;2;6;1;6;"48;3978140000";" -4;4896960000"
202200031283;23;1;2022;18:40;3;78;1;1;1;4;"48;8965900000";"2;0065780000"
202200031284;6;6;2022;17:30;1;29;2;3;2;6;"48;3936120000";" -4;4816680000"
202200031285;11;4;2022;23:30;5;75;1;1;1;3;"48;8484037683";"2;2472298145"
202200031286;22;1;2022;22:00;4;78;1;1;1;6;"48;9757040000";"1;7240200000"
202200031287;18;6;2022;19:55;1;27;2;9;7;2;"49;0982500000";"1;4474400000"
202200031288;22;1;2022;19:25;3;92;1;1;1;4;"48;8336666392";"2;1639025833"
202200031289;11;4;2022;20:30;2;93;1;1;1;4;"48;8669026471";"2;4816977978"
202200031290;18;6;2022;14:25;1;27;2;1;1;6;"49;0122674000";"1;1606605000"
202200031291;22;1;2022;17:30;3;78;1;1;1;6;"48;9333670000";"1;9713190000"
202200031292;11;4;2022;21:15;5;93;1;1;1;2;"48;9140389122";"2;4332553148"
202200031293;18;6;2022;10:45;1;27;2;3;7;3;"49;0217600000";"1;1816300000"
202200031294;22;1;2022;04:15;3;92;1;1;1;2;"48;7950100000";"2;2179900000"
202200031295;11;4;2022;16:40;1;95;1;1;7;2;"49;0425988519";"2;0786529779"
202200031296;23;1;2022;18:50;3;95;1;1;1;5;"48;9776400000";"2;4600000000"
202200031297;11;4;2022;11:10;1;95;1;1;1;4;"49;0400529394";"2;0831698179"
202200031298;18;6;2022;07:05;1;26;2;1;1;3;"44;5503100000";"4;7719000000"
202200031299;11;4;2022;10:50;1;93;1;1;1;6;"48;9611200000";"2;5436400000"
202200031300;22;1;2022;22:45;3;95;1;1;1;3;"49;0522300000";"2;1804100000"
202200031301;18;6;2022;01:40;3;13;2;1;1;3;"43;4275700000";"5;2567300000"
202200031302;23;1;2022;04:30;3;94;1;1;1;7;"48;8568439531";"2;4879040287"
202200031303;11;4;2022;07:35;1;93;1;1;1;5;"48;9261200000";"2;3975100000"
202200031304;22;1;2022;22:40;3;75;1;1;1;7;"48;8246760486";"2;4633300304"
202200031305;19;6;2022;00:30;5;13;2;2;1;3;"43;2641800000";"5;3921100000"
202200031306;22;1;2022;12:26;1;92;2;3;1;6;"48;8946689635";"2;2235964686"
202200031307;12;4;2022;10:30;1;77;1;1;1;2;"48;7961800000";"2;6215600000"
202200031308;18;6;2022;09:50;1;13;2;1;1;2;"43;2938700000";"5;4015900000"
202200031309;21;1;2022;22:25;5;75;2;2;1;6;"48;8953100000";"2;3375620000"
202200031310;18;6;2022;08:00;2;13;2;9;1;2;"43;3282751625";"5;3753122460"
202200031311;17;6;2022;14:00;1;13;2;1;1;6;"43;3397300000";"5;4149000000"
202200031312;12;4;2022;08:30;1;77;1;1;1;5;"48;8293228045";"2;7173574308"
202200031313;23;1;2022;06:50;1;988;2;3;3;2;" -22;2748700000";"166;4394300000"
202200031314;18;6;2022;19:55;1;13;2;1;1;6;"43;2943600000";"5;5668500000"
202200031315;18;6;2022;23:55;5;10;2;1;1;6;"48;2545412022";"4;0958189964"
202200031316;18;6;2022;16:40;1;10;2;1;7;3;"48;2754727311";"4;0786448121"
202200031317;16;1;2022;13:25;1;74;2;1;1;6;"45;9077000000";"6;1356000000"
202200031318;22;1;2022;15:05;1;973;1;6;2;6;"4;9215337753";" -52;3297584057"
202200031319;17;6;2022;23:20;5;01;2;1;1;3;"46;1988000000";"5;2486200000"
202200031320;14;1;2022;21:20;3;30;1;1;1;7;"43;7938400000";"4;6237400000"
202200031321;18;6;2022;20:30;1;75;2;1;1;2;"48;8202730000";"2;3755600000"
202200031322;22;1;2022;14:00;1;973;1;1;2;2;"4;9053300000";" -52;3197200000"
202200031323;17;6;2022;21:25;5;75;2;1;1;2;"48;9004710000";"2;3235260000"