Accident_Id;jour;mois;an;hrmn;lum;dep;agg;int;atm;col;lat;long
202200033473;17;6;2022;10:30;1;92;2;4;7;6;"48;8146056141";"2;2343214154"
202200033474;10;4;2022;13:30;1;14;2;3;1;3;"49;1190760000";" -0;3062170000"
202200033475;26;4;2022;14:15;1;92;2;1;1;3;"48;9254990000";"2;3075430000"
202200033476;9;4;2022;18:45;1;64;1;1;1;7;"43;1330770000";" -0;7481320000"
202200033477;10;4;2022;19:25;1;10;2;9;1;7;"48;1731840000";"4;0478990000"
202200033478;17;6;2022;20:30;2;92;2;1;1;3;"48;9044657729";"2;2325512245"
202200033479;8;4;2022;18:40;2;16;2;3;8;6;"45;5640378757";"0;2166595459"
202200033480;17;6;2022;14:00;1;92;2;1;1;3;"48;9101092085";"2;2549323141"
202200033481;9;4;2022;10:29;1;24;1;1;1;1;"44;8501230000";"0;4204740000"
202200033482;11;4;2022;15:00;1;04;1;1;1;7;"43;7752460000";"6;3802030000"
202200033483;16;6;2022;23:00;5;92;2;6;1;2;"48;9108792644";"2;3127193004"
202200033484;15;6;2022;13:25;1;92;2;1;1;2;"48;9074161011";"2;2976376414"
202200033485;10;4;2022;23:10;3;17;1;6;1;7;"45;9643290000";" -0;5535170000"
202200033486;10;4;2022;04:00;5;17;2;1;1;7;"46;1414110000";" -0;9049560000"
202200033487;17;6;2022;11:40;1;92;2;3;1;3;"48;7773236374";"2;2898313403"
202200033488;17;6;2022;19:00;1;92;2;4;1;3;"48;8009654297";"2;3095009178"
202200033489;10;4;2022;13:45;1;987;2;1;1;1;" -17;7220550000";" -149;4046530000"
202200033490;17;6;2022;12:30;1;92;1;1;1;3;"48;9171114193";"2;3070082068"
202200033491;11;4;2022;13:45;1;72;1;1;1;2;"47;7692150000";"0;3137970000"
202200033492;17;6;2022;07:50;1;92;2;2;1;2;"48;7862300000";"2;3179600000"
202200033493;18;6;2022;13:50;1;80;1;1;7;7;"50;0636900000";"2;5107390000"
202200033494;18;6;2022;07:25;1;83;1;1;1;6;"43;4949560000";"6;4042860000"
202200033495;7;4;2022;14:54;1;34;1;1;1;4;"43;3178755210";"3;2618428234"
202200033496;18;6;2022;04:45;3;38;1;1;1;3;"45;4874560000";"4;8313290000"
202200033497;18;6;2022;11:50;1;41;2;1;1;1;"47;4814950000";"1;1927890000"
202200033498;10;4;2022;08:05;1;34;1;1;1;2;"43;7102300000";"4;1271900000"
202200033499;16;6;2022;18:45;1;35;1;3;1;6;"48;2968420000";" -1;8220570000"
202200033500;18;6;2022;10:45;1;26;1;1;1;3;"44;2966090000";"4;8479120000"
202200033501;9;4;2022;15:45;1;988;1;3;1;1;" -22;1375890000";"166;4103230000"
202200033502;17;6;2022;11:40;1;12;1;1;1;7;"44;6187300000";"2;9639380000"
202200033503;17;6;2022;20:17;2;06;1;1;1;7;"43;7723410000";"7;2139410000"
202200033504;17;6;2022;23:00;3;23;1;1;1;1;"46;3381920000";"1;7276810000"
202200033505;11;4;2022;09:50;1;988;1;1;1;5;" -21;9410000000";"166;1368500000"
202200033506;9;4;2022;19:30;3;973;1;1;1;3;"4;9246190000";" -52;3896630000"
202200033507;16;6;2022;10:40;1;62;2;3;1;3;"50;6164710000";"2;4720470000"
202200033508;17;6;2022;19:50;1;74;1;1;1;6;"46;3194810000";"6;4238740000"
202200033509;9;4;2022;12:30;1;41;1;1;2;6;"47;6638470000";"1;6950430000"
202200033510;18;6;2022;11:50;1;04;1;1;1;7;"44;4122680000";"6;3417240000"
202200033511;10;4;2022;19:00;1;18;1;1;1;6;"47;0136130000";"2;2244420000"
202200033512;18;6;2022;11:25;1;51;2;1;1;2;"49;2510380000";"3;9124900000"
202200033513;10;4;2022;18:15;1;48;2;1;1;7;"44;4445890000";"3;9305520000"
202200033514;18;6;2022;11:45;1;67;1;1;1;1;"48;3911630000";"7;1302770000"
202200033515;11;4;2022;14:00;1;84;1;1;1;1;"44;0063280000";"4;9053760000"
202200033516;17;6;2022;18:30;1;79;1;1;7;7;"46;9043370000";" -0;7319790000"
202200033517;10;4;2022;20:00;2;05;2;1;1;6;"44;3148670000";"5;7048230000"
202200033518;18;6;2022;16:30;1;2A;1;1;1;3;"42;0502010000";"8;9778040000"
202200033519;10;4;2022;15:00;1;71;2;1;1;6;"46;4891520000";"3;9952580000"
202200033520;17;6;2022;17:10;1;2B;1;1;1;7;"42;5188370000";"8;6969500000"
202200033521;17;6;2022;16:05;1;61;1;3;1;3;"48;1997620000";"0;7856140000"
202200033522;11;4;2022;10:30;1;26;1;3;1;1;"45;0514080000";"5;1781550000"
202200033523;18;6;2022;12:15;1;61;1;1;1;7;"48;7594060000";" -0;2510170000"
202200033524;17;6;2022;12:20;1;42;1;1;1;3;"45;4245660000";"4;0488590000"
202200033525;11;4;2022;08:30;1;01;1;2;1;3;"45;9230130000";"5;2718600000"
202200033526;17;6;2022;21:35;2;46;2;1;1;6;"44;7715230000";"1;7166460000"
202200033527;11;4;2022;12:45;1;01;2;1;1;6;"45;9730020000";"5;5847670000"
202200033528;17;6;2022;17:35;1;41;1;1;1;3;"47;3088340000";"1;7650250000"
202200033529;10;4;2022;23:20;3;33;1;1;1;6;"44;6529020000";" -0;9001490000"
202200033530;18;6;2022;00:30;3;34;1;1;1;7;"43;7001701647";"3;6745389873"
202200033531;9;4;2022;23:30;3;33;1;6;1;6;"44;7784080000";" -1;0186330000"
202200033532;17;6;2022;16:00;1;02;2;1;1;3;"49;2544730000";"3;6226290000"
202200033533;11;4;2022;11:45;1;50;1;1;1;2;"49;2383330000";" -1;2632940000"
202200033534;17;6;2022;18:30;1;15;2;1;1;2;"45;4137560000";"2;5044110000"
202200033535;17;6;2022;16:36;1;01;1;1;1;3;"46;4420834515";"4;9796283245"
202200033536;11;4;2022;05:30;3;14;1;1;1;6;"48;8587860000";" -0;2297040000"
202200033537;17;6;2022;23:40;3;50;1;1;1;6;"48;8433140000";" -1;2618350000"
202200033538;18;6;2022;09:45;1;60;1;1;1;1;"49;3497300000";"3;0232570000"
202200033539;17;6;2022;22:10;3;60;2;1;1;6;"49;2071540000";"2;3740390000"
202200033540;18;6;2022;17:30;1;60;2;1;9;6;"49;6735940000";"1;8170600000"
202200033541;10;4;2022;01:40;3;13;1;1;1;2;"43;3907470000";"5;3512120000"
202200033542;18;6;2022;17:10;1;16;1;2;7;3;"45;5024070000";"0;2677170000"
202200033543;8;4;2022;18:44;1;13;1;1;1;3;"43;2880800000";"5;4414700000"
202200033544;17;6;2022;19:38;1;53;2;3;1;3;"47;9482230000";" -0;9095530000"
202200033545;18;6;2022;05:00;2;27;1;1;9;6;"49;1137280000";"0;4233380000"
202200033546;10;4;2022;16:27;1;91;1;1;1;4;"48;7388500000";"2;3197300000"
202200033547;23;5;2022;23:30;5;30;2;1;1;6;"44;1734870000";"4;1083870000"
202200033548;10;4;2022;14:25;1;91;1;1;1;7;"48;6088000000";"2;4355000000"
202200033549;16;6;2022;06:45;1;48;1;1;1;6;"44;2035580000";"3;3379550000"
202200033550;17;6;2022;22:30;3;08;1;1;1;7;"49;3357850000";"4;7488510000"
202200033551;9;4;2022;21:05;3;91;1;1;1;2;"48;6223000000";"2;4648000000"
202200033552;18;6;2022;07:40;1;973;2;3;1;3;"4;8987400000";" -52;3374080000"
202200033553;10;4;2022;19:25;1;78;1;1;1;2;"48;9104130000";"2;0053380000"
202200033554;18;6;2022;05:20;2;42;1;1;1;6;"45;5094203717";"4;1603454351"
202200033555;17;6;2022;15:40;1;49;1;1;7;1;"47;4694140000";" -0;6857790000"
202200033556;9;4;2022;11:55;1;92;1;1;1;2;"48;7762151839";"2;2331689808"
202200033557;17;6;2022;18:20;1;11;1;1;1;2;"43;1720710000";"3;0211540000"
202200033558;10;4;2022;15:30;1;93;1;1;1;2;"48;9260700000";"2;3378610000"
202200033559;17;6;2022;18:40;1;13;1;1;1;2;"43;5910070000";"5;1840020000"
202200033560;10;4;2022;16:25;1;77;1;1;1;7;"48;7388952522";"2;6128903609"
202200033561;17;6;2022;19:25;1;77;1;1;1;2;"48;4613120000";"2;5170170000"
202200033562;17;6;2022;14:50;1;973;1;1;3;7;"5;1222905116";" -52;8132748604"
202200033563;9;4;2022;15:15;1;94;1;1;1;6;"48;8173700000";"2;4187400000"
202200033564;18;6;2022;06:00;2;973;1;1;1;1;"4;9322090000";" -52;4004080000"
202200033565;17;6;2022;14:00;1;972;2;1;1;7;"14;7612250000";" -60;9153860000"
202200033566;9;4;2022;13:30;1;75;1;1;1;3;"48;8195050000";"2;4587480000"
202200033567;9;4;2022;14:15;1;54;2;1;1;6;"48;7086719309";"6;2381315231"
202200033568;17;6;2022;09:40;1;77;1;1;1;3;"48;8160060000";"2;8498360000"
202200033569;16;6;2022;15:50;1;91;1;1;1;7;"48;6294030000";"2;4403980000"
202200033570;9;4;2022;10:35;1;988;2;2;1;7;" -22;2753700000";"166;4438200000"
202200033571;16;6;2022;16:45;1;2B;2;1;1;3;"42;6323330000";"8;9421360000"
202200033572;8;4;2022;17:08;1;976;2;1;1;6;" -12;8062300000";"45;2060400000"
202200033573;17;6;2022;23:50;3;2A;1;1;1;1;"41;6230140000";"9;2880820000"
202200033574;9;4;2022;21:00;3;974;1;1;1;3;" -21;3081600000";"55;4986100000"
202200033575;9;4;2022;20:30;4;973;2;1;1;3;"4;9276600000";" -52;2916700000"
202200033576;15;6;2022;11:55;1;34;1;1;1;6;"43;4564940000";"3;5948150000"
202200033577;9;4;2022;17:30;1;69;2;1;1;3;"45;7411206146";"4;8563458009"
202200033578;9;4;2022;02:00;5;972;1;1;2;7;"14;6404700000";" -61;0417500000"
202200033579;17;6;2022;20:20;1;84;1;1;7;1;"44;0921930000";"4;9582890000"
202200033580;8;4;2022;21:42;5;971;2;2;1;3;"16;2368021840";" -61;5321815014"
202200033581;9;4;2022;22:15;5;2A;2;4;1;3;"41;9320500000";"8;7406800000"
202200033582;9;4;2022;19:20;1;91;2;2;1;3;"48;6965600000";"2;4805700000"
202200033583;9;4;2022;22:00;5;83;2;3;1;3;"43;0964348727";"5;8126362562"
202200033584;8;4;2022;18:15;2;78;2;3;4;2;"49;0095900000";"1;9020500000"
202200033585;9;4;2022;14:20;1;59;2;1;1;3;"50;6383727165";"3;1012816429"
202200033586;5;4;2022;15:25;1;59;2;1;1;6;"50;6436830000";"3;1357900000"
202200033587;9;4;2022;16:00;1;51;2;1;1;2;"49;2454715294";"3;9920872450"
202200033588;9;4;2022;15:45;1;51;2;1;1;4;"49;2798500000";"4;0081700000"
202200033589;9;4;2022;10:28;1;49;2;1;7;6;"47;4434500000";" -0;5623700000"
202200033590;9;4;2022;01:03;5;49;2;1;1;7;"47;4680500000";" -0;5044600000"
202200033591;9;4;2022;21:45;3;44;2;1;1;3;"47;2461100000";" -1;4995500000"
202200033592;9;4;2022;14:20;1;44;2;6;1;3;"47;2338540000";" -1;5359160000"
202200033593;9;4;2022;01:00;3;42;2;6;8;7;"45;4080119303";"4;2545762211"
202200033594;9;4;2022;05:20;3;35;1;1;1;2;"48;0937167896";" -1;6239742935"
202200033595;9;4;2022;19:40;1;34;2;1;1;6;"43;6242789665";"3;8166071089"
202200033596;9;4;2022;00:10;3;33;1;1;1;6;"44;6036770000";" -1;1699210000"
202200033597;9;4;2022;02:30;5;26;2;3;1;3;"45;0434280000";"5;0611230000"
202200033598;9;4;2022;21:35;5;18;2;2;1;3;"47;2242830000";"2;0679670000"
202200033599;5;11;2022;18:15;5;42;2;2;1;5;"45;3968100000";"4;2964700000"
202200033600;5;11;2022;18:15;5;38;2;1;1;1;"45;1526100000";"5;7184900000"
202200033601;5;11;2022;15:50;1;38;2;1;1;3;"45;1751000000";"5;7256900000"
202200033602;5;11;2022;16:35;1;35;1;1;8;2;"48;0827792311";" -1;6978441292"
202200033603;5;11;2022;19:39;5;31;2;3;1;3;"43;5857300000";"1;4556500000"
202200033604;5;11;2022;18:50;5;28;2;1;2;2;"48;4418900000";"1;4906300000"
202200033605;1;11;2022;21:20;5;27;2;1;1;7;"49;0086377000";"1;1578497000"
202200033606;5;11;2022;05:15;3;26;1;9;1;6;"44;9032100000";"4;8853100000"
202200033607;5;11;2022;11:15;1;26;2;2;8;4;"45;0128300000";"5;0386500000"
202200033608;6;11;2022;03:10;5;17;1;6;1;6;"45;7244700000";" -0;6402400000"
202200033609;5;11;2022;20:15;2;14;2;1;2;1;"49;1813290000";" -0;3567810000"
202200033610;5;11;2022;12:05;1;13;2;1;1;3;"43;3393500000";"5;3910900000"
202200033611;5;11;2022;02:00;5;13;2;1;1;1;"43;2746600000";"5;3947600000"
202200033612;5;11;2022;10:48;1;11;2;2;1;2;"43;2070550000";"2;3117180000"
202200033613;5;11;2022;12:15;1;11;2;1;1;3;"43;2072600000";"2;3806700000"
202200033614;5;11;2022;14:55;1;06;1;1;1;6;"43;6880210000";"7;3065560000"
202200033615;23;10;2022;15:55;1;05;2;1;1;7;"44;5661500000";"6;0836300000"
202200033616;5;11;2022;20:10;5;75;2;1;1;3;"48;8743640000";"2;2759550000"
202200033617;5;11;2022;14:25;1;75;2;1;1;4;"48;8627610000";"2;2651500000"
202200033618;5;11;2022;15:40;1;75;2;1;1;3;"48;8179160000";"2;3520350000"
202200033619;5;11;2022;00:15;5;75;2;1;1;3;"48;8183970000";"2;3693470000"
202200033620;4;11;2022;16:00;1;75;2;1;1;3;"48;8747450000";"2;4105430000"
202200033621;3;11;2022;14:25;1;75;2;1;2;5;"48;8926100000";"2;3024620000"
202200033622;4;11;2022;23:50;5;75;2;1;1;3;"48;8354750000";"2;3218520000"
202200033623;5;11;2022;14:00;1;75;2;2;1;3;"48;8489480000";"2;4065950000"
202200033624;5;11;2022;13:30;1;75;2;1;1;6;"48;8841460000";"2;3536060000"
202200033625;5;11;2022;10:52;1;75;2;3;1;2;"48;8613930000";"2;2301270000"
202200033626;5;11;2022;17:00;1;75;2;2;1;3;"48;8476930000";"2;2841350000"
202200033627;5;11;2022;16:00;1;75;2;3;1;6;"48;8356760000";"2;3249500000"
202200033628;5;11;2022;19:49;5;75;2;3;1;3;"48;8532760000";"2;3785080000"
202200033629;5;11;2022;02:00;5;75;2;2;1;3;"48;8662850000";"2;3674210000"
202200033630;5;11;2022;17:10;1;75;2;5;1;3;"48;8729460000";"2;3332960000"
202200033631;5;11;2022;15:46;1;75;2;2;1;6;"48;8718830000";"2;3011280000"
202200033632;5;11;2022;03:19;5;75;2;1;1;6;"48;8616760000";"2;3222980000"
202200033633;5;11;2022;13:00;1;94;2;1;1;6;"48;7914970000";"2;3903990000"
202200033634;5;11;2022;09:25;1;94;2;3;1;6;"48;8369500000";"2;4959300000"
202200033635;5;11;2022;18:18;5;94;2;2;1;3;"48;7516900000";"2;5335700000"
202200033636;4;11;2022;22:15;5;93;2;2;1;3;"48;9217610000";"2;3833830000"
202200033637;5;11;2022;18:00;5;93;2;3;1;6;"48;9004590000";"2;4764820000"
202200033638;5;11;2022;18:00;5;93;2;1;1;3;"48;9008500000";"2;4267400000"
202200033639;5;11;2022;17:43;5;92;2;2;1;2;"48;8345874309";"2;2420156002"
202200033640;6;11;2022;06:00;3;12;1;1;1;6;"44;3263620000";"1;9085260000"
202200033641;5;11;2022;14:00;1;38;1;1;1;2;"45;5054780000";"5;0131130000"
202200033642;4;11;2022;14:30;1;84;2;1;1;7;"43;9943100000";"5;0544570000"
202200033643;5;11;2022;19:15;3;22;1;1;2;2;"48;4816690000";" -2;9480910000"
202200033644;6;11;2022;12:15;1;95;2;1;3;3;"49;1536360000";"2;2727430000"
202200033645;5;11;2022;21:45;5;06;2;1;1;1;"43;6554480000";"7;1242450000"
202200033646;28;10;2022;08:40;1;36;1;1;1;3;"46;8962187097";"1;6312638620"
202200033647;5;11;2022;00:00;3;31;1;1;1;6;"43;4384930000";"1;0919380000"
202200033648;6;11;2022;05:00;3;972;1;1;8;1;"14;4692250000";" -60;9180580000"
202200033649;5;11;2022;15:45;1;46;1;2;1;6;"44;3103180000";"1;6290160000"
202200033650;5;11;2022;03:00;3;62;2;3;2;6;"50;2690140000";"2;2961760000"
202200033651;4;11;2022;16:36;1;40;1;1;1;6;"44;3246540000";" -0;6801280000"
202200033652;6;11;2022;12:30;1;57;2;1;1;7;"49;0717971938";"6;2276776135"
202200033653;5;11;2022;20:45;3;51;1;1;8;7;"48;7381553810";"3;9449762106"
202200033654;6;11;2022;06:00;5;51;2;1;1;7;"48;6107550000";"3;6141310000"
202200033655;5;11;2022;18:15;3;59;1;1;1;6;"50;1341490000";"4;0066090000"
202200033656;31;10;2022;09:10;1;19;1;6;1;7;"45;1528050000";"1;3735910000"
202200033657;6;11;2022;12:00;1;76;1;1;3;7;"49;4124880000";"1;1734560000"
202200033658;4;11;2022;19:37;3;79;1;1;2;1;"46;4670100000";" -0;3986410000"
202200033659;5;11;2022;16:56;1;11;2;1;1;3;"43;2048900000";"2;4305600000"
202200033660;5;11;2022;21:41;5;71;2;1;8;1;"46;8780590000";"4;6017640000"
202200033661;5;11;2022;11:00;1;63;1;1;1;7;"45;4578150040";"3;3008430898"
202200033662;2;11;2022;09:45;1;42;1;1;1;2;"45;5935980000";"4;2539190000"
202200033663;4;11;2022;11:04;1;34;2;3;1;1;"43;4205020000";"2;9474260000"
202200033664;5;11;2022;21:00;3;22;1;1;2;3;"48;2760620000";" -3;2619690000"
202200033665;5;11;2022;22:30;3;39;1;1;1;6;"46;9011930000";"5;4246800000"
202200033666;6;11;2022;10:10;1;39;1;1;8;6;"46;8849910000";"5;5805160000"
202200033667;6;11;2022;03:15;3;44;1;6;2;6;"47;3919940000";" -2;1005560000"
202200033668;5;11;2022;23:00;5;44;2;1;2;3;"47;0966850000";" -2;0464990000"
202200033669;6;11;2022;04:00;3;29;1;1;3;6;"48;2713110000";" -3;5873790000"
202200033670;6;11;2022;08:24;2;31;1;1;1;2;"43;0092330000";"0;6199820000"
202200033671;5;11;2022;09:50;1;31;1;1;7;1;"43;0085030000";"0;6210540000"
202200033672;5;11;2022;14:55;1;70;1;1;1;7;"47;4528830000";"6;0780790000"
202200033673;5;11;2022;19:55;3;54;1;1;1;2;"49;3089080000";"5;8132840000"
202200033674;6;11;2022;17:00;1;43;1;1;1;7;"45;0026280000";"4;0288410000"
202200033675;5;11;2022;16:00;1;53;1;2;2;3;"47;9072090000";" -1;0560610000"
202200033676;6;11;2022;08:00;1;53;1;1;3;1;"48;1596300000";" -0;9821390000"
202200033677;5;11;2022;17:57;3;21;1;2;8;3;"47;2096350000";"4;5553670000"
202200033678;1;11;2022;14:55;1;40;1;1;1;3;"43;7080320000";" -0;8211870000"
202200033679;6;11;2022;02:15;3;52;1;1;5;5;"47;7443950000";"5;3052700000"
202200033680;6;11;2022;08:40;1;33;1;1;1;6;"44;6261680000";" -0;9565290000"
202200033681;6;11;2022;16:30;1;973;1;1;1;7;"5;1636190000";" -54;3342700000"
202200033682;6;11;2022;08:20;1;17;1;1;1;7;"45;5120950000";" -0;6125310000"
202200033683;5;11;2022;14:30;1;973;2;1;1;1;"5;0129710000";" -52;4725060000"
202200033684;3;11;2022;13:55;1;971;2;1;1;5;"16;3158660000";" -61;3449850000"
202200033685;4;11;2022;17:45;2;77;1;1;8;2;"48;9587080000";"2;8219370000"
202200033686;5;11;2022;21:05;3;34;1;1;1;7;"43;7203730000";"3;9883990000"
202200033687;5;11;2022;16:15;1;13;1;1;1;7;"43;2228670000";"5;5497800000"
202200033688;5;11;2022;14:20;1;10;1;1;1;1;"48;5097920000";"4;2926070000"
202200033689;1;11;2022;12:01;1;67;1;1;1;2;"48;4811220000";"7;6713430000"
202200033690;6;11;2022;05:50;5;57;2;1;1;6;"49;0841330000";"6;0876380000"
202200033691;6;11;2022;17:38;3;38;1;1;1;6;"45;6805570000";"5;2618400000"
202200033692;6;11;2022;11:40;1;26;1;9;1;3;"45;0427850000";"5;3021750000"
202200033693;5;11;2022;18:40;3;81;1;1;1;2;"43;8799440000";"1;9104070000"
202200033694;5;11;2022;18:25;3;86;2;1;1;6;"47;0380300000";"0;1152220000"
202200033695;6;11;2022;07:50;2;14;1;1;3;6;"49;0884300000";" -0;3056750000"
202200033696;5;11;2022;22:35;5;29;2;6;3;6;"48;4494882145";" -4;2523262500"
202200033697;6;11;2022;18:25;3;60;1;1;2;6;"49;1591160000";"2;7969430000"
202200033698;6;11;2022;14:25;1;59;2;1;2;1;"50;2907240000";"3;7938450000"
202200033699;6;11;2022;12:30;1;59;2;1;2;6;"50;0433283180";"3;8828408718"
202200033700;9;10;2022;14:50;1;59;1;3;1;2;"50;6899600000";"3;0123030000"
202200033701;4;11;2022;04:50;5;13;1;1;1;6;"43;2925967763";"5;3652649722"
202200033702;21;2;2022;04:30;3;42;1;1;1;6;"45;5245750000";"4;5996880000"
202200033703;5;11;2022;18:34;3;33;1;1;1;5;"44;9857000000";" -0;4279400000"
202200033704;5;11;2022;10:00;1;33;1;1;1;2;"44;8687100000";" -0;5021300000"
202200033705;4;11;2022;18:35;3;91;1;1;1;4;"48;6315100000";"2;4945000000"
202200033706;5;11;2022;18:12;3;78;1;1;1;2;"48;7780540000";"2;2133920000"
202200033707;4;11;2022;20:45;3;78;1;1;8;2;"48;8822080000";"2;0154330000"
202200033708;5;11;2022;09:25;1;93;1;1;1;6;"48;9435302792";"2;4354129175"
202200033709;5;11;2022;02:37;3;95;1;1;1;2;"49;0168889953";"2;2146396393"
202200033710;5;11;2022;03:55;3;77;1;1;1;2;"48;5842021770";"2;6370674978"
202200033711;4;11;2022;06:47;1;976;2;9;1;6;" -12;7955100000";"45;2155000000"
202200033712;1;11;2022;13:25;1;94;2;1;1;1;"48;7814700000";"2;3769200000"
202200033713;4;11;2022;19:35;5;974;2;1;1;1;" -21;2987600000";"55;4941600000"
202200033714;4;11;2022;19:00;5;974;2;7;1;3;" -21;3391400000";"55;4589800000"
202200033715;4;11;2022;07:25;1;974;2;2;1;3;" -20;8869000000";"55;4579000000"
202200033716;4;11;2022;18:25;5;974;2;9;1;3;" -20;9540540000";"55;6700600000"
202200033717;3;11;2022;17:45;5;69;2;3;8;3;"45;7651600000";"4;8619700000"
202200033718;3;11;2022;12:45;1;971;1;1;1;6;"16;2644500000";" -61;5134300000"
202200033719;5;11;2022;01:20;5;95;2;1;1;6;"49;0432083514";"2;0617067814"
202200033720;4;11;2022;09:27;1;87;2;2;2;3;"45;8350300000";"1;2271500000"
202200033721;4;11;2022;16:05;1;85;2;3;1;3;"46;4593900000";" -1;7151190000"
202200033722;4;11;2022;08:03;1;83;2;1;1;6;"43;1258110000";"5;9057540000"
202200033723;4;11;2022;04:50;5;81;2;1;1;6;"43;6007100000";"2;2538700000"
202200033724;4;11;2022;17:35;5;78;2;9;9;3;"48;9338500000";"2;0514300000"
202200033725;3;11;2022;19:15;3;72;1;1;1;2;"48;0247000000";"0;1686100000"
202200033726;4;11;2022;20:30;5;69;2;9;2;5;"45;7828600000";"4;8599800000"
202200033727;4;11;2022;15:50;1;69;2;1;3;2;"45;7848600000";"4;8643100000"
202200033728;4;11;2022;17:50;2;69;2;1;3;2;"45;6953380454";"4;8877966404"
202200033729;3;11;2022;18:55;5;67;2;1;3;6;"48;5745300000";"7;7670500000"
202200033730;3;11;2022;16:15;1;67;2;1;2;3;"48;5670400000";"7;7731900000"
202200033731;4;11;2022;07:05;5;66;2;1;1;6;"42;6884600000";"2;9021000000"
202200033732;4;11;2022;12:53;1;65;2;1;2;6;"43;0969300000";" -0;0412800000"
202200033733;4;11;2022;16:20;1;64;2;1;2;6;"43;3094300000";" -0;3394700000"
202200033734;4;11;2022;06:00;5;64;2;5;2;3;"43;3042900000";" -0;3676100000"
202200033735;3;11;2022;22:55;5;64;2;6;1;3;"43;3384100000";" -0;3801800000"
202200033736;4;11;2022;14:00;1;62;2;1;2;3;"50;2598800000";"2;7836200000"
202200033737;4;11;2022;18:25;5;59;2;1;1;2;"50;6766409818";"3;1095010042"
202200033738;5;11;2022;01:25;5;54;2;1;2;6;"48;6917800000";"6;1554000000"
202200033739;3;11;2022;12:40;1;50;2;6;3;1;"49;0459800000";" -1;4416200000"
202200033740;3;11;2022;07:35;3;50;1;1;3;6;"49;6510300000";" -1;5600000000"
202200033741;4;11;2022;10:22;1;49;2;1;1;7;"47;4713900000";" -0;5637600000"
202200033742;3;11;2022;18:08;5;49;2;2;3;2;"47;4465600000";" -0;5697900000"
202200033743;3;11;2022;19:44;5;49;2;1;1;3;"47;4726000000";" -0;5541200000"
202200033744;5;11;2022;00:35;5;45;2;1;1;6;"47;9410310000";"1;9430160000"
202200033745;4;11;2022;16:32;1;45;2;3;8;1;"47;9747500000";"2;7690100000"
202200033746;4;11;2022;14:50;1;37;2;1;1;6;"47;4009600000";"0;6755300000"
202200033747;4;11;2022;17:20;2;35;1;1;1;2;"48;0788800000";" -1;6938800000"
202200033748;3;11;2022;08:20;1;33;2;2;8;6;"44;8510288961";" -0;6428021193"
202200033749;4;11;2022;20:20;5;31;2;1;8;4;"43;6473900000";"1;4409900000"
202200033750;4;11;2022;05:50;5;31;2;2;2;3;"43;6371300000";"1;4528000000"
202200033751;4;11;2022;19:20;5;29;2;1;1;7;"47;9978577870";" -4;0962953567"
202200033752;3;11;2022;12:40;1;29;2;1;1;6;"47;8724280000";" -3;9081560000"
202200033753;4;11;2022;07:50;2;27;2;1;1;2;"49;0020084929";"1;1462000000"
202200033754;4;11;2022;08:25;1;22;2;9;2;2;"48;4804272386";" -2;7883037925"
202200033755;2;11;2022;20:45;3;19;2;1;1;7;"45;1745406004";"1;5284385681"
202200033756;4;11;2022;22:00;5;17;2;3;1;2;"46;1611900000";" -1;1530300000"
202200033757;4;11;2022;15:54;1;17;1;1;1;2;"46;1738000000";" -1;1141600000"
202200033758;4;11;2022;20:45;5;13;2;3;1;3;"43;2801300000";"5;4091600000"
202200033759;4;11;2022;14:50;1;13;1;4;1;1;"43;4749200000";"5;4327300000"
202200033760;4;11;2022;09:25;1;13;2;2;1;3;"43;5288000000";"5;4232900000"
202200033761;4;11;2022;21:35;3;10;2;2;1;3;"48;2906200000";"4;0822800000"
202200033762;4;11;2022;13:55;1;10;2;1;3;3;"48;2743700000";"4;0812600000"
202200033763;4;11;2022;13:03;1;10;2;6;3;1;"48;2959200000";"4;0940500000"
202200033764;3;11;2022;17:44;5;10;2;1;3;1;"48;2737000000";"4;0955000000"
202200033765;18;5;2022;19:15;1;31;2;1;1;3;"43;6338300000";"1;4311700000"
202200033766;18;5;2022;17:05;1;31;2;1;1;6;"43;6082000000";"1;3916000000"
202200033767;4;11;2022;18:35;2;75;2;1;1;3;"48;8736920000";"2;2751130000"
202200033768;18;5;2022;20:20;1;27;2;7;1;3;"49;0087400000";"1;1589100000"
202200033769;3;11;2022;19:40;5;75;2;1;1;2;"48;8599080000";"2;4142070000"
202200033770;18;5;2022;00:10;5;27;2;6;8;5;"49;0328624940";"1;1552520990"
202200033771;4;11;2022;08:30;1;75;2;7;1;3;"48;8474680000";"2;3408060000"
202200033772;4;11;2022;17:17;5;75;2;1;1;6;"48;8867160000";"2;3720970000"
202200033773;18;5;2022;12:20;1;70;2;1;1;2;"47;5696400000";"6;7640000000"
202200033774;4;11;2022;14:50;1;75;2;3;8;3;"48;8708600000";"2;2850440000"
202200033775;18;5;2022;20:25;1;25;2;2;7;3;"47;2255100000";"5;9653800000"
202200033776;4;11;2022;06:15;5;75;2;2;1;3;"48;8629960000";"2;2726310000"
202200033777;17;5;2022;14:20;1;25;2;9;1;3;"47;2314100000";"5;9975300000"
202200033778;4;11;2022;09:45;1;75;2;3;1;3;"48;8226370000";"2;3148420000"
202200033779;18;5;2022;14:40;1;16;2;1;1;2;"45;6881500000";" -0;3348000000"