Accident_Id;jour;mois;an;hrmn;lum;dep;agg;int;atm;col;lat;long
202200033780;14;5;2022;13:35;1;14;2;9;1;7;"49;1437700000";"0;2657200000"
202200033781;3;11;2022;18:20;5;75;2;3;1;3;"48;8189850000";"2;4624020000"
202200033782;18;5;2022;20:00;1;13;2;1;1;1;"43;4151600000";"5;2088900000"
202200033783;18;5;2022;19:39;1;13;2;1;1;2;"43;2647428285";"5;3734765806"
202200033784;4;11;2022;14:15;1;75;2;4;3;3;"48;8648670000";"2;3182780000"
202200033785;18;5;2022;09:50;1;13;2;1;1;1;"43;3100000000";"5;4990000000"
202200033786;14;5;2022;22:40;3;13;1;1;1;3;"43;6349346811";"4;7774755954"
202200033787;3;11;2022;00:20;5;75;2;1;1;6;"48;8726610000";"2;2985570000"
202200033788;17;5;2022;18:20;1;11;2;6;7;6;"43;1796600000";"3;0187100000"
202200033789;3;11;2022;13:37;1;75;2;3;3;7;"48;8553490000";"2;3528020000"
202200033790;17;5;2022;19:35;1;06;2;1;1;3;"43;6622180000";"6;9343210000"
202200033791;3;11;2022;17:17;5;94;2;1;2;1;"48;7847600000";"2;3883700000"
202200033792;18;5;2022;08:40;1;75;2;1;1;3;"48;8657844723";"2;2683555124"
202200033793;17;5;2022;13:20;1;75;2;1;1;6;"48;8689660000";"2;3908710000"
202200033794;16;5;2022;19:00;1;75;2;2;1;3;"48;8362094065";"2;3714885116"
202200033795;16;5;2022;13:30;1;75;2;1;1;6;"48;8663686238";"2;3836603761"
202200033796;1;11;2022;13:30;1;94;2;2;1;3;"48;8024455166";"2;4277991329"
202200033797;18;5;2022;17:20;1;75;2;1;1;3;"48;9017280000";"2;3724860000"
202200033798;3;11;2022;09:25;1;94;1;9;1;3;"48;7537700000";"2;3586400000"
202200033799;17;5;2022;12:15;1;75;2;3;1;6;"48;8857368530";"2;3755748570"
202200033800;3;11;2022;17:54;5;94;2;1;2;6;"48;8513400000";"2;4873900000"
202200033801;18;5;2022;16:35;1;75;2;4;1;6;"48;8936770699";"2;3479267995"
202200033802;18;5;2022;18:55;1;75;2;7;1;3;"48;8842480000";"2;3026550000"
202200033803;4;11;2022;13:00;1;94;2;1;1;3;"48;7719800000";"2;4588900000"
202200033804;18;5;2022;09:55;1;75;2;3;1;3;"48;8869520000";"2;2909390000"
202200033805;2;11;2022;09:10;1;94;2;3;1;6;"48;7420071599";"2;3970547759"
202200033806;18;5;2022;08:15;1;75;2;1;1;6;"48;8900950000";"2;2964280000"
202200033807;4;11;2022;15:45;1;94;2;1;3;6;"48;8009900000";"2;5528000000"
202200033808;17;5;2022;13:00;1;75;2;5;1;3;"48;9009519217";"2;3301221430"
202200033809;18;5;2022;09:00;1;75;2;4;1;2;"48;8382704625";"2;2657777683"
202200033810;4;11;2022;13:10;1;94;2;3;1;3;"48;8120900000";"2;5672300000"
202200033811;17;5;2022;14:40;1;75;2;7;1;3;"48;8561858010";"2;2778536007"
202200033812;18;5;2022;09:25;1;75;2;2;1;3;"48;8415490000";"2;3140110000"
202200033813;4;11;2022;01:20;5;94;2;1;2;1;"48;8211400000";"2;5423000000"
202200033814;15;5;2022;10:15;1;75;2;2;1;3;"48;8501840000";"2;2849090000"
202200033815;1;11;2022;03:30;5;94;2;2;1;3;"48;7919900000";"2;5723300000"
202200033816;18;5;2022;10:30;1;75;2;3;1;3;"48;8217921571";"2;3267345246"
202200033817;17;5;2022;21:15;1;75;2;3;1;6;"48;8322290000";"2;3128790000"
202200033818;18;5;2022;19:05;1;75;2;7;1;3;"48;8366100000";"2;3593100000"
202200033819;18;5;2022;06:00;1;75;2;7;1;7;"48;8317686083";"2;3544056997"
202200033820;17;5;2022;12:30;1;75;2;3;1;6;"48;8297660000";"2;3571020000"
202200033821;18;5;2022;15:33;1;75;2;3;7;4;"48;8761043629";"2;3605980932"
202200033822;15;5;2022;05:55;2;75;2;1;1;6;"48;8706724080";"2;3639689386"
202200033823;18;5;2022;17:20;1;75;2;2;1;3;"48;8742050000";"2;3283980000"
202200033824;18;5;2022;18:43;1;75;2;7;1;6;"48;8778164009";"2;2979642769"
202200033825;18;5;2022;17:33;1;75;2;2;1;6;"48;8624420792";"2;3019480499"
202200033826;18;5;2022;22:40;5;75;2;2;1;7;"48;8563640000";"2;3008680000"
202200033827;18;5;2022;16:27;1;75;2;2;1;3;"48;8584990000";"2;3230980000"
202200033828;18;5;2022;17:00;1;75;2;3;7;6;"48;8554921758";"2;3600983553"
202200033829;17;5;2022;22:50;5;75;2;5;1;6;"48;8654546542";"2;3561355472"
202200033830;17;5;2022;17:15;1;75;2;3;1;7;"48;8546939659";"2;3477563262"
202200033831;17;5;2022;18:10;1;94;2;2;1;3;"48;8077000000";"2;4963400000"
202200033832;17;5;2022;14:30;1;94;2;1;1;2;"48;8008690000";"2;4918230000"
202200033833;18;5;2022;16:10;1;94;2;1;1;1;"48;8430500000";"2;4855400000"
202200033834;18;5;2022;08:30;1;94;1;1;1;3;"48;7536160000";"2;3750680000"
202200033835;18;5;2022;18:55;1;94;2;1;1;1;"48;7480000000";"2;4070000000"
202200033836;18;5;2022;08:45;1;94;2;1;1;6;"48;8179500000";"2;4413000000"
202200033837;18;5;2022;00:45;5;93;2;1;1;1;"48;9403764051";"2;3705872893"
202200033838;17;5;2022;14:35;1;93;2;1;7;3;"48;8926536145";"2;4105280638"
202200033839;18;5;2022;08:40;1;93;2;1;1;4;"48;8646817269";"2;5192238086"
202200033840;18;5;2022;19:55;1;93;2;1;1;6;"48;9057600000";"2;4661000000"
202200033841;18;5;2022;16:35;1;93;2;1;1;6;"48;9558601633";"2;4965438247"
202200033842;18;5;2022;13:55;1;93;2;1;1;6;"48;9185465411";"2;3926618695"
202200033843;18;5;2022;20:00;1;92;2;1;1;2;"48;8777008418";"2;2433242500"
202200033844;17;5;2022;09:25;1;92;2;2;1;3;"48;8796182778";"2;2711510956"
202200033845;18;5;2022;19:40;1;92;2;9;1;3;"48;7988500000";"2;2841200000"
202200033846;18;5;2022;19:00;1;92;2;1;1;3;"48;8135236109";"2;3022365570"
202200033847;18;5;2022;17:25;1;92;2;3;1;3;"48;8008666706";"2;2800513357"
202200033848;18;5;2022;13:45;1;92;2;3;1;3;"48;7823973737";"2;3165700138"
202200033849;18;5;2022;17:00;1;62;2;3;1;3;"50;3811120000";"1;9937990000"
202200033850;19;5;2022;06:45;1;2A;1;1;1;3;"41;6461880000";"8;9479570000"
202200033851;19;5;2022;14:40;1;95;2;1;1;3;"49;1491299805";"2;2799769044"
202200033852;15;5;2022;23:40;3;08;1;1;1;6;"49;7186580000";"4;7528010000"
202200033853;18;5;2022;09:10;1;74;1;1;1;5;"46;3326840000";"6;4757650000"
202200033854;18;5;2022;14:05;1;89;2;1;1;3;"48;1587360000";"3;4340000000"
202200033855;19;5;2022;13:37;1;51;1;1;1;7;"49;3457880000";"4;1884950000"
202200033856;19;5;2022;05:45;2;19;1;1;1;1;"45;1340070000";"2;0748550000"
202200033857;19;5;2022;08:00;1;74;2;1;1;4;"45;8130250000";"6;2097670000"
202200033858;19;5;2022;12:06;1;79;2;1;1;7;"46;1830170000";" -0;1397800000"
202200033859;18;5;2022;12:20;1;79;1;1;1;6;"46;1926580000";" -0;6151160000"
202200033860;19;5;2022;18:40;1;82;1;1;1;1;"44;1458730000";"1;5763630000"
202200033861;18;5;2022;23:30;3;33;2;1;1;7;"44;8177760000";" -0;2710960000"
202200033862;18;5;2022;22:00;5;71;1;2;1;3;"46;2153220000";"4;2851320000"
202200033863;18;5;2022;17:10;1;89;2;1;1;6;"47;4835690000";"3;8987730000"
202200033864;19;5;2022;09:00;1;89;1;1;1;6;"47;4643080000";"3;7897520000"
202200033865;19;5;2022;07:30;1;49;1;3;8;3;"47;4094230000";" -0;7977210000"
202200033866;19;5;2022;10:10;1;12;2;1;7;6;"44;4744230000";"2;4636790000"
202200033867;19;5;2022;06:50;1;34;1;1;1;1;"43;4634035649";"2;8854355886"
202200033868;13;5;2022;23:45;3;44;1;1;1;7;"47;4800120000";" -2;1838920000"
202200033869;14;4;2022;13:55;1;29;1;3;1;3;"48;4569201200";" -4;3623438470"
202200033870;19;5;2022;09:45;1;03;1;2;1;3;"46;2000000000";"3;2887270000"
202200033871;19;5;2022;09:55;1;15;2;6;1;6;"45;2800470000";"2;6641680000"
202200033872;17;5;2022;11:24;1;01;1;1;7;6;"45;8812140000";"5;6709300000"
202200033873;19;5;2022;15:11;1;70;1;1;1;6;"47;9114629750";"6;5912657985"
202200033874;17;5;2022;16:40;1;26;1;1;1;3;"44;6679810000";"4;9370670000"
202200033875;16;5;2022;15:15;1;06;2;9;1;6;"43;9404590000";"7;5168160000"
202200033876;16;5;2022;17:40;1;05;1;1;1;7;"44;4981970000";"6;0228950000"
202200033877;19;5;2022;18:00;1;36;1;1;1;6;"46;4339763073";"2;0168226957"
202200033878;19;5;2022;11:15;1;16;1;1;8;6;"46;0035670000";"0;3251440000"
202200033879;19;5;2022;16:30;1;07;1;1;1;7;"44;7482000000";"4;6555800000"
202200033880;17;5;2022;17:50;1;973;1;1;1;3;"4;9006430000";" -52;3626850000"
202200033881;19;5;2022;10:50;1;06;1;1;1;6;"43;6138610000";"7;0562710000"
202200033882;19;5;2022;05:00;3;44;1;1;1;7;"47;4054660000";" -1;1761330000"
202200033883;17;5;2022;07:35;1;68;1;1;1;3;"47;7751340000";"7;3870990000"
202200033884;19;5;2022;09:40;1;38;2;2;1;6;"45;2015080000";"5;8384370000"
202200033885;19;5;2022;11:50;1;51;1;1;1;2;"48;8374360000";"4;2880150000"
202200033886;18;5;2022;18:50;5;971;1;3;1;1;"15;9074640000";" -61;2764440000"
202200033887;18;5;2022;13:30;1;41;2;2;1;3;"47;6295660000";"1;4766100000"
202200033888;18;5;2022;18:00;1;41;2;3;1;3;"47;6399190000";"1;4074410000"
202200033889;18;5;2022;17:10;1;95;1;1;1;3;"49;1804460000";"2;0478030000"
202200033890;19;5;2022;11:00;1;2B;1;1;1;1;"42;3093390000";"8;9621830000"
202200033891;18;5;2022;18:20;1;11;1;1;1;6;"43;3044117372";"2;6000876961"
202200033892;19;5;2022;08:00;1;84;1;1;1;3;"44;3069420000";"4;7342820000"
202200033893;19;5;2022;08:35;1;05;2;1;1;7;"44;3115609804";"5;8228719234"
202200033894;18;5;2022;16:00;1;26;2;3;1;6;"44;9359370000";"5;0237990000"
202200033895;19;5;2022;08:20;1;69;2;9;1;6;"45;8707840000";"4;7049580000"
202200033896;19;5;2022;12:30;1;81;1;1;7;6;"43;8346120000";"2;0378460000"
202200033897;19;5;2022;15:50;1;17;1;2;1;3;"45;9156610000";" -0;9938550000"
202200033898;19;5;2022;08:45;1;86;1;1;1;1;"46;6661720000";"0;0652200000"
202200033899;13;5;2022;17:50;1;33;1;1;1;6;"45;0976850000";" -0;4149910000"
202200033900;18;5;2022;14:50;1;72;1;1;1;6;"47;6511800000";" -0;1122880000"
202200033901;19;5;2022;13:15;1;27;2;1;1;3;"49;1750230000";"1;2223740000"
202200033902;18;5;2022;16:05;1;76;1;6;1;2;"49;4824120000";"0;4421890000"
202200033903;19;5;2022;16:45;1;60;1;1;1;3;"49;3102271741";"2;1614441870"
202200033904;18;5;2022;15:06;1;13;1;1;1;3;"43;3122310000";"5;4242830000"
202200033905;14;5;2022;15:30;1;59;1;1;1;7;"50;3987159742";"3;0973935127"
202200033906;18;5;2022;12:00;1;91;1;1;1;7;"48;6265000000";"2;3463000000"
202200033907;18;5;2022;09:10;1;91;1;1;1;2;"48;6521830000";"2;3952790000"
202200033908;17;5;2022;20:10;1;92;1;1;1;2;"48;9338817685";"2;2721018498"
202200033909;17;5;2022;15:20;1;93;1;1;1;3;"48;9060100000";"2;4722900000"
202200033910;17;5;2022;07:45;1;93;1;1;1;4;"48;9298545664";"2;3630797568"
202200033911;17;5;2022;08:45;1;93;1;1;1;4;"48;9709955381";"2;4997899978"
202200033912;18;5;2022;08:30;1;75;1;1;1;2;"48;8176200000";"2;4547600000"
202200033913;16;5;2022;23:30;3;94;1;1;1;6;"48;8501083080";"2;4903935051"
202200033914;15;3;2022;17:45;1;80;2;9;1;6;"49;8192340000";"2;3192340000"
202200033915;17;4;2022;11:30;1;94;2;1;1;2;"48;7904600000";"2;5243800000"
202200033916;17;4;2022;16:23;1;87;1;1;1;7;"45;7954700000";"1;3263600000"
202200033917;16;4;2022;16:30;1;22;1;9;7;3;"48;5318020000";" -2;9364480000"
202200033918;16;4;2022;12:15;1;61;1;3;1;3;"48;8136640000";" -0;5275420000"
202200033919;17;4;2022;02:57;3;64;1;1;1;6;"43;3300010000";" -0;2380080000"
202200033920;15;4;2022;14:20;1;35;1;1;1;6;"48;1344733500";" -1;8252827972"
202200033921;15;4;2022;17:30;1;16;1;1;1;4;"45;6194420000";"0;2547160000"
202200033922;11;3;2022;21:00;5;06;2;1;1;6;"43;5506000000";"6;9965000000"
202200033923;17;5;2022;20:20;5;974;2;1;2;3;" -21;3310400000";"55;4724600000"
202200033924;16;5;2022;12:30;1;974;2;1;1;2;" -21;2917700000";"55;5133200000"
202200033925;17;5;2022;15:20;1;974;2;4;1;2;" -20;8943800000";"55;4914900000"
202200033926;16;5;2022;07:50;1;974;2;3;1;2;" -20;8795200000";"55;4437900000"
202200033927;17;5;2022;18:00;1;973;2;1;1;3;"4;9290304816";" -52;3005759716"
202200033928;17;5;2022;12:10;1;973;2;1;1;6;"4;9433542461";" -52;3240479827"
202200033929;18;5;2022;01:15;5;69;2;2;1;3;"45;7423200000";"4;8507600000"
202200033930;26;6;2022;17:15;1;74;2;1;1;2;"45;8639520000";"6;6252460000"
202200033931;26;6;2022;10:15;1;74;1;1;1;7;"45;8163950000";"6;1716130000"
202200033932;17;5;2022;19:10;1;69;2;2;1;1;"45;7548300000";"4;8499800000"
202200033933;25;6;2022;03:55;3;74;1;1;1;1;"46;2550790000";"6;3355440000"
202200033934;17;5;2022;09:45;1;69;2;3;1;6;"45;7290000000";"4;8666200000"
202200033935;21;6;2022;21:30;2;74;1;1;1;7;"46;2854530000";"6;8132830000"
202200033936;17;5;2022;13:35;1;972;1;1;1;2;"14;6188300000";" -61;0279900000"
202200033937;18;6;2022;19:50;1;74;1;1;1;1;"46;1502710000";"6;3297880000"
202200033938;17;5;2022;18:30;1;69;2;3;1;6;"45;7723013737";"4;8054251075"
202200033939;18;6;2022;14:45;1;74;1;1;1;3;"45;8778490000";"6;0334250000"
202200033940;17;5;2022;14:40;1;69;2;2;1;3;"45;7661300000";"4;8368300000"
202200033941;3;6;2022;07:45;1;74;1;1;1;2;"45;7653370000";"6;3380270000"
202200033942;30;9;2022;09:35;1;974;1;1;1;7;" -21;3017370000";"55;4864580000"
202200033943;17;5;2022;19:10;1;2B;2;3;1;3;"42;6870300000";"9;4281100000"
202200033944;30;9;2022;07:00;2;974;2;3;1;3;" -21;3399200000";"55;4693500000"
202200033945;17;5;2022;17:00;1;2A;2;6;7;3;"41;9084900000";"8;7020900000"
202200033946;17;5;2022;17:45;1;95;2;1;7;3;"48;9941420424";"2;4513486028"
202200033947;30;9;2022;18:35;5;974;2;6;1;2;" -20;9022790000";"55;5028630000"
202200033948;17;5;2022;09:40;1;95;2;1;1;6;"48;9612070576";"2;3318132758"
202200033949;30;9;2022;12:10;1;974;2;1;1;6;" -20;8939600000";"55;4571500000"
202200033950;30;9;2022;22:45;5;69;2;9;1;6;"45;7414296449";"4;8761782050"
202200033951;12;5;2022;23:04;3;95;1;1;1;6;"49;0563951499";"2;0443797112"
202200033952;29;9;2022;18:50;5;972;1;1;3;6;"14;6399020000";" -61;0744300000"
202200033953;17;5;2022;16:35;1;91;2;-1;1;3;"48;6945500000";"2;3615000000"
202200033954;30;9;2022;11:23;1;2A;1;9;8;3;"41;9319900000";"8;8034400000"
202200033955;17;5;2022;08:45;1;91;2;1;1;6;"48;6635100000";"2;3509800000"
202200033956;30;9;2022;17:45;1;91;2;1;1;7;"48;6853060209";"2;4876844883"
202200033957;16;5;2022;18:45;1;91;2;1;1;2;"48;4397900000";"2;1572800000"
202200033958;30;9;2022;11:20;1;91;2;3;1;6;"48;6677570000";"2;4163500000"
202200033959;30;9;2022;08:35;1;91;1;1;1;6;"48;7123900000";"2;4422000000"
202200033960;30;9;2022;07:45;1;91;2;1;1;6;"48;7071300000";"2;3765000000"
202200033961;17;5;2022;01:45;3;78;2;1;1;3;"48;9426930000";"2;1929550000"
202200033962;28;9;2022;09:08;1;87;1;1;2;7;"45;8735100000";"1;3421100000"
202200033963;27;9;2022;13:20;1;83;2;1;1;2;"43;1348300000";"5;9977600000"
202200033964;18;5;2022;00:50;5;78;2;1;1;7;"48;9945400000";"1;9101600000"
202200033965;30;9;2022;18:30;1;81;2;9;1;3;"44;0559650000";"2;1587770000"
202200033966;17;5;2022;16:45;1;77;2;1;1;6;"48;8362440000";"2;7117450000"
202200033967;16;5;2022;16:55;1;77;2;1;7;6;"48;8416300000";"2;7185500000"
202200033968;30;9;2022;08:14;1;79;2;2;1;7;"46;3101400000";" -0;4657100000"
202200033969;16;5;2022;20:50;1;76;2;1;1;7;"49;5000600000";"0;1313900000"
202200033970;28;9;2022;18:15;1;77;1;1;2;7;"48;6093500000";"2;5552700000"
202200033971;16;5;2022;10:40;1;73;2;1;1;7;"45;7038589318";"5;8986168911"
202200033972;17;5;2022;18:25;1;72;2;3;8;3;"47;9910000000";"0;2050000000"
202200033973;22;9;2022;11:40;1;73;2;1;1;6;"45;6924144580";"5;9120392068"
202200033974;14;5;2022;22:30;5;72;2;1;1;6;"47;9817000000";"0;2224200000"
202200033975;30;9;2022;16:00;1;69;2;1;1;3;"45;7768200000";"4;9312500000"
202200033976;14;5;2022;10:55;1;71;2;1;1;6;"46;8053000000";"4;8575600000"
202200033977;30;9;2022;16:05;1;69;2;1;1;3;"45;7137600000";"4;8732200000"
202200033978;30;9;2022;07:00;2;69;2;6;1;1;"45;6941801620";"4;9352806807"
202200033979;13;5;2022;17:00;1;71;2;2;1;6;"46;7811300000";"4;8588100000"
202200033980;30;9;2022;08:05;1;65;1;1;2;3;"43;2446100000";" -0;0229400000"
202200033981;16;5;2022;19:15;1;67;2;3;1;6;"48;6078100000";"7;7215900000"
202200033982;24;9;2022;08:20;1;62;2;1;1;6;"50;4286820000";"2;8724340000"
202200033983;16;5;2022;19:20;1;67;2;1;1;3;"48;6119281392";"7;7673200000"
202200033984;30;9;2022;10:30;1;56;2;6;1;3;"47;7568401000";" -3;3646470300"
202200033985;6;5;2022;02:13;3;67;1;1;2;7;"48;6389500000";"7;7803200000"
202200033986;29;9;2022;08:34;1;49;2;1;1;1;"47;4576175054";" -0;4772454500"
202200033987;14;5;2022;11:43;1;66;2;3;1;3;"42;7102381087";"2;8975944221"
202200033988;16;8;2022;12:30;1;42;2;2;1;6;"45;4476085637";"4;3903570928"
202200033989;30;9;2022;11:20;1;37;2;9;1;6;"47;4214900000";"0;6826000000"
202200033990;17;5;2022;16:55;1;64;2;2;1;3;"43;3249400000";" -0;3575800000"
202200033991;30;9;2022;08:45;1;37;2;1;1;6;"47;3454602620";"0;6624519825"
202200033992;17;5;2022;07:50;1;64;2;1;1;3;"43;3181800000";" -0;3563700000"
202200033993;30;9;2022;18:55;1;35;1;1;2;6;"48;1752643613";" -1;7174157500"
202200033994;30;9;2022;15:23;1;35;2;6;1;7;"48;1326000000";" -1;6908100000"
202200033995;16;5;2022;18:20;1;64;2;1;1;1;"43;5259000000";" -1;4841400000"
202200033996;29;9;2022;07:30;2;34;2;1;1;7;"43;6096900000";"3;8638300000"
202200033997;17;5;2022;14:25;1;61;2;9;1;3;"48;4350000000";"0;0930000000"
202200033998;30;9;2022;08:20;1;33;2;1;1;2;"44;8278600000";" -0;6020800000"
202200033999;30;9;2022;06:20;5;33;2;1;1;6;"44;7992540000";" -0;5769919000"
202200034000;16;5;2022;13:54;1;60;2;9;1;4;"49;2837140000";"2;4650340000"
202200034001;17;5;2022;20:45;2;59;2;1;1;6;"50;6760574125";"3;1093481183"
202200034002;27;9;2022;16:05;1;33;2;6;1;6;"44;7862000000";" -0;6373600000"
202200034003;30;9;2022;13:20;1;29;2;1;2;7;"47;9908342870";" -4;0726749300"
202200034004;16;5;2022;19:00;1;59;1;1;1;1;"50;6457500000";"3;0153000000"
202200034005;15;5;2022;11:50;1;59;1;1;7;2;"50;3429590216";"3;0848193169"
202200034006;27;9;2022;17:40;1;29;2;1;1;2;"48;4108120100";" -4;5129289620"
202200034007;17;5;2022;09:39;1;57;2;1;1;1;"49;3273000000";"6;1210600000"
202200034008;30;9;2022;12:37;1;27;2;1;1;6;"49;0830600000";"1;4776900000"
202200034009;13;5;2022;16:10;1;57;2;1;1;5;"49;3280300000";"6;1249100000"
202200034010;30;9;2022;23:50;5;25;2;4;1;3;"47;2439300000";"6;0130400000"
202200034011;13;5;2022;13:55;1;57;2;1;1;6;"49;3645700000";"6;1499400000"
202200034012;30;9;2022;08:55;1;13;2;1;1;4;"43;6360946846";"5;1241803712"
202200034013;13;5;2022;18:11;1;56;2;1;1;6;"47;7423800000";" -3;3625700000"
202200034014;30;9;2022;19:30;5;13;2;1;1;3;"43;2754466390";"5;4165041317"
202200034015;30;9;2022;11:40;1;13;2;1;1;3;"43;3111900000";"5;3780700000"
202200034016;17;5;2022;15:21;1;54;2;1;1;6;"48;7090600000";"6;1605700000"
202200034017;16;4;2022;19:00;1;52;1;1;1;7;"48;1100400000";"5;1656800000"
202200034018;30;9;2022;03:30;5;13;2;2;1;2;"43;3094154851";"5;4029279628"
202200034019;17;5;2022;12:13;1;51;2;3;1;1;"49;2707700000";"4;0437000000"
202200034020;30;9;2022;00:14;5;13;2;9;1;3;"43;2650400000";"5;3911500000"
202200034021;29;9;2022;20:30;5;13;2;2;1;3;"43;2923853711";"5;4013929794"
202200034022;16;5;2022;17:20;1;51;2;1;1;7;"49;2300603367";"4;0608268976"
202200034023;14;5;2022;10:20;1;50;2;1;1;6;"49;1148900000";" -1;0901500000"
202200034024;30;9;2022;21:29;5;11;1;1;1;6;"43;2296600000";"2;3261400000"
202200034025;29;9;2022;12:10;1;10;2;9;1;6;"48;3015200000";"4;0866600000"
202200034026;17;5;2022;04:27;5;49;2;1;1;3;"47;4766500000";" -0;5326600000"
202200034027;17;5;2022;14:30;1;47;2;1;1;6;"44;1945190000";"0;6282200000"
202200034028;29;9;2022;19:30;2;06;2;1;1;5;"43;7104400000";"7;2849300000"
202200034029;30;9;2022;22:00;5;06;2;1;1;2;"43;7744400000";"7;4971100000"
202200034030;17;5;2022;08:30;1;47;2;1;1;3;"44;1892000000";"0;6260790000"
202200034031;30;9;2022;21:47;3;75;2;1;3;2;"48;8650560000";"2;4125120000"
202200034032;17;5;2022;17:40;1;45;2;1;1;6;"47;9237761943";"1;8920854926"
202200034033;30;9;2022;12:15;1;75;2;4;1;3;"48;8501010000";"2;3297650000"
202200034034;1;10;2022;14:16;1;75;2;2;1;6;"48;8772610000";"2;4067850000"
202200034035;1;10;2022;18:15;1;75;2;2;1;1;"48;8899050000";"2;3638120000"
202200034036;1;10;2022;18:10;1;75;2;2;1;6;"48;8874340000";"2;3495720000"
202200034037;1;10;2022;11:45;1;75;2;7;2;6;"48;8482740000";"2;3949550000"
202200034038;1;10;2022;06:08;5;75;2;1;2;3;"48;8202770000";"2;4484240000"
202200034039;1;10;2022;12:00;1;75;2;3;1;6;"48;8446660000";"2;3095790000"
202200034040;1;10;2022;20:20;5;75;2;2;1;3;"48;8533190000";"2;3578120000"
202200034041;1;10;2022;19:25;5;75;2;3;1;3;"48;8632310000";"2;3516670000"
202200034042;1;10;2022;14:30;1;75;2;3;1;3;"48;8576780000";"2;3607700000"
202200034043;1;10;2022;01:40;5;75;2;2;2;1;"48;8662420000";"2;3525350000"
202200034044;30;9;2022;08:50;1;75;2;2;1;2;"48;8674190000";"2;3585390000"
202200034045;1;10;2022;10:27;1;94;2;1;2;3;"48;7952500000";"2;5145000000"
202200034046;1;10;2022;17:00;1;93;2;3;1;5;"48;9114671464";"2;3337210501"
202200034047;1;10;2022;00:00;5;93;2;2;2;3;"48;9420400000";"2;3654400000"
202200034048;1;10;2022;18:05;1;93;2;1;1;6;"48;8829797657";"2;4799744847"
202200034049;1;10;2022;14:30;1;93;2;2;1;3;"48;8556400000";"2;4308700000"
202200034050;1;10;2022;14:40;1;92;2;1;1;6;"48;8146456191";"2;3035993874"
202200034051;1;10;2022;17:50;1;92;2;5;1;3;"48;8595520000";"2;2135650000"
202200034052;1;10;2022;16:00;1;92;2;1;1;3;"48;9290600000";"2;2545200000"
202200034053;1;10;2022;16:55;1;92;2;1;1;3;"48;7529907168";"2;3075435757"
202200034054;3;8;2022;16:12;1;37;1;4;1;1;"47;2416080000";"0;1403990000"
202200034055;2;10;2022;07:29;1;74;1;1;5;6;"46;0016927013";"6;1281063027"
202200034056;1;10;2022;22:45;5;40;2;1;1;6;"43;6509500000";" -1;4342800000"
202200034057;28;9;2022;07:45;1;83;1;1;1;3;"43;1498657865";"6;0357871056"
202200034058;1;10;2022;21:40;3;972;1;1;1;1;"14;4982950000";" -60;9024260000"
202200034059;2;10;2022;11:47;1;74;1;1;1;3;"46;2856120000";"6;2637520000"
202200034060;1;10;2022;20:25;5;57;2;1;2;4;"49;4787240000";"5;9600080000"
202200034061;30;9;2022;07:30;2;19;1;1;5;6;"45;2452790000";"2;0389230000"
202200034062;2;10;2022;11:45;1;2A;1;1;1;7;"42;0649260000";"9;0476760000"
202200034063;2;10;2022;02:10;3;89;1;1;2;6;"48;0780210000";"3;2996510000"
202200034064;2;10;2022;17:30;1;63;1;1;1;1;"46;0513931801";"3;4515738487"
202200034065;1;10;2022;18:30;1;63;2;1;1;6;"45;5400783655";"3;2503022254"
202200034066;14;9;2022;14:00;1;61;2;1;1;3;"48;8295720000";"0;5536450000"
202200034067;2;10;2022;11:55;1;55;1;1;2;6;"49;1894428865";"5;0468746878"
202200034068;30;9;2022;19:00;2;86;2;1;2;7;"46;9781180000";"0;2158890000"
202200034069;2;10;2022;09:30;1;34;1;1;1;1;"43;6565780000";"3;5565930000"
202200034070;2;10;2022;10:30;1;39;1;1;2;3;"46;9251260000";"5;9794560000"
202200034071;1;10;2022;17:25;1;66;1;4;1;3;"42;5541950000";"2;8590630000"
202200034072;2;10;2022;04:00;3;54;1;1;2;6;"48;9667730000";"6;0515680000"
202200034073;1;10;2022;14:45;1;05;2;1;2;6;"44;6507238965";"6;1485717389"
202200034074;1;10;2022;20:45;3;64;1;1;1;6;"43;2776430000";" -0;2283740000"
202200034075;2;10;2022;18:30;2;18;1;1;2;6;"47;0253220000";"2;7944510000"
202200034076;29;9;2022;12:10;1;10;2;6;1;3;"48;4924750000";"3;5116340000"
202200034077;1;10;2022;21:30;5;40;2;1;1;6;"43;5703300000";" -1;4661320000"
202200034078;1;10;2022;11:30;1;04;2;1;1;2;"44;1914890000";"5;9450810000"
202200034079;2;10;2022;13:00;1;85;1;1;1;6;"46;8134570000";" -0;8539880000"
202200034080;1;10;2022;19:25;5;08;2;1;2;3;"49;8844660000";"4;7401750000"
202200034081;7;8;2022;13:30;1;68;1;1;1;4;"47;9805790000";"7;3749210000"
202200034082;1;10;2022;16:50;1;02;1;1;1;6;"49;4420680000";"3;9282880000"
202200034083;2;10;2022;10:15;1;01;1;1;1;6;"46;1127540000";"5;4862490000"
202200034084;2;10;2022;00:50;3;69;1;1;2;6;"45;8714550000";"4;3983080000"
202200034085;2;10;2022;02:20;5;971;1;1;1;6;"16;2542510000";" -61;5690570000"
202200034086;1;10;2022;20:56;4;76;1;1;1;7;"49;3298590000";"1;0863480000"
202200034087;1;10;2022;09:00;1;987;2;1;1;7;" -23;3720000000";" -149;4630000000"