Accident_Id;jour;mois;an;hrmn;lum;dep;agg;int;atm;col;lat;long
202200034088;2;10;2022;10:15;1;988;1;3;1;6;" -21;4167970000";"165;2601670000"
202200034089;2;10;2022;00:58;3;988;1;1;5;6;" -21;5144400000";"165;4747100000"
202200034090;1;10;2022;11:00;1;974;1;1;1;7;" -21;1877330000";"55;4517100000"
202200034091;25;8;2022;14:30;1;2A;1;1;1;5;"41;4920570000";"9;2457680000"
202200034092;1;10;2022;22:50;3;66;1;1;1;7;"42;7871280000";"3;0103010000"
202200034093;2;10;2022;00:45;3;30;1;1;1;7;"44;1995900000";"4;0573880000"
202200034094;1;10;2022;19:20;2;34;1;1;7;1;"43;5130470000";"3;4849620000"
202200034095;1;10;2022;19:30;3;13;1;3;1;2;"43;4912674677";"5;6596755981"
202200034096;1;10;2022;17:40;2;71;2;1;3;6;"46;4341040000";"4;2746530000"
202200034097;1;10;2022;10:00;1;67;2;9;3;6;"49;0360850000";"7;9525570000"
202200034098;1;10;2022;14:00;1;74;1;1;2;1;"46;1558680000";"6;3467930000"
202200034099;2;10;2022;04:05;3;38;1;1;5;7;"45;1073710000";"5;7908890000"
202200034100;2;10;2022;15:50;1;07;1;1;1;1;"44;3308020000";"4;5417520000"
202200034101;30;9;2022;17:50;1;01;2;1;1;6;"46;2128380000";"5;1461900000"
202200034102;1;10;2022;19:30;5;33;2;1;1;1;"44;9863640000";" -0;6051490000"
202200034103;8;12;2022;14:20;1;78;2;1;1;2;"48;9873600000";"1;8991500000"
202200034104;2;10;2022;05:40;5;27;1;1;2;6;"48;9508660000";"0;9466910000"
202200034105;8;12;2022;07:45;2;78;2;1;9;7;"48;9594400000";"1;8714000000"
202200034106;7;12;2022;20:50;3;78;1;1;1;3;"48;9590700000";"1;9799300000"
202200034107;30;9;2022;21:35;5;13;1;1;1;2;"43;4010200000";"5;0433800000"
202200034108;8;12;2022;12:00;1;76;2;2;1;3;"49;4504100000";"1;0592100000"
202200034109;30;9;2022;07:24;1;13;1;1;1;4;"43;3029700000";"5;4254900000"
202200034110;7;12;2022;13:00;1;76;2;1;1;2;"49;5143400000";"0;0908500000"
202200034111;1;10;2022;13:45;1;91;1;1;1;4;"48;6234600000";"2;3831600000"
202200034112;7;12;2022;09:30;2;76;2;2;2;1;"49;5224000000";"0;1047000000"
202200034113;8;12;2022;07:00;5;74;1;1;1;5;"46;1745300000";"6;2122900000"
202200034114;1;10;2022;07:15;2;94;1;1;2;3;"48;7713715480";"2;3450994762"
202200034115;8;12;2022;22:00;5;69;2;2;2;3;"45;7666700000";"5;0036000000"
202200034116;30;9;2022;09:10;1;94;1;1;1;2;"48;7658449904";"2;3433884323"
202200034117;8;12;2022;16:30;2;69;2;1;8;3;"45;7666900000";"4;8949700000"
202200034118;1;10;2022;13:00;1;78;1;1;1;2;"48;9312300000";"1;9790040000"
202200034119;8;12;2022;19:25;5;69;2;3;1;6;"45;6001200000";"4;7695700000"
202200034120;1;10;2022;07:50;1;78;1;1;1;2;"48;8413700000";"2;1065700000"
202200034121;7;12;2022;23:15;3;66;1;1;1;2;"42;7262110000";"2;8783500000"
202200034122;1;10;2022;12:15;1;93;1;1;1;2;"48;9089274558";"2;4490592258"
202200034123;30;9;2022;09:15;1;95;1;1;1;3;"48;9624644368";"2;2663351893"
202200034124;7;12;2022;18:03;3;66;1;1;1;2;"42;7077400000";"2;8809610000"
202200034125;1;10;2022;03:15;3;94;1;1;2;2;"48;8302003380";"2;4957032202"
202200034126;2;12;2022;22:35;5;62;1;1;1;2;"50;4213860000";"2;7657240000"
202200034127;18;11;2022;15:00;1;61;2;9;1;6;"48;7271100000";" -0;0087000000"
202200034128;30;9;2022;20:30;3;94;1;9;1;2;"48;8506883120";"2;4907633364"
202200034129;8;12;2022;07:20;5;59;2;2;8;6;"50;6665700000";"3;0371000000"
202200034130;30;9;2022;18:00;1;94;1;1;1;2;"48;7864000000";"2;4404000000"
202200034131;7;12;2022;18:18;5;56;2;1;1;6;"47;6632900000";" -2;7560500000"
202200034132;8;12;2022;07:36;2;54;1;1;5;7;"49;2726100000";"5;9088400000"
202200034133;26;9;2022;16:50;1;94;1;1;1;4;"48;8412724993";"2;4930730317"
202200034134;30;9;2022;18:40;1;75;2;1;1;2;"48;8176140000";"2;3674690000"
202200034135;7;12;2022;17:55;5;54;2;4;8;1;"49;2119500000";"5;9777800000"
202200034136;30;9;2022;09:50;1;75;2;1;1;3;"48;8202730000";"2;3755600000"
202200034137;8;12;2022;17:30;5;51;2;1;1;4;"49;2490000000";"4;0153000000"
202200034138;30;9;2022;09:15;1;75;2;1;1;4;"48;9010950000";"2;3570020000"
202200034139;8;12;2022;08:55;1;51;2;1;1;3;"49;2627100000";"4;0276500000"
202200034140;29;9;2022;18:30;2;75;2;1;1;2;"48;8165810000";"2;3393900000"
202200034141;7;12;2022;05:50;3;50;2;1;1;3;"48;8438000000";" -1;5578000000"
202200034142;28;9;2022;14:35;1;75;2;1;1;2;"48;8593770000";"2;2628670000"
202200034143;29;9;2022;21:20;5;75;2;2;1;6;"48;8731510000";"2;2844650000"
202200034144;8;12;2022;08:25;3;50;1;1;4;5;"49;0589550000";" -1;4201550000"
202200034145;29;9;2022;03:08;5;75;2;3;1;6;"48;8725410000";"2;3785400000"
202200034146;30;9;2022;07:10;2;75;2;2;1;3;"48;8490568278";"2;4112442136"
202200034147;7;12;2022;16:59;1;49;1;1;1;6;"47;4677800000";" -0;5845700000"
202200034148;30;9;2022;06:30;5;75;2;1;1;6;"48;8801843513";"2;3927409947"
202200034149;7;12;2022;14:03;1;49;1;1;1;2;"47;4677800000";" -0;5845700000"
202200034150;30;9;2022;02:00;5;75;2;7;1;1;"48;8845951247";"2;2976472974"
202200034151;30;9;2022;22:10;5;75;2;2;2;3;"48;8602350000";"2;2810800000"
202200034152;7;12;2022;09:05;1;49;2;1;1;3;"47;4788000000";" -0;5520400000"
202200034153;30;9;2022;15:00;1;75;2;7;1;2;"48;8737256472";"2;2941336036"
202200034154;8;12;2022;19:42;5;47;2;1;2;6;"44;1983700000";"0;6207800000"
202200034155;30;9;2022;18:38;1;75;2;2;1;3;"48;8420245174";"2;3006245494"
202200034156;29;9;2022;16:10;1;75;2;1;8;7;"48;8269720000";"2;3082660000"
202200034157;8;12;2022;18:15;3;44;1;1;1;2;"47;2884200000";" -2;2434500000"
202200034158;30;9;2022;11:15;1;75;2;1;1;2;"48;8523810000";"2;3741730000"
202200034159;30;9;2022;07:30;2;75;2;2;1;3;"48;8816040000";"2;3657670000"
202200034160;29;9;2022;23:30;5;75;2;3;1;6;"48;8731787594";"2;3588392138"
202200034161;30;9;2022;19:25;2;75;2;1;1;2;"48;8759348954";"2;3457862437"
202200034162;8;12;2022;17:25;2;38;2;1;1;2;"45;1800400000";"5;6999300000"
202200034163;30;9;2022;20:30;5;75;2;2;1;2;"48;8686530000";"2;3037030000"
202200034164;8;12;2022;22:35;5;37;2;6;1;1;"47;3954400000";"0;6772700000"
202200034165;30;9;2022;16:00;1;75;2;2;1;3;"48;8625573662";"2;3103985190"
202200034166;30;9;2022;19:55;5;75;2;3;1;2;"48;8624656101";"2;3504385352"
202200034167;8;12;2022;18:45;5;37;2;2;1;1;"47;3685900000";"0;6795200000"
202200034168;30;9;2022;16:10;1;94;2;1;1;6;"48;8121700000";"2;3711900000"
202200034169;8;12;2022;08:20;2;37;1;1;8;2;"47;3702200000";"0;6546000000"
202200034170;30;9;2022;10:45;1;94;2;1;1;3;"48;7600000000";"2;3400000000"
202200034171;9;12;2022;00:50;5;35;2;4;1;3;"48;1018200000";" -1;6599840000"
202200034172;30;9;2022;07:40;1;94;2;6;1;3;"48;7741300000";"2;4387200000"
202200034173;6;12;2022;08:35;1;34;2;1;1;6;"43;3386100000";"3;2251700000"
202200034174;30;9;2022;16:10;1;94;2;1;1;6;"48;7619600000";"2;5267200000"
202200034175;6;12;2022;13:45;1;34;2;1;1;6;"43;3425900000";"3;2213500000"
202200034176;30;9;2022;08:45;1;93;2;3;1;3;"48;8588788513";"2;5309296702"
202200034177;30;9;2022;20:20;4;93;2;1;1;5;"48;8917176580";"2;4528432130"
202200034178;7;12;2022;07:10;5;33;2;1;1;3;"44;7852900000";" -0;6493200000"
202200034179;30;9;2022;10:52;1;93;2;3;1;3;"48;8877068301";"2;4637208351"
202200034180;30;9;2022;18:40;1;93;2;9;1;3;"48;8368713985";"2;5549559296"
202200034181;8;12;2022;18:00;5;33;2;6;1;3;"44;6535000000";" -1;1592000000"
202200034182;30;9;2022;18:50;2;93;2;1;1;3;"48;8538600000";"2;5325300000"
202200034183;30;9;2022;14:30;1;93;2;3;1;6;"48;8826800000";"2;5476900000"
202200034184;8;12;2022;17:50;2;31;1;1;2;4;"43;5593300000";"1;4144700000"
202200034185;29;9;2022;13:40;1;93;2;3;2;3;"48;9175837499";"2;4467238397"
202200034186;8;12;2022;14:35;1;31;2;1;1;7;"43;6075300000";"1;3970400000"
202200034187;30;9;2022;20:35;2;93;2;3;1;1;"48;8979478087";"2;4917075374"
202200034188;30;9;2022;21:15;5;93;2;6;1;2;"48;9514851617";"2;4862180744"
202200034189;7;12;2022;14:45;1;31;2;6;1;3;"43;5845700000";"1;3440700000"
202200034190;30;9;2022;11:30;1;93;2;1;1;1;"48;9534100000";"2;5026500000"
202200034191;23;9;2022;13:45;1;93;2;1;1;6;"48;9162353782";"2;3900440884"
202200034192;7;12;2022;09:05;1;29;2;1;1;3;"48;4114961533";" -4;4886481759"
202200034193;30;9;2022;09:00;1;92;2;3;1;3;"48;8197000000";"2;2934100000"
202200034194;7;12;2022;18:05;5;27;2;1;5;6;"49;2356800000";"1;1815700000"
202200034195;29;9;2022;20:10;5;92;2;2;1;3;"48;8237900000";"2;2831100000"
202200034196;29;9;2022;17:07;1;92;2;1;1;6;"48;8136779824";"2;3004979491"
202200034197;30;9;2022;04:40;5;92;2;1;1;6;"48;8549126113";"2;2227979749"
202200034198;8;12;2022;18:55;3;22;1;1;1;4;"48;5452630000";" -2;7966270000"
202200034199;29;9;2022;22:40;5;92;2;2;1;6;"48;8469240000";"2;2140710000"
202200034200;30;9;2022;18:45;2;92;2;1;1;6;"48;8298602375";"2;2306752205"
202200034201;7;12;2022;16:50;1;22;2;1;2;3;"48;5272500000";" -2;7385100000"
202200034202;30;9;2022;08:35;1;92;2;2;1;7;"48;8402300000";"2;2338300000"
202200034203;30;9;2022;16:45;1;91;2;1;1;3;"48;7329110000";"2;3177660000"
202200034204;8;12;2022;12:30;1;22;1;3;1;3;"48;7402730000";" -3;4674910000"
202200034205;1;10;2022;16:30;1;35;1;3;1;2;"47;6787623281";" -2;0838591456"
202200034206;7;12;2022;17:45;5;15;1;9;1;3;"44;8952500000";"2;3983800000"
202200034207;8;12;2022;10:20;1;13;2;1;1;1;"43;3359600000";"5;3542300000"
202200034208;30;9;2022;16:30;1;76;1;1;1;6;"49;5309600000";"1;2075520000"
202200034209;1;10;2022;02:37;3;83;1;1;1;6;"43;1535187048";"6;0400462827"
202200034210;5;12;2022;17:48;5;10;2;1;1;7;"48;2638200000";"4;0388600000"
202200034211;28;9;2022;12:30;1;11;1;1;1;6;"43;2163580000";"2;7842830000"
202200034212;30;9;2022;17:20;1;63;1;1;1;7;"46;0772890000";"2;8123440000"
202200034213;7;12;2022;18:10;5;09;2;9;1;2;"43;0973200000";"1;6333800000"
202200034214;25;9;2022;13:30;1;12;1;1;1;6;"44;1971050000";"2;5240450000"
202200034215;30;9;2022;14:30;1;34;1;1;1;6;"43;6105080000";"3;4611440000"
202200034216;8;12;2022;09:48;1;06;2;1;1;6;"43;7353000000";"7;2963700000"
202200034217;30;9;2022;20:45;5;69;2;4;1;1;"45;6790620000";"4;8262110000"
202200034218;7;12;2022;11:10;1;06;2;1;1;3;"43;7220800000";"7;2509200000"
202200034219;8;12;2022;08:00;1;06;2;1;1;1;"43;6560840000";"6;9173480000"
202200034220;8;12;2022;12:25;1;05;2;2;1;3;"44;5443700000";"6;0614800000"
202200034221;7;12;2022;17:19;2;04;2;1;1;4;"44;0836900000";"6;2205300000"
202200034222;9;12;2022;07:20;2;75;2;1;1;3;"48;8963280000";"2;3945690000"
202200034223;8;12;2022;19:45;5;75;2;4;1;3;"48;8271410000";"2;3910300000"
202200034224;8;12;2022;18:15;5;75;2;1;1;3;"48;8313440000";"2;4040780000"
202200034225;8;12;2022;23:15;5;75;2;2;1;3;"48;8819930000";"2;3204870000"
202200034226;9;12;2022;13:29;1;75;2;4;1;6;"48;8469320000";"2;3539420000"
202200034227;9;12;2022;12:40;1;75;2;7;1;3;"48;8896280000";"2;3962620000"
202200034228;9;12;2022;03:30;5;75;2;1;1;6;"48;8734080000";"2;3758070000"
202200034229;9;12;2022;16:45;5;75;2;4;1;3;"48;8902560000";"2;3330270000"
202200034230;9;12;2022;15:00;1;75;2;2;1;3;"48;9003900000";"2;3703900000"
202200034231;8;12;2022;21:35;5;75;2;1;1;3;"48;8921870000";"2;3085820000"
202200034232;9;12;2022;16:35;2;75;2;1;1;6;"48;8344870000";"2;3343560000"
202200034233;9;12;2022;15:00;1;75;2;1;1;3;"48;8294200000";"2;2749940000"
202200034234;9;12;2022;15:00;1;75;2;2;1;3;"48;8367690000";"2;3207430000"
202200034235;9;12;2022;00:50;5;75;2;2;1;3;"48;8490930000";"2;3947330000"
202200034236;9;12;2022;09:30;1;75;2;5;8;6;"48;8806240000";"2;3521640000"
202200034237;9;12;2022;11:25;1;75;2;5;1;3;"48;8731240000";"2;2970890000"
202200034238;9;12;2022;04:47;5;75;2;6;1;3;"48;8738140000";"2;2959390000"
202200034239;7;12;2022;21:14;5;75;2;3;1;3;"48;8493350000";"2;3665650000"
202200034240;9;12;2022;21:45;5;94;2;3;1;3;"48;8056400000";"2;3485300000"
202200034241;9;12;2022;12:30;1;94;2;2;1;6;"48;8145000000";"2;3610500000"
202200034242;8;12;2022;09:30;1;94;2;1;1;2;"48;7929600000";"2;3696100000"
202200034243;9;12;2022;06:00;3;95;2;1;1;1;"49;0264100000";"2;5363200000"
202200034244;9;12;2022;13:40;1;93;2;2;1;2;"48;8704000000";"2;4315300000"
202200034245;8;12;2022;13:20;1;93;2;1;1;6;"48;9142150000";"2;4807580000"
202200034246;9;12;2022;08:30;1;92;2;1;1;6;"48;9355819616";"2;3356316686"
202200034247;9;12;2022;21:00;3;92;2;3;1;3;"48;8737860000";"2;2217370000"
202200034248;9;12;2022;20:10;5;92;2;1;1;7;"48;8441942717";"2;2204672694"
202200034249;9;12;2022;09:10;1;92;2;1;1;3;"48;8432000000";"2;2208100000"
202200034250;9;12;2022;21:25;5;92;2;1;1;6;"48;8906647256";"2;2616875917"
202200034251;9;12;2022;13:36;1;92;2;1;1;6;"48;8853100000";"2;1956100000"
202200034252;9;12;2022;17:35;1;92;2;3;1;6;"48;8065816151";"2;2357427180"
202200034253;9;12;2022;20:10;5;92;2;4;1;3;"48;8873372865";"2;2527739406"
202200034254;9;12;2022;15:55;1;92;2;1;1;6;"48;8341800000";"2;2454000000"
202200034255;9;12;2022;13:10;1;92;2;9;1;4;"48;7392383910";"2;2992139757"
202200034256;15;7;2022;17:50;1;95;1;1;1;2;"49;0606200000";"2;3088600000"
202200034257;8;12;2022;15:30;1;92;2;2;1;3;"48;7841700000";"2;3144900000"
202200034258;18;7;2022;07:20;1;94;1;1;1;2;"48;8267111767";"2;5225882774"
202200034259;10;12;2022;00:45;3;76;1;1;4;6;"49;6258800000";"0;5188530000"
202200034260;17;7;2022;23:00;3;94;1;1;1;2;"48;8266944100";"2;4666901824"
202200034261;9;12;2022;20:35;3;47;1;1;8;6;"44;0999306144";"0;6552994334"
202200034262;10;4;2022;17:40;1;66;2;1;1;6;"42;6949300000";"2;8878200000"
202200034263;7;4;2022;16:31;1;66;2;3;1;3;"42;7046780369";"2;8884641826"
202200034264;9;12;2022;08:25;1;01;1;4;2;5;"45;9331620000";"4;9249970000"
202200034265;7;4;2022;19:56;2;66;2;1;1;6;"42;7067121231";"2;8861735761"
202200034266;6;12;2022;07:50;2;33;1;1;1;2;"44;5837830000";" -0;1276060000"
202200034267;6;4;2022;17:25;1;66;2;1;1;2;"42;6802335696";"2;8929367661"
202200034268;9;12;2022;18:05;4;69;1;1;2;1;"45;6586460000";"4;9228840000"
202200034269;12;4;2022;16:15;1;66;2;1;2;3;"42;6859024634";"2;9019540176"
202200034270;9;4;2022;01:55;5;66;2;1;1;6;"42;6951532119";"2;8583188355"
202200034271;9;12;2022;21:24;3;22;1;1;9;7;"48;2576840000";" -2;1661950000"
202200034272;17;7;2022;11:15;1;988;2;1;1;2;" -22;2256200000";"166;4808000000"
202200034273;17;7;2022;08:55;1;976;2;1;1;1;" -12;7692200000";"45;2240900000"
202200034274;8;12;2022;15:00;1;66;2;3;1;3;"42;7398350000";"2;9090691000"
202200034275;17;7;2022;07:20;1;976;2;1;1;6;" -12;8023800000";"45;2132800000"
202200034276;17;7;2022;07:00;2;974;1;1;1;1;" -20;8755100000";"55;4448900000"
202200034277;10;12;2022;19:20;3;76;1;4;1;5;"49;6427830000";"0;2556040000"
202200034278;15;7;2022;13:30;1;973;2;3;1;3;"4;9347200000";" -52;3117600000"
202200034279;10;12;2022;15:15;1;79;1;1;1;1;"46;7150690000";" -0;2146300000"
202200034280;17;7;2022;05:50;2;973;1;6;1;3;"4;8966100000";" -52;3285200000"
202200034281;9;12;2022;18:10;5;81;2;1;1;6;"43;4531680000";"2;0657940000"
202200034282;17;7;2022;12:49;1;69;2;9;1;3;"45;7302819877";"4;8557960987"
202200034283;16;7;2022;20:30;3;972;1;1;8;1;"14;6230200000";" -61;0389200000"
202200034284;9;12;2022;20:59;3;71;2;2;1;3;"46;6469980000";"5;1759150000"
202200034285;17;7;2022;05:01;2;69;2;1;1;7;"45;7293500000";"4;7946800000"
202200034286;9;12;2022;18:57;4;71;1;1;1;3;"46;8577480000";"4;6432470000"
202200034287;17;7;2022;17:57;1;2A;2;2;1;3;"41;9288500000";"8;7375200000"
202200034288;9;12;2022;19:30;3;12;1;1;1;6;"44;5647506965";"2;0740887522"
202200034289;17;7;2022;08:10;1;95;2;1;1;6;"48;9942969128";"2;4237111211"
202200034290;10;12;2022;12:15;1;46;1;1;1;6;"44;4381370000";"1;5605420000"
202200034291;16;7;2022;12:40;1;91;2;1;1;6;"48;7348600000";"2;2945400000"
202200034292;10;12;2022;18:30;3;47;2;3;1;5;"44;4896400000";"0;9497810000"
202200034293;17;7;2022;00:30;3;83;2;1;1;3;"43;1353180000";"5;9778900000"
202200034294;9;12;2022;18:00;5;35;2;3;1;6;"48;1664706409";" -2;0668378472"
202200034295;17;7;2022;17:50;1;83;1;1;1;6;"43;5016318321";"6;7939603329"
202200034296;9;12;2022;17:35;5;38;2;1;2;6;"45;2059060000";"5;7717790000"
202200034297;17;7;2022;11:00;1;64;2;1;1;1;"43;4923800000";" -1;4743500000"
202200034298;10;12;2022;15:13;1;02;1;3;5;3;"49;6406220000";"3;6836810000"
202200034299;17;7;2022;18:50;1;62;2;1;1;6;"50;9626710000";"1;8331360000"
202200034300;9;12;2022;17:30;2;01;1;1;1;2;"46;1137800000";"4;9248790000"
202200034301;11;7;2022;07:30;1;62;2;4;7;3;"50;9463100000";"1;8417700000"
202200034302;10;12;2022;02:45;3;26;1;1;2;6;"44;8030300000";"4;8184560000"
202200034303;15;7;2022;18:20;1;60;2;1;1;2;"49;4253800000";"2;1031800000"
202200034304;10;12;2022;00:45;3;14;1;1;5;6;"49;0955220000";"0;2004250000"
202200034305;16;7;2022;10:10;1;59;2;1;1;6;"51;0068320000";"2;1153130000"
202200034306;22;11;2022;15:30;1;16;1;1;1;4;"45;3726040000";" -0;0949640000"
202200034307;17;7;2022;10:50;1;56;1;2;1;3;"47;8106330000";" -3;2523535000"
202200034308;10;12;2022;14:25;1;04;1;1;1;1;"43;7490000000";"6;0853900000"
202200034309;16;7;2022;13:00;1;46;1;3;1;1;"44;4686060000";"1;4439600000"
202200034310;10;12;2022;19:10;3;85;1;1;9;3;"47;0088490000";" -1;2037619000"
202200034311;16;7;2022;22:10;5;37;2;1;1;1;"47;3953860910";"0;6936836243"
202200034312;9;12;2022;19:15;3;30;1;1;1;1;"44;2457220000";"4;2175970000"
202200034313;16;7;2022;16:35;1;37;2;1;1;3;"47;3901494044";"0;6896603107"
202200034314;9;12;2022;15:35;1;53;1;1;1;3;"47;9256940000";" -0;4868420000"
202200034315;10;12;2022;08:30;1;77;1;1;1;-1;"48;4780350000";"2;8642300000"
202200034316;17;7;2022;22:10;5;33;2;4;1;3;"44;8537600000";" -0;5538900000"
202200034317;9;12;2022;21:30;5;978;2;1;1;6;"18;0994160000";" -63;0610300000"
202200034318;17;7;2022;19:10;1;33;2;3;1;3;"44;8077800000";" -0;5384900000"
202200034319;10;12;2022;03:15;3;69;1;1;4;5;"46;0695240000";"4;7405150000"
202200034320;9;12;2022;12:30;1;987;2;1;1;1;" -17;6958710000";" -149;5480120000"
202200034321;17;7;2022;03:30;5;33;2;6;1;3;"44;8661555851";" -0;5751031637"
202200034322;17;7;2022;14:30;1;29;2;1;1;6;"48;0314800000";" -4;0216100000"
202200034323;10;12;2022;05:25;3;77;1;1;1;2;"49;0615960000";"2;7043430000"
202200034324;8;12;2022;20:30;3;66;1;1;1;2;"42;8015571000";"2;9102400000"
202200034325;17;7;2022;17:40;1;29;1;1;1;1;"47;8602500000";" -3;8827900000"
202200034326;9;12;2022;23:30;5;83;1;1;5;6;"43;2700660000";"6;5732840000"
202200034327;17;7;2022;18:45;1;29;1;1;1;6;"48;3951780000";" -4;4369811000"
202200034328;17;7;2022;15:55;1;27;1;1;7;7;"49;0570000000";"1;1747700000"
202200034329;10;12;2022;09:25;1;69;1;1;8;1;"46;1315775694";"4;4896209240"
202200034330;17;7;2022;17:35;1;22;1;1;1;1;"48;4743300000";" -2;7211600000"
202200034331;10;12;2022;13:00;1;69;1;9;8;3;"45;9294760000";"4;7261220000"
202200034332;17;7;2022;18:55;1;17;2;1;1;1;"45;7497600000";" -0;6611220000"
202200034333;9;12;2022;17:50;3;44;1;1;1;1;"47;2899130000";" -1;4670500000"
202200034334;11;7;2022;21:35;2;13;2;1;1;3;"43;4062200000";"5;3309000000"
202200034335;9;12;2022;18:00;3;83;1;1;1;2;"43;1199990000";"5;8527730000"
202200034336;17;7;2022;21:20;2;13;2;1;1;3;"43;2990000000";"5;3856800000"
202200034337;8;12;2022;10:56;1;83;1;1;1;4;"43;1393900000";"6;0394500000"
202200034338;17;7;2022;18:17;1;06;2;1;1;3;"43;6718300000";"7;2022100000"
202200034339;3;12;2022;04:00;3;69;1;1;2;2;"45;6435581112";"4;8287916186"
202200034340;17;7;2022;17:05;1;06;2;1;1;6;"43;6673300000";"7;2112400000"
202200034341;9;12;2022;18:55;5;33;1;1;1;4;"44;7720900000";" -0;5553500000"
202200034342;16;7;2022;21:20;2;06;2;1;1;3;"43;6513590000";"6;9200960000"
202200034343;9;12;2022;09:24;1;33;1;1;1;6;"44;7525610000";" -0;5426770000"
202200034344;17;7;2022;20:00;1;01;2;1;1;2;"46;1995200000";"5;2403900000"
202200034345;9;12;2022;16:40;1;94;1;1;1;2;"48;7602123240";"2;3386485204"
202200034346;17;7;2022;18:55;1;75;2;4;1;3;"48;8646090000";"2;4059840000"
202200034347;9;12;2022;13:15;1;91;1;1;1;2;"48;7256700000";"2;3132300000"
202200034348;17;7;2022;08:35;1;75;2;3;1;3;"48;8888360000";"2;3788760000"
202200034349;8;12;2022;17:40;3;92;1;1;1;3;"48;9144637029";"2;2196128364"
202200034350;17;7;2022;12:31;1;75;2;5;1;6;"48;8924080000";"2;3449890000"
202200034351;8;12;2022;12:00;1;92;1;1;1;4;"48;9021124949";"2;2035747170"
202200034352;16;7;2022;22:40;5;75;2;2;1;3;"48;8650120000";"2;3002980000"
202200034353;16;7;2022;21:30;1;75;2;1;1;6;"48;8617410000";"2;3220130000"
202200034354;9;12;2022;16:50;5;93;1;1;1;3;"48;9127345676";"2;4368072152"
202200034355;17;7;2022;19:45;1;75;2;3;1;6;"48;8574970000";"2;3514430000"
202200034356;9;12;2022;08:15;1;93;1;1;1;5;"48;9412974054";"2;4273910890"
202200034357;17;7;2022;11:05;1;75;2;2;1;3;"48;8688870000";"2;3385550000"
202200034358;8;12;2022;14:50;1;93;1;1;1;4;"48;9307400000";"2;4810600000"
202200034359;17;7;2022;21:30;1;94;2;1;1;3;"48;7695200000";"2;3583200000"
202200034360;9;12;2022;17:50;5;94;1;1;1;2;"48;8189068730";"2;4080615714"
202200034361;9;12;2022;02:35;3;94;1;1;1;2;"48;8262853871";"2;3912874623"
202200034362;17;7;2022;12:35;1;94;2;1;1;2;"48;7502763494";"2;3889797821"
202200034363;7;12;2022;11:25;1;82;1;1;1;6;"44;0535000000";"1;1585200000"
202200034364;17;7;2022;22:45;5;93;2;3;1;1;"48;9022600000";"2;3305700000"
202200034365;5;12;2022;08:45;1;76;2;2;1;6;"49;4974800000";"0;1093800000"
202200034366;17;7;2022;18:00;1;93;2;1;1;6;"48;8660939457";"2;4548931420"
202200034367;5;12;2022;10:09;1;63;2;1;1;6;"45;7636400000";"3;1275300000"
202200034368;17;7;2022;02:35;5;92;2;1;1;2;"48;9027900000";"2;3064500000"
202200034369;5;12;2022;15:55;1;29;2;6;1;6;"48;3916400000";" -4;4804900000"
202200034370;17;7;2022;21:27;2;92;2;1;1;7;"48;7316500000";"2;3048200000"
202200034371;2;7;2022;18:50;1;33;1;3;1;3;"45;0788580000";" -0;2057040000"
202200034372;15;7;2022;20:20;1;17;1;1;1;7;"45;6304550000";" -0;7794500000"
202200034373;16;7;2022;14:00;1;57;1;3;1;3;"48;8260029549";"6;7270916879"
202200034374;6;12;2022;16:17;1;27;2;1;8;6;"49;0239000000";"1;1442800000"
202200034375;18;7;2022;03:35;3;28;1;1;1;7;"48;4796350000";"1;6358260000"
202200034376;7;12;2022;20:00;3;974;2;1;1;3;" -21;3476000000";"55;5004800000"
202200034377;18;7;2022;09:05;1;28;1;9;1;3;"48;4720250000";"1;5985110000"
202200034378;7;12;2022;12:30;1;974;2;1;1;1;" -21;3600000000";"55;5252700000"
202200034379;17;7;2022;12:32;1;63;1;1;1;6;"45;7259543859";"2;8954859376"
202200034380;7;12;2022;13:25;1;974;2;1;1;6;" -20;8850600000";"55;4521900000"
202200034381;15;7;2022;17:25;1;28;1;1;1;3;"48;4364690000";"1;4200580000"
202200034382;7;12;2022;08:00;1;974;2;1;1;1;" -20;9032500000";"55;4781200000"
202200034383;18;7;2022;01:26;5;974;2;1;1;6;" -21;2810870000";"55;4322800000"
202200034384;17;7;2022;19:45;1;44;1;1;7;7;"47;4436200000";" -2;0817200000"
202200034385;7;12;2022;06:15;1;973;2;1;1;7;"4;9095800000";" -52;3216300000"
202200034386;7;12;2022;00:35;5;973;1;1;8;7;"4;9221500000";" -52;3297500000"
202200034387;18;7;2022;12:55;1;56;1;3;1;3;"47;8059130000";" -3;4582630000"
202200034388;7;12;2022;19:30;5;69;2;2;8;6;"45;7436300000";"4;8472500000"
202200034389;17;7;2022;22:00;5;67;1;2;1;3;"48;1931920000";"7;5664100000"
202200034390;7;12;2022;19:20;5;972;1;1;1;4;"14;6184500000";" -61;0210100000"
202200034391;17;7;2022;11:45;1;76;1;1;1;1;"49;6362700000";"1;1730400000"
202200034392;7;12;2022;13:05;1;69;2;1;1;6;"45;7562300000";"4;8357800000"
202200034393;17;7;2022;23:30;3;80;1;1;1;6;"49;9241270000";"2;3801330000"