Accident_Id;jour;mois;an;hrmn;lum;dep;agg;int;atm;col;lat;long
202200034394;7;12;2022;11:40;1;69;2;2;8;3;"45;7649439185";"4;7723114491"
202200034395;7;12;2022;11:10;1;2A;2;6;1;3;"41;9295900000";"8;7615200000"
202200034396;18;7;2022;04:30;5;89;2;2;1;3;"47;5274090000";"3;5414920000"
202200034397;7;12;2022;10:00;1;95;2;2;1;3;"49;0117765817";"2;3049482703"
202200034398;16;7;2022;16:10;1;61;1;1;1;2;"48;4960760000";"0;5185940000"
202200034399;7;12;2022;15:30;1;89;1;1;8;1;"48;1724000000";"3;2807800000"
202200034400;8;7;2022;14:45;1;49;1;1;1;1;"47;5867730000";" -0;5534360000"
202200034401;6;12;2022;14:39;1;87;2;2;1;3;"45;8235400000";"1;2512400000"
202200034402;17;7;2022;18:15;1;42;1;1;1;3;"46;1650010000";"4;3349860000"
202200034403;7;12;2022;07:50;2;83;1;2;1;3;"43;1422100000";"6;0059500000"
202200034404;17;7;2022;22:30;5;34;2;1;1;6;"43;5936731037";"3;1141720712"
202200034405;17;7;2022;06:05;2;39;2;1;1;6;"46;3819910000";"5;8564750000"
202200034406;17;7;2022;00:25;3;25;1;1;1;6;"47;1607060000";"6;4193200000"
202200034407;6;12;2022;10:45;1;73;2;1;1;3;"45;5690500000";"5;9309700000"
202200034408;14;7;2022;08:20;1;29;1;1;1;5;"48;0457262163";" -4;4940626620"
202200034409;5;12;2022;12:35;1;71;2;3;1;3;"46;3110300000";"4;8269700000"
202200034410;15;7;2022;16:00;1;15;1;1;1;7;"45;0769070000";"2;7261220000"
202200034411;7;12;2022;10:25;1;69;2;1;2;6;"45;7853900000";"4;8632900000"
202200034412;6;12;2022;17:07;5;67;2;1;1;6;"48;6004800000";"7;7803500000"
202200034413;14;7;2022;18:55;1;70;2;3;7;1;"47;6035700000";"6;7690960000"
202200034414;6;12;2022;06:40;5;67;2;2;1;3;"48;5770900000";"7;7281100000"
202200034415;18;7;2022;14:25;1;26;1;1;1;5;"44;8639910000";"4;8581030000"
202200034416;7;12;2022;18:00;5;65;2;6;1;3;"43;2239200000";"0;0940100000"
202200034417;7;12;2022;09:30;1;64;2;1;8;7;"43;4866400000";" -1;4842400000"
202200034418;17;7;2022;20:40;1;66;1;1;1;1;"42;5586111000";"1;7671470000"
202200034419;16;7;2022;04:05;3;06;1;1;1;7;"43;9595440000";"7;2798660000"
202200034420;6;12;2022;08:52;1;63;2;2;1;1;"45;7769300000";"3;1178300000"
202200034421;17;7;2022;16:30;1;05;1;1;1;1;"44;5735030000";"6;1724280000"
202200034422;4;12;2022;12:32;1;63;2;2;2;3;"45;7735900000";"3;0900100000"
202200034423;18;7;2022;14:45;1;50;1;2;1;3;"49;4118390000";" -1;4133950000"
202200034424;4;12;2022;19:10;3;62;1;1;8;1;"50;4567420000";"2;8838270000"
202200034425;7;12;2022;12:40;1;59;2;1;8;6;"50;6222000000";"3;0536900000"
202200034426;18;7;2022;11:31;1;60;2;2;1;3;"49;3002180000";"2;6044940000"
202200034427;6;12;2022;13:40;1;59;1;1;1;7;"50;6644374898";"2;8737367093"
202200034428;17;7;2022;18:30;1;60;1;1;1;6;"49;5158680000";"2;9219220000"
202200034429;3;12;2022;15:45;1;56;1;1;1;2;"47;6629070000";" -2;7899400000"
202200034430;12;7;2022;10:25;1;64;1;9;1;6;"43;0553580000";" -0;5968240000"
202200034431;6;12;2022;12:50;1;54;2;3;1;6;"48;6635489978";"6;1846321821"
202200034432;17;7;2022;20:05;1;43;2;1;1;6;"45;3144230000";"4;1194390000"
202200034433;17;7;2022;11:35;1;36;2;3;7;3;"47;0826490000";"2;0461470000"
202200034434;7;12;2022;21:10;5;51;2;2;1;3;"49;2638600000";"4;0179700000"
202200034435;17;7;2022;13:35;1;07;1;1;1;7;"44;7937520000";"4;2905370000"
202200034436;13;7;2022;11:30;1;53;2;1;1;6;"48;2879400000";" -0;6218970000"
202200034437;7;12;2022;15:20;1;51;2;3;1;3;"49;2598000000";"4;0364100000"
202200034438;17;7;2022;15:50;1;21;1;1;1;6;"47;0990220000";"4;5967480000"
202200034439;18;7;2022;00:40;5;24;2;1;1;6;"44;8497270000";"0;4137010000"
202200034440;6;12;2022;15:35;1;49;1;1;1;4;"47;4692500000";" -0;6010600000"
202200034441;17;7;2022;08:48;1;27;2;1;1;6;"49;2943890000";"1;6087070000"
202200034442;7;12;2022;10:15;1;47;1;6;1;3;"44;1770856674";"0;6280245609"
202200034443;17;7;2022;22:45;4;27;1;2;1;3;"49;1409510000";"0;7679590000"
202200034444;7;12;2022;18:20;3;44;1;1;1;2;"47;2211900000";" -1;5116400000"
202200034445;17;7;2022;18:45;1;17;1;1;1;7;"46;1621850000";" -0;7682170000"
202200034446;7;12;2022;08:00;2;43;2;1;9;7;"45;0405900000";"3;8795100000"
202200034447;18;7;2022;11:10;1;37;1;1;1;1;"47;0736510000";"0;9183350000"
202200034448;7;12;2022;15:00;1;42;2;2;2;3;"45;3960066019";"4;3220225724"
202200034449;4;7;2022;05:10;2;08;2;1;1;6;"49;4781170000";"4;8536150000"
202200034450;17;7;2022;04:15;3;19;1;1;1;6;"45;3164827077";"1;7253058789"
202200034451;7;12;2022;05:15;5;42;2;2;1;3;"45;3880700000";"4;2857100000"
202200034452;7;12;2022;12:00;1;37;2;1;1;6;"47;4047800000";"0;6844600000"
202200034453;16;7;2022;07:15;1;10;1;1;1;2;"48;1558350000";"4;6031550000"
202200034454;7;12;2022;10:10;1;37;2;1;1;2;"47;3883800000";"0;6767000000"
202200034455;16;7;2022;01:00;3;31;1;1;1;2;"43;3921420000";"1;2861730000"
202200034456;6;12;2022;11:45;1;37;2;1;1;6;"47;4272400000";"0;7017300000"
202200034457;17;7;2022;11:15;1;69;2;9;1;3;"45;7519003634";"4;7704179546"
202200034458;6;12;2022;08:15;2;33;2;3;1;3;"44;8206600000";" -0;5318900000"
202200034459;7;12;2022;09:10;1;22;2;1;1;2;"48;5516880042";" -2;8010335565"
202200034460;17;7;2022;17:10;1;13;1;1;1;6;"43;4829280000";"5;5413580000"
202200034461;6;12;2022;10:25;1;15;2;1;7;6;"44;9032100000";"2;4564400000"
202200034462;18;7;2022;15:15;1;06;1;1;1;5;"43;6714570000";"7;2016350000"
202200034463;7;12;2022;21:00;5;13;2;1;1;3;"43;2773600000";"5;3891500000"
202200034464;17;7;2022;17:00;1;51;1;1;1;7;"49;0354200000";"4;6089790000"
202200034465;6;12;2022;18:35;5;10;2;1;1;6;"48;2812300000";"4;0617200000"
202200034466;18;7;2022;07:20;1;91;1;1;1;2;"48;5396390000";"2;2101400000"
202200034467;6;12;2022;17:14;5;10;2;2;1;1;"48;3180900000";"4;1040900000"
202200034468;17;7;2022;11:05;1;973;1;1;1;1;"5;1384760000";" -52;8267290000"
202200034469;12;7;2022;16:50;1;971;1;1;1;3;"16;2294160000";" -61;5919730000"
202200034470;6;12;2022;15:32;1;10;2;3;1;3;"48;2971000000";"4;1265800000"
202200034471;15;7;2022;22:50;5;77;2;1;1;7;"49;0728890000";"2;7935050000"
202200034472;8;12;2022;07:53;2;75;2;1;1;2;"48;8440890000";"2;2546860000"
202200034473;17;7;2022;18:30;1;95;2;1;1;7;"49;1658720000";"1;9982030000"
202200034474;16;7;2022;08:20;1;66;1;1;1;6;"42;5460620000";"2;9361180000"
202200034475;18;7;2022;11:10;1;83;1;1;1;1;"43;5928559379";"5;7490682602"
202200034476;18;7;2022;08:30;1;26;1;1;1;2;"45;0812685117";"4;8746895790"
202200034477;15;7;2022;18:15;1;26;1;1;1;4;"44;8776470000";"4;8650550000"
202200034478;18;7;2022;10:45;1;25;2;3;1;2;"47;5361160000";"6;8460970000"
202200034479;17;7;2022;13:00;1;89;1;9;1;2;"47;7888490000";"3;6708100000"
202200034480;17;7;2022;14:20;1;68;1;1;1;1;"47;8669330000";"7;1216300000"
202200034481;17;7;2022;13:15;1;68;1;1;1;7;"48;0101880000";"7;1806170000"
202200034482;17;7;2022;11:50;1;38;2;1;1;7;"45;3662560000";"4;9203090000"
202200034483;7;6;2022;11:20;5;26;1;1;9;7;"45;0039550000";"5;4237270000"
202200034484;17;7;2022;13:30;1;07;1;1;1;6;"44;3778910000";"4;6343960000"
202200034485;17;7;2022;20:00;2;69;1;1;1;6;"46;0300590000";"4;5232130000"
202200034486;17;7;2022;18:30;1;69;1;3;1;1;"45;8686610000";"4;6046020000"
202200034487;13;7;2022;10:55;1;09;2;6;1;3;"43;2327950000";"1;5819240000"
202200034488;18;7;2022;15:05;1;50;1;1;1;1;"49;0250270000";" -0;9050790000"
202200034489;17;7;2022;18:50;1;22;1;3;1;3;"48;4261930000";" -2;8937550000"
202200034490;14;7;2022;09:50;1;62;2;2;1;1;"50;3091870000";"2;9496250000"
202200034491;18;7;2022;15:15;1;59;1;2;7;3;"50;6185102067";"3;2334700227"
202200034492;15;7;2022;15:50;1;59;2;1;1;7;"50;4535130000";"3;0316450000"
202200034493;16;7;2022;05:45;2;13;1;4;1;2;"43;4295200000";"5;3923200000"
202200034494;17;7;2022;15:30;1;69;1;1;1;6;"45;7357000000";"4;9818200000"
202200034495;16;7;2022;21:50;3;38;1;1;1;1;"45;5406500000";"4;8567300000"
202200034496;15;7;2022;19:20;1;67;1;1;1;4;"48;5223600000";"7;6389500000"
202200034497;17;7;2022;17:40;1;92;1;9;1;6;"48;7604096936";"2;2918195149"
202200034498;17;7;2022;09:15;1;77;1;1;1;6;"48;5878200000";"2;6357500000"
202200034499;16;7;2022;21:30;2;91;1;1;1;7;"48;7445500000";"2;2222700000"
202200034500;16;7;2022;12:35;1;94;1;1;1;4;"48;7881406480";"2;3444425967"
202200034501;17;7;2022;12:30;1;93;1;1;1;4;"48;9110716414";"2;3579036645"
202200034502;17;7;2022;06:40;1;93;1;1;1;2;"48;8870977491";"2;4736544749"
202200034503;15;7;2022;12:40;1;38;2;1;1;6;"45;2010243372";"5;7055272734"
202200034504;16;7;2022;04:25;5;75;2;2;1;3;"48;8580300000";"2;3716320000"
202200034505;15;7;2022;16:05;1;76;2;3;1;6;"49;4414100000";"1;0943800000"
202200034506;15;7;2022;20:10;1;29;1;3;1;1;"47;9932100000";" -4;0351900000"
202200034507;20;1;2022;18:05;2;29;2;3;1;3;"47;8693590000";" -3;8829130000"
202200034508;12;7;2022;11:43;1;51;2;1;1;3;"49;0377647887";"3;9562133700"
202200034509;20;1;2022;18:30;2;29;2;2;1;3;"48;4031790000";" -4;5064110000"
202200034510;7;7;2022;20:15;1;67;1;1;1;3;"48;5360400000";"7;7106400000"
202200034511;16;7;2022;19:30;1;69;2;2;1;2;"45;7396300000";"4;8657900000"
202200034512;20;1;2022;17:45;5;27;2;1;1;3;"49;0214971308";"1;1274905204"
202200034513;16;7;2022;18:18;1;69;2;1;1;6;"45;7420000000";"4;8822100000"
202200034514;16;7;2022;13:35;1;972;1;1;2;5;"14;6181413000";" -61;0347686000"
202200034515;16;7;2022;10:50;1;83;2;1;1;6;"43;1768400000";"5;9256300000"
202200034516;5;1;2022;12:55;1;19;2;2;1;3;"45;1552153934";"1;5299921036"
202200034517;16;7;2022;09:35;1;83;2;1;1;6;"43;1185580000";"5;9411760000"
202200034518;18;1;2022;11:00;1;19;2;6;1;3;"45;1481678700";"1;4897418022"
202200034519;16;7;2022;00:05;5;78;2;1;1;1;"48;9881370000";"1;8970700000"
202200034520;20;1;2022;18:00;2;16;2;1;1;6;"45;6841374281";" -0;3036072850"
202200034521;16;7;2022;20:10;1;78;2;1;1;3;"49;0001410000";"2;0099550000"
202200034522;15;7;2022;20:47;1;77;2;3;1;3;"48;7935700000";"2;6083400000"
202200034523;20;1;2022;19:00;5;13;2;1;1;2;"43;3529800000";"5;3533100000"
202200034524;19;1;2022;16:00;1;13;2;1;1;2;"43;3382937378";"5;4838452170"
202200034525;16;7;2022;09:20;1;69;2;9;1;3;"45;6969600000";"4;8877700000"
202200034526;16;7;2022;02:25;5;64;2;1;1;6;"43;4369100000";" -1;5924400000"
202200034527;19;1;2022;16:25;1;13;2;3;1;6;"43;2986900000";"5;4012300000"
202200034528;16;7;2022;21:00;1;64;2;1;1;3;"43;4935900000";" -1;5016000000"
202200034529;16;7;2022;20:50;1;64;2;3;1;3;"43;4986800000";" -1;5430600000"
202200034530;19;1;2022;14:05;1;10;2;3;8;3;"48;3054000000";"4;0525000000"
202200034531;16;7;2022;15:34;1;64;2;1;1;7;"43;4894300000";" -1;5228600000"
202200034532;20;1;2022;16:26;1;06;2;2;1;6;"43;6779660000";"7;2287270000"
202200034533;1;3;2022;09:18;1;75;2;5;1;6;"48;8659698669";"2;3708555102"
202200034534;15;7;2022;23:35;3;62;1;1;1;6;"50;8553900000";"1;7297700000"
202200034535;20;1;2022;12:30;1;06;2;1;1;6;"43;6441350000";"6;9451770000"
202200034536;1;3;2022;00:40;5;75;2;2;1;3;"48;8577740625";"2;3709064722"
202200034537;16;7;2022;21:15;2;59;2;2;1;3;"50;7019600000";"3;1522900000"
202200034538;16;7;2022;20:30;1;51;2;1;1;7;"49;2388000000";"4;0213900000"
202200034539;1;3;2022;11:33;1;75;2;7;8;3;"48;8731787595";"2;3314914107"
202200034540;16;7;2022;10:50;1;50;1;1;1;6;"48;8282300000";" -1;5435000000"
202200034541;20;1;2022;14:45;1;06;2;1;1;3;"43;6546420000";"7;1514870000"
202200034542;1;3;2022;13:20;1;94;2;1;1;3;"48;8340700000";"2;4138000000"
202200034543;16;7;2022;23:23;3;49;2;1;1;2;"47;5016500000";" -0;6206400000"
202200034544;1;3;2022;13:15;1;94;2;2;1;3;"48;8488300000";"2;4549600000"
202200034545;16;7;2022;10:10;1;37;2;1;1;6;"47;3863900000";"0;7156100000"
202200034546;19;1;2022;14:40;1;75;2;1;1;5;"48;8359910000";"2;4120530000"
202200034547;1;3;2022;15:40;1;94;2;3;8;3;"48;7531400000";"2;4521500000"
202200034548;1;3;2022;08:25;1;94;2;1;1;3;"48;8074000000";"2;3345900000"
202200034549;15;7;2022;16:00;1;34;2;3;1;3;"43;4550400000";"3;7610800000"
202200034550;16;7;2022;12:30;1;33;2;6;1;7;"44;6467399453";" -1;1578398943"
202200034551;1;3;2022;20:00;3;94;2;2;1;3;"48;7801840000";"2;4377300000"
202200034552;16;7;2022;20:40;1;31;2;1;1;2;"43;5700738671";"1;4125531912"
202200034553;19;1;2022;22:45;5;75;2;7;2;3;"48;8665170000";"2;3648140000"
202200034554;16;7;2022;10:00;1;31;2;1;1;2;"43;6579600000";"1;4355700000"
202200034555;1;3;2022;19:55;5;93;2;5;1;3;"48;9575300000";"2;5451700000"
202200034556;15;7;2022;20:05;1;27;2;9;1;6;"49;0759474074";"1;4893716574"
202200034557;1;3;2022;15:04;1;93;2;1;8;6;"48;9446000000";"2;3541000000"
202200034558;16;7;2022;07:00;1;27;2;1;1;6;"49;2150500000";"1;1629600000"
202200034559;28;2;2022;11:25;1;93;2;1;1;6;"48;9379021445";"2;3609656887"
202200034560;17;7;2022;02:05;3;26;2;1;1;1;"44;5394410000";"4;7614860000"
202200034561;20;1;2022;07:45;2;75;2;2;1;3;"48;8649620000";"2;3955460000"
202200034562;7;7;2022;16:45;1;16;1;1;1;7;"45;6663300000";" -0;3027100000"
202200034563;27;2;2022;17:20;1;93;2;2;1;3;"48;9192400000";"2;3544700000"
202200034564;16;7;2022;12:50;1;13;2;1;1;1;"43;3115600000";"5;3785600000"
202200034565;20;1;2022;08:10;2;75;2;5;8;5;"48;8787980000";"2;4015410000"
202200034566;1;3;2022;18:20;1;93;2;1;1;6;"48;9035600000";"2;4775900000"
202200034567;16;7;2022;23:00;3;13;2;1;1;1;"43;4988800000";"4;9785300000"
202200034568;1;3;2022;10:20;1;92;2;1;8;6;"48;8214300000";"2;2983400000"
202200034569;20;1;2022;08:40;1;75;2;3;2;3;"48;8552350000";"2;2632620000"
202200034570;16;7;2022;21:15;1;13;2;1;1;3;"43;5917200000";"5;0032700000"
202200034571;1;3;2022;09:40;1;92;2;1;1;2;"48;8803874365";"2;2744134664"
202200034572;20;1;2022;07:55;2;75;2;3;1;3;"48;8789930000";"2;3024130000"
202200034573;16;7;2022;19:25;1;11;2;1;1;2;"43;2165200000";"2;3531200000"
202200034574;1;3;2022;07:45;1;92;2;4;1;6;"48;8992766629";"2;2934638560"
202200034575;16;7;2022;12:40;1;11;2;1;1;6;"43;2149200000";"2;3534000000"
202200034576;19;1;2022;11:35;1;75;2;1;1;6;"48;8214750000";"2;3339230000"
202200034577;16;7;2022;08:02;1;10;2;1;1;6;"48;2768240672";"4;0965378284"
202200034578;13;1;2022;03:40;5;75;2;7;1;7;"48;8382120000";"2;3174090000"
202200034579;1;3;2022;18:42;5;92;2;1;1;3;"48;9127700000";"2;3112000000"
202200034580;15;7;2022;11:40;1;09;1;1;1;7;"43;1377100000";"1;6133000000"
202200034581;20;1;2022;12:45;1;75;2;3;1;6;"48;8641810000";"2;3802410000"
202200034582;1;3;2022;17:05;1;92;2;3;1;6;"48;9068689646";"2;3025538623"
202200034583;16;7;2022;11:25;1;09;2;9;1;1;"42;9643650000";"1;6104120000"
202200034584;1;3;2022;16:40;1;92;2;1;1;6;"48;7571781972";"2;3027791679"
202200034585;16;7;2022;12:55;1;07;2;1;1;1;"44;7236900000";"4;6005500000"
202200034586;19;1;2022;22:23;5;75;2;2;2;3;"48;8566870000";"2;3792650000"
202200034587;2;3;2022;16:45;1;51;1;1;1;7;"48;6980894231";"4;6871066093"
202200034588;15;7;2022;10:12;1;04;2;1;1;6;"43;8202100000";"5;7947000000"
202200034589;20;1;2022;10:55;1;75;2;3;1;6;"48;8805620000";"2;3288150000"
202200034590;1;3;2022;08:25;1;974;2;1;7;6;" -21;2830330000";"55;5219030000"
202200034591;15;7;2022;23:30;5;75;2;1;1;3;"48;8509950000";"2;4152130000"
202200034592;1;3;2022;17:10;1;972;2;1;1;6;"14;6369980000";" -61;0977490000"
202200034593;15;7;2022;20:25;2;75;2;4;1;6;"48;8350050000";"2;2673580000"
202200034594;20;1;2022;16:00;1;75;2;3;8;3;"48;8754390000";"2;3239030000"
202200034595;1;3;2022;17:40;2;01;2;1;1;6;"46;3355400000";"6;0574120000"
202200034596;15;7;2022;00:50;5;75;2;1;1;6;"48;9008470000";"2;3344370000"
202200034597;20;1;2022;07:30;2;75;2;3;8;1;"48;8690350000";"2;3147690000"
202200034598;16;7;2022;00:05;5;75;2;7;1;3;"48;8442360000";"2;3647730000"
202200034599;20;1;2022;21:00;5;75;2;2;1;3;"48;8503640000";"2;3068050000"
202200034600;1;3;2022;08:15;1;59;1;1;1;4;"50;1980733129";"3;6397410494"
202200034601;26;8;2022;13:40;1;93;2;1;1;3;"48;9508210297";"2;3873479358"
202200034602;16;7;2022;15:10;1;75;2;1;1;3;"48;8897480000";"2;2997870000"
202200034603;20;1;2022;00:30;5;75;2;3;2;7;"48;8557390000";"2;3076510000"
202200034604;16;7;2022;20:50;1;75;2;1;1;6;"48;8313780000";"2;3622400000"
202200034605;1;3;2022;19:55;3;56;1;1;2;1;"47;5657840000";" -2;4345450000"
202200034606;16;7;2022;01:50;5;75;2;2;1;3;"48;8748050000";"2;3573900000"
202200034607;1;3;2022;16:15;1;82;2;1;1;6;"43;9145770000";"1;3791760000"
202200034608;26;8;2022;09:10;1;93;2;6;1;3;"48;9589600000";"2;3814500000"
202200034609;20;1;2022;01:16;5;94;2;9;2;6;"48;7745500000";"2;4899700000"
202200034610;2;3;2022;02:15;3;33;1;1;2;6;"45;1926230000";" -0;7708670000"
202200034611;26;8;2022;21:25;5;93;2;1;1;2;"48;9267168030";"2;3519831147"
202200034612;19;1;2022;20:13;5;94;2;2;2;5;"48;7377740000";"2;4080180000"
202200034613;26;8;2022;13:00;1;93;2;1;1;6;"48;9011292563";"2;4121751484"
202200034614;2;3;2022;12:30;1;89;2;1;1;6;"47;7935710000";"3;3659670000"
202200034615;20;1;2022;06:00;5;93;2;3;1;3;"48;9564300000";"2;3950000000"
202200034616;2;3;2022;01:00;3;61;1;6;1;6;"48;5464730000";"0;5740680000"
202200034617;25;8;2022;23:40;5;93;2;3;1;3;"48;9206839228";"2;4496296232"
202200034618;7;1;2022;18:10;3;92;2;1;2;3;"48;8359200000";"2;2219500000"
202200034619;25;8;2022;23:00;5;93;2;3;1;6;"48;9091094173";"2;4489979586"
202200034620;19;1;2022;17:55;2;92;2;1;1;3;"48;8735669916";"2;2015818357"
202200034621;25;2;2022;18:00;1;61;2;6;1;3;"48;7291460000";" -0;0392380000"
202200034622;15;2;2022;02:12;4;92;2;1;1;2;"48;8882512973";"2;2418635189"
202200034623;26;8;2022;14:18;1;92;2;3;1;6;"48;8940855373";"2;2271025181"
202200034624;1;3;2022;12:00;1;46;2;3;1;3;"44;8557210000";"1;8773000000"
202200034625;17;1;2022;19:30;5;92;2;2;1;3;"48;9000274463";"2;3062225878"
202200034626;26;8;2022;06:40;1;92;2;3;1;3;"48;9208300000";"2;3177500000"
202200034627;20;1;2022;19:35;5;92;2;1;1;6;"48;7596226116";"2;3057997376"
202200034628;1;3;2022;20:15;3;47;1;1;1;1;"44;5740000000";"0;4549620000"
202200034629;14;1;2022;12:50;1;92;2;1;1;6;"48;7355390361";"2;3056540936"
202200034630;15;8;2022;20:30;1;92;2;3;1;3;"48;9211800000";"2;2951200000"
202200034631;2;3;2022;04:30;3;03;1;1;1;2;"46;2191580000";"3;7734600000"
202200034632;20;1;2022;15:00;1;35;1;1;1;3;"47;8998260000";" -1;4056170000"
202200034633;13;8;2022;19:15;1;92;2;1;1;6;"48;9365400000";"2;3038000000"
202200034634;2;3;2022;07:18;1;06;1;9;1;7;"43;7561860000";"7;4159000000"
202200034635;21;1;2022;13:50;1;01;1;2;1;1;"45;9212140000";"5;2339450000"
202200034636;11;8;2022;16:20;1;92;2;1;1;1;"48;9351900000";"2;2971600000"
202200034637;21;1;2022;06:00;1;988;1;1;1;7;" -20;6769600000";"164;4145900000"
202200034638;23;2;2022;11:50;1;14;1;3;1;3;"49;1861490000";"0;2994364000"
202200034639;18;1;2022;17:30;1;974;1;1;1;7;" -21;2451860000";"55;3173780000"
202200034640;10;8;2022;15:05;1;92;2;2;1;3;"48;9208600000";"2;3177100000"
202200034641;19;1;2022;15:30;1;66;2;1;1;3;"42;7248770000";"2;9368420000"
202200034642;1;3;2022;13:35;1;05;1;1;1;3;"44;5462270000";"5;9857460000"
202200034643;24;7;2022;16:30;1;92;2;1;1;2;"48;9266380000";"2;2941370000"
202200034644;20;1;2022;05:55;3;51;1;1;1;2;"49;1812550000";"4;2293930000"
202200034645;7;8;2022;16:07;1;92;2;2;1;3;"48;9331900000";"2;2941500000"
202200034646;20;1;2022;09:15;1;51;1;1;1;7;"48;9669350000";"3;7353300000"
202200034647;28;2;2022;17:53;1;64;2;1;1;2;"43;3818461649";" -1;3149261475"
202200034648;20;1;2022;17:45;5;2A;1;1;1;1;"41;9684540000";"8;7791240000"
202200034649;5;8;2022;17:45;1;92;2;3;1;3;"48;9337584734";"2;3133966922"
202200034650;20;1;2022;19:10;3;2B;1;1;1;7;"42;5189440000";"9;4676940000"
202200034651;2;3;2022;12:20;1;73;1;1;1;6;"45;6266401366";"6;4452665085"
202200034652;26;8;2022;14:30;1;92;2;1;1;6;"48;8389609290";"2;2400055528"
202200034653;20;1;2022;23:45;5;82;2;1;1;6;"43;9926620000";"1;5657770000"
202200034654;21;1;2022;09:50;1;65;1;1;4;6;"42;7872440000";"0;2413240000"
202200034655;21;1;2022;07:45;2;63;1;1;1;6;"45;9545730000";"3;2095530000"
202200034656;1;3;2022;15:40;1;18;1;3;1;4;"46;6847050000";"2;4647070000"
202200034657;27;8;2022;10:10;1;60;1;1;1;1;"49;4936500000";"2;0277500000"
202200034658;21;1;2022;16:07;1;61;2;1;1;6;"48;5129510000";" -0;4152600000"
202200034659;20;1;2022;22:50;3;49;1;1;1;7;"47;4300690000";" -0;1234510000"
202200034660;28;2;2022;15:50;1;85;1;1;1;3;"46;3662980000";" -0;5637790000"
202200034661;26;8;2022;18:25;1;86;1;1;1;1;"46;2671760000";"0;6975400000"
202200034662;20;1;2022;21:50;3;41;1;1;1;6;"47;4005640000";"1;4530530000"
202200034663;21;1;2022;06:55;2;68;2;2;1;2;"47;6198470000";"7;0227210000"
202200034664;27;8;2022;17:15;1;31;2;1;1;3;"43;4775100000";"1;2564010000"
202200034665;2;3;2022;16:10;1;49;1;2;1;3;"47;1275710000";" -1;0511360000"
202200034666;27;8;2022;17:45;1;63;1;1;1;6;"45;9930534550";"3;0220207572"
202200034667;9;1;2022;14:30;1;39;1;1;5;1;"46;5795180000";"6;0527720000"
202200034668;26;8;2022;13:00;1;76;1;2;1;7;"49;6550020000";"1;2723650000"
202200034669;21;1;2022;08:10;2;44;2;1;1;1;"47;2424420000";" -1;3424860000"
202200034670;28;2;2022;07:45;1;67;2;6;1;3;"48;6217190000";"7;6895820000"
202200034671;20;1;2022;19:00;5;35;2;6;1;2;"48;5495510000";" -1;7566590000"
202200034672;20;1;2022;10:10;1;35;1;1;7;7;"48;5385770000";" -1;9172400000"
202200034673;25;2;2022;08:50;1;86;1;1;1;2;"46;6337560000";"0;3521390000"
202200034674;20;1;2022;17:40;1;29;1;3;1;3;"48;4592410000";" -4;3644260000"
202200034675;29;5;2022;16:15;1;41;1;1;1;4;"47;7243140000";"1;4955140000"
202200034676;16;1;2022;06:00;3;29;1;1;1;7;"48;5993380000";" -4;5113420000"
202200034677;1;3;2022;21:42;3;38;1;1;1;6;"45;2406300000";"5;6597190000"
202200034678;21;1;2022;04:20;3;29;2;6;1;6;"47;8584240663";" -4;1590560973"
202200034679;15;8;2022;01:19;5;971;1;1;1;3;"15;9994300000";" -61;7015040000"
202200034680;24;2;2022;12:30;1;971;1;1;1;3;"16;3257820000";" -61;4768310000"
202200034681;21;1;2022;14:40;1;03;2;2;1;3;"46;4782150000";"2;8362110000"
202200034682;24;8;2022;06:30;2;84;1;1;1;2;"44;1868430000";"4;7487440000"
202200034683;21;1;2022;08:00;1;15;2;1;4;6;"45;2694750000";"2;6053450000"
202200034684;21;1;2022;10:35;1;72;2;9;1;6;"48;2288070000";"0;1347650000"
202200034685;27;8;2022;17:20;1;62;1;1;1;1;"50;2897250000";"3;0134180000"
202200034686;21;1;2022;16:52;1;64;1;1;2;7;"43;1346662012";" -0;9554886818"
202200034687;21;1;2022;01:00;3;73;1;1;1;3;"45;6304850000";"6;3447010000"
202200034688;27;8;2022;09:40;1;66;2;1;1;1;"42;7739350000";"2;9168430000"
202200034689;1;3;2022;08:45;1;83;2;6;1;2;"43;1834160000";"5;6914540000"
202200034690;21;1;2022;04:45;3;43;1;3;4;3;"45;1683210000";"4;2336420000"
202200034691;26;8;2022;18:15;1;79;1;1;1;1;"46;8083430000";" -0;0195260000"
202200034692;19;1;2022;01:40;3;16;1;9;1;2;"45;5450940000";" -0;0361560000"
202200034693;20;1;2022;18:20;5;27;2;1;1;6;"49;2960310000";"0;6633570000"
202200034694;27;8;2022;15:55;1;63;1;2;1;3;"45;5087680000";"3;5040160000"
202200034695;18;1;2022;16:40;1;17;2;9;1;6;"45;9412760000";" -0;5188200000"
202200034696;27;8;2022;16:00;1;55;1;1;1;6;"49;3704560000";"5;6349300000"
202200034697;2;3;2022;07:00;2;13;1;1;1;1;"43;8721788328";"4;9212528709"
202200034698;20;1;2022;18:15;3;72;1;1;1;2;"48;0043950000";"0;3062440000"
202200034699;25;8;2022;13:21;1;25;1;3;9;3;"47;2693070000";"5;8192080000"
202200034700;21;1;2022;12:43;1;38;1;1;1;3;"45;1151170000";"5;9989640000"
202200034701;27;2;2022;20:05;3;67;1;1;1;6;"48;3796182002";"7;6004576683"