Accident_Id;jour;mois;an;hrmn;lum;dep;agg;int;atm;col;lat;long
202200034702;17;1;2022;07:40;2;42;1;1;2;2;"45;8433080000";"4;1638400000"
202200034703;27;8;2022;07:30;1;38;1;1;1;7;"45;5344310000";"5;6080810000"
202200034704;2;3;2022;15:10;1;42;1;2;1;3;"45;5733430000";"4;0877480000"
202200034705;21;1;2022;15:08;1;72;1;1;1;6;"48;0285090000";" -0;0085400000"
202200034706;26;8;2022;17:30;1;02;1;2;1;3;"49;0275420000";"3;4094100000"
202200034707;21;1;2022;17:40;2;06;1;1;1;3;"43;7287940000";"7;2343900000"
202200034708;26;8;2022;23:45;3;02;1;1;1;2;"49;4492110000";"3;9676520000"
202200034709;22;2;2022;09:00;1;81;1;1;1;7;"43;9405200000";"1;9628250000"
202200034710;21;1;2022;04:40;3;86;1;1;1;2;"46;9566170000";"0;5493620000"
202200034711;26;8;2022;20:22;2;01;1;1;1;7;"46;1924060000";"5;5820420000"
202200034712;26;8;2022;20:25;1;58;1;1;1;6;"47;2687540000";"3;8191330000"
202200034713;26;8;2022;16:50;1;58;1;1;1;7;"46;8059750000";"3;8172230000"
202200034714;2;8;2022;15:00;1;58;2;1;1;7;"46;9289900000";"3;2611640000"
202200034715;20;1;2022;08:00;2;22;1;1;1;5;"48;5313204513";" -2;9295673631"
202200034716;19;2;2022;17:30;1;24;1;1;1;6;"44;9128970000";"0;6683420000"
202200034717;27;8;2022;15:50;1;05;2;3;1;3;"44;6750500000";"6;0715660000"
202200034718;21;1;2022;16:40;1;971;1;1;1;6;"16;2703490000";" -61;3740060000"
202200034719;26;8;2022;20:25;1;50;1;1;1;6;"49;0047890000";" -1;4887490000"
202200034720;21;1;2022;13:00;1;971;1;1;1;6;"16;3097190000";" -61;0715010000"
202200034721;26;8;2022;15:15;1;50;2;1;1;7;"49;3664100000";" -1;7693250000"
202200034722;26;2;2022;17:50;1;85;1;3;7;3;"46;9158200000";" -1;0470950000"
202200034723;20;1;2022;22:20;3;977;2;1;1;7;"17;9004030000";" -62;8254680000"
202200034724;26;8;2022;05:45;2;60;1;1;1;1;"49;1906230000";"2;3643140000"
202200034725;26;8;2022;19:10;1;18;1;1;1;6;"46;6992150000";"2;2014230000"
202200034726;18;1;2022;17:30;1;37;2;2;1;3;"47;4103896568";"0;9796714783"
202200034727;1;3;2022;08:30;1;13;1;1;1;2;"43;2868300000";"5;4348200000"
202200034728;20;1;2022;07:55;2;77;2;3;1;6;"49;0331800000";"2;6988440000"
202200034729;26;8;2022;16:00;1;36;1;1;1;3;"46;8387900000";"1;7325000000"
202200034730;21;1;2022;17:50;3;95;2;1;1;1;"49;0209600000";"2;3533700000"
202200034731;26;8;2022;20:50;3;24;1;1;1;6;"45;3212240000";"0;5643370000"
202200034732;18;1;2022;16:30;1;91;2;1;1;6;"48;5789360000";"2;2401040000"
202200034733;28;2;2022;14:00;1;83;1;1;1;3;"43;1408933526";"6;0015656948"
202200034734;26;8;2022;09:45;1;85;1;1;1;6;"46;8902980000";" -1;3875070000"
202200034735;20;1;2022;22:38;3;83;1;1;1;6;"43;4297360000";"6;1237140000"
202200034736;26;8;2022;17:40;1;28;2;1;1;2;"48;3257190000";"0;8064170000"
202200034737;21;1;2022;07:45;1;05;1;1;1;6;"44;6317110000";"6;6299270000"
202200034738;28;2;2022;19:10;3;69;1;1;1;4;"45;6905300000";"4;8457000000"
202200034739;27;8;2022;17:15;1;87;1;1;1;1;"45;7602780000";"0;9009430000"
202200034740;20;1;2022;15:45;1;89;1;1;1;2;"48;3333890000";"3;2119800000"
202200034741;27;8;2022;00:55;3;30;1;1;9;1;"43;9804900000";"3;9293450000"
202200034742;21;1;2022;11:20;1;71;2;1;1;3;"46;2524490000";"4;7905490000"
202200034743;27;8;2022;11:30;1;30;2;1;1;6;"43;8703340000";"4;2126990000"
202200034744;1;3;2022;19:20;5;33;1;1;1;2;"44;7887700000";" -0;6018800000"
202200034745;17;1;2022;19:30;5;67;2;6;1;1;"48;5231600000";"7;5045310000"
202200034746;26;8;2022;21:15;3;03;1;1;1;6;"46;5183130000";"2;5781040000"
202200034747;1;3;2022;14:45;1;33;1;1;1;4;"44;8731000000";" -0;5066700000"
202200034748;20;1;2022;08:30;1;57;2;1;1;1;"49;1867600000";"6;6989890000"
202200034749;26;8;2022;23:20;3;82;1;1;1;2;"44;1719975411";"1;5285701662"
202200034750;21;1;2022;08:20;2;26;2;3;1;6;"45;0704390000";"4;8470870000"
202200034751;26;8;2022;01:50;5;971;2;6;1;7;"16;2602870000";" -61;5883680000"
202200034752;21;1;2022;13:00;1;01;1;1;1;6;"46;1017260000";"5;1895380000"
202200034753;1;3;2022;19:20;3;91;1;1;1;2;"48;7120400000";"2;1830000000"
202200034754;25;8;2022;17:15;2;971;1;2;1;3;"16;1114720000";" -61;5738740000"
202200034755;20;1;2022;07:15;2;69;2;1;2;1;"45;6689450000";"5;0012250000"
202200034756;27;8;2022;08:20;1;13;1;1;1;6;"43;4891170000";"5;5548170000"
202200034757;21;1;2022;10:50;1;31;2;6;1;6;"43;4675460000";"1;3279990000"
202200034758;1;3;2022;07:10;2;91;1;1;8;2;"48;6794400000";"2;3337700000"
202200034759;26;8;2022;17:45;1;77;1;1;7;7;"48;5466710000";"2;7285580000"
202200034760;21;1;2022;01:55;3;33;1;1;1;6;"45;0002070000";" -0;6529190000"
202200034761;20;1;2022;09:00;1;29;2;1;1;6;"48;4530675480";" -4;2481327055"
202200034762;27;8;2022;05:10;3;30;1;1;1;7;"44;0660000000";"3;3864070000"
202200034763;28;2;2022;20:30;3;95;1;1;1;2;"49;0434052650";"2;5441181660"
202200034764;20;1;2022;19:10;5;22;2;1;1;6;"48;4419780000";" -2;0735300000"
202200034765;25;8;2022;16:45;1;06;2;1;1;3;"43;7244440000";"7;0896360000"
202200034766;21;1;2022;11:30;1;60;1;1;8;2;"49;1882670000";"2;2349020000"
202200034767;1;3;2022;07:00;2;94;1;1;1;4;"48;8319200000";"2;5319300000"
202200034768;26;8;2022;19:30;1;13;1;4;1;6;"43;4708840000";"4;7065820000"
202200034769;20;1;2022;17:10;1;13;1;1;1;2;"43;3601300000";"5;3619800000"
202200034770;19;1;2022;08:33;1;83;1;1;1;2;"43;1326560000";"5;9824690000"
202200034771;28;2;2022;17:15;1;77;1;1;1;3;"48;8322791340";"2;6562405846"
202200034772;26;8;2022;16:35;1;55;2;6;1;6;"48;7542900000";"5;5988160000"
202200034773;14;1;2022;18:00;3;69;1;1;1;5;"45;7780300000";"4;7810200000"
202200034774;23;8;2022;11:35;1;74;1;4;1;3;"46;0217080000";"6;9187850000"
202200034775;26;8;2022;18:20;1;69;1;1;1;1;"45;7752610000";"4;5884230000"
202200034776;28;2;2022;13:20;1;94;1;1;1;4;"48;8172000000";"2;4308000000"
202200034777;27;8;2022;15:30;1;79;1;1;7;7;"46;8952020000";" -0;4956190000"
202200034778;27;8;2022;08:30;1;85;1;6;1;7;"46;6495294524";" -1;5121811628"
202200034779;28;2;2022;13:00;1;60;2;1;1;7;"49;4275800000";"2;0829800000"
202200034780;20;1;2022;09:00;1;33;1;1;2;4;"44;7260800000";" -0;5272100000"
202200034781;20;1;2022;12:50;1;92;1;1;1;2;"48;9181389775";"2;2227648260"
202200034782;18;2;2022;08:05;1;92;2;2;1;6;"48;9243440000";"2;2996460000"
202200034783;27;8;2022;17:30;1;50;1;3;7;3;"48;9832240000";" -0;9542980000"
202200034784;19;1;2022;22:30;4;93;1;1;2;6;"48;9287700000";"2;4147500000"
202200034785;26;8;2022;23:20;3;29;1;1;1;6;"48;2235860000";" -4;5375250000"
202200034786;19;1;2022;23:55;5;92;1;1;2;6;"48;9492003801";"2;2806682438"
202200034787;28;2;2022;08:00;1;69;2;1;1;3;"45;7486700000";"4;8793400000"
202200034788;20;1;2022;09:20;1;94;1;1;1;2;"48;8205076244";"2;4018322324"
202200034789;28;2;2022;12:50;1;972;1;1;1;2;"14;6184750526";" -61;0211205485"
202200034790;26;8;2022;09:00;1;27;2;1;1;2;"49;0235780000";"1;3770510000"
202200034791;20;1;2022;08:00;1;77;1;1;1;2;"48;8332151948";"2;5944228581"
202200034792;27;8;2022;04:36;3;59;1;1;1;6;"50;6112156824";"3;1877812743"
202200034793;19;1;2022;00:15;3;77;1;1;1;2;"48;8319180000";"2;6627920000"
202200034794;23;8;2022;17:00;1;69;1;1;1;3;"45;6691196551";"4;8458611965"
202200034795;21;8;2022;18:00;1;42;1;9;1;2;"45;4041900000";"4;3754800000"
202200034796;18;1;2022;17:41;2;75;2;3;1;6;"48;8812960000";"2;3581400000"
202200034797;28;2;2022;00:05;5;972;1;1;2;6;"14;6134100000";" -61;0114900000"
202200034798;19;1;2022;20:35;5;75;2;2;2;6;"48;8645590000";"2;4072420000"
202200034799;26;8;2022;15:00;1;33;1;1;1;4;"44;8501770823";" -0;6675428152"
202200034800;19;1;2022;18:30;5;75;2;4;2;6;"48;8618538986";"2;2677487135"
202200034801;28;2;2022;06:20;5;91;2;1;1;6;"48;6932070000";"2;5425730000"
202200034802;26;8;2022;00:30;5;33;1;1;1;2;"44;8004000000";" -0;5353000000"
202200034803;18;1;2022;08:50;1;75;2;1;1;4;"48;8419800000";"2;2674710000"
202200034804;19;1;2022;12:00;1;75;2;1;1;3;"48;8539440000";"2;2895630000"
202200034805;26;8;2022;15:35;1;91;1;1;1;2;"48;6235000000";"2;3832400000"
202200034806;26;2;2022;10:20;1;91;2;3;1;7;"48;4334560000";"2;1820470000"
202200034807;19;1;2022;09:35;1;75;2;2;1;3;"48;8493710000";"2;2815700000"
202200034808;26;8;2022;10:55;1;91;1;1;1;4;"48;7386300000";"2;3182900000"
202200034809;19;1;2022;17:45;5;75;2;7;2;3;"48;8374310000";"2;3186360000"
202200034810;28;2;2022;13:55;1;85;2;6;1;6;"46;6678900000";" -1;4117900000"
202200034811;26;8;2022;10:15;1;91;1;1;1;5;"48;6979200000";"2;3143100000"
202200034812;19;1;2022;08:10;5;75;2;3;1;3;"48;8280030000";"2;3155050000"
202200034813;26;8;2022;17:00;1;93;1;1;1;6;"48;9657704770";"2;4759173748"
202200034814;19;1;2022;18:25;5;75;2;2;2;6;"48;8439650912";"2;4134892225"
202200034815;28;2;2022;09:10;1;83;2;1;1;3;"43;1313700000";"5;9050600000"
202200034816;19;1;2022;13:15;1;75;2;3;1;2;"48;8393960000";"2;3943610000"
202200034817;26;8;2022;17:00;1;77;1;1;1;2;"48;7590485567";"2;6156728365"
202200034818;19;1;2022;00:50;5;75;2;5;1;2;"48;8344109518";"2;4099487066"
202200034819;1;3;2022;00:13;5;78;2;2;1;3;"49;0102450000";"1;9038420000"
202200034820;26;8;2022;09:30;1;77;1;1;1;6;"48;7896103118";"2;6181025973"
202200034821;19;1;2022;08:50;1;75;2;5;1;6;"48;8748180000";"2;3573820000"
202200034822;19;1;2022;15:23;1;75;2;2;8;2;"48;8632210000";"2;3545620000"
202200034823;24;8;2022;08:51;1;988;2;3;1;4;" -22;2525232525";"166;4483910799"
202200034824;18;1;2022;19:05;5;94;2;1;1;3;"48;7878090000";"2;3760370000"
202200034825;16;1;2022;20:30;5;94;2;3;1;6;"48;7904100000";"2;3920300000"
202200034826;28;2;2022;19:45;4;76;2;1;1;2;"49;4349000000";"1;0738700000"
202200034827;17;1;2022;15:00;1;94;2;1;1;6;"48;7945944350";"2;4496550559"
202200034828;24;8;2022;17:25;2;974;1;9;1;4;" -21;3171000000";"55;4903000000"
202200034829;19;1;2022;13:50;1;93;1;9;8;2;"48;9636950669";"2;5588034450"
202200034830;26;2;2022;17:25;1;76;2;2;1;6;"49;5003800000";"0;1226100000"
202200034831;18;6;2022;04:45;3;83;1;1;1;6;"43;5640210000";"6;7092990000"
202200034832;22;8;2022;10:45;1;974;2;6;1;2;" -20;9003500000";"55;4837800000"
202200034833;19;1;2022;09:20;1;93;2;1;1;6;"48;8681875250";"2;4921160844"
202200034834;28;2;2022;16:35;1;71;2;1;1;1;"46;6762400000";"4;3734700000"
202200034835;18;6;2022;01:20;3;83;1;1;1;6;"43;6000350000";"6;6991280000"
202200034836;18;1;2022;10:20;1;93;2;2;1;6;"48;8862800000";"2;4071000000"
202200034837;25;8;2022;16:45;1;973;2;1;1;3;"4;9308200000";" -52;3055500000"
202200034838;18;6;2022;12:00;1;06;1;1;1;6;"43;9414560000";"7;0575770000"
202200034839;28;2;2022;18:25;5;69;2;1;1;6;"45;7765984628";"4;8747207775"
202200034840;25;8;2022;19:00;2;69;2;2;1;7;"45;7601500000";"4;8445200000"
202200034841;18;6;2022;08:09;1;06;2;1;1;7;"43;7101490000";"7;3306380000"
202200034842;19;1;2022;07:50;2;93;2;3;1;3;"48;9543000000";"2;3097100000"
202200034843;28;2;2022;08:20;1;69;2;1;1;7;"45;7760300000";"4;9959600000"
202200034844;25;8;2022;17:00;1;69;2;1;1;2;"45;7569900000";"4;8522600000"
202200034845;30;5;2022;09:15;1;67;2;1;1;7;"48;9850480000";"7;7603200000"
202200034846;23;2;2022;16:50;1;68;1;9;1;3;"48;0680048661";"7;3846433760"
202200034847;25;8;2022;09:15;1;69;2;1;1;2;"45;7730000000";"4;7912000000"
202200034848;19;1;2022;13:30;1;93;2;1;1;6;"48;8977800000";"2;5593300000"
202200034849;18;6;2022;05:20;2;74;2;1;1;1;"46;2217530000";"6;2944200000"
202200034850;25;8;2022;16:50;1;971;1;1;2;2;"16;2597200000";" -61;5083100000"
202200034851;27;2;2022;14:30;1;67;2;3;1;3;"48;5509991162";"7;6874712110"
202200034852;17;6;2022;23:15;4;42;2;1;1;6;"45;3898270000";"4;7453160000"
202200034853;25;8;2022;10:00;1;971;1;3;1;3;"16;2177300000";" -61;4305600000"
202200034854;25;2;2022;17:55;2;67;2;3;1;3;"48;5899900000";"7;7090700000"
202200034855;19;1;2022;17:55;5;93;2;1;2;6;"48;9407708735";"2;5005256405"
202200034856;25;8;2022;12:30;1;971;1;9;1;3;"16;2614900000";" -61;4991900000"
202200034857;18;6;2022;16:50;1;38;1;1;1;1;"45;2913050000";"5;7670230000"
202200034858;25;2;2022;07:30;1;67;2;3;1;3;"48;6035400000";"7;7764800000"
202200034859;23;8;2022;05:34;2;971;2;1;1;6;"16;2407400000";" -61;5339200000"
202200034860;16;6;2022;17:35;1;01;1;2;1;3;"45;8530760000";"5;1434250000"
202200034861;24;8;2022;08:49;1;87;2;1;1;3;"45;8469100000";"1;2586900000"
202200034862;25;2;2022;18:17;1;66;2;1;1;2;"42;6843000000";"2;8651900000"
202200034863;19;1;2022;17:05;2;93;2;6;2;6;"48;9279066104";"2;4907758465"
202200034864;17;6;2022;19:00;1;01;1;1;1;6;"46;1037980000";"5;5708190000"
202200034865;19;8;2022;18:30;1;84;2;1;1;3;"43;9393000000";"4;8213000000"
202200034866;25;2;2022;15:00;1;66;2;1;1;6;"42;6945700000";"2;8892200000"
202200034867;16;8;2022;19:25;1;84;2;1;1;3;"43;9348000000";"4;7987000000"
202200034868;26;2;2022;16:40;1;65;2;1;1;2;"43;2176480000";"0;0565660000"
202200034869;17;6;2022;08:00;1;01;1;3;1;5;"45;9844870000";"5;5904370000"
202200034870;24;8;2022;18:30;1;84;2;1;1;3;"43;9256780000";"4;8094100000"
202200034871;19;1;2022;21:46;5;93;2;1;2;3;"48;9087602979";"2;3975009546"
202200034872;24;8;2022;21:25;5;81;2;9;1;3;"44;0506700000";"2;1580800000"
202200034873;19;1;2022;14:04;1;92;2;1;1;6;"48;8149177056";"2;2965964079"
202200034874;27;2;2022;05:20;5;65;2;2;1;3;"43;2445000000";"0;0733500000"
202200034875;17;6;2022;19:15;1;69;1;1;1;7;"46;0156400000";"4;6556980000"
202200034876;19;1;2022;08:25;1;92;2;1;1;3;"48;8216841131";"2;2933038622"
202200034877;24;8;2022;09:25;1;80;2;1;1;3;"49;8778200000";"2;3400300000"
202200034878;19;1;2022;09:40;1;92;2;1;1;7;"48;8282080534";"2;2262358963"
202200034879;17;6;2022;16:25;1;85;1;1;1;1;"46;6820570000";" -1;5903510000"
202200034880;24;8;2022;21:00;1;78;2;1;1;6;"48;9726790000";"1;7087940000"
202200034881;19;1;2022;10:27;1;92;2;1;1;6;"48;8428350000";"2;2120030000"
202200034882;28;2;2022;16:30;1;64;2;1;1;2;"43;3849592911";" -1;6639217734"
202200034883;25;8;2022;15:45;1;71;2;1;1;3;"46;7633000000";"4;8425000000"
202200034884;19;1;2022;19:20;5;92;2;1;3;2;"48;8839493046";"2;2325762361"
202200034885;17;6;2022;13:20;1;61;1;1;7;1;"48;4971850000";"0;1217720000"
202200034886;19;1;2022;17:20;1;92;2;2;2;1;"48;8927453152";"2;1802926064"
202200034887;28;2;2022;08:35;1;64;2;1;1;7;"43;2939825133";" -0;3091245890"
202200034888;18;6;2022;16:30;1;60;2;1;7;7;"49;1063660357";"2;7863551676"
202200034889;19;1;2022;12:35;1;92;2;1;1;3;"48;8974804587";"2;2910234481"
202200034890;28;2;2022;07:45;1;64;2;1;1;6;"43;2795700000";" -0;3262000000"
202200034891;2;6;2022;14:30;1;60;2;1;1;6;"49;3672770000";"2;2146950000"
202200034892;25;8;2022;15:35;1;69;2;2;1;1;"45;7075800000";"4;9078000000"
202200034893;19;1;2022;21:00;5;92;2;1;2;3;"48;8224190000";"2;2669160000"
202200034894;28;2;2022;11:25;1;64;2;1;1;3;"43;5242300000";" -1;5047200000"
202200034895;18;6;2022;07:40;1;62;2;1;1;6;"50;5141980000";"1;6377270000"
202200034896;24;8;2022;10:30;1;67;2;3;1;6;"48;6323600000";"7;7680500000"
202200034897;19;1;2022;22:20;5;92;2;2;2;6;"48;8924859516";"2;2455392182"
202200034898;27;2;2022;10:42;1;63;2;1;2;6;"45;8056600000";"3;1260600000"
202200034899;19;1;2022;09:19;1;92;2;1;1;6;"48;9150200000";"2;2420650000"
202200034900;25;8;2022;17:30;1;64;2;1;1;2;"43;3325900000";" -0;4521900000"
202200034901;19;1;2022;11:20;1;92;2;1;1;6;"48;8091130055";"2;2726599723"
202200034902;25;2;2022;13:50;1;63;2;1;1;3;"45;7647900000";"3;1274600000"
202200034903;25;8;2022;14:50;1;64;2;1;1;6;"43;3213800000";" -0;3650500000"
202200034904;16;6;2022;17:23;1;33;1;1;1;4;"44;8710600000";" -0;6425220000"
202200034905;17;1;2022;18:25;3;74;2;1;1;6;"46;3338770000";"6;3899020000"
202200034906;26;2;2022;08:07;1;63;2;1;1;6;"45;8074100000";"3;1191900000"
202200034907;16;6;2022;06:00;1;59;1;1;1;2;"50;3194815546";"3;4211039543"
202200034908;19;1;2022;17:40;2;56;2;1;2;1;"47;6585440000";" -3;2060020000"
202200034909;26;2;2022;03:58;5;63;2;1;1;6;"45;7629673975";"3;0812466145"
202200034910;22;8;2022;21:25;5;63;2;2;1;3;"45;7641500000";"3;1259200000"
202200034911;17;6;2022;17:15;1;94;1;1;1;2;"48;7889285400";"2;3451101160"
202200034912;13;1;2022;17:30;1;56;1;3;1;2;"47;7058196600";" -2;5530552800"
202200034913;28;2;2022;08:40;1;59;2;1;1;4;"50;6938200000";"3;1735500000"
202200034914;23;8;2022;12:45;1;63;2;2;1;3;"45;7642272755";"3;1255728006"
202200034915;17;6;2022;14:50;1;91;1;1;1;6;"48;7140000000";"2;3080000000"
202200034916;28;2;2022;09:00;1;59;2;1;1;6;"50;6768880050";"3;1729753017"
202200034917;18;8;2022;00:50;5;62;2;1;1;6;"50;4087600000";"2;7640500000"
202200034918;19;1;2022;18:15;5;56;1;6;8;6;"47;6884270000";" -2;7507720000"
202200034919;26;2;2022;18:45;5;59;2;-1;1;6;"50;6390000000";"3;0701400000"
202200034920;21;7;2022;08:25;1;62;2;9;1;6;"50;4053400000";"2;7564400000"
202200034921;17;6;2022;12:44;1;94;1;1;1;4;"48;7547200943";"2;3463439041"
202200034922;20;1;2022;11:30;1;2B;2;1;1;3;"42;5585810000";"8;7574020000"
202200034923;21;8;2022;03:00;3;62;1;1;1;7;"50;9128400000";"1;9164500000"
202200034924;19;1;2022;19:03;3;82;1;1;2;6;"44;1049350000";"0;8785640000"
202200034925;27;2;2022;00:45;5;59;2;2;1;1;"50;6013766654";"3;0871689320"
202200034926;17;6;2022;07:30;1;92;1;1;1;3;"48;9435714245";"2;2874027342"
202200034927;25;8;2022;10:00;1;62;2;1;1;6;"50;9506430000";"1;8692530000"
202200034928;9;4;2022;20:30;2;13;2;1;1;6;"43;2846600000";"5;4842400000"
202200034929;18;1;2022;18:00;3;46;1;1;5;6;"44;8179480000";"1;7860460000"
202200034930;26;2;2022;15:53;1;56;1;1;1;3;"47;7410100000";" -3;4065700000"
202200034931;16;6;2022;17:25;1;95;1;1;1;2;"48;9950300000";"2;5160000000"
202200034932;25;8;2022;03:15;5;62;2;3;1;6;"50;7154310000";"1;6142170000"
202200034933;9;4;2022;14:30;1;13;2;1;1;3;"43;2868000000";"5;3869300000"
202200034934;16;1;2022;06:00;3;41;1;1;5;6;"47;2760120000";"1;8011140000"
202200034935;25;8;2022;11:45;1;62;1;1;1;1;"50;5440700000";"2;4602700000"
202200034936;21;2;2022;07:50;2;56;2;8;1;3;"47;7594720000";" -3;3463430000"
202200034937;16;6;2022;14:30;1;92;1;1;1;2;"48;9276402983";"2;3329517394"
202200034938;9;4;2022;11:00;1;13;2;1;1;1;"43;3039739175";"5;4162094560"
202200034939;25;8;2022;22:15;5;59;2;1;1;6;"50;6843230239";"3;2014685869"
202200034940;19;1;2022;16:15;1;39;1;1;8;6;"46;6656400000";"5;8060690000"
202200034941;27;2;2022;04:05;5;55;2;1;1;7;"49;1586990000";"5;3967990000"
202200034942;19;1;2022;13:50;1;25;1;1;8;6;"47;1167920000";"6;2680440000"
202200034943;9;4;2022;10:30;1;13;2;1;1;3;"43;3444417211";"5;3594264388"
202200034944;16;6;2022;13:50;1;93;1;1;1;7;"48;9344734983";"2;3976524226"
202200034945;18;1;2022;17:30;1;29;2;1;1;7;"47;8641590000";" -4;2344090000"
202200034946;25;8;2022;18:00;1;59;1;3;1;2;"50;5369898950";"3;0281281471"
202200034947;27;2;2022;04:15;5;54;2;1;1;1;"48;6790884125";"6;1730329692"
202200034948;20;1;2022;03:40;3;38;1;1;8;7;"45;3260220000";"5;0553850000"
202200034949;16;6;2022;12:05;1;93;1;1;1;3;"48;9058500000";"2;4723700000"
202200034950;9;4;2022;09:24;1;06;2;2;1;1;"43;7016700000";"7;2834900000"
202200034951;20;2;2022;11:26;1;52;2;1;1;7;"48;6415800000";"4;9491600000"
202200034952;25;8;2022;21:40;3;51;2;3;1;3;"49;2784200000";"4;0150500000"
202200034953;20;1;2022;13:00;1;38;2;2;1;2;"45;2560270000";"5;9057790000"
202200034954;17;6;2022;17:50;1;94;1;1;1;2;"48;8118278382";"2;4491292177"
202200034955;9;4;2022;20:57;5;06;2;1;1;3;"43;7628120000";"7;4789890000"
202200034956;28;2;2022;08:20;1;51;2;1;7;7;"49;2756400000";"4;0309700000"
202200034957;24;8;2022;08:15;1;50;1;6;1;3;"48;8040900000";" -1;5485000000"
202200034958;9;4;2022;07:30;2;75;2;4;2;7;"48;8672225880";"2;4132290483"
202200034959;18;1;2022;17:40;2;02;2;6;1;3;"49;3939060000";"3;3740100000"
202200034960;17;6;2022;16:40;1;94;1;1;1;3;"48;8520234289";"2;4897042795"
202200034961;26;2;2022;19:15;2;49;2;2;1;3;"47;2595200000";" -0;0787700000"
202200034962;20;1;2022;12:50;1;03;1;1;2;6;"46;1969510000";"3;7594270000"
202200034963;23;8;2022;16:00;1;50;2;6;1;3;"49;6364700000";" -1;5960000000"
202200034964;8;4;2022;01:00;5;75;2;2;1;3;"48;8387390000";"2;2697100000"
202200034965;19;1;2022;16:37;2;18;1;2;8;3;"47;2494310000";"2;9146520000"
202200034966;26;2;2022;11:00;1;49;2;1;1;6;"47;2743100000";" -0;0616300000"
202200034967;24;8;2022;13:29;1;49;2;1;1;6;"47;4749700000";" -0;5357800000"
202200034968;17;6;2022;14:20;1;93;1;1;1;4;"48;8352252713";"2;5747235643"
202200034969;20;1;2022;09:00;1;24;1;1;8;1;"45;2879310000";"0;8959010000"
202200034970;20;2;2022;22:15;3;49;1;1;2;6;"47;0132700000";" -0;8518400000"
202200034971;24;8;2022;08:00;1;48;1;1;1;3;"44;5285000000";"3;4484500000"
202200034972;20;1;2022;15:05;1;13;1;1;7;6;"43;5962590000";"5;4882610000"
202200034973;9;4;2022;18:14;1;75;2;7;1;6;"48;8630396710";"2;3880176246"
202200034974;20;1;2022;12:00;1;973;2;1;1;2;"4;8907500000";" -52;3045030000"
202200034975;17;6;2022;06:40;1;77;1;1;1;6;"48;8395179423";"2;6641993077"
202200034976;28;2;2022;17:30;1;47;2;6;1;3;"44;1951000000";"0;6126000000"
202200034977;24;8;2022;08:50;1;42;2;4;1;2;"46;0411900000";"4;0746500000"
202200034978;9;4;2022;10:15;1;75;2;1;8;3;"48;8852340000";"2;3304820000"
202200034979;11;1;2022;21:54;3;21;1;1;1;2;"47;0190402842";"4;8699072003"
202200034980;28;2;2022;15:20;1;45;1;1;1;2;"47;9317800000";"1;8794500000"
202200034981;15;1;2022;23:30;3;976;1;1;1;7;" -12;8526720000";"45;1049330000"
202200034982;17;4;2022;18:15;1;67;2;1;7;3;"48;5830500000";"7;6965600000"
202200034983;24;8;2022;13:10;1;37;2;1;1;3;"47;3805426178";"0;6876915693"
202200034984;8;4;2022;22:43;5;75;2;4;2;3;"48;8869230000";"2;3476570000"
202200034985;28;2;2022;04:15;5;44;2;1;5;6;"47;2182600000";" -1;5782900000"
202200034986;13;1;2022;07:20;3;76;1;1;5;2;"49;3363820000";"1;0751530000"
202200034987;16;6;2022;06:15;2;988;2;1;8;6;" -22;2491200000";"166;4513800000"
202200034988;25;8;2022;10:25;1;35;2;1;8;3;"48;1218336467";" -1;6403947771"
202200034989;15;1;2022;17:35;1;973;2;1;1;3;"4;9295950000";" -52;4065660000"
202200034990;24;2;2022;18:15;1;42;2;1;1;2;"45;4413400000";"4;3873100000"
202200034991;9;4;2022;20:45;5;75;2;2;1;3;"48;8943370000";"2;3138060000"
202200034992;25;8;2022;07:15;1;33;2;1;1;1;"44;7942110202";" -0;6050124764"
202200034993;15;1;2022;21:50;3;973;1;1;1;3;"4;9126900000";" -52;3719550000"
202200034994;16;6;2022;08:50;1;974;1;1;7;4;" -21;3198800000";"55;4892000000"
202200034995;24;2;2022;17:45;2;42;2;3;1;3;"46;0468580035";"4;0694259030"
202200034996;25;8;2022;19:25;1;31;2;9;1;6;"43;6162000000";"1;4640400000"
202200034997;9;4;2022;20:00;2;75;2;3;1;1;"48;8935330674";"2;3243305832"
202200034998;15;6;2022;15:35;1;974;2;1;1;6;" -20;9365320000";"55;2934970000"
202200034999;20;1;2022;08:00;2;2B;1;1;5;4;"42;4960870000";"9;2972660000"
202200035000;25;8;2022;16:20;1;31;2;1;1;7;"43;1114900000";"0;7415300000"
202200035001;9;4;2022;13:20;1;75;2;2;1;6;"48;8829290000";"2;2963850000"
202200035002;16;6;2022;19:12;5;973;2;1;1;6;"4;9348200000";" -52;3332400000"
202200035003;20;1;2022;13:50;1;84;1;1;6;3;"44;2675910000";"4;6893600000"
202200035004;9;4;2022;12:45;1;75;2;5;8;3;"48;8212789813";"2;3426641524"
202200035005;16;6;2022;13:50;1;973;2;6;2;2;"4;9077083840";" -52;3225861788"
202200035006;28;2;2022;08:45;1;37;2;1;1;3;"47;3966000000";"0;7230300000"
202200035007;24;8;2022;04:20;5;25;2;1;1;6;"47;5008500000";"6;8422300000"
202200035008;9;4;2022;10:50;1;75;2;1;1;3;"48;8479666255";"2;3922367394"