Accident_Id;jour;mois;an;hrmn;lum;dep;agg;int;atm;col;lat;long
202200035009;19;1;2022;17:00;3;54;1;1;2;2;"48;7215750326";"5;9259974952"
202200035010;28;2;2022;08:10;1;35;2;1;1;6;"48;1285570000";" -1;6991220000"
202200035011;16;6;2022;14:45;1;973;2;9;2;3;"4;9037500000";" -52;3165500000"
202200035012;25;8;2022;15:50;1;17;2;1;1;2;"45;6316700000";" -0;9876200000"
202200035013;20;1;2022;08:30;1;38;1;1;8;5;"45;8341520000";"5;3243350000"
202200035014;8;4;2022;22:38;5;75;2;2;9;3;"48;8723662715";"2;3374266304"
202200035015;27;2;2022;16:55;1;34;1;1;1;1;"43;3506417819";"3;1334598075"
202200035016;16;6;2022;11:15;1;973;2;3;1;3;"4;9347411404";" -52;3117500544"
202200035017;25;8;2022;05:45;5;17;2;6;3;3;"45;6457200000";" -1;0898700000"
202200035018;7;1;2022;20:40;5;01;2;3;2;1;"45;8458620000";"5;0387820000"
202200035019;9;4;2022;20:50;5;75;2;3;1;3;"48;8844387375";"2;3012213409"
202200035020;28;2;2022;19:10;1;33;2;2;1;3;"44;8570900000";" -0;5911600000"
202200035021;16;6;2022;23:15;5;69;2;2;1;3;"45;7718000000";"4;8445000000"
202200035022;16;1;2022;09:45;1;33;1;1;5;6;"45;1123380000";" -0;6053750000"
202200035023;25;8;2022;19:30;1;17;2;2;1;7;"46;1537500000";" -1;1275100000"
202200035024;9;4;2022;14:00;1;75;2;2;1;1;"48;8634360986";"2;3508515954"
202200035025;19;1;2022;07:50;2;85;1;1;8;6;"46;5513700000";" -1;6687360000"
202200035026;1;5;2022;10:40;1;972;1;1;1;7;"14;6050700000";" -60;9602200000"
202200035027;28;2;2022;08:40;1;33;2;2;5;3;"44;8076800000";" -0;6619900000"
202200035028;9;4;2022;00:20;5;94;2;1;2;2;"48;7636300000";"2;4450000000"
202200035029;16;6;2022;18:15;1;69;2;1;1;2;"45;7203500000";"4;8108400000"
202200035030;19;1;2022;12:45;1;22;1;3;8;3;"48;7932350000";" -3;4708000000"
202200035031;28;2;2022;17:10;1;25;2;1;1;3;"47;2170000000";"5;9640000000"
202200035032;8;7;2022;00:28;5;17;2;6;1;3;"45;9479200000";" -0;9762400000"
202200035033;16;6;2022;06:50;1;69;1;1;1;1;"45;7564400000";"4;8348700000"
202200035034;9;4;2022;10:00;1;93;2;2;8;3;"48;9537158906";"2;5064287541"
202200035035;19;1;2022;19:05;5;22;2;1;1;6;"48;4781400000";" -2;6677620000"
202200035036;25;2;2022;17:20;1;15;2;1;1;7;"44;9109870000";"2;4271300000"
202200035037;24;8;2022;03:40;5;14;2;1;5;6;"49;1425700000";"0;2477450000"
202200035038;20;1;2022;14:45;1;27;2;1;1;7;"49;0059650000";"1;2209150000"
202200035039;16;6;2022;07:35;1;2A;2;6;1;3;"41;9449300000";"8;7582700000"
202200035040;20;1;2022;07:10;3;60;1;1;1;7;"49;2278290000";"2;2723450000"
202200035041;9;4;2022;05:35;2;92;2;2;2;3;"48;8788918834";"2;2707777321"
202200035042;25;8;2022;08:15;1;13;1;1;1;3;"43;4172600000";"5;2894900000"
202200035043;26;2;2022;13:30;1;14;2;3;1;3;"49;1423820000";"0;2467870000"
202200035044;19;1;2022;13:45;1;13;1;1;1;3;"43;3303600000";"5;3935500000"
202200035045;16;6;2022;16:05;1;95;2;1;1;3;"48;9808319435";"2;4547040462"
202200035046;25;8;2022;18:00;1;13;1;1;1;3;"43;3849128460";"5;5596031307"
202200035047;28;2;2022;19:23;5;13;2;1;1;1;"43;2916617628";"5;4606056352"
202200035048;10;4;2022;11:30;1;12;1;2;1;3;"44;4051300000";"2;0903650000"
202200035049;28;2;2022;08:40;1;13;2;9;1;3;"43;2724319972";"5;3911252822"
202200035050;17;1;2022;19:24;3;54;1;1;1;5;"48;6405600000";"6;1702600000"
202200035051;10;4;2022;07:45;1;54;1;9;1;7;"48;5215500000";"6;2299350000"
202200035052;12;1;2022;09:00;1;33;1;1;1;3;"44;7851900000";" -0;5930900000"
202200035053;15;6;2022;18:35;1;95;2;1;1;4;"48;9879200000";"2;1818600000"
202200035054;28;2;2022;06:30;5;13;2;1;1;3;"43;2838249358";"5;4931971934"
202200035055;10;4;2022;14:30;1;87;2;6;1;3;"45;9558270000";"1;4024140000"
202200035056;25;8;2022;17:45;1;13;2;1;1;3;"43;3583200000";"5;3576100000"
202200035057;18;1;2022;22:37;3;91;1;1;1;2;"48;6313200000";"2;5193600000"
202200035058;28;2;2022;05:45;3;13;1;1;1;1;"43;4904000000";"4;9668500000"
202200035059;16;6;2022;18:00;1;91;2;1;1;4;"48;6875310000";"2;5265760000"
202200035060;19;1;2022;08:50;1;78;1;1;8;3;"48;8365640000";"2;0891690000"
202200035061;25;8;2022;09:05;1;13;2;2;1;3;"43;3098000000";"5;3702000000"
202200035062;19;1;2022;07:00;3;95;1;1;1;2;"49;0083050000";"2;2386230000"
202200035063;28;2;2022;07:02;1;13;2;2;1;3;"43;5288293228";"5;4233014222"
202200035064;14;6;2022;18:14;1;91;2;6;1;6;"48;7107000000";"2;4887800000"
202200035065;10;4;2022;18:00;1;38;1;1;1;5;"45;4859910000";"4;9993200000"
202200035066;19;1;2022;08:50;2;95;1;1;1;4;"48;9649400000";"2;2606600000"
202200035067;16;6;2022;03:15;5;87;2;3;1;6;"45;8333700000";"1;2758000000"
202200035068;27;2;2022;02:30;3;10;1;1;1;3;"48;2948860527";"4;0306413174"
202200035069;25;8;2022;16:53;1;75;2;2;1;6;"48;8977960000";"2;3374390000"
202200035070;19;1;2022;18:15;3;94;1;1;2;2;"48;8239900000";"2;3951200000"
202200035071;15;6;2022;20:42;1;87;1;1;1;7;"45;8942600000";"1;3796300000"
202200035072;8;4;2022;16:30;1;71;2;1;1;6;"46;6254620000";"3;7738650000"
202200035073;24;8;2022;23:15;5;75;2;1;1;3;"48;8646510000";"2;2425870000"
202200035074;28;2;2022;19:30;5;06;2;3;1;3;"43;6649570000";"7;1711430000"
202200035075;18;1;2022;21:45;3;77;1;1;1;6;"48;9237498081";"2;6295883070"
202200035076;15;6;2022;17:53;1;87;2;1;1;6;"45;8361600000";"1;2638200000"
202200035077;22;8;2022;18:55;1;75;2;1;1;2;"48;8507800000";"2;2775540000"
202200035078;10;4;2022;07:05;1;972;1;1;1;1;"14;5364040000";" -61;0310380000"
202200035079;27;2;2022;19:40;5;75;2;1;1;7;"48;8434705829";"2;3542483030"
202200035080;18;1;2022;16:00;1;38;2;1;1;6;"45;1672000000";"5;7240200000"
202200035081;25;8;2022;12:15;1;75;2;3;1;6;"48;8277800000";"2;3645590000"
202200035082;9;4;2022;18:18;1;46;1;1;1;6;"44;4668970000";"1;7417410000"
202200035083;17;1;2022;17:45;1;78;1;1;1;6;"48;7810580000";"2;1725360000"
202200035084;28;2;2022;19:25;5;75;2;4;1;3;"48;8804630000";"2;4071160000"
202200035085;18;1;2022;20:47;5;976;2;1;1;1;" -12;7807100000";"45;2334700000"
202200035086;9;4;2022;16:20;1;56;1;4;1;6;"48;0037780000";" -3;0633400000"
202200035087;25;8;2022;10:00;1;75;2;2;7;6;"48;8489350000";"2;4054800000"
202200035088;15;6;2022;09:20;1;83;1;1;1;3;"43;1144800000";"6;0561600000"
202200035089;18;1;2022;08:20;1;973;2;1;1;2;"4;9321962467";" -52;3077750206"
202200035090;28;2;2022;14:50;1;75;2;1;1;3;"48;8852770000";"2;3923400000"
202200035091;25;8;2022;16:10;1;94;2;1;1;6;"48;7841600000";"2;3961700000"
202200035092;9;4;2022;06:10;3;56;1;1;1;6;"48;0289250000";" -2;9690770000"
202200035093;16;6;2022;18:05;1;81;2;3;1;1;"43;9438393255";"2;1453613602"
202200035094;25;8;2022;11:05;1;94;2;1;1;6;"48;7910000000";"2;3810000000"
202200035095;18;1;2022;19:54;5;69;2;2;1;6;"45;6924800000";"4;8727700000"
202200035096;28;2;2022;11:30;1;75;2;1;1;6;"48;8682041583";"2;2818879783"
202200035097;7;4;2022;16:40;1;56;1;4;1;5;"47;7591376000";" -3;0553270000"
202200035098;14;6;2022;18:37;1;80;2;6;1;3;"49;9065200000";"2;2685800000"
202200035099;25;8;2022;17:05;1;94;2;7;1;6;"48;8096200000";"2;3275500000"
202200035100;28;2;2022;01:15;5;75;2;1;1;6;"48;8456749464";"2;4015775323"
202200035101;9;4;2022;17:00;1;56;1;1;1;3;"47;5707420000";" -2;4738500000"
202200035102;1;9;2022;14:15;1;94;2;1;1;6;"48;7786100000";"2;4172900000"
202200035103;14;6;2022;14:15;1;80;2;1;1;6;"49;8948200000";"2;2918500000"
202200035104;18;1;2022;18:35;5;69;2;2;1;3;"45;7470750317";"4;8598033190"
202200035105;28;2;2022;07:15;2;94;1;1;1;3;"48;7540800000";"2;3516100000"
202200035106;16;6;2022;10:30;1;80;2;1;1;6;"50;1050000000";"1;8330000000"
202200035107;19;2;2022;19:10;2;94;2;1;1;6;"48;8424000000";"2;4742000000"
202200035108;25;8;2022;12:35;1;93;2;1;7;6;"48;9162858949";"2;3443253945"
202200035109;10;4;2022;11:50;1;79;2;2;1;3;"46;6876940000";" -0;2451430000"
202200035110;10;4;2022;11:15;1;32;1;1;1;3;"43;5905110000";"0;9637550000"
202200035111;16;6;2022;17:20;1;78;1;3;1;3;"48;9591700000";"1;8840070000"
202200035112;25;8;2022;21:15;5;93;2;1;1;3;"48;9276375886";"2;3676811516"
202200035113;10;4;2022;04:10;5;25;2;2;4;6;"47;2155480000";"6;8203300000"
202200035114;28;2;2022;16:00;1;93;2;1;1;6;"48;9141881444";"2;3365414419"
202200035115;25;8;2022;17:30;1;93;2;1;1;2;"48;8997876300";"2;4485374843"
202200035116;10;4;2022;18:15;1;25;2;1;1;6;"47;2826950000";"6;1294990000"
202200035117;25;8;2022;20:55;2;93;2;1;1;7;"48;8935479607";"2;5465264579"
202200035118;28;2;2022;10:00;1;93;2;1;1;3;"48;9025600000";"2;3907400000"
202200035119;25;8;2022;14:00;1;93;2;9;1;1;"48;9541636201";"2;3104069891"
202200035120;9;4;2022;00:45;3;44;1;3;1;3;"47;3933450000";" -1;0050240000"
202200035121;15;6;2022;18:35;1;77;1;2;1;4;"48;8586000000";"2;7515000000"
202200035122;28;2;2022;18:30;2;93;2;1;1;2;"48;8728770000";"2;4535160000"
202200035123;25;8;2022;20:00;2;93;2;1;1;6;"48;9259600000";"2;3807900000"
202200035124;10;4;2022;14:10;1;35;1;1;1;6;"48;6700080000";" -1;9057340000"
202200035125;17;4;2022;22:15;5;76;1;1;1;2;"49;4551078489";"1;0517169535"
202200035126;25;8;2022;17:00;1;93;2;3;1;1;"48;9289214276";"2;3855979432"
202200035127;27;2;2022;23:00;5;93;2;2;1;1;"48;8572870000";"2;4316140000"
202200035128;16;6;2022;12:15;1;74;2;1;1;3;"46;1938000000";"6;2329500000"
202200035129;9;4;2022;09:00;1;29;2;2;1;5;"47;8012923058";" -4;2896179855"
202200035130;25;8;2022;07:55;1;92;2;1;1;7;"48;8156364626";"2;3049243987"
202200035131;15;6;2022;17:40;1;72;2;1;1;3;"48;0338870000";"0;1757310000"
202200035132;10;4;2022;06:45;2;31;2;1;1;1;"43;6713960000";"1;5197430000"
202200035133;28;2;2022;08:05;1;93;2;2;1;1;"48;9056300000";"2;5812100000"
202200035134;24;8;2022;12:55;1;92;2;2;1;3;"48;8310800000";"2;2572500000"
202200035135;8;4;2022;18:00;2;54;1;1;3;1;"48;6441599246";"5;8923947806"
202200035136;16;6;2022;17:30;1;69;2;6;1;3;"45;7749300000";"4;8882600000"
202200035137;26;8;2022;18:50;1;2B;1;1;1;7;"42;4370450000";"8;6705300000"
202200035138;28;2;2022;06:37;5;93;2;6;1;3;"48;9125000000";"2;4362200000"
202200035139;9;4;2022;16:45;1;50;1;1;1;7;"49;5580720000";" -1;7458340000"
202200035140;26;8;2022;13:45;1;84;1;1;1;3;"44;2570480000";"5;1465630000"
202200035141;16;6;2022;19:10;1;69;2;2;1;6;"45;7526100000";"4;8289100000"
202200035142;9;4;2022;22:00;3;50;1;1;1;6;"49;6167680000";" -1;3406320000"
202200035143;24;8;2022;12:05;1;85;1;1;1;1;"46;5228890000";" -0;9896585000"
202200035144;16;6;2022;17:25;1;69;2;1;1;1;"45;7739700000";"4;9896600000"
202200035145;10;4;2022;17:00;1;83;1;3;1;1;"43;5562300000";"6;1104050000"
202200035146;25;8;2022;20:40;1;62;2;1;1;2;"50;8657500000";"1;9740970000"
202200035147;28;2;2022;14:10;1;92;2;1;1;3;"48;8764093093";"2;1710625887"
202200035148;15;6;2022;08:30;1;67;2;1;1;1;"48;5724800000";"7;7527700000"
202200035149;10;4;2022;12:50;1;60;1;4;1;1;"49;5528350000";"2;1414540000"
202200035150;24;8;2022;16:00;1;69;2;3;1;3;"45;6933745552";"4;8211258650"
202200035151;28;2;2022;18:00;1;92;2;9;1;3;"48;8865123697";"2;2305122763"
202200035152;15;6;2022;08:00;1;64;2;6;1;3;"43;3130200000";" -0;3690000000"
202200035153;1;7;2022;16:40;1;83;1;9;1;2;"43;4807330000";"5;8751960000"
202200035154;16;6;2022;18:30;1;64;2;1;1;6;"43;4840200000";" -1;4993900000"
202200035155;28;2;2022;08:50;1;92;2;1;1;3;"48;8291522788";"2;2636336684"
202200035156;9;4;2022;11:20;1;07;1;1;1;1;"44;8760580000";"4;7763920000"
202200035157;24;8;2022;18:00;1;74;1;1;7;3;"45;7733530000";"6;2388400000"
202200035158;16;6;2022;16:15;1;64;2;1;1;3;"43;4801600000";" -1;5206900000"
202200035159;28;2;2022;17:50;1;92;2;2;1;3;"48;9004104155";"2;2607741654"
202200035160;11;8;2022;15:55;1;67;2;4;9;1;"48;9319270000";"8;1573000000"
202200035161;9;4;2022;16:20;1;21;1;3;1;1;"47;3267973397";"4;4943881034"
202200035162;22;2;2022;20:00;5;92;2;1;1;7;"48;9072000000";"2;3004000000"
202200035163;16;6;2022;08:18;1;63;2;2;1;3;"45;7649200000";"3;0792100000"
202200035164;26;8;2022;15:30;1;76;1;2;1;2;"49;7583910000";"0;6170390000"
202200035165;16;6;2022;00:18;3;63;2;1;1;3;"45;7791700000";"3;1121400000"
202200035166;25;8;2022;20:00;1;79;1;1;1;7;"46;8113980000";" -0;0617550000"
202200035167;10;4;2022;14:10;1;40;1;2;1;1;"43;7728560000";" -0;3484990000"
202200035168;26;2;2022;21:40;5;92;2;1;1;3;"48;9257904821";"2;2745384574"
202200035169;26;2;2022;12:30;1;92;2;1;1;6;"48;9138036763";"2;2991023958"
202200035170;10;4;2022;12:05;1;40;1;1;1;4;"43;5402660000";" -1;3670470000"
202200035171;22;8;2022;18:00;1;2A;2;1;1;1;"41;8811680000";"8;7864980000"
202200035172;15;6;2022;15:04;1;63;2;1;1;1;"45;7695259909";"3;1151945293"
202200035173;25;8;2022;15:30;1;2A;1;1;1;1;"41;9528551217";"8;7868868708"
202200035174;27;2;2022;21:56;3;2A;1;1;1;6;"41;8187920000";"8;9641570000"
202200035175;26;8;2022;00:30;5;2B;2;1;1;-1;"42;5599520000";"8;7564790000"
202200035176;9;4;2022;21:15;3;63;1;1;1;5;"45;7891330000";"3;1452230000"
202200035177;25;8;2022;18:00;1;71;2;1;1;6;"46;6441040000";"5;1700010000"
202200035178;22;5;2022;01:30;5;62;2;9;1;3;"50;4198540000";"2;8192520000"
202200035179;9;4;2022;04:30;3;64;1;1;8;2;"43;5080990000";" -1;4419880000"
202200035180;26;2;2022;14:30;1;66;1;1;1;2;"42;5284010000";"2;8217270000"
202200035181;25;8;2022;19:15;1;63;1;1;1;6;"45;9248640000";"3;5138870000"
202200035182;9;4;2022;14:50;1;971;1;9;1;2;"16;2058935979";" -61;6324961185"
202200035183;15;6;2022;13:05;1;59;2;1;1;5;"50;2130348309";"3;8644731045"
202200035184;9;4;2022;14:20;1;33;2;1;1;3;"44;6357990000";" -1;0610230000"
202200035185;25;8;2022;16:00;1;61;1;1;8;1;"48;5960490000";" -0;4199640000"
202200035186;23;2;2022;07:45;2;85;1;1;5;7;"46;5199350000";" -0;8534311000"
202200035187;16;6;2022;21:35;1;59;2;1;1;6;"50;6265613490";"2;9918646812"
202200035188;4;4;2022;13:20;1;06;2;3;1;3;"43;7228470000";"7;1098620000"
202200035189;28;2;2022;18:15;2;67;2;4;1;6;"48;7416830000";"7;3585330000"
202200035190;26;8;2022;07:40;1;42;2;3;1;3;"45;6493360000";"4;2309540000"
202200035191;16;6;2022;20:26;1;59;2;2;1;3;"50;6306600000";"3;0475500000"
202200035192;28;2;2022;09:55;1;74;2;1;7;1;"45;9405220000";"6;1464720000"
202200035193;9;6;2022;16:00;1;59;2;9;1;6;"50;1888600000";"3;2430400000"
202200035194;10;4;2022;11:10;1;13;1;3;1;3;"43;8693740000";"4;9090640000"
202200035195;26;8;2022;04:40;4;41;2;3;1;6;"47;6056490000";"2;0362900000"
202200035196;28;2;2022;13:20;1;41;1;9;1;3;"47;6772970000";"1;4777040000"
202200035197;16;6;2022;15:40;1;54;2;1;1;2;"48;7032400000";"6;2119900000"
202200035198;24;8;2022;16:35;1;34;2;3;1;3;"43;5030290000";"3;3091270000"
202200035199;10;4;2022;09:40;1;54;1;2;1;2;"48;6655426106";"6;4899802210"
202200035200;28;2;2022;17:00;1;71;1;1;1;2;"46;7959980000";"4;9743820000"
202200035201;16;6;2022;14:40;1;53;2;9;1;3;"48;0710400000";" -0;7701460000"
202200035202;25;8;2022;05:15;3;21;1;1;1;6;"47;0123000000";"5;3078000000"
202200035203;9;4;2022;17:15;1;57;2;3;1;1;"49;1893010000";"6;6708090000"
202200035204;1;3;2022;14:15;1;30;1;1;1;6;"44;2752350000";"4;4061510000"
202200035205;26;8;2022;17:40;1;25;1;1;2;7;"47;2112900000";"6;0962320000"
202200035206;16;6;2022;14:55;1;51;2;1;1;2;"49;2321700000";"4;0209400000"
202200035207;9;4;2022;15:45;1;74;2;1;1;3;"46;3667240000";"6;5938140000"
202200035208;1;3;2022;08:00;2;34;2;1;1;1;"43;5602930000";"3;8437070000"
202200035209;20;8;2022;16:16;1;35;1;1;1;3;"48;5901744784";" -1;7767086625"
202200035210;15;6;2022;23:21;5;49;2;1;1;6;"47;4779200000";" -0;5011500000"
202200035211;9;4;2022;15:30;1;07;2;3;1;7;"45;0527900000";"4;8397430000"
202200035212;26;8;2022;04:45;3;29;2;1;1;6;"47;8576530000";" -4;1588340000"
202200035213;28;2;2022;07:21;2;37;1;1;1;3;"47;5832636023";"0;5678021908"
202200035214;11;6;2022;17:30;1;48;2;1;7;6;"44;5176700000";"3;5080800000"
202200035215;9;4;2022;19:20;1;69;1;1;1;6;"45;7387032763";"4;6674589606"
202200035216;25;8;2022;23:00;5;29;2;6;1;6;"48;0159731012";" -4;5006680488"
202200035217;9;4;2022;20:00;2;81;2;1;1;1;"43;7606420000";"2;0000430000"
202200035218;16;6;2022;16:47;1;47;2;1;1;2;"44;1956455200";"0;6421921489"
202200035219;28;2;2022;19:15;3;59;2;1;1;5;"50;4708034446";"3;4276807308"
202200035220;19;8;2022;15:00;1;15;2;1;1;7;"44;7038900000";"2;1940520000"
202200035221;9;4;2022;14:45;1;19;1;1;1;1;"45;2684720000";"1;6349160000"
202200035222;16;6;2022;02:10;5;44;2;1;1;6;"47;2851500000";" -2;1957500000"
202200035223;26;2;2022;16:00;1;51;1;1;1;7;"49;2512940000";"4;1475530000"
202200035224;10;4;2022;13:20;1;14;2;1;1;3;"49;2706080000";" -0;6941240000"
202200035225;25;8;2022;15:15;1;85;1;1;1;6;"46;8427769972";" -1;2466303155"
202200035226;26;2;2022;15:10;1;51;1;1;1;7;"49;2537690000";"3;9300530000"
202200035227;21;1;2022;08:46;1;42;2;1;1;2;"45;4171662692";"4;4134361396"
202200035228;28;2;2022;01:35;3;74;1;1;1;7;"46;0977280000";"6;0077190000"
202200035229;26;8;2022;17:45;1;66;2;4;8;3;"42;5126640000";"2;1842570000"
202200035230;9;4;2022;21:20;5;60;2;3;1;1;"49;1754939924";"2;4539396837"
202200035231;15;6;2022;11:33;1;37;2;2;1;3;"47;3975249207";"0;6994557381"
202200035232;27;2;2022;17:30;1;2B;2;1;1;6;"42;4907780000";"9;4777950000"
202200035233;12;6;2022;09:16;1;36;2;1;1;2;"46;7567300000";"1;7217600000"
202200035234;9;4;2022;14:35;1;59;2;6;1;3;"50;7299090000";"2;4700030000"
202200035235;28;2;2022;16:55;1;82;1;3;1;3;"44;1149740000";"1;0743950000"
202200035236;3;6;2022;10:36;1;36;2;1;1;6;"46;7660490958";"1;7168498039"
202200035237;8;4;2022;16:40;1;13;1;1;1;2;"43;3299300000";"5;4080700000"
202200035238;1;3;2022;12:05;1;11;1;2;1;3;"43;1910660000";"2;6413110000"
202200035239;16;6;2022;16:00;1;35;1;1;1;3;"48;1345010960";" -1;7061042041"
202200035240;26;8;2022;06:00;3;14;1;1;1;6;"49;2344170000";"0;2075250000"
202200035241;1;3;2022;02:20;3;89;1;1;1;7;"47;8507220000";"4;0415530000"
202200035242;26;8;2022;01:15;3;50;1;1;1;6;"49;4620250000";" -1;7769940000"
202200035243;16;6;2022;12:05;1;35;2;6;1;3;"48;0897100000";" -1;6854300000"
202200035244;9;4;2022;05:21;3;33;1;1;2;2;"44;8560800000";" -0;5053400000"
202200035245;16;6;2022;16:15;1;33;2;1;1;5;"44;8506300000";" -0;5837900000"
202200035246;26;8;2022;15:00;1;53;1;1;1;4;"48;1877450000";" -1;0176340000"
202200035247;28;2;2022;15:30;1;25;1;1;1;1;"47;1585630000";"6;2633550000"
202200035248;9;4;2022;16:15;1;91;1;1;1;4;"48;7170640000";"2;2910800000"
202200035249;28;2;2022;16:45;1;44;1;1;1;6;"47;4409100000";" -2;3359980000"
202200035250;16;6;2022;10:55;1;33;2;3;1;6;"44;7890800000";" -0;5870600000"
202200035251;25;8;2022;17:50;1;85;1;3;1;6;"46;7367280000";" -1;2323570000"
202200035252;9;4;2022;06:35;1;91;1;1;2;2;"48;7296900000";"2;1658200000"
202200035253;16;6;2022;00:00;5;33;2;1;1;2;"44;8568800000";" -0;5501700000"
202200035254;26;2;2022;09:55;1;29;1;2;1;3;"48;4464440000";" -4;7407510000"
202200035255;9;4;2022;15:00;1;92;1;1;1;2;"48;9373756521";"2;2943117859"
202200035256;28;2;2022;17:00;1;31;1;1;1;7;"43;3787230000";"0;8037190000"
202200035257;19;8;2022;11:35;1;27;1;1;1;1;"48;7690536317";"0;9259243010"
202200035258;9;4;2022;08:30;2;92;1;1;1;6;"48;8224757424";"2;2222421137"
202200035259;1;3;2022;04:30;3;50;1;1;2;6;"49;2518750000";" -1;5554510000"
202200035260;9;4;2022;08:00;1;93;1;1;2;6;"48;9255222309";"2;3965842204"
202200035261;24;8;2022;20:02;2;17;2;3;1;3;"46;0578740000";" -1;0653250000"
202200035262;28;2;2022;20:30;3;09;1;1;1;7;"43;0309960000";"1;7372020000"
202200035263;15;6;2022;07:30;1;33;2;1;1;3;"44;8613500000";" -0;5624800000"
202200035264;9;4;2022;01:30;3;92;1;1;8;6;"48;9465157059";"2;2827709006"
202200035265;26;8;2022;16:00;1;87;2;1;1;6;"46;2151050000";"1;0810050000"
202200035266;28;2;2022;16:10;1;43;2;1;1;6;"45;1102410000";"3;4918070000"
202200035267;16;6;2022;14:35;1;33;1;1;1;1;"44;5777495113";" -1;1483877897"
202200035268;8;4;2022;23:00;3;93;1;1;8;6;"48;8854800000";"2;4726300000"
202200035269;16;6;2022;18:00;1;32;2;1;1;7;"43;6594300000";"0;6310300000"
202200035270;28;2;2022;18:35;2;37;1;1;1;6;"47;1256704966";"0;6276047230"
202200035271;25;8;2022;16:45;1;24;1;1;1;7;"44;8020820000";"1;1333980000"
202200035272;26;8;2022;05:30;2;13;1;1;1;6;"43;6719770000";"5;2407040000"
202200035273;16;6;2022;11:05;1;32;2;1;1;2;"43;6647100000";"0;5943200000"
202200035274;9;4;2022;11:15;1;94;1;1;2;6;"48;7761000000";"2;4240000000"
202200035275;26;2;2022;21:05;5;52;2;1;1;3;"48;1816017261";"5;5583524704"
202200035276;26;2;2022;07:50;2;76;1;1;5;6;"49;4735340000";"0;2699380000"
202200035277;8;4;2022;16:15;1;976;2;1;1;6;" -12;7675000000";"45;2246000000"
202200035278;20;5;2022;15:57;1;30;2;2;1;3;"43;8260000000";"4;3330000000"
202200035279;24;8;2022;17:00;1;01;1;1;1;2;"46;1586510000";"5;2959410000"
202200035280;8;4;2022;05:35;3;26;2;1;1;6;"44;5301400000";"4;7420300000"
202200035281;1;3;2022;14:45;1;33;1;1;1;2;"44;6427270000";" -0;8401320000"
202200035282;26;8;2022;08:10;1;62;1;1;1;7;"50;7858220000";"2;1079430000"
202200035283;16;6;2022;05:00;5;30;2;2;1;5;"44;0855300000";"4;0772200000"
202200035284;8;4;2022;15:05;1;35;2;1;2;6;"48;0861900000";" -1;6676200000"
202200035285;25;8;2022;10:30;1;06;1;1;1;7;"43;7322690000";"7;3002290000"
202200035286;1;3;2022;07:15;1;57;1;1;1;2;"48;7141960000";"7;0406160000"
202200035287;16;6;2022;17:15;1;27;2;6;1;3;"49;0940000000";"1;4684900000"
202200035288;8;4;2022;16:00;1;45;2;1;2;3;"48;0064000000";"2;7413300000"
202200035289;1;3;2022;09:35;1;37;1;1;1;3;"47;1075120000";"0;5952730000"
202200035290;26;8;2022;04:54;3;69;1;1;1;3;"46;0780240000";"4;7261490000"
202200035291;16;6;2022;21:25;1;27;1;1;1;6;"49;2369300000";"1;1894500000"
202200035292;8;4;2022;06:20;5;95;2;1;2;6;"48;9722124532";"2;2783192992"
202200035293;28;2;2022;21:15;3;971;1;1;1;6;"15;8638780000";" -61;5805690000"
202200035294;15;6;2022;20:20;1;23;2;1;1;6;"46;1638900000";"1;8775600000"
202200035295;28;2;2022;22:05;3;95;1;6;1;6;"49;0380461247";"2;5081551075"
202200035296;23;8;2022;15:30;1;987;2;9;2;3;" -17;6960000000";" -149;5480000000"
202200035297;20;1;2022;23:30;5;95;2;1;1;7;"48;9593508683";"2;2794377804"
202200035298;22;5;2022;06:10;1;21;2;3;1;3;"47;3325100000";"5;0268900000"
202200035299;28;2;2022;16:30;1;84;2;1;1;1;"43;9551860000";"4;9323090000"
202200035300;8;4;2022;20:55;5;988;2;2;1;3;" -22;2745700000";"166;4437500000"
202200035301;25;2;2022;16:10;1;67;1;1;2;6;"48;4438490000";"7;7007290000"
202200035302;15;6;2022;10:10;1;21;2;2;1;3;"47;3325100000";"5;0268900000"
202200035303;1;3;2022;18:20;2;88;1;1;1;7;"48;3548220000";"6;5984900000"
202200035304;9;4;2022;00:20;5;976;2;1;1;7;" -12;7859400000";"45;2255400000"
202200035305;4;5;2022;16:50;1;19;2;1;1;6;"45;2638300000";"1;7701700000"
202200035306;8;4;2022;21:40;5;974;2;9;1;6;" -21;3374800000";"55;4682200000"
202200035307;16;6;2022;01:06;5;17;2;6;1;7;"46;1645100000";" -1;1816000000"
202200035308;1;3;2022;13:15;1;03;1;1;1;3;"46;1540920000";"3;6451440000"
202200035309;14;6;2022;11:50;1;17;2;3;1;1;"45;9462570000";" -0;8919950000"
202200035310;8;4;2022;18:40;5;974;2;6;1;5;" -20;9051700000";"55;5044700000"
202200035311;28;2;2022;14:40;1;74;1;1;1;2;"45;9472070000";"6;8950190000"
202200035312;14;4;2022;07:50;2;17;2;1;1;2;"45;9490900000";" -0;9037300000"
202200035313;8;4;2022;11:00;1;973;2;1;1;3;"4;9448100000";" -52;3141200000"
202200035314;1;3;2022;16:50;1;69;2;3;1;1;"45;5884560000";"4;8039330000"
202200035315;16;6;2022;18:15;1;13;2;2;1;3;"43;4232400000";"5;2411400000"
202200035316;8;4;2022;18:00;1;69;2;1;1;6;"45;7393306125";"4;8909893632"