Accident_Id;jour;mois;an;hrmn;lum;dep;agg;int;atm;col;lat;long
202200035626;2;11;2022;18:03;5;42;2;1;1;6;"45;4538905949";"4;3860876560"
202200035627;3;11;2022;23:10;5;38;2;3;3;3;"45;1924000000";"5;6928000000"
202200035628;2;11;2022;19:10;5;37;2;6;1;3;"47;4257200000";"0;6970600000"
202200035629;3;11;2022;09:50;1;35;1;1;3;2;"48;1378900000";" -1;6940200000"
202200035630;3;11;2022;16:40;1;33;2;6;1;3;"44;8291500000";" -0;6032200000"
202200035631;3;11;2022;07:45;2;33;2;4;1;3;"44;8441069000";" -0;5259972811"
202200035632;3;11;2022;17:30;2;31;2;1;2;3;"43;6212324090";"1;4355417341"
202200035633;3;11;2022;07:55;1;31;2;1;8;3;"43;6410200000";"1;3796670000"
202200035634;30;10;2022;12:30;1;29;2;3;1;7;"47;8832127100";" -3;9294282740"
202200035635;2;11;2022;22:18;5;29;2;6;2;3;"48;3871484080";" -4;4824508428"
202200035636;3;11;2022;23:04;5;17;2;1;3;7;"46;1602300000";" -1;1291800000"
202200035637;4;11;2022;00:15;5;13;2;1;2;7;"43;3037721030";"5;4729123348"
202200035638;3;11;2022;18:50;5;13;2;1;8;2;"43;3079000000";"5;4312000000"
202200035639;3;11;2022;09:05;1;13;2;2;8;3;"43;2858495954";"5;4425668151"
202200035640;2;11;2022;14:54;1;13;2;4;1;3;"43;2999600000";"5;4006600000"
202200035641;2;11;2022;15:55;1;13;1;9;1;3;"43;1893310248";"5;6465641026"
202200035642;2;11;2022;17:55;2;13;2;6;1;3;"43;6984500000";"4;6429100000"
202200035643;29;10;2022;18:55;1;12;2;1;1;7;"44;5271097942";"2;2466343642"
202200035644;3;11;2022;14:20;1;06;2;1;3;6;"43;7122220000";"7;2943140000"
202200035645;24;10;2022;12:15;1;06;2;1;1;3;"43;7500200000";"7;4388400000"
202200035646;3;11;2022;23:00;5;06;2;1;1;7;"43;6460540000";"6;9141380000"
202200035647;3;11;2022;17:34;5;06;2;3;3;6;"43;6539520000";"6;9423870000"
202200035648;3;11;2022;07:40;1;06;2;1;1;3;"43;5536500000";"7;0080970000"
202200035649;17;5;2022;08:30;1;45;2;2;1;2;"47;8797500000";"1;9081700000"
202200035650;2;11;2022;18:30;5;06;2;5;1;3;"43;6590300000";"7;1627470000"
202200035651;16;5;2022;08:25;1;44;2;3;1;3;"47;2770000000";" -2;2034800000"
202200035652;24;10;2022;13:45;1;05;2;3;1;3;"44;5573000000";"6;0771700000"
202200035653;17;5;2022;22:20;5;44;2;2;1;3;"47;2227690000";" -1;5710110000"
202200035654;29;10;2022;14:45;1;05;2;6;1;3;"44;5394200000";"6;0635700000"
202200035655;20;7;2022;22:40;5;27;2;1;1;7;"49;0281012000";"1;1667524000"
202200035656;17;5;2022;20:25;1;44;2;1;1;3;"47;2484560000";" -1;5876790000"
202200035657;3;11;2022;07:20;1;988;2;3;1;6;" -22;2714700000";"166;4444300000"
202200035658;16;5;2022;18:00;1;42;2;7;1;6;"45;4158700000";"4;3941600000"
202200035659;2;11;2022;14:20;1;69;2;3;1;7;"45;7507000000";"4;8395000000"
202200035660;2;11;2022;12:20;1;69;2;1;1;3;"45;7353800000";"4;8269100000"
202200035661;17;5;2022;22:09;5;42;2;2;1;3;"45;3992200000";"4;2626600000"
202200035662;2;11;2022;06:25;1;972;1;1;1;6;"14;6202000000";" -60;9634700000"
202200035663;1;11;2022;03:00;3;972;1;1;1;6;"14;6084100000";" -61;0784300000"
202200035664;17;5;2022;20:25;2;37;2;2;1;3;"47;3840295934";"0;6913836300"
202200035665;2;11;2022;18:25;5;69;2;1;1;2;"45;7519201142";"4;8328042031"
202200035666;17;5;2022;09:40;1;35;2;1;1;2;"48;1257206873";" -1;6683863103"
202200035667;2;11;2022;15:55;1;69;2;1;1;6;"45;7766200000";"4;8398000000"
202200035668;17;5;2022;07:45;1;35;1;1;1;2;"48;1366064758";" -1;7039000988"
202200035669;2;11;2022;10:15;2;95;2;1;7;6;"48;9600647056";"2;3271489143"
202200035670;17;5;2022;15:50;1;34;1;1;1;3;"43;4391400000";"3;7625200000"
202200035671;2;11;2022;09:34;3;91;1;1;1;6;"48;6712600000";"2;5050200000"
202200035672;17;5;2022;09:50;1;33;2;5;1;3;"44;8333500000";" -0;5985200000"
202200035673;2;11;2022;08:22;1;91;2;1;1;4;"48;7018000000";"2;3718200000"
202200035674;17;5;2022;21:20;5;31;2;6;1;3;"43;6315800000";"1;4626100000"
202200035675;17;5;2022;09:00;1;31;2;3;1;1;"43;5902000000";"1;3681100000"
202200035676;2;11;2022;10:00;1;78;1;1;1;2;"48;9679300000";"2;0006000000"
202200035677;17;5;2022;07:00;2;31;2;9;1;3;"43;5813100000";"1;4134400000"
202200035678;1;11;2022;19:00;3;76;1;1;3;6;"49;5329600000";"0;1144300000"
202200035679;17;5;2022;08:46;1;29;2;6;1;3;"48;3854060000";" -4;5280990000"
202200035680;1;11;2022;20:30;5;72;2;3;2;3;"47;9919200000";"0;2050000000"
202200035681;1;11;2022;07:00;5;72;2;1;1;6;"48;0190200000";"0;1846700000"
202200035682;17;5;2022;07:15;1;27;2;1;1;6;"49;2747700000";"1;2244600000"
202200035683;2;11;2022;10:45;1;71;2;9;1;3;"46;7937900000";"4;4436600000"
202200035684;17;5;2022;18:22;1;27;2;1;1;4;"49;0464800000";"1;1621200000"
202200035685;2;11;2022;08:15;1;69;2;1;7;3;"45;6850200000";"4;9485600000"
202200035686;17;5;2022;08:10;1;27;2;1;1;3;"49;0015400000";"1;1394500000"
202200035687;1;11;2022;11:45;1;68;2;1;1;3;"47;7490800000";"7;3417000000"
202200035688;17;5;2022;10:50;1;27;2;1;1;7;"49;0284000000";"1;1832600000"
202200035689;17;5;2022;19:00;1;26;2;1;1;6;"44;5605700000";"4;7512300000"
202200035690;2;11;2022;12:15;1;64;2;3;1;1;"43;3092300000";" -0;3762500000"
202200035691;17;5;2022;19:06;1;17;1;9;1;2;"46;1742800000";" -1;1234600000"
202200035692;2;11;2022;19:40;5;64;2;6;1;3;"43;4377600000";" -1;5913500000"
202200035693;31;10;2022;07:40;2;63;2;5;1;1;"45;7822900000";"3;0954200000"
202200035694;17;5;2022;18:10;1;14;1;9;1;2;"49;1549400000";" -0;4216800000"
202200035695;28;10;2022;12:33;1;63;2;3;1;3;"45;7874400000";"3;1424600000"
202200035696;17;5;2022;18:22;1;13;2;1;1;3;"43;2906500000";"5;3799000000"
202200035697;28;10;2022;14:25;1;63;2;1;1;2;"45;7792157460";"3;1244972348"
202200035698;6;5;2022;19:00;1;13;2;6;2;6;"43;2478479735";"5;3747168397"
202200035699;27;10;2022;11:09;1;63;2;6;1;3;"45;7974500000";"3;1186100000"
202200035700;17;5;2022;14:12;1;13;2;2;1;3;"43;3076000000";"5;4254000000"
202200035701;17;5;2022;14:25;1;13;1;3;1;7;"43;5578500000";"4;9650400000"
202200035702;26;10;2022;12:09;1;63;2;6;1;3;"45;7641400000";"3;1259900000"
202200035703;17;5;2022;11:20;1;13;2;6;1;1;"43;5072100000";"4;9832500000"
202200035704;28;10;2022;14:19;1;63;2;3;1;1;"45;7874500000";"3;1423700000"
202200035705;17;5;2022;13:05;1;13;2;1;1;3;"43;3166500000";"5;5816000000"
202200035706;17;5;2022;09:30;1;13;2;1;1;6;"43;2846245833";"5;5981475115"
202200035707;22;10;2022;14:47;1;63;2;2;1;3;"45;7872300000";"3;0983400000"
202200035708;13;5;2022;20:43;2;11;1;1;1;3;"43;2214900000";"2;2990100000"
202200035709;23;10;2022;00:23;5;63;2;5;1;3;"45;7641500000";"3;1259400000"
202200035710;16;5;2022;14:43;1;11;2;1;1;1;"43;2078230000";"2;3115220000"
202200035711;17;5;2022;13:30;1;06;2;4;1;3;"43;6818820000";"6;9631090000"
202200035712;2;11;2022;11:23;1;60;1;1;1;2;"49;4029600000";"2;8730400000"
202200035713;30;4;2022;18:15;1;02;1;1;1;1;"49;3590900000";"3;3447000000"
202200035714;2;11;2022;09:25;1;60;2;2;1;1;"49;4162330000";"2;0993640000"
202200035715;4;5;2022;17:35;1;02;2;6;1;2;"49;3655700000";"3;3197800000"
202200035716;2;11;2022;18:50;5;59;2;9;1;3;"50;6800000000";"3;1340000000"
202200035717;17;5;2022;17:45;1;75;2;1;1;3;"48;8206740000";"2;3767840000"
202200035718;2;11;2022;10:13;1;59;2;3;7;6;"50;7058460000";"2;8842320000"
202200035719;27;10;2022;07:45;2;58;2;1;1;3;"46;9931400000";"3;1488600000"
202200035720;16;5;2022;22:05;5;75;2;1;1;4;"48;8819147237";"2;2827033699"
202200035721;31;10;2022;17:50;3;57;1;1;1;1;"49;2577500000";"6;0761200000"
202200035722;28;10;2022;16:31;1;56;1;4;1;2;"47;7991200000";" -3;2572000000"
202200035723;16;5;2022;18:15;1;75;2;1;1;4;"48;8207721386";"2;3770862818"
202200035724;16;5;2022;15:45;1;75;2;1;1;2;"48;8440890000";"2;2546860000"
202200035725;2;11;2022;17:50;5;54;2;6;1;3;"48;6642764328";"6;1741125584"
202200035726;17;5;2022;11:10;1;75;2;1;1;6;"48;8517550000";"2;3305840000"
202200035727;31;10;2022;17:30;2;49;2;1;8;7;"47;5065500000";" -0;5894600000"
202200035728;17;5;2022;03:00;5;75;2;1;1;3;"48;8424460000";"2;3608730000"
202200035729;2;11;2022;13:00;1;45;2;1;1;3;"47;9597000000";"1;8460000000"
202200035730;16;5;2022;14:00;1;75;2;7;1;3;"48;8463339252";"2;3086430132"
202200035731;2;11;2022;12:20;1;37;2;1;1;6;"47;4139826529";"0;6986725330"
202200035732;16;5;2022;18:10;1;75;2;1;1;3;"48;8205480000";"2;3374020000"
202200035733;2;11;2022;07:35;1;37;2;6;8;2;"47;4189411113";"0;7043373585"
202200035734;17;5;2022;13:15;1;75;2;4;1;6;"48;8528185202";"2;3884736001"
202200035735;2;11;2022;20:35;5;35;2;1;1;2;"48;1097045239";" -1;6879382730"
202200035736;17;5;2022;11:55;1;75;2;1;1;6;"48;8601170000";"2;3886260000"
202200035737;2;11;2022;16:25;1;35;1;1;1;6;"48;1690700000";" -1;6813700000"
202200035738;17;5;2022;09:45;1;75;2;1;1;3;"48;8663251018";"2;3737482727"
202200035739;31;10;2022;17:30;2;34;2;1;1;3;"43;3503100000";"3;2031300000"
202200035740;17;5;2022;19:10;1;75;2;2;1;6;"48;8816130000";"2;3657870000"
202200035741;2;11;2022;19:15;2;33;1;6;1;3;"44;6327595786";" -1;1451664567"
202200035742;17;5;2022;08:05;1;75;2;3;1;3;"48;8628900000";"2;3151830000"
202200035743;2;11;2022;18:20;3;32;1;3;1;7;"43;6619500000";"0;5891400000"
202200035744;17;5;2022;07:00;1;75;2;2;1;3;"48;8688834243";"2;3385308683"
202200035745;7;10;2022;23:35;5;28;1;1;1;6;"48;4308680000";"1;5008970000"
202200035746;17;5;2022;13:07;1;94;2;1;1;2;"48;7867900000";"2;4201500000"
202200035747;17;5;2022;18:40;1;94;2;1;1;2;"48;7389943140";"2;4466252326"
202200035748;2;11;2022;16:35;1;27;2;1;1;5;"49;0202203682";"1;1586928368"
202200035749;2;11;2022;17:45;2;26;2;1;1;2;"44;5582711000";"4;7424380000"
202200035750;17;5;2022;07:25;1;94;2;1;1;5;"48;8495400000";"2;4986600000"
202200035751;2;11;2022;10:30;1;25;2;1;1;3;"47;2401500000";"6;0151700000"
202200035752;16;5;2022;18:20;1;94;2;1;1;2;"48;7855400000";"2;3288600000"
202200035753;2;11;2022;12:35;1;22;2;2;1;3;"48;5077900000";" -2;7495400000"
202200035754;16;5;2022;18:00;1;94;2;2;1;1;"48;8142500000";"2;3597100000"
202200035755;2;11;2022;09:08;1;22;2;2;1;1;"48;5300500000";" -2;7646400000"
202200035756;17;5;2022;06:45;1;94;2;1;1;3;"48;7574710000";"2;3276800000"
202200035757;2;11;2022;06:30;3;22;2;1;1;7;"48;5333400000";" -2;7573400000"
202200035758;17;5;2022;18:59;1;94;2;1;1;3;"48;7911056810";"2;4626669882"
202200035759;1;11;2022;14:25;1;21;2;1;1;6;"47;3243300000";"5;0085790000"
202200035760;16;5;2022;10:00;1;94;1;1;1;2;"48;7615800000";"2;4963800000"
202200035761;2;11;2022;15:45;1;16;1;1;1;1;"45;6364370000";"0;2133940000"
202200035762;16;5;2022;15:15;1;94;2;1;1;2;"48;7817400000";"2;4194200000"
202200035763;17;5;2022;20:10;1;93;2;9;1;6;"48;9749401682";"2;5148445368"
202200035764;2;11;2022;18:35;5;14;2;3;1;3;"49;3518830000";"0;0534080000"
202200035765;17;5;2022;13:00;1;93;2;6;1;4;"48;9608000000";"2;5562800000"
202200035766;2;11;2022;12:30;1;13;2;9;1;3;"43;6467970834";"5;1025305626"
202200035767;17;5;2022;18:25;1;93;2;3;1;3;"48;9638500000";"2;3805200000"
202200035768;17;5;2022;00:30;5;93;2;2;1;3;"48;9519990000";"2;5283940000"
202200035769;17;5;2022;20:30;1;93;2;2;1;3;"48;9182856811";"2;3416998982"
202200035770;17;5;2022;18:00;1;93;2;1;1;6;"48;9204805866";"2;3637181520"
202200035771;17;5;2022;13:40;1;93;2;2;1;2;"48;8858800000";"2;5083100000"
202200035772;17;5;2022;11:50;1;93;2;2;1;6;"48;9039580000";"2;4704560000"
202200035773;16;5;2022;21:50;5;93;2;1;1;3;"48;8999000000";"2;4415800000"
202200035774;16;5;2022;12:20;1;93;2;1;1;3;"48;9378800000";"2;4619600000"
202200035775;17;5;2022;15:05;1;93;2;3;1;6;"48;9303620000";"2;4952530000"
202200035776;15;5;2022;18:45;1;92;2;8;1;3;"48;8370968400";"2;1846807003"
202200035777;17;5;2022;12:37;1;92;2;1;7;4;"48;8833400000";"2;2244600000"
202200035778;17;5;2022;21:05;2;92;2;2;1;3;"48;8855549836";"2;2801799476"
202200035779;17;5;2022;14:20;1;92;2;1;1;3;"48;8811002273";"2;2716931701"
202200035780;17;5;2022;10:50;1;92;2;9;1;3;"48;8911118269";"2;2754002511"
202200035781;17;5;2022;11:30;1;92;2;1;1;3;"48;9024010000";"2;1967490000"
202200035782;13;5;2022;15:05;1;92;2;1;1;6;"48;8892344244";"2;2295304536"
202200035783;17;5;2022;08:00;1;92;2;2;1;3;"48;8181359152";"2;3085201681"
202200035784;17;5;2022;15:45;1;92;2;1;1;6;"48;7966280000";"2;2322990000"
202200035785;17;5;2022;12:56;1;92;2;1;1;2;"48;8340783836";"2;2648610473"
202200035786;17;5;2022;10:02;1;92;2;2;1;3;"48;8220239305";"2;2765651345"
202200035787;17;5;2022;08:33;1;92;2;1;1;6;"48;8189846975";"2;2526846230"
202200035788;17;5;2022;20:15;1;92;2;1;1;1;"48;9221808808";"2;2648339569"
202200035789;17;5;2022;14:00;1;92;2;2;1;3;"48;8999400000";"2;3061300000"
202200035790;17;5;2022;17:00;1;92;2;1;1;3;"48;7995560000";"2;2983740000"
202200035791;17;5;2022;16:45;1;92;2;1;1;6;"48;9091050000";"2;2937820000"
202200035792;16;5;2022;19:00;1;92;2;1;1;2;"48;7529682360";"2;3049204424"
202200035793;16;5;2022;19:15;1;92;2;6;1;3;"48;7638052076";"2;3088805228"
202200035794;17;5;2022;18:15;1;49;1;1;1;1;"47;3481570000";" -0;8815460000"
202200035795;17;5;2022;15:45;1;76;1;1;1;6;"49;6299855578";"0;6401935592"
202200035796;30;4;2022;07:35;1;84;1;4;1;3;"44;1640220000";"4;8960270000"
202200035797;18;5;2022;13:40;1;63;1;3;1;1;"45;6681910000";"2;7841220000"
202200035798;15;5;2022;21:15;2;06;1;1;1;7;"43;7057790000";"6;8322410000"
202200035799;18;5;2022;08:25;1;54;1;4;1;3;"49;1625856726";"5;8230918654"
202200035800;18;5;2022;02:05;3;87;1;1;1;2;"46;2770590000";"1;4023450000"
202200035801;17;5;2022;12:47;1;44;1;1;7;1;"47;1036230000";" -2;0450230000"
202200035802;17;5;2022;12:30;1;62;2;2;1;3;"50;2761900000";"2;2823020000"
202200035803;17;5;2022;20:30;1;74;2;1;1;1;"46;3329320000";"6;3851970000"
202200035804;15;5;2022;17:45;1;83;1;1;1;7;"43;3453460000";"6;2229070000"
202200035805;17;5;2022;18:45;1;57;2;3;1;6;"49;1766990000";"6;4906510000"
202200035806;15;5;2022;18:35;1;19;1;1;1;1;"45;4328640000";"1;4337270000"
202200035807;17;5;2022;14:08;1;76;1;1;1;6;"49;8525110000";"0;9043550000"
202200035808;14;5;2022;08:50;2;82;2;1;1;6;"44;0138130000";"1;0771640000"
202200035809;17;5;2022;21:00;1;22;2;6;1;3;"48;6483560000";" -2;8385760000"
202200035810;18;5;2022;08:45;1;03;1;4;1;3;"46;2097860000";"3;5133930000"
202200035811;18;5;2022;08:50;1;15;2;3;1;1;"45;1100250000";"2;8722490000"
202200035812;18;5;2022;17:05;1;01;2;3;1;3;"45;9684680000";"5;8099440000"
202200035813;17;5;2022;09:50;1;01;2;1;1;6;"46;4338720000";"4;9387570000"
202200035814;10;5;2022;15:30;1;26;1;1;1;3;"44;7183730000";"5;0112140000"
202200035815;7;5;2022;15:28;1;26;1;1;1;7;"44;7386820000";"4;9086890000"
202200035816;17;5;2022;08:40;1;72;1;1;1;2;"47;9439110000";" -0;2547870000"
202200035817;17;5;2022;10:00;1;06;2;1;1;1;"43;7240910000";"7;4046730000"
202200035818;17;5;2022;07:00;1;14;1;1;1;6;"49;0879630000";" -0;6393560000"
202200035819;17;5;2022;21:40;3;90;1;4;1;3;"47;4613770000";"6;9305710000"
202200035820;18;5;2022;17:40;1;60;1;2;1;1;"49;6351060000";"3;0376340000"
202200035821;16;5;2022;15:10;1;21;1;2;1;3;"47;1145360000";"4;5064920000"
202200035822;17;5;2022;22:11;3;67;1;1;1;3;"48;6951550000";"7;8336620000"
202200035823;16;5;2022;07:30;1;13;1;1;1;3;"43;6216390000";"5;0440600000"
202200035824;16;5;2022;22:35;3;17;1;1;1;6;"45;3864860000";" -0;6038620000"
202200035825;16;5;2022;01:00;3;11;1;6;1;7;"42;9336790000";"3;0027650000"
202200035826;16;5;2022;17:50;3;987;1;1;1;2;" -16;1164100000";" -145;6031800000"
202200035827;2;4;2022;15:10;1;66;1;6;1;2;"42;5893310000";"2;8519820000"
202200035828;17;5;2022;18:30;1;83;1;1;1;3;"43;4454730000";"6;0109810000"
202200035829;18;5;2022;17:15;1;38;1;1;1;3;"45;0892170000";"5;7799240000"
202200035830;18;5;2022;17:00;1;26;1;3;1;3;"44;8325230000";"4;9682660000"
202200035831;18;5;2022;10:55;1;85;1;1;1;7;"46;9417370000";" -0;9569910000"
202200035832;18;5;2022;08:00;1;44;2;6;1;1;"47;3260470000";" -2;1627940000"
202200035833;17;5;2022;17:30;1;59;2;1;1;6;"50;1245820000";"3;4019960000"
202200035834;18;5;2022;16:55;1;59;1;2;1;3;"50;6092639303";"3;1802040339"
202200035835;17;5;2022;22:20;3;59;1;1;1;6;"50;7030039454";"2;7423307300"
202200035836;17;5;2022;17:45;1;13;1;9;1;3;"43;4018900000";"5;2993300000"
202200035837;16;5;2022;22:10;3;13;1;9;1;6;"43;2829967511";"5;5777282312"
202200035838;16;5;2022;07:00;1;69;1;9;1;5;"45;5895500000";"4;8027700000"
202200035839;16;5;2022;16:20;1;67;1;1;1;2;"48;5869600000";"7;7146600000"
202200035840;16;5;2022;16:55;1;67;1;1;1;4;"48;4998720000";"7;6914030000"
202200035841;17;5;2022;18:35;1;33;1;1;1;4;"44;8800400000";" -0;5379700000"
202200035842;16;5;2022;13:15;1;33;1;1;1;3;"44;8724600000";" -0;5064900000"
202200035843;17;5;2022;06:30;2;91;1;9;1;5;"48;6059710000";"2;4356480000"
202200035844;17;5;2022;09:50;1;92;1;1;1;2;"48;9015226318";"2;2026748359"
202200035845;17;5;2022;06:05;2;78;1;1;1;6;"48;9675530000";"1;7457140000"
202200035846;17;5;2022;01:40;5;78;1;1;1;6;"48;9132600000";"2;1092600000"
202200035847;16;5;2022;22:00;3;78;1;1;1;2;"48;9639610000";"1;7875510000"
202200035848;16;5;2022;16:50;1;95;1;1;1;2;"49;0356125186";"2;1175181866"
202200035849;16;5;2022;14:15;1;95;1;1;1;3;"48;9680200000";"2;2526500000"
202200035850;16;5;2022;14:15;1;93;1;1;1;2;"48;8689000000";"2;4289600000"
202200035851;16;5;2022;13:15;1;93;1;1;1;2;"48;9400000000";"2;4793600000"
202200035852;16;5;2022;13:00;1;93;1;1;1;2;"48;8657715811";"2;4174962516"
202200035853;16;5;2022;10:30;1;95;1;1;1;3;"48;9581673795";"2;2747412324"
202200035854;16;5;2022;09:50;1;93;1;1;1;2;"48;8657715811";"2;4174962516"
202200035855;16;5;2022;06:45;5;93;1;1;1;3;"48;9126772450";"2;3577823052"
202200035856;17;5;2022;20:15;1;77;1;1;1;6;"48;8403700000";"2;6640670000"
202200035857;17;5;2022;19:15;1;94;1;1;1;2;"48;7535487312";"2;3573043491"
202200035858;17;5;2022;08:20;1;94;1;1;1;4;"48;8290620000";"2;5280960000"
202200035859;7;5;2022;16:55;1;94;1;1;1;6;"48;7412400000";"2;5141700000"
202200035860;19;4;2022;08:00;1;77;1;1;1;2;"48;9633700000";"2;6132800000"
202200035861;16;4;2022;08:00;1;42;1;1;1;2;"45;9890570000";"4;0536060000"
202200035862;15;4;2022;16:50;1;68;1;1;1;7;"48;0908748370";"7;4963021278"
202200035863;16;4;2022;09:00;1;61;1;3;1;3;"48;3353810000";"0;4561740000"
202200035864;15;4;2022;16:00;1;06;1;1;1;2;"43;6690200000";"7;2008570000"
202200035865;15;4;2022;18:20;1;33;2;1;1;6;"44;6432730000";" -1;0572790000"
202200035866;16;4;2022;07:56;1;42;1;1;1;5;"45;5805340000";"4;0698230000"
202200035867;11;4;2022;08:40;1;56;2;9;1;3;"47;6639600000";" -3;0049320000"
202200035868;15;4;2022;05:00;3;972;1;1;1;1;"14;7331750000";" -60;9533070000"
202200035869;15;4;2022;07:20;1;64;2;3;1;3;"43;1699794371";" -0;2318062261"
202200035870;5;4;2022;16:00;1;07;1;1;1;1;"44;3177800000";"4;5898500000"
202200035871;5;4;2022;12:00;1;38;1;2;1;3;"45;0839940000";"5;7046990000"
202200035872;16;2;2022;22:00;5;14;2;1;9;6;"49;3347570000";" -0;4500960000"
202200035873;15;1;2022;07:30;5;28;2;3;5;3;"48;7297900000";"1;3825200000"
202200035874;16;5;2022;15:35;1;976;2;1;1;2;" -12;7830830000";"45;2317590000"
202200035875;16;5;2022;12:55;1;974;2;1;1;1;" -20;8803200000";"55;4525800000"
202200035876;16;5;2022;19:40;5;973;2;1;2;7;"4;9374000407";" -52;3184689879"
202200035877;16;5;2022;11:57;1;973;2;3;2;3;"4;9331930053";" -52;3252764344"
202200035878;16;5;2022;10:36;1;973;2;2;1;6;"4;9387887217";" -52;3317325115"
202200035879;15;5;2022;22:20;3;972;1;1;1;6;"14;6411260000";" -61;0111000000"
202200035880;16;5;2022;07:50;1;972;1;1;2;2;"14;6163500000";" -61;0550900000"
202200035881;15;5;2022;15:30;1;971;1;9;1;4;"16;2184800000";" -61;5014900000"
202200035882;16;5;2022;05:20;2;95;2;1;1;1;"48;9859600000";"2;4361300000"
202200035883;13;5;2022;12:50;1;91;2;9;1;3;"48;7137500000";"2;4484200000"
202200035884;16;5;2022;13:20;1;91;1;1;1;4;"48;6699600000";"2;5072130000"
202200035885;16;5;2022;08:00;1;91;2;1;1;2;"48;7011380000";"2;3235390000"
202200035886;14;5;2022;05:30;3;91;1;1;1;7;"48;3812200000";"2;0899400000"
202200035887;14;5;2022;18:30;1;87;1;1;1;2;"45;8998700000";"1;2267500000"
202200035888;13;5;2022;13:21;1;87;2;3;1;2;"45;8277200000";"1;2581600000"
202200035889;13;5;2022;22:03;3;87;1;1;1;7;"45;8156200000";"1;1854900000"
202200035890;16;5;2022;11:50;1;83;2;6;1;3;"43;1354763709";"6;0320446193"
202200035891;16;5;2022;12:45;1;83;2;1;1;1;"43;1267200000";"6;1523800000"
202200035892;13;5;2022;15:30;1;77;2;1;1;3;"48;6216200000";"2;5856900000"
202200035893;14;5;2022;19:50;1;77;1;1;1;7;"48;8177000000";"2;7573900000"
202200035894;6;5;2022;06:20;1;76;1;1;1;6;"49;3697400000";"1;0420100000"
202200035895;16;5;2022;08:10;1;76;1;1;1;3;"49;3553900000";"1;0255400000"
202200035896;13;5;2022;18:03;1;76;2;1;1;6;"49;4996300000";"0;0898000000"
202200035897;16;5;2022;09:00;1;73;2;1;1;3;"45;6727417349";"6;3872597985"
202200035898;3;5;2022;20:52;2;72;2;1;1;6;"47;9723500000";"0;2165300000"
202200035899;15;5;2022;16:40;1;71;1;1;1;2;"46;7938200000";"4;8235800000"
202200035900;16;5;2022;09:20;1;69;2;1;1;2;"45;9870800000";"4;7217000000"
202200035901;1;9;2022;15:10;1;2A;2;1;1;2;"41;6776080000";"9;3162880000"
202200035902;1;10;2022;12:45;1;2B;1;1;1;1;"42;4315030000";"8;7334440000"
202200035903;1;10;2022;05:55;3;2B;1;1;9;2;"42;4555790000";"9;5027820000"
202200035904;30;9;2022;14:50;1;33;1;1;1;1;"45;3406420000";" -1;0081780000"
202200035905;30;9;2022;19:30;2;61;2;1;2;3;"48;6039500000";"0;1712480000"
202200035906;1;10;2022;11:40;1;47;2;3;1;7;"44;2190520000";"0;5459310000"
202200035907;30;9;2022;08:00;2;44;1;6;8;3;"47;3146970000";" -2;4286970000"
202200035908;1;10;2022;09:40;1;44;1;1;2;7;"47;4061630000";" -1;1352500000"
202200035909;1;10;2022;12:00;1;35;1;1;1;6;"48;5191852407";" -1;7448024452"
202200035910;30;9;2022;16:30;1;29;1;1;2;1;"48;5450840732";" -4;4123770595"
202200035911;30;9;2022;16:30;1;14;1;2;1;3;"49;0850758077";" -0;4795655608"
202200035912;30;9;2022;18:40;2;18;1;1;8;7;"47;2067420000";"2;1542000000"
202200035913;30;9;2022;20:15;2;16;1;1;8;5;"45;6493120000";"0;5330030000"
202200035914;30;9;2022;11:00;1;27;2;1;1;5;"48;9956140000";"1;1555600000"
202200035915;1;10;2022;09:00;1;48;1;1;1;6;"44;5831700000";"3;6455940000"
202200035916;18;9;2022;18:15;1;08;2;1;1;6;"49;9874970000";"4;7111770000"
202200035917;30;9;2022;21:15;3;24;1;1;1;1;"44;8220300000";"1;0032210000"
202200035918;23;9;2022;07:45;1;31;1;1;1;2;"43;7711300000";"1;3847490000"
202200035919;1;10;2022;18:38;1;31;1;1;1;5;"43;4754700000";"1;5590290000"
202200035920;30;9;2022;07:47;1;38;2;2;1;6;"45;2583910000";"5;9084180000"
202200035921;1;10;2022;07:00;3;68;1;1;8;5;"47;7403620000";"7;2294330000"
202200035922;1;10;2022;04:45;5;06;1;1;1;3;"43;7079850000";"7;1916840000"
202200035923;1;10;2022;00:46;3;34;1;1;1;6;"43;5400070000";"3;7858680000"
202200035924;18;9;2022;17:25;1;30;1;1;1;4;"43;8082080000";"4;3383120000"
202200035925;30;9;2022;17:45;1;27;2;1;1;7;"49;2050970000";"1;1827660000"
202200035926;29;9;2022;12:15;1;69;1;1;2;6;"45;5213479981";"4;8644721510"
202200035927;1;10;2022;06:45;1;976;1;9;1;1;" -12;8373890000";"45;1826370000"
202200035928;30;9;2022;20:30;3;973;1;1;1;5;"5;4907060000";" -53;2980680000"
202200035929;29;9;2022;11:50;1;971;1;1;2;1;"16;0838880000";" -61;7664670000"
202200035930;1;10;2022;14:10;1;95;1;1;1;4;"49;0402990968";"2;5566226244"
202200035931;30;9;2022;20:45;3;13;1;1;1;1;"43;8219110000";"5;0312290000"
202200035932;30;9;2022;17:00;1;71;2;2;1;1;"46;4696720000";"4;2463070000"