Accident_Id;jour;mois;an;hrmn;lum;dep;agg;int;atm;col;lat;long
202200035933;30;9;2022;18:30;1;33;2;2;1;3;"45;1938590000";" -0;4578130000"
202200035934;30;9;2022;20:26;3;60;1;1;8;1;"49;4341774840";"2;3703376370"
202200035935;30;9;2022;16:30;1;13;1;1;1;2;"43;3537936180";"5;3647207688"
202200035936;30;9;2022;09:05;1;83;1;1;1;2;"43;1292400000";"5;9774600000"
202200035937;29;9;2022;16:20;1;69;1;1;1;6;"45;5320962520";"4;8602592945"
202200035938;30;9;2022;16:45;1;91;1;1;1;2;"48;6792600000";"2;3341800000"
202200035939;30;9;2022;05:15;2;988;2;1;2;1;" -22;2485100000";"166;4553600000"
202200035940;29;9;2022;17:15;1;974;2;3;1;3;" -21;3325200000";"55;4803300000"
202200035941;29;9;2022;06:15;1;974;2;1;1;3;" -21;3078300000";"55;4298600000"
202200035942;30;9;2022;00:50;5;69;2;1;8;7;"45;7451100000";"4;8358000000"
202200035943;29;9;2022;13:00;1;69;2;2;2;3;"45;7715000000";"4;8610300000"
202200035944;29;9;2022;09:20;1;69;2;2;2;1;"45;7504800000";"4;8570400000"
202200035945;29;9;2022;06:45;2;2B;2;6;1;3;"42;6747700000";"9;4378100000"
202200035946;28;9;2022;14:25;1;971;2;2;1;3;"16;0527300000";" -61;5592200000"
202200035947;28;9;2022;07:45;2;95;2;3;1;3;"48;9975807573";"2;4207177758"
202200035948;28;9;2022;06:00;3;95;1;1;2;3;"48;9742900000";"2;4262900000"
202200035949;29;9;2022;01:45;3;91;2;9;9;6;"48;6534000000";"2;5263800000"
202200035950;29;9;2022;17:00;1;91;2;1;8;6;"48;6596900000";"2;3737910000"
202200035951;28;9;2022;18:00;1;91;2;1;1;6;"48;6758300000";"2;3507500000"
202200035952;28;9;2022;20:46;4;87;1;1;1;6;"45;7912700000";"1;3030100000"
202200035953;27;9;2022;17:16;1;87;2;9;1;3;"45;8567700000";"1;2689800000"
202200035954;29;9;2022;19:30;5;78;2;1;1;7;"48;8944400000";"2;0723500000"
202200035955;29;9;2022;09:40;1;77;2;2;1;3;"48;4134000000";"2;7131000000"
202200035956;29;9;2022;17:15;2;74;2;1;8;2;"46;1930200000";"6;2267300000"
202200035957;29;9;2022;07:35;1;74;2;3;1;3;"46;1958000000";"6;2347800000"
202200035958;28;9;2022;12:00;1;72;1;1;1;2;"47;9510400000";"0;2303200000"
202200035959;29;9;2022;18:15;1;69;2;8;1;1;"45;7712700000";"4;9936700000"
202200035960;29;9;2022;12:10;1;69;2;1;8;6;"45;7738700000";"4;8652300000"
202200035961;28;9;2022;13:48;1;69;2;9;2;6;"45;7000100000";"4;8875000000"
202200035962;29;9;2022;16:45;1;69;2;1;1;5;"45;5916000000";"4;7629100000"
202200035963;28;9;2022;16:16;1;66;2;1;1;2;"42;6593412338";"2;8812892735"
202200035964;27;9;2022;18:10;1;66;1;1;1;2;"42;6547200000";"2;8821700000"
202200035965;27;9;2022;10:28;1;66;2;6;1;3;"42;6864600000";"2;9066800000"
202200035966;29;9;2022;14:45;1;64;2;9;1;3;"43;3113580000";" -0;4129070000"
202200035967;28;9;2022;14:15;1;64;2;6;3;3;"43;4803800000";" -1;5092900000"
202200035968;28;9;2022;09:50;1;64;2;1;3;6;"43;4915700000";" -1;4738400000"
202200035969;28;9;2022;17:20;1;60;2;1;1;6;"49;4266200000";"2;0819200000"
202200035970;29;9;2022;17:43;1;59;2;2;1;3;"50;7095200000";"3;1587800000"
202200035971;19;9;2022;13:47;1;58;2;6;1;6;"46;9925300000";"3;1487900000"
202200035972;29;9;2022;17:30;1;51;2;1;1;1;"49;2547300000";"4;0166300000"
202200035973;29;9;2022;15:20;1;51;2;1;1;7;"49;2409309811";"4;0227945149"
202200035974;28;9;2022;18:00;1;49;2;1;2;7;"47;4615100000";" -0;5169100000"
202200035975;26;9;2022;13:31;1;45;2;1;1;3;"48;0092400000";"2;7523200000"
202200035976;25;9;2022;21:45;5;37;2;1;1;2;"47;3941804644";"0;6670600176"
202200035977;29;9;2022;09:05;1;37;2;2;1;6;"47;3883800000";"0;7182200000"
202200035978;29;9;2022;04:35;3;35;1;1;2;6;"48;1184000000";" -1;5725980000"
202200035979;29;9;2022;19:10;1;35;2;2;1;3;"48;1222900000";" -1;6618200000"
202200035980;28;9;2022;21:50;5;33;2;2;2;3;"44;8705800000";" -0;5982000000"
202200035981;29;8;2022;08:10;1;30;2;6;1;3;"43;8141900000";"4;3344800000"
202200035982;27;9;2022;08:53;1;13;1;1;1;6;"43;3933000000";"5;1921600000"
202200035983;28;9;2022;14:45;1;13;2;3;1;3;"43;3128519195";"5;4308715931"
202200035984;28;9;2022;14:10;1;13;2;1;1;3;"43;2336023628";"5;4060696899"
202200035985;28;9;2022;16:40;1;13;1;1;1;3;"43;1910070000";"5;6027650000"
202200035986;29;9;2022;19:00;2;13;2;1;1;3;"43;5080557066";"5;4386088252"
202200035987;28;9;2022;08:55;1;12;2;1;8;1;"44;1081400000";"3;1371700000"
202200035988;26;9;2022;00:05;5;11;2;9;1;3;"43;2265500000";"2;3589800000"
202200035989;29;9;2022;16:30;1;10;2;1;2;3;"48;3086400000";"4;0686000000"
202200035990;28;9;2022;16:40;1;10;2;2;1;3;"48;3048300000";"4;0838000000"
202200035991;29;9;2022;11:00;1;09;2;3;8;3;"43;1010900000";"1;6231000000"
202200035992;29;9;2022;16:25;1;06;2;2;1;-1;"43;7026200000";"7;2639600000"
202200035993;28;9;2022;17:10;1;06;2;1;1;1;"43;6778100000";"7;2175800000"
202200035994;29;9;2022;15:33;1;06;1;1;1;7;"43;6631400000";"6;9185100000"
202200035995;4;5;2022;16:25;1;92;1;1;1;7;"48;9052286653";"2;2622590363"
202200035996;29;9;2022;00:10;5;75;2;1;1;2;"48;9001866939";"2;3727303743"
202200035997;28;9;2022;17:15;1;75;2;1;1;2;"48;9004290000";"2;3834660000"
202200035998;28;9;2022;23:40;5;75;2;2;1;6;"48;8513470000";"2;3268590000"
202200035999;29;9;2022;21:30;5;75;2;7;1;3;"48;8827810000";"2;3703640000"
202200036000;29;9;2022;15:15;1;75;2;1;1;3;"48;8727410000";"2;3792630000"
202200036001;29;9;2022;07:05;2;75;2;2;8;3;"48;8784090000";"2;3742580000"
202200036002;29;9;2022;18:05;1;75;2;2;1;6;"48;8897020000";"2;3681170000"
202200036003;29;9;2022;21:00;5;75;2;3;1;6;"48;8832800000";"2;2965710000"
202200036004;28;9;2022;14:30;1;75;2;7;1;2;"48;8402460000";"2;2715330000"
202200036005;29;9;2022;01:55;5;75;2;1;1;1;"48;8361070000";"2;3307430000"
202200036006;29;9;2022;20:40;5;75;2;2;1;3;"48;8598280000";"2;3887630000"
202200036007;25;9;2022;17:15;1;75;2;4;1;3;"48;8766030000";"2;3467160000"
202200036008;29;9;2022;19:16;5;75;2;1;1;2;"48;8603880000";"2;2951090000"
202200036009;29;9;2022;15:35;1;75;2;2;1;3;"48;8556640000";"2;3483230000"
202200036010;29;9;2022;00:45;5;75;2;1;1;6;"48;8484050000";"2;3632370000"
202200036011;28;9;2022;10:00;1;75;2;3;1;6;"48;8589290000";"2;3622310000"
202200036012;28;9;2022;10:15;1;75;2;1;1;3;"48;8682830000";"2;3601150000"
202200036013;29;9;2022;12:45;1;94;2;1;3;6;"48;8477760000";"2;4347550000"
202200036014;29;9;2022;17:14;1;94;2;1;8;2;"48;7464300000";"2;4659200000"
202200036015;29;9;2022;16:10;1;94;2;1;2;1;"48;8078720000";"2;4249550000"
202200036016;29;9;2022;10:15;1;94;2;1;1;7;"48;8136930000";"2;4312310000"
202200036017;29;9;2022;03:15;5;94;2;1;1;2;"48;7966180000";"2;3505600000"
202200036018;29;9;2022;15:25;1;94;2;2;3;2;"48;7423900000";"2;3863600000"
202200036019;29;9;2022;18:12;1;94;2;6;1;1;"48;7613200000";"2;5331500000"
202200036020;29;9;2022;08:30;1;94;2;4;8;2;"48;7627300000";"2;5194400000"
202200036021;28;9;2022;20:25;5;93;2;2;1;6;"48;9655100000";"2;5692200000"
202200036022;29;9;2022;12:00;1;93;2;1;1;3;"48;9267600000";"2;3518300000"
202200036023;29;9;2022;06:22;3;93;2;1;1;5;"48;9291100000";"2;3556400000"
202200036024;29;9;2022;15:30;1;93;2;2;2;1;"48;8735524920";"2;4336814666"
202200036025;29;9;2022;08:00;1;93;2;3;2;3;"48;9124800000";"2;5224100000"
202200036026;28;9;2022;17:00;1;93;2;1;8;3;"48;9198600000";"2;4559800000"
202200036027;29;9;2022;06:55;5;93;2;6;1;6;"48;9209621277";"2;4108658435"
202200036028;29;9;2022;18:35;1;93;2;9;8;2;"48;9093100000";"2;5035500000"
202200036029;29;9;2022;16:25;1;93;2;2;1;1;"48;9036162467";"2;3918525256"
202200036030;28;9;2022;23:04;5;92;2;1;1;1;"48;8135700000";"2;2810000000"
202200036031;28;9;2022;12:45;1;92;2;1;1;3;"48;8786800000";"2;2429100000"
202200036032;28;9;2022;09:30;1;92;2;9;2;2;"48;8850251571";"2;2506954968"
202200036033;29;9;2022;15:20;1;92;2;2;1;7;"48;8788923244";"2;2707957029"
202200036034;29;9;2022;18:41;1;92;2;1;1;1;"48;8168398430";"2;2479212880"
202200036035;28;9;2022;19:30;2;92;2;1;1;3;"48;8876259093";"2;2402718961"
202200036036;27;9;2022;11:35;1;92;2;3;8;1;"48;9356630000";"2;2609250000"
202200036037;29;9;2022;08:25;1;92;2;2;1;1;"48;9037392326";"2;3204779923"
202200036038;29;9;2022;16:40;1;92;2;1;1;6;"48;7842300070";"2;3027595877"
202200036039;29;9;2022;00:50;5;92;2;2;1;3;"48;8390403706";"2;2320232987"
202200036040;29;9;2022;16:25;1;976;1;1;1;2;" -12;7301400000";"45;1622680000"
202200036041;29;9;2022;07:00;1;976;1;1;1;2;" -12;7531570000";"45;2278540000"
202200036042;25;9;2022;11:55;1;87;1;1;1;1;"45;9780160000";"1;3471960000"
202200036043;30;9;2022;17:15;1;51;2;1;1;7;"48;7267980000";"4;5903810000"
202200036044;24;9;2022;11:50;1;01;1;2;1;3;"45;9599810000";"5;1488110000"
202200036045;30;9;2022;15:45;1;01;1;1;1;1;"45;9499860000";"5;4532960000"
202200036046;30;9;2022;16:50;1;06;1;1;1;3;"43;7361860000";"7;3072390000"
202200036047;29;9;2022;10:50;1;84;2;1;1;6;"44;0072580000";"4;9310270000"
202200036048;26;9;2022;17:30;1;49;1;1;8;3;"47;6810280000";" -0;2538820000"
202200036049;30;9;2022;05:45;3;13;1;6;1;1;"43;4012510000";"4;8262920000"
202200036050;29;9;2022;22:40;5;84;2;1;1;1;"44;2146600000";"4;7553630000"
202200036051;30;9;2022;13:36;1;52;1;1;7;7;"48;1062897076";"4;7950816154"
202200036052;29;9;2022;07:40;2;35;1;9;2;2;"48;1955267030";" -1;5369690958"
202200036053;29;9;2022;21:10;3;06;1;6;1;1;"43;7716320000";"7;2135600000"
202200036054;30;9;2022;10:35;1;69;1;1;8;6;"45;6385420000";"4;7712850000"
202200036055;24;9;2022;16:30;1;57;1;1;1;6;"49;2970420000";"6;5596960000"
202200036056;30;9;2022;06:20;5;79;2;3;1;3;"46;9883860000";" -0;4407000000"
202200036057;30;9;2022;08:00;1;2B;1;1;2;1;"42;2681680000";"9;2183640000"
202200036058;29;9;2022;07:15;2;55;1;1;1;2;"48;6932550000";"5;3498700000"
202200036059;29;9;2022;08:45;2;46;1;1;3;6;"44;4695370000";"1;3623890000"
202200036060;29;9;2022;17:30;1;47;1;1;3;5;"44;3226501700";"0;7227991405"
202200036061;29;9;2022;12:25;1;41;1;1;1;3;"47;3267700000";"1;6919210000"
202200036062;25;9;2022;14:15;1;68;2;1;1;3;"47;6512730000";"7;1580450000"
202200036063;20;9;2022;21:00;5;44;2;6;1;7;"47;1126200000";" -2;0655370000"
202200036064;8;12;2022;14:44;1;75;2;3;8;3;"48;8649120000";"2;3607970000"
202200036065;29;9;2022;18:20;1;44;1;1;8;1;"47;5904490000";" -1;9358470000"
202200036066;8;12;2022;17:30;5;75;2;1;1;2;"48;8827530000";"2;3766800000"
202200036067;29;9;2022;16:07;1;35;1;1;1;1;"48;5721210000";" -1;9046800000"
202200036068;8;12;2022;18:21;5;75;2;2;1;3;"48;8936400000";"2;3363790000"
202200036069;29;9;2022;11:30;1;29;1;2;1;3;"47;9361965824";" -4;3552762269"
202200036070;8;12;2022;22:20;5;75;2;1;1;6;"48;8950720000";"2;3069320000"
202200036071;27;9;2022;09:15;1;31;2;6;2;1;"43;7432610000";"1;3992010000"
202200036072;30;9;2022;13:45;1;03;1;1;1;7;"46;2956240000";"2;6230500000"
202200036073;8;12;2022;09:45;1;75;2;2;1;1;"48;8671380000";"2;2900340000"
202200036074;30;9;2022;03:00;3;17;2;1;1;7;"46;1145020000";" -0;7510400000"
202200036075;7;12;2022;12:30;1;75;2;2;1;6;"48;8518070000";"2;2662400000"
202200036076;24;7;2022;01:10;3;37;1;6;1;6;"47;5568350000";"0;5939480000"
202200036077;10;10;2022;20:30;5;75;2;6;1;3;"48;8695600000";"2;2851030000"
202200036078;8;12;2022;08:20;1;75;2;3;1;6;"48;8311370000";"2;3067300000"
202200036079;29;9;2022;21:40;3;68;1;1;1;2;"47;6792290000";"7;4622920000"
202200036080;8;12;2022;07:10;5;75;2;3;1;3;"48;8415850000";"2;3631510000"
202200036081;30;9;2022;01:40;3;34;1;1;1;6;"43;6219880000";"3;9567590000"
202200036082;8;12;2022;09:00;1;75;2;3;1;3;"48;8713730000";"2;3025910000"
202200036083;28;9;2022;19:00;1;28;1;1;1;6;"48;1296620000";"1;8532190000"
202200036084;8;12;2022;20:20;5;75;2;2;1;3;"48;8662240000";"2;3525430000"
202200036085;28;9;2022;09:30;1;972;2;1;1;7;"14;7557450000";" -61;0302950000"
202200036086;8;12;2022;01:06;5;75;2;2;1;3;"48;8691190000";"2;3541510000"
202200036087;28;9;2022;17:50;2;2B;2;1;1;1;"42;3727450000";"9;5294220000"
202200036088;7;12;2022;11:20;1;75;2;3;1;3;"48;8525970000";"2;3598190000"
202200036089;29;9;2022;13:35;1;84;1;1;7;1;"43;9562070000";"4;9010700000"
202200036090;7;12;2022;17:15;5;94;2;2;1;1;"48;8331600000";"2;4715100000"
202200036091;30;9;2022;07:26;2;71;1;2;5;3;"46;4082060000";"4;4431970000"
202200036092;8;12;2022;08:50;1;94;2;1;1;3;"48;8038100000";"2;4374400000"
202200036093;25;9;2022;09:42;1;67;1;2;1;3;"48;5270640000";"7;4631070000"
202200036094;8;12;2022;18:25;2;94;2;2;1;1;"48;8101500000";"2;3406724000"
202200036095;28;9;2022;22:20;3;57;1;1;8;1;"49;1362473324";"6;9319520435"
202200036096;8;12;2022;17:48;5;94;2;1;1;6;"48;7399800000";"2;4059000000"
202200036097;8;12;2022;17:00;3;94;2;1;1;6;"48;8044500000";"2;5493600000"
202200036098;28;9;2022;17:00;1;38;1;1;2;2;"45;7717440000";"5;1269250000"
202200036099;8;12;2022;16:00;1;94;2;3;1;3;"48;8161800000";"2;5385300000"
202200036100;7;12;2022;10:30;1;94;2;1;1;2;"48;8056668632";"2;5451427698"
202200036101;19;9;2022;12:50;1;31;1;2;1;3;"43;4010560000";"1;2511320000"
202200036102;8;12;2022;07:20;3;94;1;1;1;3;"48;7575410000";"2;5034810000"
202200036103;29;9;2022;17:40;1;33;1;3;1;3;"45;3181290000";" -0;9107330000"
202200036104;8;12;2022;13:24;1;93;2;2;1;3;"48;9026900000";"2;5228410000"
202200036105;6;9;2022;10:50;1;85;2;4;1;5;"46;4575710000";" -0;8006550000"
202200036106;8;12;2022;16:35;1;93;2;1;9;3;"48;9331300000";"2;4004400000"
202200036107;29;9;2022;17:10;1;44;2;1;1;7;"47;2631490000";" -1;5055530000"
202200036108;8;12;2022;15:00;1;93;2;6;1;2;"48;9252400000";"2;4000000000"
202200036109;30;9;2022;15:30;1;27;1;3;1;3;"49;2059200000";"1;3083490000"
202200036110;8;12;2022;13:40;1;93;2;9;8;1;"48;9030520000";"2;4927570000"
202200036111;30;9;2022;11:45;1;60;2;1;1;6;"49;1934190000";"2;4704470000"
202200036112;8;12;2022;14:00;1;92;2;3;1;6;"48;8256825493";"2;2195816040"
202200036113;30;9;2022;14:00;1;60;1;1;1;2;"49;5467370000";"2;7034090000"
202200036114;8;12;2022;20:05;5;92;2;1;1;3;"48;8367680000";"2;2218960000"
202200036115;30;9;2022;08:40;1;60;1;1;1;2;"49;3668930000";"2;7759360000"
202200036116;8;12;2022;08:50;1;92;2;1;8;2;"48;8642024476";"2;1921348274"
202200036117;30;9;2022;13:30;1;02;1;1;1;1;"49;9351740000";"4;0688900000"
202200036118;8;12;2022;14:15;1;92;2;1;1;3;"48;8782994532";"2;2427853942"
202200036119;29;9;2022;08:00;1;13;1;9;1;3;"43;2869700000";"5;5065900000"
202200036120;8;12;2022;15:15;1;92;2;1;1;6;"48;9005820000";"2;2146520000"
202200036121;27;9;2022;16:45;1;62;1;1;1;6;"50;9360810000";"1;9081940000"
202200036122;28;9;2022;08:50;1;59;1;1;1;6;"50;6826711511";"3;1166356802"
202200036123;29;9;2022;18:10;1;91;1;1;1;3;"48;7240000000";"2;1675000000"
202200036124;8;12;2022;12:40;1;92;2;9;1;4;"48;8872852584";"2;1998995542"
202200036125;29;9;2022;14:00;1;91;1;1;1;3;"48;6873000000";"2;1900000000"
202200036126;8;12;2022;10:04;1;92;2;1;1;6;"48;9012900000";"2;2178600000"
202200036127;29;9;2022;10:09;1;91;1;1;1;2;"48;7599080000";"2;2631930000"
202200036128;8;12;2022;19:30;5;92;2;1;1;3;"48;8176540000";"2;3268140000"
202200036129;8;12;2022;20:45;3;92;2;2;1;3;"48;8929300000";"2;2895700000"
202200036130;7;12;2022;08:45;2;92;2;3;1;7;"48;8909220000";"2;2476430000"
202200036131;8;12;2022;09:36;1;92;2;1;1;2;"48;9017154335";"2;2912893891"
202200036132;8;12;2022;22:05;3;35;1;1;1;6;"47;9204050000";" -1;3571870000"
202200036133;9;12;2022;00:40;3;35;1;3;1;6;"47;8206180000";" -1;9084450000"
202200036134;7;12;2022;16:00;1;49;2;1;7;6;"47;3479750000";" -0;7714460000"
202200036135;3;12;2022;18:15;5;51;2;1;1;7;"48;7223040000";"4;5851340000"
202200036136;9;12;2022;17:40;1;31;1;1;8;6;"43;6650000000";"1;7213560000"
202200036137;8;12;2022;19:15;3;62;2;1;1;1;"50;9864970000";"2;1061570000"
202200036138;7;12;2022;13:30;1;63;1;4;8;6;"45;9530220000";"2;6422070000"
202200036139;9;12;2022;09:30;1;38;2;1;2;7;"44;8983110000";"5;7924230000"
202200036140;7;12;2022;10:05;1;44;2;1;1;3;"47;2501060000";" -2;1654650000"
202200036141;8;12;2022;15:35;1;19;1;1;1;7;"45;3792820000";"1;5070370000"
202200036142;8;12;2022;17:02;3;74;2;1;1;6;"45;9144170000";"6;1495820000"
202200036143;9;12;2022;17:00;3;77;1;1;1;1;"48;6935600000";"3;3172920000"
202200036144;8;12;2022;20:50;3;79;1;1;1;7;"46;5419640000";" -0;2145930000"
202200036145;5;12;2022;22:00;3;80;1;1;1;1;"50;0337410000";"1;7622650000"
202200036146;6;12;2022;08:48;1;65;2;3;1;3;"43;1883850000";"0;1015110000"
202200036147;8;12;2022;19:00;3;63;2;1;1;6;"45;7354820000";"3;3357240000"
202200036148;3;12;2022;18:33;3;49;1;2;1;1;"47;4739900000";" -0;8542080000"
202200036149;6;11;2022;11:45;1;35;2;9;1;6;"48;6751460358";" -1;8500067294"
202200036150;9;12;2022;14:38;1;29;2;1;1;7;"47;9621510000";" -3;8403010000"
202200036151;8;12;2022;02:30;3;31;1;1;1;3;"43;4486920000";"1;9183580000"
202200036152;9;12;2022;15:45;1;02;2;1;8;6;"49;3895700000";"3;1151870000"
202200036153;9;12;2022;00:50;3;01;1;1;2;6;"46;2906140000";"4;8715010000"
202200036154;8;12;2022;14:15;1;14;1;1;1;5;"49;1232360000";" -0;4639580000"
202200036155;8;12;2022;20:45;5;60;2;1;5;3;"49;6078144546";"2;0798675697"
202200036156;7;12;2022;15:30;1;36;1;1;1;3;"46;4964670811";"2;0960605145"
202200036157;7;12;2022;15:20;1;40;1;2;8;3;"43;8820190000";" -0;3491910000"
202200036158;9;12;2022;08:05;2;30;1;1;8;6;"43;9761000000";"4;4850830000"
202200036159;8;12;2022;07:40;2;08;2;1;8;3;"49;6302520000";"5;1686540000"
202200036160;8;12;2022;07:40;2;67;1;3;5;3;"48;9598130000";"7;6268290000"
202200036161;8;12;2022;05:15;3;19;1;1;1;6;"45;4613950000";"2;0971870000"
202200036162;7;12;2022;15:30;1;34;1;1;7;3;"43;4946200000";"3;7762500000"
202200036163;8;12;2022;06:45;2;13;1;1;1;2;"43;6919950000";"5;7240270000"
202200036164;6;12;2022;11:10;1;34;1;9;1;6;"43;5475370000";"3;7953040000"
202200036165;5;11;2022;14:10;1;91;2;1;2;2;"48;6544870000";"2;0768400000"
202200036166;9;12;2022;09:30;1;2B;1;1;2;1;"42;4715590000";"9;2519580000"
202200036167;9;12;2022;13:30;1;84;2;1;8;3;"44;3885120000";"4;9730940000"
202200036168;8;12;2022;11:20;1;83;1;1;8;2;"43;1293870000";"6;0732740000"
202200036169;8;12;2022;07:09;5;06;2;1;1;1;"43;7869120000";"7;2744410000"
202200036170;9;12;2022;08:10;1;05;1;1;2;7;"44;3270537565";"5;8704757690"
202200036171;9;12;2022;08:00;4;38;2;1;3;6;"45;2104150000";"5;6658200000"
202200036172;8;12;2022;19:30;3;24;1;1;1;6;"44;6894300000";"0;9063020000"
202200036173;9;12;2022;11:03;1;33;2;3;8;6;"44;9938080000";" -0;4390720000"
202200036174;9;12;2022;02:30;3;22;1;1;1;2;"48;5287700000";" -1;9181440000"
202200036175;15;7;2022;22:24;5;75;2;2;1;3;"48;8856740000";"2;3168220000"
202200036176;9;12;2022;15:15;1;35;1;3;1;2;"48;1044290781";" -1;7500325981"
202200036177;15;7;2022;08:44;1;75;2;2;1;3;"48;8709520000";"2;3226360000"
202200036178;9;12;2022;01:30;3;76;1;6;1;6;"49;4825830000";"0;4427680000"
202200036179;15;7;2022;23:50;5;75;2;3;1;3;"48;8595440000";"2;3292800000"
202200036180;9;12;2022;06:11;3;60;1;1;1;3;"49;1561263178";"2;8497719763"
202200036181;8;12;2022;04:20;3;13;1;1;1;5;"43;3278638141";"5;3782296181"
202200036182;16;7;2022;18:40;1;94;2;3;1;6;"48;7297910000";"2;4481190000"
202200036183;7;12;2022;07:55;1;13;1;1;1;4;"43;2923000000";"5;4540000000"
202200036184;16;7;2022;03:52;5;93;2;1;1;2;"48;9105400000";"2;4139900000"
202200036185;8;12;2022;18:10;3;91;1;1;1;5;"48;6976700000";"2;3149400000"
202200036186;16;7;2022;17:50;1;93;2;3;7;3;"48;8804401002";"2;4935679138"
202200036187;7;12;2022;20:19;3;78;1;1;1;2;"48;9176690000";"2;0053970000"
202200036188;15;7;2022;22:50;5;93;2;1;1;6;"48;8718500000";"2;4245000000"
202200036189;8;12;2022;15:00;1;93;1;1;1;3;"48;9476100000";"2;4436400000"
202200036190;16;7;2022;10:22;1;93;2;3;1;6;"48;9262300000";"2;4258040000"
202200036191;8;12;2022;16:15;2;95;1;1;1;6;"48;9585871000";"2;2740529104"
202200036192;16;7;2022;10:57;1;92;2;1;1;6;"48;8228090000";"2;2534260000"
202200036193;8;12;2022;10:00;1;95;1;1;1;3;"48;9498780000";"2;2801840000"
202200036194;16;7;2022;20:08;1;92;2;2;1;3;"48;9157469171";"2;2324303240"
202200036195;8;12;2022;09:30;1;95;1;1;1;3;"49;0351060000";"2;5408860000"
202200036196;8;12;2022;09:30;1;93;1;1;1;3;"48;8657300000";"2;4211800000"
202200036197;7;12;2022;09:45;1;94;1;1;1;6;"48;7690871283";"2;4502224877"
202200036198;15;7;2022;23:51;5;92;2;6;1;3;"48;9033789006";"2;3129108101"
202200036199;30;6;2022;16:25;1;38;2;1;1;6;"45;3760000000";"5;5810000000"
202200036200;17;7;2022;03:25;4;01;2;1;1;6;"46;0652900000";"5;0720150000"
202200036201;1;5;2022;19:15;1;38;2;2;1;6;"45;3661900000";"5;5812300000"
202200036202;17;7;2022;06:45;3;81;2;1;1;6;"43;5905680000";"2;1755470000"
202200036203;7;4;2022;18:45;1;38;2;1;2;6;"45;5283300000";"4;8747700000"
202200036204;17;7;2022;16:40;1;74;2;6;1;3;"45;9195240000";"6;0830680000"
202200036205;16;9;2022;02:10;3;74;1;1;8;1;"46;1833180000";"6;2268390000"
202200036206;16;7;2022;17:15;1;76;1;1;1;7;"49;9106580000";"1;6222140000"
202200036207;7;10;2022;01:12;3;42;1;1;1;2;"45;4960285070";"4;5564910769"
202200036208;16;7;2022;09:00;1;62;2;2;1;3;"50;4852610000";"1;6310620000"
202200036209;6;12;2022;12:30;1;75;2;4;1;6;"48;8819110000";"2;2827270000"
202200036210;16;7;2022;23:00;5;84;2;1;1;2;"43;8708740000";"5;1471810000"
202200036211;16;7;2022;19:25;2;59;1;3;1;3;"50;4460340000";"3;3502290000"
202200036212;7;12;2022;12:30;1;75;2;5;1;6;"48;8524530000";"2;3319250000"
202200036213;16;7;2022;00:50;3;34;1;1;1;7;"43;7016125604";"3;8744832205"
202200036214;7;12;2022;15:17;1;75;2;2;1;3;"48;8861640000";"2;3966450000"
202200036215;16;7;2022;04:00;3;74;1;1;1;6;"46;2687530000";"6;3198850000"
202200036216;7;12;2022;03:20;5;75;2;2;8;2;"48;8824800000";"2;3379180000"
202200036217;17;7;2022;10:30;1;74;1;1;1;1;"46;1744960000";"6;6812110000"
202200036218;6;12;2022;22:20;5;75;2;2;1;6;"48;8752680000";"2;2947940000"
202200036219;16;7;2022;22:10;5;74;1;1;1;1;"46;1386980000";"6;4298080000"
202200036220;16;7;2022;21:20;1;76;2;1;1;1;"49;4480244439";"1;2232144475"
202200036221;6;12;2022;23:22;5;75;2;2;1;3;"48;8691260000";"2;2898400000"
202200036222;16;7;2022;02:05;3;80;2;1;1;6;"50;0099540000";"1;6422720000"
202200036223;7;12;2022;13:30;1;75;2;3;8;6;"48;8445050000";"2;2927920000"
202200036224;17;7;2022;14:15;1;82;1;1;1;6;"43;9534060000";"1;1894420000"
202200036225;16;7;2022;10:30;1;33;1;1;1;3;"44;7820360000";" -1;1458680000"
202200036226;6;12;2022;22:30;5;75;2;2;1;2;"48;8386370000";"2;3052630000"
202200036227;17;7;2022;05:05;3;32;1;1;1;6;"43;6564280679";"0;7796888351"
202200036228;16;7;2022;14:30;1;63;1;1;7;6;"45;4896070000";"3;9667510000"
202200036229;7;12;2022;08:20;2;75;2;3;8;3;"48;8381950000";"2;4084390000"
202200036230;16;7;2022;02:30;3;42;1;1;1;1;"45;8510730000";"4;3398140000"
202200036231;7;12;2022;07:30;5;75;2;3;2;3;"48;8446700000";"2;3691440000"
202200036232;15;7;2022;18:15;1;29;2;6;1;2;"47;8325010200";" -4;1797478190"
202200036233;7;12;2022;13:39;1;75;2;3;1;3;"48;8610010000";"2;3672100000"
202200036234;7;12;2022;15:20;1;75;2;2;1;3;"48;8836110000";"2;3495460000"
202200036235;16;7;2022;15:50;1;31;1;2;1;5;"43;5814400000";"1;7658050000"
202200036236;7;12;2022;00:45;5;75;2;3;1;7;"48;8719030000";"2;3009400000"
202200036237;16;7;2022;15:15;1;02;1;1;1;2;"49;7352390000";"3;2749240000"
202200036238;7;12;2022;13:45;1;75;2;1;1;6;"48;8490470000";"2;3217160000"
202200036239;7;12;2022;15:05;1;75;2;2;1;6;"48;8585450000";"2;3482300000"