Accident_Id;jour;mois;an;hrmn;lum;dep;agg;int;atm;col;lat;long
202200036240;18;1;2022;14:20;1;69;2;2;8;6;"45;7541820771";"4;8469662666"
202200036241;18;1;2022;19:00;5;69;2;1;1;2;"45;7198600000";"4;8106100000"
202200036242;16;7;2022;15:00;1;15;1;4;1;3;"45;4012320000";"2;6769250000"
202200036243;7;12;2022;16:45;2;75;2;2;1;3;"48;8706820000";"2;3478950000"
202200036244;17;1;2022;17:10;1;971;2;1;1;6;"16;2370906092";" -61;5318918228"
202200036245;15;7;2022;18:40;1;72;1;1;1;1;"48;1894080000";"0;0776450000"
202200036246;5;12;2022;16:45;2;75;2;3;1;6;"48;8697920000";"2;3281750000"
202200036247;16;7;2022;19:15;1;14;1;1;1;1;"49;2123830000";" -0;5745080000"
202200036248;7;12;2022;10:26;1;94;2;2;1;6;"48;8465100000";"2;4184200000"
202200036249;18;1;2022;16:35;1;91;2;1;1;6;"48;6876700000";"2;2888200000"
202200036250;17;7;2022;18:15;1;05;1;1;1;2;"44;5296170000";"6;3973050000"
202200036251;7;12;2022;14:00;1;94;2;9;8;1;"48;7248990000";"2;4480050000"
202200036252;16;7;2022;23:00;3;50;1;1;1;6;"49;3996570000";" -1;5361230000"
202200036253;17;1;2022;17:45;5;86;2;1;1;6;"46;5527790000";"0;3020330000"
202200036254;7;12;2022;00:05;5;94;2;2;1;1;"48;7957600000";"2;5151000000"
202200036255;17;7;2022;03:15;3;73;2;1;1;6;"45;7789850000";"5;8914000000"
202200036256;3;12;2022;15:00;1;94;2;2;1;1;"48;7845900000";"2;3673300000"
202200036257;18;1;2022;16:05;2;83;2;1;1;1;"43;1138490000";"5;9470320000"
202200036258;16;7;2022;18:10;1;24;1;3;1;1;"44;8572990000";"0;9048700000"
202200036259;7;12;2022;12:25;1;94;2;1;1;1;"48;7676500000";"2;4786900000"
202200036260;18;1;2022;15:25;1;81;2;1;1;6;"43;4912200000";"2;3783000000"
202200036261;7;12;2022;15:45;1;94;2;1;1;6;"48;8265000000";"2;4031900000"
202200036262;18;1;2022;15:55;1;77;1;1;1;3;"48;8521800000";"2;7255600000"
202200036263;6;12;2022;19:00;5;93;2;1;1;2;"48;9066960000";"2;3253110000"
202200036264;18;1;2022;03:48;5;67;2;1;2;7;"48;5925900000";"7;6941800000"
202200036265;17;7;2022;17:00;1;04;1;1;1;4;"44;0738350000";"6;0216450000"
202200036266;7;12;2022;17:00;2;93;2;2;1;6;"48;8565278461";"2;4275950595"
202200036267;17;1;2022;17:20;5;67;2;1;1;3;"48;5787070000";"7;7810870000"
202200036268;17;1;2022;14:30;1;66;2;1;1;6;"42;6879813608";"2;8981568478"
202200036269;16;7;2022;06:25;2;87;2;1;1;1;"46;1312630000";"1;2824070000"
202200036270;7;12;2022;18:15;5;93;2;1;1;4;"48;9366702955";"2;5685582159"
202200036271;15;1;2022;13:28;1;66;2;1;1;3;"42;6882700000";"2;8748900000"
202200036272;17;7;2022;13:00;1;52;1;1;1;7;"48;6134700000";"5;0402190000"
202200036273;7;12;2022;16:30;2;92;2;9;1;6;"48;9306284876";"2;3321426511"
202200036274;14;1;2022;19:20;5;66;2;1;1;7;"42;7075300000";"2;8851300000"
202200036275;16;7;2022;19:15;5;987;1;1;2;-1;" -17;7120000000";" -149;5080000000"
202200036276;6;12;2022;05:00;5;92;2;1;1;3;"48;9356131483";"2;3332868814"
202200036277;17;7;2022;07:30;1;95;1;1;1;6;"49;0948970000";"2;3146930000"
202200036278;17;1;2022;17:55;5;64;2;3;1;6;"43;3159600000";" -0;3567700000"
202200036279;7;12;2022;09:39;1;92;2;3;1;3;"48;8287041381";"2;2649415135"
202200036280;14;7;2022;14:00;1;973;2;6;1;2;"4;9272010000";" -52;2900620000"
202200036281;17;1;2022;20:11;5;64;2;1;1;6;"43;4974900000";" -1;4854100000"
202200036282;7;12;2022;00:50;5;92;2;2;1;1;"48;9356200000";"2;2609000000"
202200036283;16;7;2022;16:35;1;06;2;2;1;3;"43;5828200000";"7;0095670000"
202200036284;7;12;2022;14:24;1;92;2;3;1;2;"48;9057900000";"2;2533900000"
202200036285;17;1;2022;19:34;5;63;2;2;1;6;"45;7735000000";"3;0900000000"
202200036286;7;12;2022;16:05;1;92;2;6;1;3;"48;9054632364";"2;2562602758"
202200036287;17;7;2022;00:30;3;06;1;1;1;6;"43;7693390000";"7;4493580000"
202200036288;18;1;2022;19:10;5;59;2;3;1;6;"50;7200359268";"3;1426624954"
202200036289;7;12;2022;17:15;5;92;2;3;1;3;"48;9297900000";"2;2460990000"
202200036290;17;7;2022;05:11;2;64;1;1;1;6;"43;3515400000";" -1;7177100000"
202200036291;18;1;2022;08:00;5;59;2;1;1;3;"50;7446804620";"3;1737763881"
202200036292;7;12;2022;01:28;5;92;2;1;8;2;"48;7891700000";"2;2609100000"
202200036293;18;1;2022;23:15;5;59;2;1;1;6;"50;6991510198";"3;1623673439"
202200036294;6;12;2022;18:30;5;92;2;2;1;3;"48;8270500000";"2;2383800000"
202200036295;17;7;2022;14:55;1;34;1;9;1;2;"43;6044640000";"3;9289860000"
202200036296;17;1;2022;06:45;3;59;1;3;1;3;"50;4032700000";"3;0631200000"
202200036297;7;12;2022;18:40;5;92;2;3;1;6;"48;8017647266";"2;3238905668"
202200036298;17;7;2022;12:15;1;73;2;1;1;5;"45;4946420000";"6;9259970000"
202200036299;8;12;2022;16:00;1;974;1;1;1;6;" -21;0192790000";"55;2587150000"
202200036300;14;1;2022;16:05;1;57;2;2;1;3;"49;3624800000";"6;1636400000"
202200036301;7;12;2022;22:00;3;14;1;1;5;6;"48;9554600000";" -0;4615760000"
202200036302;17;7;2022;18:20;1;95;2;1;1;3;"49;0796404897";"2;5002425909"
202200036303;7;12;2022;22:00;5;51;2;9;1;7;"48;7210276664";"4;6069890261"
202200036304;18;1;2022;19:20;5;54;2;1;1;1;"48;6536000000";"6;2328000000"
202200036305;17;7;2022;03:45;3;971;1;1;1;7;"16;3258440000";" -61;0261990000"
202200036306;6;12;2022;18:45;3;84;1;1;1;2;"43;9940570000";"4;9292670000"
202200036307;18;1;2022;16:42;1;54;2;1;1;6;"48;7081600000";"6;1978300000"
202200036308;16;7;2022;17:45;1;41;2;2;1;3;"47;6700110000";"1;5307580000"
202200036309;8;12;2022;15:30;1;972;2;1;1;3;"14;4762780000";" -61;0372280000"
202200036310;16;7;2022;02:20;3;28;1;1;1;2;"48;7580560000";"1;4887330000"
202200036311;18;1;2022;12:55;1;45;2;1;1;6;"47;9041100000";"1;9042700000"
202200036312;8;12;2022;15:40;1;60;2;1;5;1;"49;1431450000";"3;0643060000"
202200036313;18;1;2022;07:45;5;45;2;1;1;6;"47;9049000000";"1;8975500000"
202200036314;18;1;2022;00:25;5;45;2;1;5;6;"47;9137800000";"1;8680000000"
202200036315;7;12;2022;07:45;3;44;1;1;1;6;"47;3578700000";" -2;0485600000"
202200036316;16;7;2022;07:15;1;66;2;1;1;5;"42;8195440000";"3;0384280000"
202200036317;15;1;2022;12:45;1;45;2;1;1;6;"47;9727269039";"2;7335721552"
202200036318;28;11;2022;17:00;2;57;2;1;2;3;"49;0028290000";"6;8431570000"
202200036319;17;1;2022;15:20;1;41;2;1;1;3;"47;6005400000";"1;3425100000"
202200036320;2;12;2022;19:07;5;91;2;3;2;3;"48;5939240000";"2;5019970000"
202200036321;17;7;2022;13:25;1;84;2;3;1;1;"44;3043320000";"4;7493130000"
202200036322;17;1;2022;16:19;1;40;2;9;1;6;"43;9026200000";" -0;4794800000"
202200036323;7;12;2022;18:00;5;51;1;1;1;2;"49;2040070000";"4;0110610000"
202200036324;17;1;2022;19:17;5;38;2;3;1;3;"45;1581179941";"5;7089184570"
202200036325;7;12;2022;14:30;1;19;1;1;1;6;"45;1409290000";"1;8804970000"
202200036326;17;7;2022;19:45;1;83;2;1;1;7;"43;1735474564";"5;8382034302"
202200036327;17;1;2022;21:55;5;37;2;1;1;6;"47;3880792808";"0;7085135579"
202200036328;17;7;2022;08:45;1;10;1;1;1;6;"48;6586865392";"4;2262387276"
202200036329;18;1;2022;12:35;1;35;2;1;1;6;"48;1263000000";" -1;5991400000"
202200036330;7;12;2022;18:30;3;12;1;1;1;6;"44;2590550000";"1;9942920000"
202200036331;15;7;2022;21:50;5;68;2;1;1;7;"47;8977580000";"6;9824450000"
202200036332;8;12;2022;11:30;1;39;1;1;5;6;"46;8271820000";"5;4820930000"
202200036333;7;12;2022;16:01;2;38;1;1;8;1;"45;2282690000";"5;7688520000"
202200036334;18;1;2022;16:56;1;33;2;9;1;3;"44;8796100000";" -0;6268300000"
202200036335;7;12;2022;17:45;5;84;2;1;1;1;"43;6914670000";"5;5174220000"
202200036336;16;7;2022;19:00;1;74;2;1;1;1;"45;9000480000";"6;4251780000"
202200036337;17;1;2022;17:30;3;33;2;6;1;2;"44;8534000000";" -0;5079000000"
202200036338;8;12;2022;00:20;3;26;1;1;1;6;"45;2157240000";"5;0313630000"
202200036339;17;1;2022;12:45;1;29;1;6;1;3;"47;9797741735";" -4;0791431665"
202200036340;10;7;2022;16:10;1;42;2;2;1;3;"45;8060300000";"4;1561150000"
202200036341;5;12;2022;18:45;3;64;1;1;1;1;"43;3329480000";" -1;4884220000"
202200036342;3;7;2022;14:30;1;69;1;1;1;6;"45;9706401574";"4;4220585896"
202200036343;18;1;2022;18:43;5;29;2;4;1;3;"48;4058430000";" -4;4789260000"
202200036344;7;12;2022;15:15;1;43;1;1;8;7;"45;1435390000";"3;5005620000"
202200036345;11;7;2022;12:30;1;81;2;9;1;7;"43;8971970000";"1;8685770000"
202200036346;7;12;2022;11:27;1;53;1;1;1;7;"48;2681140000";" -0;6763050000"
202200036347;18;1;2022;18:00;4;29;2;6;1;3;"48;3919666691";" -4;4874697924"
202200036348;16;7;2022;20:00;1;33;2;1;1;6;"45;0216670000";" -0;1471770000"
202200036349;7;12;2022;08:05;2;17;1;1;1;1;"45;8780810000";" -0;3606710000"
202200036350;18;1;2022;12:15;1;27;2;1;1;6;"49;2669600000";"1;2033900000"
202200036351;7;12;2022;06:00;3;17;1;1;9;7;"45;9977440000";" -0;1672570000"
202200036352;17;7;2022;02:34;3;29;1;1;1;3;"48;2365510000";" -4;3153520000"
202200036353;7;12;2022;17:55;5;88;1;1;1;6;"47;8889370000";"6;8642540000"
202200036354;15;7;2022;17:00;1;22;1;1;1;7;"48;6195150000";" -2;3474850000"
202200036355;18;1;2022;08:20;5;27;1;1;5;4;"49;0204887354";"1;1915672294"
202200036356;1;12;2022;08:05;1;31;1;1;1;2;"43;5126270000";"1;3661240000"
202200036357;15;7;2022;20:15;1;22;2;1;1;6;"48;7772890000";" -3;0466600000"
202200036358;8;12;2022;11:05;1;37;1;1;1;6;"47;5446121014";"0;9813022614"
202200036359;17;7;2022;04:05;3;35;1;1;1;6;"48;1962280000";" -1;4239530000"
202200036360;8;12;2022;08:30;1;01;1;1;5;6;"45;8169860000";"5;0761560000"
202200036361;18;1;2022;10:00;1;15;2;6;7;6;"44;9273300000";"2;4462900000"
202200036362;24;6;2022;13:35;1;60;2;1;1;3;"49;2085186430";"2;6013178824"
202200036363;7;12;2022;23:50;3;57;1;1;8;7;"49;1356760000";"6;6463850000"
202200036364;18;1;2022;21:50;5;13;2;3;1;3;"43;3608978802";"5;3635665117"
202200036365;17;1;2022;18:30;5;13;2;1;1;1;"43;3025010721";"5;4538133603"
202200036366;8;12;2022;17:50;3;14;1;1;4;4;"49;3784892210";"0;2403044700"
202200036367;16;7;2022;20:40;5;60;2;2;1;3;"49;4084320000";"2;1124010000"
202200036368;16;7;2022;21:00;2;80;1;1;1;7;"49;6909260000";"2;6309040000"
202200036369;17;1;2022;16:45;1;13;2;1;1;1;"43;2907945848";"5;4415263552"
202200036370;7;12;2022;18:45;3;95;1;1;1;4;"49;0932360000";"2;5306960000"
202200036371;17;1;2022;16:30;1;13;2;9;1;-1;"43;2911273069";"5;4866449535"
202200036372;15;7;2022;00:20;3;69;1;1;1;7;"45;7605500000";"5;0309800000"
202200036373;24;11;2022;07:00;4;78;2;4;5;3;"48;8471380000";"1;8987040000"
202200036374;17;1;2022;20:20;5;13;2;3;1;3;"43;5192900000";"5;4619800000"
202200036375;7;12;2022;22:00;3;66;1;1;1;7;"42;6216330000";"2;9514110000"
202200036376;8;12;2022;08:15;1;04;1;1;1;7;"43;9363180000";"5;9133910000"
202200036377;17;1;2022;12:48;1;10;2;4;1;6;"48;3075200000";"4;0307900000"
202200036378;16;7;2022;15:23;1;33;1;1;1;4;"44;7819490000";" -0;5837980000"
202200036379;17;1;2022;08:00;2;07;2;1;9;7;"44;9317500000";"4;8787800000"
202200036380;7;12;2022;16:55;1;13;2;9;8;3;"43;5085810000";"5;2155930000"
202200036381;16;7;2022;13:55;1;91;1;1;1;7;"48;6239100000";"2;3790400000"
202200036382;8;12;2022;01:15;5;68;2;1;1;7;"47;8634690000";"7;0455310000"
202200036383;16;7;2022;00:34;3;92;1;1;1;2;"48;7691670617";"2;2441088204"
202200036384;18;1;2022;15:50;1;06;2;1;1;3;"43;7220440000";"7;2721580000"
202200036385;5;12;2022;15:00;1;67;1;1;8;6;"48;6346460000";"7;3783710000"
202200036386;30;4;2022;11:50;1;33;2;1;1;1;"44;6628300000";" -1;1759400000"
202200036387;18;1;2022;18:45;5;06;2;1;1;3;"43;6345080000";"6;9394250000"
202200036388;8;12;2022;07:55;2;57;2;1;1;6;"49;3038740000";"6;1554340000"
202200036389;14;7;2022;10:30;1;974;1;9;2;6;" -20;9094400000";"55;5027700000"
202200036390;18;1;2022;08:30;1;06;2;3;1;3;"43;6429850000";"6;9570590000"
202200036391;8;12;2022;07:45;2;74;2;1;1;6;"46;0724040000";"6;2992160000"
202200036392;15;7;2022;19:20;5;974;2;1;1;7;" -20;9428900000";"55;3006300000"
202200036393;8;12;2022;06:50;5;42;2;1;1;7;"45;7424530000";"4;2118250000"
202200036394;17;1;2022;14:40;1;01;2;1;8;6;"46;2074000000";"5;2275000000"
202200036395;8;12;2022;12:55;1;38;2;2;1;3;"45;3708970000";"4;7972540000"
202200036396;18;1;2022;18:05;2;75;2;7;1;2;"48;8778970000";"2;3516270000"
202200036397;15;7;2022;11:27;1;974;1;1;1;4;" -20;9548700000";"55;3102100000"
202200036398;7;12;2022;14:15;2;69;1;2;2;1;"45;8294650000";"4;6467230000"
202200036399;18;1;2022;10:25;1;75;2;2;1;3;"48;8976220000";"2;3290980000"
202200036400;15;7;2022;13:11;1;973;2;3;1;3;"4;9411465333";" -52;3221087456"
202200036401;5;12;2022;05:36;3;81;1;1;1;7;"43;5336710000";"2;1024270000"
202200036402;8;12;2022;08:00;2;86;1;1;8;6;"46;2467910000";"0;4948230000"
202200036403;15;7;2022;10:00;1;973;2;1;2;3;"4;9199300000";" -52;3218400000"
202200036404;18;1;2022;15:19;1;75;2;7;1;3;"48;8641000000";"2;2721790000"
202200036405;8;12;2022;07:11;5;33;2;2;1;6;"44;6521810000";" -0;5980150000"
202200036406;18;1;2022;15:10;1;75;2;3;1;2;"48;8726377468";"2;2845768929"
202200036407;15;7;2022;01:48;5;973;2;2;2;2;"4;9443500000";" -52;3098500000"
202200036408;7;12;2022;12:50;1;22;2;1;2;3;"48;5553540000";" -3;1418060000"
202200036409;18;1;2022;14:00;1;75;2;3;1;3;"48;8650630000";"2;2976120000"
202200036410;15;7;2022;17:30;1;69;2;2;1;3;"45;7513000000";"4;8938900000"
202200036411;7;12;2022;17:57;5;35;2;3;8;3;"48;5814910000";" -2;0585690000"
202200036412;18;1;2022;11:35;1;75;2;7;1;1;"48;8453480000";"2;3117920000"
202200036413;7;12;2022;12:55;1;76;2;2;1;6;"49;3922690000";"1;2620540000"
202200036414;15;7;2022;10:00;1;69;2;2;1;1;"45;7622200000";"4;8519600000"
202200036415;18;1;2022;17:25;2;75;2;2;1;2;"48;8674800000";"2;3336590000"
202200036416;8;12;2022;17:27;3;60;1;1;2;2;"49;2200330000";"2;5510660000"
202200036417;15;7;2022;10:50;1;972;2;1;1;3;"14;5981000000";" -60;9992600000"
202200036418;8;12;2022;14:10;1;60;1;1;8;7;"49;3324313651";"2;3341380056"
202200036419;18;1;2022;18:55;5;94;2;3;1;1;"48;8448700000";"2;4285900000"
202200036420;14;7;2022;19:45;5;972;2;1;2;1;"14;6342400000";" -61;0146700000"
202200036421;8;12;2022;07:45;2;60;1;1;2;2;"49;4078154072";"2;3143583398"
202200036422;15;7;2022;08:45;1;69;2;1;1;6;"45;7608300000";"4;8095700000"
202200036423;17;1;2022;23:30;5;94;2;3;1;3;"48;8518500000";"2;4729800000"
202200036424;8;12;2022;15:20;1;59;2;1;1;6;"50;6113140000";"3;2296840000"
202200036425;18;1;2022;15:10;1;94;2;1;1;2;"48;8262390000";"2;5052720000"
202200036426;7;12;2022;08:35;1;59;2;1;1;6;"50;6440590000";"2;7215360000"
202200036427;14;7;2022;14:50;1;91;2;3;1;3;"48;6750100000";"2;3242300000"
202200036428;18;1;2022;15:45;1;93;2;3;1;6;"48;9512200000";"2;3815100000"
202200036429;3;12;2022;05:25;3;69;1;1;2;2;"45;7970500000";"4;9395800000"
202200036430;14;7;2022;01:35;5;91;2;1;1;3;"48;7132900000";"2;3028900000"
202200036431;18;1;2022;11:40;1;93;2;1;1;6;"48;9178942794";"2;3311537052"
202200036432;3;12;2022;08:25;1;69;1;1;8;2;"45;7258800000";"4;8934800000"
202200036433;15;7;2022;07:04;1;87;2;1;1;1;"45;8104400000";"1;2590200000"
202200036434;17;1;2022;17:00;2;93;2;1;1;6;"48;8760771757";"2;4189967593"
202200036435;7;12;2022;13:35;1;91;1;1;1;3;"48;7137000000";"2;2758500000"
202200036436;7;12;2022;13:50;1;94;1;1;1;2;"48;7733305121";"2;3453806368"
202200036437;17;1;2022;17:05;1;93;2;2;1;6;"48;9043800000";"2;5483800000"
202200036438;14;7;2022;23:28;5;87;1;3;1;6;"45;8720800000";"1;3391100000"
202200036439;6;12;2022;22:00;3;94;1;1;1;3;"48;7750900000";"2;3463500000"
202200036440;18;1;2022;08:35;1;93;2;1;5;6;"48;9141699410";"2;4754647910"
202200036441;13;7;2022;19:17;1;87;2;1;1;3;"45;8623100000";"1;2398600000"
202200036442;7;12;2022;17:15;2;92;1;1;1;3;"48;9274239062";"2;2374158506"
202200036443;18;1;2022;20:25;5;92;2;1;1;3;"48;9093240000";"2;2551890000"
202200036444;13;7;2022;19:29;1;87;1;1;1;7;"45;8466000000";"1;2768810000"
202200036445;18;1;2022;09:25;1;92;2;6;1;3;"48;9034684218";"2;2895446122"
202200036446;7;12;2022;15:20;1;78;1;1;1;4;"48;9695690000";"1;9143050000"
202200036447;7;12;2022;09:00;1;78;1;1;1;7;"48;9213350000";"2;0047510000"
202200036448;8;7;2022;16:40;1;84;2;1;1;3;"43;9149200000";"4;8757400000"
202200036449;18;1;2022;20:50;5;92;2;2;1;3;"48;7923534205";"2;2988198921"
202200036450;7;12;2022;18:00;3;95;1;1;1;4;"48;9756216352";"2;2402402718"
202200036451;18;1;2022;08:50;1;92;2;1;1;3;"48;8407111083";"2;2315818071"
202200036452;15;7;2022;00:20;5;83;2;1;1;5;"43;1024100000";"5;8125400000"
202200036453;7;12;2022;14:00;1;93;1;1;1;2;"48;9517958851";"2;4740240035"
202200036454;19;1;2022;09:00;1;01;2;1;1;6;"45;9605680000";"5;3408310000"
202200036455;10;7;2022;08:15;1;83;2;9;1;2;"43;4283100000";"6;7718300000"
202200036456;28;11;2022;08:00;3;95;1;1;2;3;"48;9641400000";"2;2626400000"
202200036457;18;1;2022;22:50;3;91;1;1;1;3;"48;3839100000";"2;0943980000"
202200036458;15;7;2022;17:00;1;78;1;1;7;3;"48;8907360000";"2;0837180000"
202200036459;6;12;2022;09:00;2;93;1;1;1;3;"48;8879400000";"2;4745100000"
202200036460;18;1;2022;18:45;3;83;1;1;1;5;"43;4791140000";"6;4818050000"
202200036461;15;7;2022;13:00;1;77;2;2;7;6;"48;8776690000";"2;7314170000"
202200036462;16;1;2022;19:10;3;88;1;1;4;3;"48;2035830000";"7;0281390000"
202200036463;15;7;2022;17:00;1;76;2;3;1;2;"49;4364100000";"1;1029800000"
202200036464;15;7;2022;09:25;1;76;1;1;1;7;"49;5486800000";"0;1598300000"
202200036465;19;1;2022;17:45;3;51;1;1;3;2;"49;2643226841";"3;9349079132"
202200036466;19;1;2022;10:30;1;51;2;1;1;7;"48;7149990000";"3;7274340000"
202200036467;14;7;2022;16:35;1;76;2;3;1;6;"49;5060600000";"0;1674500000"
202200036468;18;1;2022;15:00;1;51;1;1;1;3;"48;9171980000";"4;0202240000"
202200036469;15;7;2022;01:00;5;76;2;1;1;6;"49;5018800000";"0;0974100000"
202200036470;19;1;2022;12:30;1;51;1;1;2;6;"48;9621004928";"3;9805644751"
202200036471;27;8;2022;03:15;3;988;2;1;1;6;" -21;5129690000";"165;9365990000"
202200036472;17;1;2022;12:45;1;79;1;2;8;2;"46;7564470000";" -0;3097090000"
202200036473;19;1;2022;17:30;1;12;1;1;2;6;"44;3732420000";"2;8371230000"
202200036474;24;8;2022;13:40;1;971;1;1;2;6;"16;3196500000";" -61;7864920000"
202200036475;18;1;2022;12:35;1;12;1;4;7;2;"44;3636860000";"2;6433510000"
202200036476;15;7;2022;09:20;1;73;2;3;7;3;"45;5705400000";"5;9487900000"
202200036477;25;8;2022;17:22;1;33;2;2;1;3;"44;8132970000";" -0;4775060000"
202200036478;16;1;2022;06:00;3;29;1;1;2;6;"48;5792050000";" -3;7158570000"
202200036479;19;1;2022;19:00;3;01;1;1;1;6;"46;4299570000";"5;0675590000"
202200036480;15;7;2022;20:20;1;71;2;1;1;1;"46;6399738065";"4;3337407708"
202200036481;25;8;2022;16:35;1;2B;1;1;1;1;"42;5225760000";"9;4055710000"
202200036482;18;1;2022;16:30;1;01;1;1;8;6;"46;2239390000";"5;3911540000"
202200036483;15;7;2022;21:00;2;69;2;1;1;3;"45;7535400000";"4;9310000000"
202200036484;26;8;2022;05:30;2;2A;1;1;1;6;"41;5121930000";"9;1949990000"
202200036485;18;1;2022;16:11;1;72;2;1;1;6;"48;3467840000";"0;3707940000"
202200036486;19;1;2022;13:00;1;06;2;1;1;3;"43;5473010000";"6;9427300000"
202200036487;15;7;2022;15:30;1;69;2;2;7;3;"45;7694000000";"4;8647000000"
202200036488;26;8;2022;10:30;1;2A;1;1;1;6;"41;4611929065";"9;2181778551"
202200036489;16;1;2022;16:10;1;14;1;1;1;7;"48;9880180000";"0;0495240000"
202200036490;27;2;2022;12:15;1;59;1;1;1;2;"50;6805342797";"2;8501213789"
202200036491;19;1;2022;12:40;1;09;1;9;9;7;"43;0317800000";"1;0819070000"
202200036492;15;7;2022;08:29;1;69;2;2;1;6;"45;6902400000";"4;9373000000"
202200036493;25;8;2022;23:15;4;66;1;3;1;2;"42;6494580000";"2;5561340000"
202200036494;18;1;2022;18:30;3;60;1;1;1;7;"49;2811530000";"2;3284580000"
202200036495;27;2;2022;05:50;3;59;1;1;1;2;"50;8217341557";"2;5881600380"
202200036496;20;8;2022;11:40;1;66;1;6;1;3;"42;5401330000";"3;0367980000"
202200036497;14;7;2022;22:03;2;67;1;3;1;3;"48;5818500000";"7;7035000000"
202200036498;18;1;2022;13:50;1;10;2;9;1;3;"48;2370330000";"4;7016390000"
202200036499;25;5;2022;18:30;1;34;1;1;7;2;"43;6489090000";"3;9841000000"
202200036500;16;1;2022;21:00;3;36;1;1;1;6;"46;5128660000";"1;4721680000"
202200036501;25;2;2022;17:00;1;59;1;1;1;4;"50;3288400000";"3;4382600000"
202200036502;13;7;2022;17:30;1;67;2;3;1;3;"48;5953200000";"7;7277500000"
202200036503;25;8;2022;13:30;1;84;1;1;1;1;"44;2660470000";"4;6830890000"
202200036504;26;8;2022;08:00;1;83;2;1;1;3;"43;1650130000";"5;8295130000"
202200036505;5;1;2022;16:10;1;16;2;2;1;4;"45;7783810000";" -0;0699040000"
202200036506;13;7;2022;16:15;1;67;2;1;1;6;"48;5739700000";"7;7426000000"
202200036507;25;2;2022;09:15;1;59;1;1;1;4;"50;4618662431";"3;2560515404"
202200036508;22;8;2022;12:30;1;06;2;3;1;6;"43;8099050000";"7;3160420000"
202200036509;17;1;2022;09:20;1;24;1;1;5;7;"45;0427810000";"0;8567620000"
202200036510;15;7;2022;13:20;1;64;1;6;1;3;"43;2911061569";" -0;3312823176"
202200036511;31;7;2022;02:30;3;04;1;1;1;6;"43;8220650000";"5;7523080000"
202200036512;28;2;2022;21:39;5;94;1;1;1;2;"48;7857500000";"2;3456800000"
202200036513;26;8;2022;13:30;1;26;1;1;1;6;"45;1171150000";"4;8931650000"
202200036514;19;1;2022;19:40;5;85;2;3;2;6;"46;7746720000";" -1;2310780000"
202200036515;15;7;2022;11:40;1;64;2;1;7;2;"43;4865428313";" -1;5481522679"
202200036516;26;8;2022;07:45;1;85;2;6;1;3;"46;7012930000";" -1;9341190000"
202200036517;18;1;2022;09:30;1;37;2;2;8;3;"47;1367200000";"0;7943410000"
202200036518;14;7;2022;05:25;4;64;2;1;1;6;"43;4791700000";" -1;5423300000"
202200036519;27;2;2022;23:44;5;92;1;1;1;6;"48;8466526187";"2;2236981409"
202200036520;16;1;2022;17:45;3;06;1;9;1;6;"43;6136380000";"7;0457300000"
202200036521;26;8;2022;15:00;1;29;1;1;1;3;"48;0807280000";" -4;3595390000"
202200036522;15;7;2022;19:40;1;64;2;3;1;3;"43;4802400000";" -1;5222200000"
202200036523;28;2;2022;15:30;1;93;1;1;1;2;"48;9202900000";"2;3575200000"
202200036524;26;8;2022;09:55;1;02;2;9;1;6;"48;9722450000";"3;2817900000"
202200036525;26;8;2022;08:30;1;02;1;1;1;7;"49;5488180000";"3;8746230000"
202200036526;14;1;2022;23:00;5;987;2;3;2;2;" -17;6899310000";" -149;5483490000"
202200036527;28;2;2022;08:15;1;93;1;1;1;3;"48;9543000000";"2;4736600000"
202200036528;19;1;2022;05:30;3;45;1;1;1;6;"47;8205490368";"2;7077128887"
202200036529;28;2;2022;05:55;3;95;1;1;1;6;"48;9771092205";"2;2344088554"
202200036530;25;8;2022;18:30;1;13;1;1;1;2;"43;2848621721";"5;4182638867"
202200036531;15;7;2022;15:15;1;59;2;1;1;3;"50;7446260000";"3;1737610000"
202200036532;19;1;2022;09:45;1;2A;2;1;1;6;"41;5898420000";"9;2830180000"
202200036533;25;8;2022;17:36;1;13;1;1;1;2;"43;3415557501";"5;3766105874"
202200036534;15;7;2022;19:50;1;59;2;1;1;6;"50;6894085690";"3;1653526425"
202200036535;27;2;2022;00:50;3;94;1;1;1;2;"48;8071100000";"2;4488500000"
202200036536;18;1;2022;17:05;1;34;2;7;1;3;"43;6427990000";"3;9361950000"
202200036537;24;8;2022;18:52;1;13;1;1;1;6;"43;3908023876";"5;3509949147"
202200036538;14;1;2022;18:30;5;42;2;1;1;6;"45;4125660000";"4;7333960000"
202200036539;9;7;2022;11:40;1;59;2;5;1;3;"50;6238800000";"3;0432500000"
202200036540;24;8;2022;20:02;1;13;1;1;1;2;"43;2884680000";"5;5483080000"
202200036541;25;2;2022;14:30;1;974;2;1;1;5;" -21;3309610000";"55;4555580000"
202200036542;18;1;2022;07:05;2;38;1;4;5;1;"45;5009440000";"5;5929480000"
202200036543;24;8;2022;17:55;1;13;1;1;1;2;"43;2920401133";"5;4529633172"
202200036544;27;2;2022;17:45;1;973;2;1;2;3;"4;9225100000";" -52;3126100000"
202200036545;14;7;2022;19:20;1;59;2;1;7;3;"50;6112400000";"2;9905500000"
202200036546;15;1;2022;13:45;1;69;1;1;8;6;"46;1112030000";"4;7544140000"