Accident_Id;jour;mois;an;hrmn;lum;dep;agg;int;atm;col;lat;long
202200036854;15;1;2022;22:00;5;92;2;1;1;6;"48;9152436083";"2;2281813696"
202200036855;26;2;2022;15:45;1;37;2;1;1;3;"47;4419560000";"0;9962310000"
202200036856;16;7;2022;09:11;1;48;1;1;1;6;"44;7635250000";"3;2836090000"
202200036857;17;6;2022;09:00;1;29;1;1;1;2;"47;8743820000";" -4;2413880000"
202200036858;24;8;2022;16:30;1;75;2;7;1;3;"48;8770870000";"2;2834680000"
202200036859;27;2;2022;17:10;1;78;1;1;1;1;"48;6719200000";"1;9571330000"
202200036860;16;7;2022;09:15;1;30;2;1;1;2;"44;0086470000";"4;4145460000"
202200036861;5;6;2022;09:45;1;38;2;1;1;3;"45;3434060000";"5;0689050000"
202200036862;27;2;2022;20:25;3;83;1;1;1;6;"43;1583300000";"6;2563870000"
202200036863;17;1;2022;11:50;1;92;2;6;1;3;"48;9106295143";"2;3058398366"
202200036864;24;8;2022;16:30;1;75;2;1;1;3;"48;8709170000";"2;2796950000"
202200036865;15;7;2022;10:44;1;22;1;1;1;7;"48;2754100000";" -2;1627720000"
202200036866;16;6;2022;19:45;1;02;1;1;1;7;"49;5155620000";"3;4236680000"
202200036867;27;2;2022;16:45;1;13;1;1;1;6;"43;6594370000";"5;3526140000"
202200036868;11;1;2022;20:40;5;92;2;4;1;6;"48;9037472105";"2;3205411583"
202200036869;17;6;2022;13:25;1;01;1;1;1;1;"45;7239780000";"5;7586600000"
202200036870;24;8;2022;07:40;1;75;2;3;1;3;"48;8739180000";"2;2549880000"
202200036871;15;7;2022;03:10;3;66;1;1;1;2;"42;7610985333";"2;8977841884"
202200036872;17;1;2022;20:00;3;35;1;1;8;6;"47;7795160000";" -1;7820850000"
202200036873;28;2;2022;08:00;1;71;1;1;1;7;"46;3870900000";"4;7511790000"
202200036874;23;8;2022;15:40;1;75;2;1;1;6;"48;8643830000";"2;2719180000"
202200036875;18;1;2022;00:30;3;24;2;1;5;6;"45;1685060000";"0;5868460000"
202200036876;26;2;2022;19:45;3;21;1;1;1;1;"47;2111797117";"5;4186401366"
202200036877;16;6;2022;14:30;1;05;1;3;1;3;"44;5348560000";"6;4667720000"
202200036878;17;1;2022;18:10;2;972;2;1;1;7;"14;5273960000";" -60;9805740000"
202200036879;16;7;2022;15:35;1;74;2;1;7;4;"46;3072550000";"6;4394200000"
202200036880;27;2;2022;23:20;3;74;1;9;1;6;"45;9154520000";"6;4168200000"
202200036881;23;8;2022;13:35;1;75;2;7;1;6;"48;8436490000";"2;3245670000"
202200036882;16;6;2022;21:15;1;18;1;1;1;6;"46;8577550000";"2;7031520000"
202200036883;19;2;2022;00:35;5;07;2;1;1;6;"44;6532940000";"4;3198440000"
202200036884;15;6;2022;18:10;1;43;2;1;7;6;"45;0608360000";"4;3036070000"
202200036885;16;7;2022;09:50;1;74;2;1;1;6;"46;1429160000";"6;4183970000"
202200036886;24;8;2022;18:15;1;75;2;2;1;6;"48;8222120000";"2;3585320000"
202200036887;17;2;2022;14:50;1;69;2;6;1;3;"45;9800960000";"4;6982220000"
202200036888;16;6;2022;19:20;1;43;1;1;1;7;"45;2151050000";"4;3298360000"
202200036889;16;7;2022;01:20;4;2A;2;1;1;6;"41;6380740000";"9;3405680000"
202200036890;24;8;2022;15:25;1;75;2;7;7;3;"48;8741750000";"2;2960060000"
202200036891;10;2;2022;13:45;1;69;2;2;1;3;"45;7997000000";"4;7865400000"
202200036892;16;6;2022;09:45;1;36;1;3;7;3;"46;8144080000";"1;6092820000"
202200036893;24;8;2022;18:10;1;75;2;3;1;6;"48;8668460000";"2;3513450000"
202200036894;27;2;2022;16:07;1;59;2;6;1;6;"50;2778070000";"3;1010720000"
202200036895;16;7;2022;09:33;1;65;2;1;1;2;"43;0970860000";"0;4055290000"
202200036896;24;8;2022;08:20;1;75;2;3;1;6;"48;8554650000";"2;3600810000"
202200036897;13;6;2022;18:45;1;40;2;3;1;7;"44;4340940000";" -1;1499270000"
202200036898;16;7;2022;16:00;1;63;1;1;1;1;"45;8423290000";"2;7503370000"
202200036899;16;6;2022;16:10;1;24;1;1;1;3;"44;9236810000";"1;2103280000"
202200036900;25;2;2022;19:15;3;13;2;1;1;2;"43;3199800000";"5;3638600000"
202200036901;24;8;2022;06:20;5;75;2;2;1;3;"48;8688850000";"2;3367200000"
202200036902;17;6;2022;12:40;1;23;2;1;1;7;"46;2394630000";"2;3886830000"
202200036903;16;7;2022;13:50;1;63;2;1;1;6;"45;9846001291";"3;2671773434"
202200036904;23;8;2022;19:50;1;75;2;2;1;3;"48;8617840000";"2;3612980000"
202200036905;16;6;2022;15:20;1;30;1;1;1;2;"43;7114090000";"4;1972920000"
202200036906;15;7;2022;10:05;1;12;1;1;1;7;"43;8703350000";"2;5742050000"
202200036907;27;2;2022;18:00;1;69;1;1;1;5;"45;7926000000";"4;9165600000"
202200036908;16;6;2022;13:28;1;88;1;1;1;7;"47;8968770000";"6;7317920000"
202200036909;24;8;2022;14:30;1;94;2;1;1;1;"48;7927700000";"2;3693300000"
202200036910;14;6;2022;13:35;1;67;1;1;1;3;"48;6409340000";"7;7262750000"
202200036911;26;2;2022;20:20;3;69;1;1;1;4;"45;6482500000";"4;8335300000"
202200036912;13;6;2022;12:00;1;01;1;1;1;7;"46;3934030000";"5;2735720000"
202200036913;23;8;2022;16:25;1;94;2;1;1;4;"48;7850000000";"2;3669300000"
202200036914;24;8;2022;13:25;1;94;2;3;1;7;"48;7299480156";"2;4338752783"
202200036915;15;6;2022;15:50;1;34;2;2;1;3;"43;6822200000";"3;8050140000"
202200036916;25;2;2022;20:07;3;69;1;1;1;4;"45;7956660061";"4;9337303638"
202200036917;17;6;2022;02:00;3;72;1;1;1;6;"48;0665120000";"0;4211280000"
202200036918;24;8;2022;05:45;3;94;2;3;1;3;"48;7288014069";"2;4061660204"
202200036919;26;2;2022;15:40;1;67;1;1;1;2;"48;5340615950";"7;6994875073"
202200036920;17;6;2022;04:25;3;69;1;1;1;2;"46;0602480000";"4;7368670000"
202200036921;24;8;2022;10:20;1;94;2;1;1;6;"48;8168800000";"2;4298500000"
202200036922;27;2;2022;18:00;1;94;1;1;1;2;"48;8019795024";"2;3435962319"
202200036923;16;6;2022;20:00;3;973;2;1;1;7;"5;4767600000";" -54;0385510000"
202200036924;24;8;2022;07:01;1;93;2;1;1;6;"48;9727000000";"2;3664000000"
202200036925;16;6;2022;06:25;2;973;2;1;1;6;"4;9301279013";" -52;4097687006"
202200036926;27;2;2022;17:20;1;91;1;1;1;2;"48;6317200000";"2;4975100000"
202200036927;24;8;2022;15:15;1;93;2;1;7;3;"48;9165500000";"2;3343500000"
202200036928;16;6;2022;19:00;3;971;1;1;1;1;"16;3455240000";" -61;7185310000"
202200036929;27;2;2022;12:05;1;91;1;1;1;2;"48;7406150000";"2;3203580000"
202200036930;24;8;2022;16:00;1;93;2;2;1;6;"48;9363060857";"2;3499442778"
202200036931;16;6;2022;17:50;1;978;1;1;1;6;"18;0633430000";" -63;1314110000"
202200036932;23;8;2022;19:45;1;93;2;1;1;3;"48;8801863331";"2;4174057952"
202200036933;16;6;2022;10:15;1;66;2;6;1;3;"42;6285440000";"2;7616450000"
202200036934;25;2;2022;19:40;3;77;1;1;1;4;"48;6233786284";"2;5429056857"
202200036935;25;2;2022;17:04;1;78;1;1;1;2;"48;8275180000";"2;0778120000"
202200036936;24;8;2022;13:50;1;93;2;3;1;3;"48;9233100000";"2;4589800000"
202200036937;17;6;2022;16:05;1;13;1;2;1;3;"43;7332750000";"5;1371170000"
202200036938;17;6;2022;08:50;1;13;1;1;1;1;"43;7003030000";"5;2241280000"
202200036939;24;8;2022;19:00;1;93;2;1;1;2;"48;9042683530";"2;5137111501"
202200036940;27;2;2022;20:00;3;95;1;1;1;4;"48;9759590160";"2;2381317616"
202200036941;17;6;2022;16:50;1;71;1;9;1;6;"46;3937080000";"4;4487200000"
202200036942;16;6;2022;16:50;1;21;1;1;1;7;"47;1629054814";"5;1731984549"
202200036943;27;2;2022;12:00;1;94;1;1;1;2;"48;8577784448";"2;4875039050"
202200036944;24;8;2022;20:20;1;93;2;2;1;1;"48;9021956272";"2;4826545383"
202200036945;26;2;2022;17:45;1;974;2;9;1;3;" -20;9000000000";"55;4963000000"
202200036946;14;6;2022;16:30;1;67;1;1;1;2;"48;3662290000";"7;4176600000"
202200036947;24;8;2022;15:00;1;92;2;1;1;2;"48;9052432544";"2;2096037865"
202200036948;16;6;2022;11:45;1;57;1;1;1;6;"49;1449450000";"7;0409060000"
202200036949;26;2;2022;16:10;1;69;2;1;1;6;"45;7424620223";"4;8579766026"
202200036950;24;8;2022;08:22;1;92;2;1;1;6;"48;8940840000";"2;1978340000"
202200036951;15;6;2022;15:09;1;57;2;1;1;7;"49;1515000000";"6;8550130000"
202200036952;26;2;2022;09:45;1;69;2;1;1;2;"45;7292600000";"4;8518900000"
202200036953;17;6;2022;08:45;1;38;1;6;1;3;"45;3348160000";"4;9098160000"
202200036954;23;8;2022;17:40;1;92;2;3;1;3;"48;9016859005";"2;1943712532"
202200036955;26;2;2022;03:49;5;69;2;2;1;1;"45;7537200000";"4;8404000000"
202200036956;24;8;2022;19:00;1;92;2;1;1;3;"48;8297363741";"2;2514478564"
202200036957;16;6;2022;16:15;1;38;1;1;1;3;"45;5680860000";"5;3613170000"
202200036958;26;2;2022;02:25;5;972;1;9;1;6;"14;6093226874";" -61;0058677197"
202200036959;12;6;2022;04:55;5;69;2;1;1;6;"45;7941380000";"4;7935530000"
202200036960;24;8;2022;09:30;1;95;1;1;1;6;"49;0863470000";"2;3168710000"
202200036961;26;2;2022;00:30;3;972;1;1;2;6;"14;6028300000";" -60;9975600000"
202200036962;16;6;2022;18:35;1;33;2;3;1;3;"44;7096580000";" -0;4821220000"
202200036963;24;8;2022;17:15;1;85;1;1;1;2;"46;4096560554";" -0;7026189942"
202200036964;26;2;2022;14:15;1;972;2;1;1;3;"14;6154600000";" -61;0829300000"
202200036965;16;6;2022;21:30;1;50;1;1;1;1;"49;5883890000";" -1;6844920000"
202200036966;26;2;2022;09:35;1;972;1;1;1;6;"14;6116500000";" -61;0791500000"
202200036967;24;8;2022;17:00;1;41;2;1;1;1;"47;4767190000";"1;1929400000"
202200036968;26;2;2022;06:50;1;972;2;1;1;7;"14;6095800000";" -61;0796000000"
202200036969;17;6;2022;12:45;1;29;1;1;1;7;"48;2422920000";" -4;2118250000"
202200036970;24;8;2022;20:45;2;28;1;1;1;7;"48;0895900000";"1;3334870000"
202200036971;26;2;2022;01:50;5;972;2;3;1;7;"14;6017200000";" -61;0426300000"
202200036972;16;6;2022;07:30;1;29;1;3;1;2;"48;5425300000";" -4;3589330000"
202200036973;25;8;2022;07:24;1;974;2;3;1;3;" -21;2663800000";"55;3685030000"
202200036974;15;6;2022;13:45;1;27;1;2;1;3;"49;2060470000";"1;3083390000"
202200036975;24;8;2022;21:50;5;01;2;9;1;2;"46;3345210000";"6;0646520000"
202200036976;26;2;2022;18:45;5;69;2;2;1;6;"45;6976600000";"4;8212800000"
202200036977;17;6;2022;02:45;3;76;1;1;1;7;"49;5157920000";"0;3829770000"
202200036978;24;8;2022;07:30;1;86;1;1;1;2;"46;5124720000";"0;7632820000"
202200036979;26;2;2022;10:05;1;69;2;1;1;3;"45;7421900000";"4;8067100000"
202200036980;17;6;2022;16:10;1;62;2;3;7;3;"50;6371250000";"2;4177300000"
202200036981;16;6;2022;17:50;1;59;1;1;7;7;"50;2889550000";"3;7452220000"
202200036982;25;2;2022;14:50;1;69;2;3;1;3;"45;7914208616";"4;8627108335"
202200036983;25;8;2022;13:40;1;35;1;1;1;2;"47;9597700000";" -1;2125090000"
202200036984;25;2;2022;13:40;1;69;2;1;1;6;"45;8170300000";"4;8998900000"
202200036985;16;2;2022;17:30;1;13;1;1;1;2;"43;3719400000";"5;3204100000"
202200036986;26;2;2022;14:00;1;2A;2;9;1;7;"41;9497900000";"8;7752200000"
202200036987;24;8;2022;14:30;1;35;1;1;1;4;"48;0724390000";" -1;2124170000"
202200036988;26;2;2022;02:00;5;95;2;3;1;7;"48;9842539745";"2;3872089386"
202200036989;16;6;2022;14:00;1;13;1;1;1;3;"43;3739000000";"5;1802300000"
202200036990;25;8;2022;19:15;1;06;1;1;1;1;"43;7880890000";"7;2220680000"
202200036991;26;2;2022;00:30;5;95;2;1;1;5;"49;0135006378";"2;2515293956"
202200036992;15;6;2022;17:35;1;13;1;1;1;4;"43;3325000000";"5;3855000000"
202200036993;25;8;2022;14:55;1;62;1;1;1;6;"50;5107300000";"1;8031180000"
202200036994;26;2;2022;16:20;1;95;2;2;1;3;"48;9442205262";"2;2509929538"
202200036995;15;6;2022;14:30;1;13;1;1;1;2;"43;4021250000";"5;2992980000"
202200036996;24;8;2022;11:15;1;57;1;1;1;1;"49;3603870000";"6;2802370000"
202200036997;26;2;2022;14:45;1;86;2;1;1;3;"46;5672840000";"0;3657340000"
202200036998;15;6;2022;09:00;1;13;1;1;1;2;"43;4128968425";"5;2813696861"
202200036999;24;8;2022;20:30;1;95;2;1;1;2;"49;1285300000";"2;4310850000"
202200037000;26;2;2022;19:07;2;85;2;3;1;3;"46;4908850000";" -1;7685890000"
202200037001;10;6;2022;10:00;1;69;1;1;1;3;"45;7017000000";"4;9694800000"
202200037002;25;2;2022;17:50;2;83;1;1;1;6;"43;1027960000";"6;0673710000"
202200037003;15;6;2022;00:40;3;42;1;1;1;6;"45;4669480000";"4;4981050000"
202200037004;26;2;2022;14:15;1;77;2;3;1;3;"48;8731700000";"2;7044900000"
202200037005;25;8;2022;14:23;1;42;1;1;1;1;"45;8373810000";"4;2236640000"
202200037006;16;6;2022;04:20;5;33;1;1;1;6;"44;8145910000";" -0;5205560000"
202200037007;26;2;2022;16:10;1;74;2;1;1;2;"46;1944100000";"6;2412000000"
202200037008;15;6;2022;10:00;1;33;1;1;1;6;"44;7947390000";" -0;5393680000"
202200037009;24;8;2022;18:15;1;02;1;1;1;6;"49;4670570000";"3;9737460000"
202200037010;26;2;2022;22:20;5;69;2;2;1;1;"45;7682700000";"4;8801900000"
202200037011;16;6;2022;09:12;1;92;1;1;1;7;"48;7606545000";"2;2867861430"
202200037012;21;8;2022;12:25;1;84;1;1;1;3;"43;9267300000";"5;2931570000"
202200037013;26;2;2022;18:50;3;69;1;1;1;2;"45;7885700000";"4;9003100000"
202200037014;16;6;2022;07:55;1;91;1;1;1;3;"48;7188300000";"2;2607700000"
202200037015;24;8;2022;19:45;1;03;1;3;1;2;"46;2116440000";"3;5455310000"
202200037016;16;6;2022;06:45;1;94;1;1;1;3;"48;7646847471";"2;3434122189"
202200037017;25;2;2022;12:45;1;69;2;2;1;3;"46;0022800000";"4;7192900000"
202200037018;25;8;2022;11:00;1;03;2;1;1;6;"46;1153100000";"3;0870240000"
202200037019;15;6;2022;11:00;1;91;1;1;1;7;"48;6314700000";"2;5082000000"
202200037020;26;2;2022;17:10;1;68;2;3;7;3;"47;7995900000";"7;3165100000"
202200037021;15;6;2022;13:20;1;91;1;1;1;2;"48;6328740000";"2;4055470000"
202200037022;24;8;2022;20:00;1;01;1;4;1;1;"46;2727760000";"4;8353890000"
202200037023;25;2;2022;16:10;1;65;2;1;1;6;"43;2324050000";"0;0648530000"
202200037024;16;6;2022;07:20;1;94;1;1;1;3;"48;8270879231";"2;5109661788"
202200037025;23;8;2022;11:00;1;58;2;1;1;3;"47;0836870000";"3;1925510000"
202200037026;27;2;2022;00:15;5;64;2;1;1;7;"43;4192493795";" -1;6074905046"
202200037027;15;6;2022;08:30;1;77;1;1;1;6;"48;8010034873";"2;6254683966"
202200037028;25;8;2022;10:43;1;72;1;1;1;1;"48;2911575732";"0;4176843164"
202200037029;26;2;2022;04:00;5;64;2;1;1;2;"43;4895600000";" -1;5090000000"
202200037030;15;6;2022;08:30;1;94;1;1;1;5;"48;8354458972";"2;5387118132"
202200037031;25;8;2022;10:55;1;05;1;3;1;1;"44;6383040000";"6;1426340000"
202200037032;26;2;2022;15:10;1;60;2;2;1;4;"49;4352000000";"2;1090000000"
202200037033;25;8;2022;10:15;1;05;1;1;1;7;"44;4509890995";"6;0388058424"
202200037034;26;2;2022;19:25;3;54;1;1;1;1;"48;6617915955";"6;2440162897"
202200037035;27;3;2022;19:50;1;69;2;2;1;3;"45;7893954043";"4;9220321774"
202200037036;25;8;2022;16:46;1;60;1;1;1;3;"49;6467360000";"1;9515320000"
202200037037;15;6;2022;22:15;5;69;2;1;1;6;"45;7500700000";"4;8071200000"
202200037038;25;8;2022;17:10;1;64;1;1;1;7;"43;2808040000";" -1;3533720000"
202200037039;26;2;2022;12:05;1;54;2;2;1;3;"48;7012880000";"6;1482660000"
202200037040;24;8;2022;23:45;5;64;2;1;1;6;"43;1238820000";" -0;1967980000"
202200037041;15;6;2022;16:35;1;43;2;1;1;6;"45;0424742605";"3;8897502422"
202200037042;26;2;2022;04:30;5;54;2;2;9;6;"48;6682752556";"6;1475533247"
202200037043;15;6;2022;18:10;1;32;2;3;1;3;"43;6375800000";"0;5957100000"
202200037044;25;8;2022;15:52;1;73;1;1;1;2;"45;7406889032";"5;8906266211"
202200037045;26;2;2022;13:35;1;51;2;1;1;2;"49;2944800000";"4;0000500000"
202200037046;15;6;2022;16:30;1;26;2;1;1;6;"44;5542920000";"4;7392020000"
202200037047;21;8;2022;17:15;1;16;1;1;1;6;"45;5554700000";"0;1745800000"
202200037048;25;2;2022;15:41;1;45;1;1;1;3;"47;9705100000";"2;7208120000"
202200037049;25;8;2022;07:30;2;53;1;1;1;3;"48;1164425253";" -0;7273148847"
202200037050;26;2;2022;04:55;5;44;2;1;1;6;"47;2353500000";" -1;5411580000"
202200037051;14;6;2022;19:25;1;76;2;2;1;3;"49;7525880000";"0;3711830000"
202200037052;22;2;2022;15:50;1;42;2;4;1;6;"45;4748600000";"4;5067700000"
202200037053;13;4;2022;08:00;1;63;2;1;1;2;"45;8059200000";"3;1093200000"
202200037054;17;6;2022;18:00;1;24;2;1;1;1;"45;3444030000";"0;5381800000"
202200037055;26;2;2022;05:15;5;37;2;1;1;1;"47;3669500000";"0;7003000000"
202200037056;15;6;2022;14:15;1;976;2;1;2;7;" -12;7925300000";"45;2207500000"
202200037057;25;8;2022;18:55;1;04;1;3;1;3;"43;8630180000";"5;6698930000"
202200037058;26;2;2022;12:10;1;35;1;1;1;4;"48;1341305608";" -1;7064025998"
202200037059;15;6;2022;12:30;1;974;2;1;1;6;" -20;8882400000";"55;4739920000"
202200037060;24;8;2022;19:15;1;17;1;1;1;7;"46;1344230000";" -0;8839920000"
202200037061;15;6;2022;08:30;1;973;2;1;1;3;"4;9350300000";" -52;3189700000"
202200037062;26;2;2022;01:30;5;34;2;1;1;2;"43;5949700000";"3;8629000000"
202200037063;19;8;2022;19:15;2;17;1;1;1;6;"46;2219900000";" -0;9139900000"
202200037064;16;6;2022;23:35;5;69;2;1;1;3;"45;6960673238";"4;8717655416"
202200037065;27;5;2022;10:20;1;37;1;1;1;6;"47;6692170000";"0;6383870000"
202200037066;26;2;2022;15:57;1;33;1;1;1;6;"44;6042700000";" -1;1248000000"
202200037067;15;6;2022;18:50;2;69;2;2;1;3;"45;7663200000";"4;8634200000"
202200037068;26;2;2022;09:40;1;32;2;1;1;3;"43;6472100000";"0;5890300000"
202200037069;25;8;2022;01:40;3;02;1;1;1;6;"49;5635040000";"3;7489690000"
202200037070;15;6;2022;11:04;1;972;2;1;1;6;"14;6090600000";" -61;0059000000"
202200037071;24;8;2022;17:20;1;68;1;1;1;6;"47;6999710000";"7;4415260000"
202200037072;26;2;2022;09:00;1;17;2;6;1;3;"45;6287000000";" -1;0103000000"
202200037073;13;6;2022;11:35;1;972;2;1;1;6;"14;6144100000";" -61;0631800000"
202200037074;15;6;2022;07:50;1;69;2;1;1;7;"45;7185577821";"4;8184150458"
202200037075;26;2;2022;21:16;3;17;1;1;1;2;"46;1493400000";" -1;1111800000"
202200037076;24;8;2022;13:25;1;06;1;1;1;2;"43;6629050000";"7;1724410000"
202200037077;15;6;2022;15:30;1;2B;2;2;1;3;"42;6738900000";"9;4431200000"
202200037078;25;2;2022;15:30;1;13;2;1;1;6;"43;4157400000";"5;3684700000"
202200037079;15;6;2022;09:00;1;2A;2;1;1;2;"41;9309700000";"8;7398000000"
202200037080;24;8;2022;22:00;3;38;1;1;1;2;"45;5785590000";"5;6295490000"
202200037081;26;2;2022;21:40;5;13;2;1;1;1;"43;2790500000";"5;4409900000"
202200037082;24;8;2022;10:55;1;45;1;1;1;3;"47;9322730000";"2;3418860000"
202200037083;14;6;2022;13:55;1;91;2;1;1;5;"48;7244920000";"2;2603080000"
202200037084;25;2;2022;14:30;1;13;2;1;1;3;"43;2860643534";"5;4050689430"
202200037085;13;6;2022;17:20;1;91;2;1;7;7;"48;6862400000";"2;4982790000"
202200037086;24;8;2022;10:05;1;66;1;1;1;1;"42;6491012225";"2;5695776939"
202200037087;21;2;2022;16:35;1;12;2;3;3;3;"44;5271000000";"2;2442000000"
202200037088;14;6;2022;10:00;1;88;2;1;1;3;"48;2925300000";"6;9282600000"
202200037089;25;8;2022;16:25;1;30;1;1;3;1;"44;3609240000";"3;9442420000"
202200037090;26;2;2022;01:30;5;11;2;1;1;6;"43;2134200000";"2;3486800000"
202200037091;14;6;2022;10:18;1;83;2;1;1;2;"43;1155380548";"5;9381130338"
202200037092;20;8;2022;18:04;1;11;2;1;1;2;"43;3204560000";"1;9557110000"
202200037093;15;6;2022;07:15;1;83;2;6;1;2;"43;1134900000";"6;1103500000"
202200037094;26;2;2022;18:50;5;10;2;3;1;3;"48;3025574888";"4;1015562415"
202200037095;10;6;2022;09:00;1;83;2;9;1;6;"43;4232140947";"6;7661726475"
202200037096;23;8;2022;08:05;1;34;2;1;1;3;"43;6305070000";"3;8972710000"
202200037097;26;2;2022;14:35;1;09;1;1;1;6;"42;9720940000";"1;6047240000"
202200037098;14;6;2022;18:30;1;78;1;1;1;3;"48;9142900000";"2;1001300000"
202200037099;23;8;2022;22:50;3;83;2;1;1;6;"43;4074330000";"6;0487460000"
202200037100;26;2;2022;19:15;5;01;2;2;1;5;"46;2034996915";"5;2425840497"
202200037101;13;6;2022;08:45;1;78;2;1;1;6;"48;9514990000";"2;0445080000"
202200037102;24;8;2022;14:15;1;13;1;9;1;6;"43;6476280000";"4;9111890000"
202200037103;25;2;2022;14:30;1;75;2;1;1;3;"48;8308070000";"2;4031540000"
202200037104;14;6;2022;18:25;1;77;1;1;7;3;"48;4203000000";"2;7858900000"
202200037105;24;8;2022;20:05;1;89;1;3;1;1;"47;9929010000";"3;4846720000"
202200037106;25;2;2022;02:41;4;75;2;1;1;6;"48;8438270000";"2;3696790000"
202200037107;14;6;2022;19:19;1;76;2;1;1;6;"49;5214400000";"0;1353800000"
202200037108;26;2;2022;02:50;5;75;2;3;1;2;"48;8807445556";"2;3728402600"
202200037109;25;8;2022;14:25;1;71;1;1;1;1;"46;2306300000";"4;0432950000"
202200037110;14;6;2022;20:30;2;74;2;1;1;3;"46;1950600000";"6;2240900000"
202200037111;26;2;2022;07:30;2;75;2;2;1;3;"48;8915690000";"2;3184880000"
202200037112;15;6;2022;18:20;1;73;2;4;1;6;"45;7078206489";"5;9184969665"
202200037113;25;8;2022;17:45;1;07;1;1;1;6;"45;0898270000";"4;8179450000"
202200037114;25;2;2022;23:45;5;75;2;1;1;1;"48;8899200000";"2;3054480000"
202200037115;14;6;2022;14:00;1;72;2;6;1;3;"47;9690500000";"0;2149400000"
202200037116;24;8;2022;21:45;3;50;1;1;1;3;"48;6760710000";" -1;3123300000"
202200037117;26;2;2022;21:30;5;75;2;3;1;6;"48;8415100000";"2;2665690000"
202200037118;23;8;2022;20:45;1;22;2;6;1;7;"48;4477350000";" -2;0536390000"
202200037119;15;6;2022;15:45;1;69;2;2;1;6;"45;7762700000";"4;8927500000"
202200037120;26;2;2022;14:43;1;75;2;2;1;6;"48;8476980000";"2;2841260000"
202200037121;15;6;2022;08:20;1;67;2;3;1;3;"48;5580200000";"7;7485100000"
202200037122;24;8;2022;17:45;1;22;1;1;1;6;"48;4402620000";" -2;0372860000"
202200037123;14;6;2022;21:45;2;67;2;1;1;3;"48;5638118264";"7;7525858581"
202200037124;26;2;2022;01:15;5;75;2;3;1;2;"48;8720560000";"2;3004580000"
202200037125;24;8;2022;10:05;1;59;2;1;7;6;"50;7404181569";"2;6935547590"
202200037126;15;6;2022;14:06;1;64;2;1;1;1;"43;3525000000";" -1;7764000000"
202200037127;26;2;2022;17:15;1;75;2;3;1;6;"48;8608150000";"2;3412070000"
202200037128;24;8;2022;05:10;5;13;1;1;1;6;"43;2831600000";"5;3848200000"
202200037129;15;6;2022;20:20;1;64;2;1;1;3;"43;3220800000";" -0;4015800000"
202200037130;15;6;2022;17:25;1;64;2;2;1;3;"43;3173600000";" -0;3771900000"
202200037131;21;8;2022;08:30;1;13;1;1;1;3;"43;4182251853";"5;2735675871"
202200037132;25;2;2022;22:45;5;75;2;7;1;6;"48;8640016231";"2;3351481909"
202200037133;14;6;2022;06:45;1;64;2;1;1;2;"43;3300800000";" -0;3552000000"
202200037134;26;2;2022;09:45;1;94;2;1;1;6;"48;7988900000";"2;4902700000"
202200037135;14;6;2022;20:55;1;64;2;1;1;5;"43;5035700000";" -1;4667300000"
202200037136;20;8;2022;02:05;5;69;1;1;1;3;"45;7332000000";"4;8174800000"
202200037137;14;6;2022;20:50;1;64;2;2;1;3;"43;4754010535";" -1;4997383952"
202200037138;26;2;2022;15:35;1;93;2;2;1;3;"48;8925358236";"2;4096434794"
202200037139;23;8;2022;21:38;3;69;1;1;1;3;"45;5894600000";"4;8058700000"
202200037140;14;4;2022;08:47;1;63;2;1;1;3;"45;7788700000";"3;1122900000"
202200037141;26;2;2022;20:30;5;93;2;1;1;6;"48;8685000000";"2;4338000000"
202200037142;21;5;2022;16:30;1;62;2;1;1;2;"50;4507320000";"2;8431050000"
202200037143;24;8;2022;17:00;1;91;1;1;1;1;"48;7303900000";"2;2418200000"
202200037144;26;2;2022;13:20;1;93;2;1;1;3;"48;9636810000";"2;2979230000"
202200037145;15;6;2022;18:10;1;59;2;1;1;2;"50;7364200546";"3;1501016021"
202200037146;26;2;2022;13:35;1;93;2;1;1;6;"48;9397738462";"2;4555191696"
202200037147;15;6;2022;19:45;1;59;2;1;7;2;"50;7299700000";"3;1417000000"
202200037148;24;8;2022;12:15;1;91;1;1;1;2;"48;7385560000";"2;3213960000"
202200037149;15;6;2022;07:40;1;59;2;3;1;3;"50;6054300000";"3;0963500000"
202200037150;24;8;2022;09:10;1;94;1;1;1;2;"48;8009709861";"2;3420251782"
202200037151;26;2;2022;15:25;1;92;2;2;1;3;"48;8422486021";"2;2071105391"
202200037152;11;6;2022;04:05;4;57;2;1;1;1;"49;3809045783";"6;1739779023"
202200037153;15;6;2022;09:00;1;56;2;1;1;6;"47;7587200000";" -3;3654600000"
202200037154;25;2;2022;23:30;5;92;2;1;1;6;"48;8813571805";"2;2714342028"
202200037155;15;6;2022;20:50;1;54;2;1;1;3;"48;6599800000";"6;1766200000"
202200037156;24;8;2022;00:24;3;91;1;1;1;1;"48;7295700000";"2;2428700000"
202200037157;14;6;2022;07:05;1;49;2;1;1;1;"47;4715800000";" -0;5671900000"
202200037158;25;2;2022;22:42;5;92;2;2;1;3;"48;8938600000";"2;2121400000"
202200037159;14;6;2022;17:30;1;49;2;1;1;6;"47;4692200000";" -0;5155700000"
202200037160;23;8;2022;17:30;1;78;1;9;1;2;"48;9674810000";"1;9222460000"
202200037161;26;2;2022;16:55;1;92;2;3;1;6;"48;8241597337";"2;2734717429"