Accident_Id;jour;mois;an;hrmn;lum;dep;agg;int;atm;col;lat;long
202200037162;15;6;2022;07:55;1;47;2;9;7;3;"44;1935900000";"0;5933800000"
202200037163;15;6;2022;21:00;1;37;2;1;1;3;"47;3776784033";"0;7161685824"
202200037164;24;8;2022;16:00;1;93;1;1;1;3;"48;8658800000";"2;4177500000"
202200037165;15;6;2022;17:20;1;37;2;1;1;3;"47;4299308170";"0;7056140900"
202200037166;26;2;2022;15:06;1;92;2;3;1;3;"48;7876977681";"2;2934198677"
202200037167;15;6;2022;12:14;1;37;2;1;1;6;"47;3936094163";"0;7213760912"
202200037168;15;6;2022;14:13;1;35;1;1;1;6;"48;1438915004";" -1;6200931370"
202200037169;15;6;2022;17:55;1;33;2;3;1;3;"44;7959800000";" -0;6305600000"
202200037170;21;2;2022;17:05;1;63;1;1;2;1;"45;7104800000";"3;0723600000"
202200037171;15;6;2022;15:40;1;33;2;1;1;3;"44;8405042964";" -0;5956086516"
202200037172;27;2;2022;08:10;1;80;2;1;1;7;"50;0027660000";"2;6512660000"
202200037173;27;5;2022;16:25;1;33;2;1;1;6;"44;8000900000";" -0;6442400000"
202200037174;11;6;2022;04:30;3;30;1;1;1;7;"43;9119000000";"4;3883000000"
202200037175;24;8;2022;07:50;1;77;1;1;1;6;"48;8085630000";"2;6303500000"
202200037176;27;2;2022;15:30;1;54;1;1;1;7;"48;5674120926";"6;2732335906"
202200037177;15;6;2022;17:10;1;28;2;2;1;3;"48;7477900000";"1;3886400000"
202200037178;27;2;2022;00:55;3;84;1;1;1;1;"43;9585440000";"5;0170230000"
202200037179;15;6;2022;12:00;1;27;2;1;1;2;"49;1076700000";"1;4535600000"
202200037180;15;6;2022;08:20;1;25;2;1;1;3;"47;2517100000";"6;0301300000"
202200037181;23;8;2022;22:25;5;94;1;1;1;6;"48;7783380525";"2;4405913834"
202200037182;27;2;2022;16:55;1;31;2;1;1;1;"43;6631660000";"1;4307780000"
202200037183;15;6;2022;21:05;1;22;2;1;1;7;"48;5018800000";" -2;7111500000"
202200037184;15;6;2022;17:45;1;13;2;3;1;1;"43;2835400000";"5;3990600000"
202200037185;15;6;2022;14:45;1;13;2;3;1;6;"43;3153000000";"5;3891400000"
202200037186;26;2;2022;13:00;1;84;1;3;1;3;"44;2588050000";"5;0246250000"
202200037187;15;6;2022;07:55;1;13;2;1;1;1;"43;3037695532";"5;4188922879"
202200037188;15;6;2022;07:05;1;13;2;9;1;6;"43;3234700000";"5;4922200000"
202200037189;31;5;2022;08:35;1;14;1;1;1;3;"49;1632900000";" -0;3981800000"
202200037190;15;6;2022;00:05;5;13;2;1;1;1;"43;3343100000";"5;4419600000"
202200037191;16;6;2022;02:00;4;10;2;1;1;6;"48;2822837916";"4;0590673685"
202200037192;15;6;2022;07:30;1;06;1;1;1;3;"43;6321900000";"6;9576100000"
202200037193;10;6;2022;13:25;1;06;2;2;1;5;"43;6621950000";"6;9342390000"
202200037194;26;2;2022;14:40;1;974;2;3;1;3;" -21;3790920000";"55;6592330000"
202200037195;5;4;2022;13:08;1;2A;2;1;1;1;"41;8421590000";"8;8750110000"
202200037196;31;5;2022;08:15;1;14;1;1;1;3;"49;1770800000";" -0;3550400000"
202200037197;15;6;2022;13:55;1;01;2;2;1;3;"46;2035500000";"5;2424500000"
202200037198;15;6;2022;15:35;1;75;2;1;1;3;"48;8474210000";"2;2543580000"
202200037199;8;4;2022;18:25;1;11;1;1;1;6;"43;1316830000";"2;3617600000"
202200037200;8;4;2022;11:20;1;46;1;1;1;3;"44;5774810000";"1;1583410000"
202200037201;14;6;2022;11:55;1;75;2;1;1;2;"48;8219220000";"2;3167330000"
202200037202;8;4;2022;10:55;1;46;2;1;1;6;"44;9201800000";"1;8410150000"
202200037203;14;6;2022;09:50;1;75;2;1;1;3;"48;8308070000";"2;4031540000"
202200037204;27;5;2022;23:55;3;14;1;1;1;6;"49;2672090000";" -0;6837860000"
202200037205;8;4;2022;18:05;1;29;1;4;1;1;"47;8491740000";" -3;6814230000"
202200037206;15;6;2022;21:10;1;75;2;5;1;3;"48;8531450000";"2;3357850000"
202200037207;9;4;2022;16:00;1;29;2;2;1;6;"48;0400420000";" -4;4899160000"
202200037208;15;6;2022;19:30;1;75;2;1;1;3;"48;8410160000";"2;3327380000"
202200037209;23;8;2022;00:40;3;974;1;9;1;6;" -21;3098000000";"55;4975600000"
202200037210;9;4;2022;07:50;1;02;1;1;1;6;"49;9748370000";"3;8888170000"
202200037211;15;6;2022;11:20;1;75;2;1;1;6;"48;8369860000";"2;3498440000"
202200037212;9;4;2022;17:50;1;02;1;1;1;6;"49;3354980000";"3;0994750000"
202200037213;22;8;2022;19:00;1;92;2;1;1;6;"48;9326200000";"2;3019200000"
202200037214;15;6;2022;00:17;5;75;2;4;1;6;"48;8506100000";"2;3380670000"
202200037215;9;4;2022;17:00;1;26;1;1;1;1;"44;2810800000";"4;9255550000"
202200037216;7;4;2022;21:45;3;72;1;9;1;6;"48;1779130000";" -0;1322870000"
202200037217;9;4;2022;12:30;1;72;1;1;1;6;"47;9732700000";"0;0258200000"
202200037218;14;6;2022;13:40;1;75;2;3;1;6;"48;8506200000";"2;3428050000"
202200037219;15;6;2022;17:18;1;75;2;2;1;6;"48;8679350000";"2;4090010000"
202200037220;9;4;2022;14:00;1;50;1;1;1;1;"48;5617130000";" -1;5227220000"
202200037221;3;4;2022;17:05;1;83;2;1;2;7;"43;5585710000";"6;0065930000"
202200037222;15;6;2022;09:10;1;75;2;2;1;3;"48;8646310000";"2;4041570000"
202200037223;8;4;2022;11:45;1;10;1;1;3;6;"48;1635450000";"4;2303049000"
202200037224;15;6;2022;19:11;1;75;2;3;1;3;"48;8851850000";"2;3793780000"
202200037225;4;4;2022;14:42;1;53;2;1;1;6;"47;9511430000";" -0;5551810000"
202200037226;9;4;2022;07:00;2;04;1;1;1;7;"44;1266890000";"5;9518970000"
202200037227;15;6;2022;07:42;1;75;2;2;1;3;"48;8887860000";"2;3930960000"
202200037228;15;6;2022;11:10;1;75;2;2;1;3;"48;8924480000";"2;3248280000"
202200037229;9;4;2022;11:35;1;85;1;3;1;3;"46;9307800000";" -1;3090200000"
202200037230;14;6;2022;16:50;1;75;2;2;1;4;"48;8796450000";"2;2947120000"
202200037231;14;6;2022;14:00;1;75;2;1;1;3;"48;8890010000";"2;2932950000"
202200037232;2;4;2022;03:10;3;63;1;1;4;2;"46;0428250000";"3;1124780000"
202200037233;15;6;2022;13:50;1;75;2;7;1;3;"48;8480040000";"2;2573140000"
202200037234;15;6;2022;10:45;1;75;2;3;1;3;"48;8359430000";"2;2885390000"
202200037235;31;3;2022;08:57;1;13;1;1;1;4;"43;5183500000";"5;4292040000"
202200037236;14;6;2022;15:30;1;75;2;1;1;6;"48;8365880000";"2;2986880000"
202200037237;8;4;2022;23:40;3;49;1;1;1;6;"47;4366800000";" -0;8499810000"
202200037238;9;4;2022;11:30;1;51;1;1;4;3;"49;1005100000";"4;2552280000"
202200037239;15;6;2022;18:15;1;75;2;5;1;3;"48;8629810000";"2;3874710000"
202200037240;9;4;2022;00:30;3;14;1;1;4;6;"49;3311000000";"0;2685110000"
202200037241;15;6;2022;12:45;1;75;2;2;1;6;"48;8823320000";"2;3419840000"
202200037242;8;4;2022;13:20;1;38;2;1;1;4;"45;5723360000";"5;3173070000"
202200037243;14;6;2022;14:00;1;75;2;1;1;3;"48;8499780000";"2;3045850000"
202200037244;20;4;2022;01:15;5;75;2;3;1;6;"48;8658606211";"2;3470543492"
202200037245;9;4;2022;11:25;1;2B;1;1;1;7;"42;6972930000";"9;3672290000"
202200037246;15;6;2022;10:45;1;94;2;1;1;3;"48;7355690000";"2;4472370000"
202200037247;9;4;2022;10:45;1;84;1;1;1;1;"43;7487620000";"5;3634630000"
202200037248;13;6;2022;11:05;1;94;2;2;1;6;"48;8111600000";"2;4693100000"
202200037249;8;4;2022;23:20;5;83;2;6;1;6;"43;4556330000";"6;6965480000"
202200037250;9;4;2022;16:10;1;38;2;1;2;6;"45;7506800000";"5;1703200000"
202200037251;14;6;2022;09:00;1;94;2;1;1;6;"48;8073800000";"2;3631900000"
202200037252;9;4;2022;09:00;1;69;2;1;1;4;"45;9287370000";"4;6936740000"
202200037253;13;6;2022;15:50;1;94;2;7;1;2;"48;7936500000";"2;4609400000"
202200037254;8;4;2022;17:00;1;33;1;1;2;1;"45;2060420000";" -0;5956650000"
202200037255;15;6;2022;06:30;2;94;1;1;1;2;"48;7882400000";"2;5617000000"
202200037256;8;4;2022;22:25;3;49;1;9;1;6;"47;4694360000";" -0;6197240000"
202200037257;9;4;2022;16:30;1;60;2;1;1;6;"49;3601390000";"2;2436620000"
202200037258;14;6;2022;09:20;1;94;2;1;1;2;"48;8030000000";"2;5323000000"
202200037259;8;4;2022;17:25;1;91;1;1;3;7;"48;5516300000";"2;4939800000"
202200037260;15;6;2022;20:20;1;94;2;1;1;2;"48;8249630000";"2;4083440000"
202200037261;8;4;2022;18:55;1;78;1;1;4;6;"48;7979920000";"2;0082620000"
202200037262;15;6;2022;09:20;1;94;2;7;1;6;"48;7709400000";"2;5087200000"
202200037263;8;4;2022;16:30;1;93;1;1;3;7;"48;9285900000";"2;4149100000"
202200037264;12;6;2022;21:00;1;93;2;1;1;3;"48;9438335619";"2;3466762006"
202200037265;8;4;2022;10:20;1;95;1;1;3;3;"48;9660027739";"2;2576206923"
202200037266;15;6;2022;11:25;1;93;2;1;1;6;"48;8774900000";"2;4826300000"
202200037267;8;4;2022;07:55;1;93;1;1;2;5;"48;9092800000";"2;4477300000"
202200037268;8;4;2022;19:15;1;94;1;1;3;2;"48;8171800000";"2;4293500000"
202200037269;15;6;2022;13:30;1;93;2;1;1;4;"48;9380000000";"2;5972700000"
202200037270;8;4;2022;10:55;1;77;1;1;2;7;"48;5819450208";"2;7361857376"
202200037271;7;4;2022;03:30;3;94;1;9;1;6;"48;8173109429";"2;4424371778"
202200037272;14;6;2022;20:10;1;93;2;3;1;3;"48;8828500000";"2;4954500000"
202200037273;7;4;2022;14:00;1;34;2;1;1;6;"43;6215400000";"3;8175600000"
202200037274;14;6;2022;15:30;1;93;2;1;1;6;"48;8805000000";"2;4183000000"
202200037275;6;4;2022;16:00;1;29;2;6;1;4;"48;4160921908";" -4;4793233871"
202200037276;15;6;2022;19:00;1;93;2;1;1;6;"48;9285012785";"2;4000679850"
202200037277;7;4;2022;21:45;5;988;2;1;2;1;" -22;3025400000";"166;4399000000"
202200037278;14;6;2022;19:25;1;93;2;2;1;1;"48;9395440000";"2;4618150000"
202200037279;7;4;2022;17:45;5;988;2;6;3;6;" -22;2233300000";"166;4848300000"
202200037280;15;6;2022;20:20;1;93;2;6;1;1;"48;8992940000";"2;5176520000"
202200037281;6;4;2022;18:40;2;974;2;9;1;3;" -21;3396500000";"55;4636700000"
202200037282;15;6;2022;13:45;1;93;2;2;1;3;"48;9432140000";"2;4999280000"
202200037283;7;4;2022;17:35;1;69;2;3;2;3;"45;7560800000";"4;8464200000"
202200037284;15;6;2022;19:20;1;93;2;1;1;3;"48;9163830000";"2;3928030000"
202200037285;7;4;2022;16:30;1;69;2;1;2;6;"45;7402900000";"4;8581500000"
202200037286;7;4;2022;17:00;1;972;1;1;1;7;"14;6098200000";" -61;0553400000"
202200037287;14;6;2022;20:40;1;93;2;1;1;6;"48;9187633139";"2;3912118674"
202200037288;7;4;2022;18:30;1;69;2;3;1;3;"45;7024200000";"4;8320800000"
202200037289;14;6;2022;13:02;1;93;2;1;1;6;"48;9063903586";"2;3893533647"
202200037290;6;3;2022;16:49;1;971;1;9;1;6;"16;2415600000";" -61;4795000000"
202200037291;15;6;2022;14:20;1;92;2;3;1;6;"48;8752700000";"2;2282400000"
202200037292;15;6;2022;18:45;1;92;2;1;1;7;"48;8526160000";"2;2127930000"
202200037293;6;4;2022;13:02;1;87;2;2;2;7;"45;8682200000";"1;2642030000"
202200037294;7;4;2022;10:48;1;86;2;9;1;6;"46;5880980000";"0;3482950000"
202200037295;15;6;2022;07:30;1;92;2;3;1;3;"48;8128352480";"2;3015846461"
202200037296;15;6;2022;14:35;1;92;2;1;1;7;"48;8090200000";"2;2377800000"
202200037297;8;6;2022;09:22;1;92;2;1;2;2;"48;9004444013";"2;2771671563"
202200037298;11;6;2022;22:40;2;92;2;3;1;3;"48;9006160000";"2;2752230000"
202200037299;6;2;2022;19:58;2;84;1;1;1;5;"44;0601200000";"4;9767500000"
202200037300;7;4;2022;16:40;1;83;2;2;1;3;"43;1202700000";"5;9489400000"
202200037301;15;6;2022;17:50;1;92;2;3;1;1;"48;9026954748";"2;3189244568"
202200037302;7;4;2022;11:10;1;83;1;1;1;1;"43;1502180840";"5;8480780721"
202200037303;15;6;2022;11:25;1;92;2;2;1;3;"48;8323778728";"2;2517431676"
202200037304;7;4;2022;08:30;1;83;2;1;1;3;"43;1170900000";"5;9367400000"
202200037305;6;4;2022;17:00;1;83;1;9;1;3;"43;1132217552";"5;9912572503"
202200037306;7;4;2022;16:40;1;78;2;9;1;6;"48;8962710000";"2;1024460000"
202200037307;7;4;2022;07:20;5;77;2;1;6;6;"48;5648500000";"2;5942000000"
202200037308;28;2;2022;17:30;1;76;2;1;1;4;"49;4353337152";"1;0920882225"
202200037309;7;4;2022;10:00;1;76;2;3;1;6;"49;4852900000";"0;1273600000"
202200037310;6;4;2022;19:00;1;76;2;3;2;3;"49;5164600000";"0;1560900000"
202200037311;6;4;2022;12:18;1;67;2;1;8;6;"48;5813100000";"7;6990900000"
202200037312;5;4;2022;16:35;1;64;2;1;1;2;"43;3109500000";" -0;4124200000"
202200037313;7;4;2022;08:04;1;63;2;1;1;6;"45;7802300000";"3;0822500000"
202200037314;22;3;2022;11:07;1;63;2;3;1;2;"45;7831700000";"3;0976100000"
202200037315;6;4;2022;17:15;1;58;2;1;1;3;"46;9930900000";"3;1365400000"
202200037316;4;4;2022;11:30;1;58;2;3;1;3;"47;0035400000";"3;1624300000"
202200037317;6;4;2022;20:08;2;57;1;1;2;1;"49;3376600000";"6;1133400000"
202200037318;6;4;2022;08:38;1;56;2;6;2;7;"47;7659200000";" -3;3294600000"
202200037319;7;4;2022;07:55;1;54;2;1;1;2;"48;6648242719";"6;1691021919"
202200037320;6;4;2022;11:30;1;54;2;1;1;6;"48;6850201862";"6;1960637569"
202200037321;7;4;2022;13:30;1;51;2;3;8;7;"49;2261729213";"4;0421828628"
202200037322;7;4;2022;09:45;1;51;1;3;2;2;"49;2341389331";"4;0140357614"
202200037323;6;4;2022;20:25;2;49;2;1;1;1;"47;4627000000";" -0;5353000000"
202200037324;6;4;2022;15:30;1;44;2;1;1;6;"47;2306890000";" -1;5944400000"
202200037325;7;4;2022;07:20;1;37;2;2;2;3;"47;3833140557";"0;6661882997"
202200037326;6;4;2022;08:15;1;37;2;1;1;7;"47;3933700000";"0;6875500000"
202200037327;7;4;2022;18:00;1;35;1;1;1;4;"48;0795675018";" -1;6857415438"
202200037328;7;4;2022;12:20;1;35;2;1;2;2;"48;0943796350";" -1;6655056179"
202200037329;7;4;2022;11:10;1;35;2;6;2;7;"48;1142341602";" -1;6009636223"
202200037330;7;4;2022;05:55;5;35;2;1;2;3;"48;1113485324";" -1;6802564263"
202200037331;6;4;2022;19:00;1;35;2;2;2;3;"48;0971000000";" -1;6888350000"
202200037332;7;4;2022;10:20;1;34;2;1;1;6;"43;6003300000";"3;8783500000"
202200037333;6;4;2022;18:00;1;33;2;1;1;3;"44;8635700000";" -0;6655500000"
202200037334;6;4;2022;09:30;1;33;2;1;2;6;"44;8105000000";" -0;6257000000"
202200037335;7;4;2022;20:25;5;31;2;3;1;3;"43;6368200000";"1;4440600000"
202200037336;6;4;2022;21:35;5;31;1;1;1;5;"43;6468900000";"1;4553000000"
202200037337;3;4;2022;16:30;1;30;1;1;1;1;"43;9201000000";"4;3914000000"
202200037338;30;3;2022;14:30;1;30;1;1;1;5;"43;7880000000";"4;3619000000"
202200037339;22;3;2022;20:25;5;30;2;3;1;3;"43;8374280000";"4;3291020000"
202200037340;7;4;2022;12:40;1;27;2;1;2;7;"49;1033000000";"1;5079800000"
202200037341;7;4;2022;17:35;1;26;1;1;1;3;"44;5253400000";"4;7449600000"
202200037342;6;4;2022;18:00;1;24;2;3;1;6;"45;1886300000";"0;7161800000"
202200037343;2;11;2022;11:45;1;13;1;1;1;1;"43;6698389834";"5;0802538069"
202200037344;6;4;2022;20:00;1;21;2;3;1;3;"47;3126600000";"5;0624000000"
202200037345;2;11;2022;21:30;5;13;2;2;1;3;"43;2830000000";"5;4130000000"
202200037346;2;11;2022;11:00;1;13;2;1;1;2;"43;2933500000";"5;3852500000"
202200037347;7;4;2022;21:10;4;13;2;1;1;2;"43;6346943499";"5;1002027272"
202200037348;1;11;2022;23:00;5;13;2;1;1;2;"43;3234900000";"5;3929900000"
202200037349;7;4;2022;07:45;1;13;2;1;1;1;"43;3617200000";"5;3638300000"
202200037350;1;11;2022;16:04;1;10;2;1;7;1;"48;3022300000";"4;0869700000"
202200037351;7;4;2022;10:45;1;13;2;9;1;3;"43;1828900000";"5;6136900000"
202200037352;31;10;2022;11:25;1;10;2;1;1;4;"48;3089000000";"4;0749000000"
202200037353;7;4;2022;10:15;1;13;2;2;1;3;"43;2876600000";"5;5871800000"
202200037354;2;11;2022;08:00;1;09;2;3;1;3;"43;1146380000";"1;6204150000"
202200037355;7;4;2022;08:10;1;13;2;1;1;6;"43;5242141382";"5;4323842246"
202200037356;3;11;2022;08:30;1;75;2;1;1;4;"48;8309540000";"2;2840240000"
202200037357;5;4;2022;20:45;2;11;2;1;1;3;"43;1877400000";"3;0116700000"
202200037358;3;11;2022;01:19;5;75;2;3;1;7;"48;8574740000";"2;2910400000"
202200037359;3;11;2022;06:20;5;75;2;7;1;3;"48;8473420000";"2;3408520000"
202200037360;5;4;2022;19:10;1;11;2;3;1;3;"43;1900700000";"3;0082000000"
202200037361;3;11;2022;20:30;5;75;2;1;1;3;"48;8899590000";"2;3775910000"
202200037362;7;4;2022;08:50;1;10;2;9;9;1;"48;2758400000";"4;0782700000"
202200037363;3;11;2022;12:35;1;75;2;3;2;6;"48;8271790000";"2;3322590000"
202200037364;6;4;2022;21:40;3;10;2;1;8;3;"48;2910500000";"4;0756790000"
202200037365;3;11;2022;19:19;5;75;2;4;1;6;"48;8663470000";"2;3688530000"
202200037366;6;4;2022;17:13;1;10;2;1;1;1;"48;2948000000";"4;0839000000"
202200037367;3;11;2022;14:40;1;75;2;1;2;3;"48;8822470000";"2;3681780000"
202200037368;3;11;2022;20:10;5;75;2;1;1;6;"48;8731430000";"2;3415620000"
202200037369;6;4;2022;12:50;1;07;1;1;1;3;"44;9109420992";"4;8631474572"
202200037370;3;11;2022;13:08;1;75;2;2;2;7;"48;8587230000";"2;3475830000"
202200037371;5;4;2022;17:20;1;07;1;1;1;2;"44;9147300000";"4;8631800000"
202200037372;3;11;2022;22:10;5;94;2;1;1;6;"48;8144700000";"2;4045800000"
202200037373;5;4;2022;12:15;1;06;2;2;1;3;"43;6986840000";"7;2612630000"
202200037374;3;11;2022;16:45;1;94;2;1;2;3;"48;8130400000";"2;3700900000"
202200037375;7;4;2022;14:20;1;75;2;1;1;4;"48;8537219641";"2;4139825500"
202200037376;3;11;2022;21:20;5;94;2;3;1;3;"48;7996200000";"2;3506800000"
202200037377;2;11;2022;13:30;1;94;2;1;1;3;"48;7927000000";"2;5542900000"
202200037378;6;4;2022;17:48;1;75;2;2;1;3;"48;8721972802";"2;2846831071"
202200037379;31;10;2022;13:30;1;94;2;2;1;6;"48;8137287182";"2;5102096796"
202200037380;6;4;2022;11:32;1;75;2;1;1;4;"48;8551950000";"2;2558500000"
202200037381;30;10;2022;12:25;1;94;2;2;1;2;"48;8123100000";"2;5335400000"
202200037382;7;4;2022;08:59;1;75;2;2;1;7;"48;8459560000";"2;3412090000"
202200037383;31;10;2022;06:00;5;94;2;3;1;3;"48;8128800000";"2;5137500000"
202200037384;7;4;2022;09:10;1;75;2;3;8;2;"48;8668130000";"2;3974380000"
202200037385;3;11;2022;10:59;1;93;2;2;1;3;"48;9470400000";"2;3716900000"
202200037386;3;11;2022;08:33;1;92;2;9;8;7;"48;8176027256";"2;2931183875"
202200037387;6;4;2022;17:45;1;75;2;2;1;3;"48;8547620000";"2;3975220000"
202200037388;3;11;2022;18:30;5;92;2;3;1;7;"48;8062400000";"2;2922300000"
202200037389;7;4;2022;09:54;1;75;2;1;1;3;"48;8801080000";"2;3704360000"
202200037390;3;11;2022;21:45;5;92;2;1;1;3;"48;7873522840";"2;2328808010"
202200037391;7;4;2022;09:10;1;75;2;2;8;3;"48;8983623940";"2;3861836235"
202200037392;3;11;2022;12:25;1;92;2;1;1;6;"48;9344600000";"2;3196500000"
202200037393;7;4;2022;08:45;1;75;2;2;1;3;"48;8573520000";"2;2646730000"
202200037394;2;11;2022;17:05;1;92;2;2;1;6;"48;9267622092";"2;2946797013"
202200037395;31;10;2022;18:30;1;92;2;2;1;3;"48;9217700000";"2;3058200000"
202200037396;7;4;2022;13:30;1;75;2;2;1;2;"48;8387406127";"2;2821138331"
202200037397;29;10;2022;19:30;1;92;2;1;1;6;"48;9304832873";"2;3116827607"
202200037398;7;4;2022;14:25;1;75;2;3;1;6;"48;8428270000";"2;2861910000"
202200037399;28;10;2022;13:45;1;92;1;1;1;6;"48;9334421888";"2;3092880845"
202200037400;6;4;2022;14:11;1;75;2;7;1;6;"48;8232309414";"2;3256221137"
202200037401;3;11;2022;14:30;1;92;2;6;2;3;"48;9055145403";"2;2556836009"
202200037402;7;4;2022;18:30;1;75;2;2;1;6;"48;8582581714";"2;3898906394"
202200037403;29;9;2022;19:30;3;60;1;2;1;3;"49;5961220000";"1;8392660000"
202200037404;7;4;2022;13:50;1;75;2;3;1;6;"48;8611320000";"2;3241880000"
202200037405;4;11;2022;16:30;1;80;1;1;8;7;"50;2642940000";"1;7428720000"
202200037406;7;4;2022;11:35;1;75;2;3;2;3;"48;8498040116";"2;3233120143"
202200037407;3;11;2022;16:15;1;22;1;3;2;3;"48;5332810000";" -3;0078610000"
202200037408;1;11;2022;10:40;1;40;2;6;1;3;"43;6456870000";" -1;4270480000"
202200037409;7;4;2022;00:15;5;75;2;2;1;2;"48;8654614829";"2;3561541228"
202200037410;26;9;2022;10:45;1;974;2;1;1;6;" -21;3796230000";"55;6323050000"
202200037411;5;4;2022;17:00;1;94;2;6;1;3;"48;7740400000";"2;4395400000"
202200037412;3;11;2022;17:30;2;35;1;1;1;7;"47;9660920000";" -1;2068220000"
202200037413;5;4;2022;18:10;1;94;2;1;1;1;"48;7512412533";"2;3913121595"
202200037414;1;11;2022;15:40;1;58;1;1;7;3;"47;3899100000";"3;1751350000"
202200037415;5;4;2022;13:50;1;94;2;3;2;3;"48;8181200000";"2;4930600000"
202200037416;31;10;2022;21:10;3;62;1;6;3;3;"50;1151190000";"2;8456150000"
202200037417;3;11;2022;19:25;3;51;1;1;2;1;"49;2723370000";"3;8934790000"
202200037418;7;4;2022;20:25;5;94;2;2;1;3;"48;7221500000";"2;5290700000"
202200037419;2;11;2022;18:45;3;19;1;1;1;6;"45;4758154947";"1;7183309197"
202200037420;7;4;2022;17:00;1;93;2;1;1;6;"48;8906397602";"2;3999598510"
202200037421;30;10;2022;15:00;1;56;1;1;1;7;"48;1405330000";" -2;4883600000"
202200037422;6;4;2022;14:20;1;93;2;1;1;2;"48;9105130000";"2;4757100000"
202200037423;25;10;2022;19:40;2;56;1;9;1;3;"47;6468940000";" -2;7028730000"
202200037424;2;11;2022;21:30;5;56;2;2;1;6;"47;8243426000";" -2;8081923000"
202200037425;7;4;2022;13:08;1;93;2;2;1;3;"48;9374680000";"2;4706320000"
202200037426;4;11;2022;07:35;2;80;1;2;1;3;"49;9431700000";"1;9630340000"
202200037427;6;4;2022;18:50;1;92;2;7;1;3;"48;8198019637";"2;3107659817"
202200037428;7;4;2022;08:10;1;92;2;1;8;3;"48;8388951247";"2;2492468357"
202200037429;2;11;2022;15:00;1;81;1;2;1;3;"43;6275920000";"2;3532515700"
202200037430;4;11;2022;09:50;1;32;1;1;2;6;"43;9523400000";"0;1600210000"
202200037431;8;4;2022;12:10;1;06;2;1;1;3;"43;7530140000";"7;2769750000"
202200037432;3;11;2022;18:49;3;71;2;2;2;6;"46;6011930000";"4;0560100000"
202200037433;7;4;2022;20:00;3;83;1;1;1;6;"43;1585430000";"6;0464820000"
202200037434;4;11;2022;05:00;3;63;1;1;3;1;"45;9033114000";"2;8558391333"
202200037435;6;4;2022;20:05;2;11;1;1;1;7;"43;1381640000";"2;7289610000"
202200037436;4;11;2022;15:35;1;63;2;1;1;6;"45;6152406121";"3;2145711780"
202200037437;4;11;2022;13:50;1;41;1;1;2;1;"47;4605720000";"2;0420410000"
202200037438;1;4;2022;06:55;2;52;1;1;1;3;"48;0101474558";"5;1039659728"
202200037439;4;11;2022;07:50;1;25;2;2;2;3;"47;2184420000";"6;5428780000"
202200037440;3;11;2022;19:45;5;29;2;3;2;1;"48;6535940000";" -4;1897610000"
202200037441;8;4;2022;09:05;1;64;1;1;1;5;"43;3417069035";" -0;6894013369"
202200037442;2;11;2022;21:05;3;38;1;1;1;6;"45;5622905386";"4;9840609927"
202200037443;4;11;2022;07:30;1;38;1;1;2;6;"45;1422760000";"5;3701690000"
202200037444;3;11;2022;21:20;3;02;1;1;1;6;"49;5477910000";"3;6748070000"
202200037445;4;11;2022;16:45;1;15;1;1;2;6;"44;9419140000";"2;1332790000"
202200037446;7;4;2022;08:00;1;74;1;1;2;6;"45;9527940000";"6;1159730000"
202200037447;4;11;2022;13:40;1;54;1;1;2;3;"48;5720781600";"5;9604477890"
202200037448;7;4;2022;16:15;1;83;2;1;1;6;"43;2445700000";"6;0846770000"
202200037449;4;11;2022;19:30;3;83;1;1;1;6;"43;7151510000";"6;5585110000"
202200037450;8;4;2022;06:35;2;26;1;1;1;2;"45;1626170000";"4;8278150000"
202200037451;3;11;2022;10:50;1;64;2;1;1;6;"43;4686630000";" -0;9268860000"
202200037452;4;11;2022;12:15;1;64;1;1;2;6;"43;1831110000";" -0;1551820000"
202200037453;4;4;2022;16:40;1;62;1;2;3;3;"50;3874980000";"2;4585980000"
202200037454;4;11;2022;17:00;2;07;1;3;2;5;"44;8244190000";"4;8084550000"
202200037455;8;4;2022;19:55;1;62;2;1;1;7;"50;2833230000";"2;8131850000"
202200037456;8;4;2022;13:10;1;34;2;1;1;6;"43;6810790000";"3;9216260000"
202200037457;3;11;2022;16:45;1;85;2;2;2;6;"46;7976740000";" -1;1285980000"
202200037458;8;4;2022;10:00;1;04;1;1;8;6;"44;4469650000";"6;3559480000"
202200037459;2;11;2022;18:25;2;30;2;2;1;3;"43;9387360000";"4;5597770000"
202200037460;19;10;2022;18:50;3;06;1;1;1;2;"43;6657060000";"7;1867000000"
202200037461;1;4;2022;11:55;1;76;1;2;1;3;"49;5221370000";"1;1362370000"
202200037462;26;10;2022;17:00;1;988;1;1;1;7;" -21;3337430000";"164;9952780000"
202200037463;8;4;2022;16:00;1;79;1;1;6;7;"46;9539390000";" -0;1428650000"
202200037464;31;10;2022;12:15;1;45;1;1;1;7;"47;8423120000";"2;6666310000"
202200037465;7;4;2022;12:35;1;82;2;1;1;6;"44;1291894194";"1;8196749687"
202200037466;3;11;2022;17:45;5;77;1;2;1;3;"49;0548650000";"2;8478300000"
202200037467;12;3;2022;18:10;1;33;2;3;1;3;"44;6802330549";" -0;3617817163"
202200037468;7;4;2022;16:45;1;69;2;1;2;6;"45;8288220000";"4;8535220000"
202200037469;3;11;2022;16:20;1;77;1;1;2;1;"48;9631450000";"2;9965640000"
202200037470;8;4;2022;14:35;1;11;1;4;1;6;"43;1122000000";"2;5271340000"