Accident_Id;jour;mois;an;hrmn;lum;dep;agg;int;atm;col;lat;long
202200038086;3;12;2022;18:10;2;49;2;1;1;1;"47;2501700000";" -0;0533900000"
202200038087;17;1;2022;19:30;3;03;1;1;5;6;"46;3320840000";"3;5915480000"
202200038088;5;12;2022;13:50;1;47;2;1;1;2;"44;1938700000";"0;6376600000"
202200038089;6;12;2022;09:50;1;46;2;9;1;6;"44;4484600000";"1;4323300000"
202200038090;17;1;2022;12:15;1;72;2;1;8;1;"48;1776950000";"0;2343740000"
202200038091;15;1;2022;15:05;1;18;2;9;1;6;"47;1438180000";"1;8478340000"
202200038092;5;12;2022;16:57;1;43;1;1;7;2;"45;0138400000";"3;8888100000"
202200038093;17;1;2022;20:00;3;07;1;4;9;7;"44;8149220000";"4;5592500000"
202200038094;5;12;2022;18:10;5;37;2;1;1;3;"47;3553300000";"0;6978700000"
202200038095;17;1;2022;18:00;5;85;2;1;5;6;"46;8360950000";" -1;8727700000"
202200038096;2;12;2022;07:45;1;34;2;1;1;7;"43;3510500000";"3;2298400000"
202200038097;17;1;2022;04:35;3;85;1;3;5;3;"47;0572880000";" -1;2348350000"
202200038098;17;1;2022;20:05;3;28;1;6;5;1;"48;0954010000";"1;8651550000"
202200038099;5;12;2022;07:15;5;33;2;3;1;6;"44;8537200000";" -0;5539800000"
202200038100;13;1;2022;18:00;5;17;2;1;1;3;"46;1165690000";" -0;9355970000"
202200038101;17;1;2022;09:10;1;87;1;1;5;1;"45;7679270000";"0;9679020000"
202200038102;6;12;2022;14:30;1;31;2;6;1;4;"43;6078600000";"1;3974600000"
202200038103;15;1;2022;17:00;3;87;1;1;1;1;"45;6174970000";"1;0218360000"
202200038104;6;12;2022;20:30;5;29;2;3;1;3;"48;3993591164";" -4;4891134500"
202200038105;17;1;2022;06:30;3;42;1;1;9;2;"45;8631480000";"4;2358300000"
202200038106;14;1;2022;18:45;3;69;1;1;5;2;"45;7935620000";"5;0774110000"
202200038107;6;12;2022;13:15;1;29;2;1;1;6;"48;3999500000";" -4;5305100000"
202200038108;17;1;2022;08:00;1;38;1;1;1;6;"45;0972740000";"6;0097120000"
202200038109;18;1;2022;04:30;3;31;1;1;5;6;"43;4994040000";"1;6122600000"
202200038110;5;12;2022;18:30;2;29;2;1;1;2;"48;4156200000";" -4;4746900000"
202200038111;17;1;2022;16:30;1;22;1;1;1;4;"48;5327111953";" -3;0068945516"
202200038112;17;1;2022;12:40;1;22;1;1;1;2;"48;4794590000";" -2;6259520000"
202200038113;6;12;2022;08:30;1;17;2;1;1;4;"45;7404400000";" -0;6210600000"
202200038114;17;1;2022;15:15;1;30;1;1;1;2;"43;8132000000";"4;3581300000"
202200038115;5;12;2022;19:00;5;17;2;6;1;2;"45;7399600000";" -0;6593800000"
202200038116;16;1;2022;05:55;1;987;2;3;1;1;" -17;5625910000";" -149;4760510000"
202200038117;5;12;2022;17:00;2;14;1;1;1;1;"49;3904000000";"0;2512500000"
202200038118;17;1;2022;23:30;5;971;1;1;1;6;"16;3359590000";" -61;3751270000"
202200038119;17;1;2022;20:30;3;41;1;1;8;6;"47;6686240000";"1;4675010000"
202200038120;6;12;2022;17:30;5;13;2;1;1;3;"43;4284405457";"5;3688760629"
202200038121;20;11;2022;15:05;1;13;2;1;1;3;"43;3980600000";"5;1096000000"
202200038122;18;1;2022;14:00;1;77;1;2;1;3;"48;6217040000";"2;9727300000"
202200038123;1;1;2022;06:30;3;78;1;1;1;1;"48;9580070000";"1;6171570000"
202200038124;6;12;2022;10:05;1;13;2;6;1;2;"43;3473100000";"5;4493600000"
202200038125;16;1;2022;20:00;5;84;2;1;1;1;"44;2346550000";"4;7127750000"
202200038126;5;12;2022;15:40;1;13;2;1;1;3;"43;3250700000";"5;3598700000"
202200038127;17;1;2022;06:50;3;83;1;1;1;6;"43;3122550000";"6;0752570000"
202200038128;5;12;2022;18:00;5;12;2;6;1;2;"44;1074000000";"3;0812700000"
202200038129;18;1;2022;06:15;3;06;2;1;1;7;"43;9896430000";"7;0034520000"
202200038130;5;12;2022;17:47;5;11;2;3;1;3;"43;2157300000";"2;3493500000"
202200038131;18;1;2022;07:00;2;06;2;9;1;3;"43;8087310000";"7;3153240000"
202200038132;6;12;2022;17:55;5;08;2;1;8;6;"49;7790690000";"4;6938410000"
202200038133;15;1;2022;09:30;1;67;1;1;5;3;"48;5740650000";"7;4172930000"
202200038134;5;12;2022;07:40;1;971;2;1;1;6;"16;2483000000";" -61;5380000000"
202200038135;18;1;2022;17:15;2;07;2;1;1;1;"45;0568230000";"4;8438280000"
202200038136;5;12;2022;10:00;1;64;2;3;7;6;"43;3861500000";" -1;6554900000"
202200038137;6;12;2022;20:20;5;92;2;3;1;6;"48;9020229271";"2;2387030721"
202200038138;6;1;2022;07:10;2;44;2;6;1;3;"47;1775810000";" -1;4632880000"
202200038139;17;1;2022;16:30;1;14;2;2;1;3;"48;8961260000";" -0;1894710000"
202200038140;6;12;2022;18:00;5;92;1;1;1;2;"48;8865317821";"2;1655023008"
202200038141;17;1;2022;18:57;4;13;1;1;1;7;"43;2850795866";"5;4208797550"
202200038142;29;9;2022;21:45;3;74;1;1;1;6;"46;0780440000";"6;2901730000"
202200038143;17;1;2022;14:26;1;13;1;1;1;2;"43;2890000000";"5;4460000000"
202200038144;12;9;2022;10:40;1;74;2;1;1;3;"46;2854900000";"6;8112550000"
202200038145;16;1;2022;06:15;3;33;1;1;5;5;"44;8695830000";" -0;5045790000"
202200038146;13;9;2022;15:22;1;74;1;1;1;2;"46;3670900000";"6;6501400000"
202200038147;17;1;2022;08:05;2;94;1;1;1;7;"48;7747900000";"2;3458800000"
202200038148;26;9;2022;18:37;2;74;2;1;1;2;"46;0665320000";"6;5579150000"
202200038149;16;1;2022;22:07;5;94;2;1;2;1;"48;8160474830";"2;3368906973"
202200038150;23;9;2022;20:00;3;74;2;1;1;6;"46;2040000000";"6;2440400000"
202200038151;17;1;2022;09:15;1;93;1;1;1;2;"48;9193634411";"2;3575464282"
202200038152;17;1;2022;09:20;1;77;1;1;2;2;"48;8299800000";"2;6184300000"
202200038153;17;1;2022;07:30;3;94;1;1;1;2;"48;7761106967";"2;4231324197"
202200038154;14;1;2022;16:30;1;02;2;1;1;6;"49;6637130000";"3;3624800000"
202200038155;29;9;2022;15:40;1;74;1;2;2;4;"45;8960600000";"6;3419250000"
202200038156;16;1;2022;21:59;5;69;2;3;1;1;"45;7195700000";"4;8682700000"
202200038157;26;9;2022;17:45;1;74;1;1;1;1;"45;8079230000";"6;2319950000"
202200038158;16;1;2022;17:20;2;69;2;1;1;6;"45;6909652181";"4;8704905808"
202200038159;29;9;2022;16:35;1;74;1;1;3;6;"46;0259920000";"6;2283900000"
202200038160;15;1;2022;22:54;3;95;2;1;1;1;"49;0163600000";"2;4692700000"
202200038161;22;9;2022;16:44;1;74;1;1;1;4;"45;8805380000";"6;0300780000"
202200038162;16;1;2022;16:50;1;79;2;1;1;7;"46;3165130000";" -0;4660600000"
202200038163;21;9;2022;17:50;1;74;2;1;1;6;"45;7601750000";"6;2980210000"
202200038164;16;1;2022;20:25;5;73;2;2;5;3;"45;5680980149";"5;9210545868"
202200038165;16;1;2022;17:45;1;64;2;1;1;3;"43;2964800000";" -0;3742900000"
202200038166;18;9;2022;20:25;5;74;2;2;1;3;"46;0609530000";"6;5490610000"
202200038167;16;1;2022;13:40;1;64;2;6;1;7;"43;4754312226";" -1;5456068516"
202200038168;21;9;2022;15:25;1;74;1;1;1;1;"46;3073990000";"6;6127990000"
202200038169;16;1;2022;06:10;2;59;2;1;8;2;"50;7122068754";"3;1613239646"
202200038170;23;9;2022;21:00;3;74;1;6;1;6;"45;9100330000";"6;8571850000"
202200038171;15;1;2022;18:20;5;59;2;3;5;6;"50;6957327274";"3;1302559376"
202200038172;16;1;2022;22:00;5;54;2;1;8;3;"48;6756824806";"6;1619771719"
202200038173;19;9;2022;12:45;1;74;2;6;1;6;"45;9118000000";"6;1322200000"
202200038174;21;9;2022;18:30;1;74;2;1;1;6;"45;8998350000";"6;7098890000"
202200038175;16;1;2022;08:20;1;51;2;1;8;2;"49;2418900000";"4;0166100000"
202200038176;18;9;2022;14:00;1;74;2;3;1;3;"46;2751980000";"6;3123700000"
202200038177;16;1;2022;15:10;1;45;2;6;8;3;"48;0025000000";"2;7169200000"
202200038178;16;1;2022;09:55;1;38;2;2;1;6;"45;1731578854";"5;7386723636"
202200038179;20;9;2022;13:15;1;74;1;1;1;6;"45;9287670000";"6;6111520000"
202200038180;14;1;2022;17:00;1;33;2;3;1;3;"44;8058100000";" -0;6015300000"
202200038181;17;9;2022;11:55;1;74;2;2;1;2;"46;0867600000";"6;5107080000"
202200038182;16;1;2022;13:35;1;33;2;1;1;6;"44;6328300000";" -1;1451600000"
202200038183;14;1;2022;11:05;1;31;2;6;7;6;"43;1130400000";"0;7260100000"
202200038184;5;9;2022;14:45;1;74;1;1;1;2;"45;9032390000";"6;7777760000"
202200038185;15;1;2022;16:15;1;25;2;1;1;7;"47;4827900000";"6;8453400000"
202200038186;3;9;2022;18:40;1;74;2;1;1;5;"45;9034300000";"6;1113900000"
202200038187;16;1;2022;09:25;1;25;2;1;1;6;"47;2577280000";"6;0434630000"
202200038188;16;1;2022;14:25;1;19;2;1;9;1;"45;2596470857";"1;7503001690"
202200038189;26;9;2022;09:10;1;73;1;3;1;3;"45;6328710000";"5;9133480000"
202200038190;26;9;2022;02:09;3;73;1;1;2;6;"45;6750700000";"5;8531970000"
202200038191;12;1;2022;16:45;1;18;1;6;1;3;"47;0489100000";"2;3303700000"
202200038192;15;8;2022;17:00;1;73;1;1;1;7;"45;6652940000";"6;3015710000"
202200038193;16;1;2022;02:25;5;15;2;1;1;6;"44;9182500000";"2;4386400000"
202200038194;14;8;2022;06:45;2;73;1;1;1;6;"45;6654272592";"6;3016811013"
202200038195;16;1;2022;15:30;1;14;1;3;1;6;"49;3071220000";"0;0410190000"
202200038196;20;9;2022;09:00;1;73;2;1;7;6;"45;2792350000";"6;3464020000"
202200038197;16;1;2022;19:40;5;13;2;1;1;1;"43;3311000000";"5;4321300000"
202200038198;6;12;2022;16:40;1;75;2;1;1;3;"48;8611710000";"2;2638910000"
202200038199;16;1;2022;16:40;1;13;2;1;1;2;"43;3663175899";"5;3361280789"
202200038200;6;12;2022;11:37;1;75;2;3;1;3;"48;8831170000";"2;3715050000"
202200038201;16;1;2022;15:35;1;07;1;1;1;1;"44;9082400000";"4;8535900000"
202200038202;6;12;2022;18:00;5;75;2;1;1;4;"48;8784000000";"2;2593810000"
202200038203;15;1;2022;07:40;2;03;2;3;1;3;"46;3486490000";"2;5991960000"
202200038204;16;1;2022;02:20;5;01;2;2;5;3;"46;1953500000";"5;2252600000"
202200038205;6;12;2022;11:30;1;75;2;4;8;6;"48;8441710000";"2;3202260000"
202200038206;15;1;2022;18:25;5;75;2;1;1;4;"48;8657670000";"2;2680760000"
202200038207;6;12;2022;08:58;1;75;2;1;1;3;"48;8396160000";"2;3990540000"
202200038208;16;1;2022;02:50;5;75;2;2;1;3;"48;8716640000";"2;3922850000"
202200038209;6;12;2022;12:45;1;75;2;7;8;5;"48;8667230000";"2;3651590000"
202200038210;16;1;2022;08:26;1;75;2;3;1;6;"48;8987700000";"2;3741280000"
202200038211;6;12;2022;19:45;5;75;2;3;1;2;"48;8663350000";"2;3241840000"
202200038212;15;1;2022;17:45;2;75;2;4;1;2;"48;8805520000";"2;2951810000"
202200038213;15;1;2022;18:55;5;75;2;4;1;3;"48;8888550000";"2;3042660000"
202200038214;6;12;2022;09:00;1;75;2;2;8;6;"48;8511650000";"2;3624860000"
202200038215;16;1;2022;16:10;1;75;2;3;1;6;"48;8348540000";"2;2916940000"
202200038216;5;12;2022;13:40;1;75;2;3;2;7;"48;8569330000";"2;3482500000"
202200038217;15;1;2022;15:00;1;75;2;2;1;3;"48;8436150000";"2;2957600000"
202200038218;6;12;2022;19:05;5;94;2;9;1;1;"48;7842000000";"2;3960600000"
202200038219;16;1;2022;20:31;5;75;2;1;8;3;"48;8703250000";"2;3416700000"
202200038220;6;12;2022;20:20;5;94;2;2;1;3;"48;8140000000";"2;4630000000"
202200038221;16;1;2022;15:55;1;75;2;2;1;3;"48;8605790000";"2;3493700000"
202200038222;5;12;2022;07:45;1;94;2;1;2;4;"48;8317900000";"2;4930300000"
202200038223;16;1;2022;10:12;1;93;2;1;1;3;"48;9494400000";"2;5651500000"
202200038224;6;12;2022;15:20;1;94;2;3;8;3;"48;7728000000";"2;4001400000"
202200038225;16;1;2022;19:20;1;93;2;9;1;3;"48;9247495324";"2;3842448129"
202200038226;16;1;2022;14:10;1;93;2;1;1;6;"48;9383841217";"2;4055862421"
202200038227;6;12;2022;13:45;1;94;2;6;5;6;"48;8322000000";"2;5338000000"
202200038228;16;1;2022;20:55;3;93;2;1;2;3;"48;9026000000";"2;4634000000"
202200038229;6;12;2022;14:10;1;94;2;1;2;6;"48;8172900000";"2;5254700000"
202200038230;16;1;2022;12:00;1;92;2;1;1;3;"48;8939203480";"2;1867779195"
202200038231;6;12;2022;14:25;1;94;2;2;1;2;"48;7993700000";"2;4251900000"
202200038232;16;1;2022;15:10;1;92;2;1;1;6;"48;8074100000";"2;2943400000"
202200038233;5;12;2022;15:25;1;93;2;1;2;3;"48;9147570000";"2;3581280000"
202200038234;17;1;2022;18:20;3;17;1;1;1;1;"45;8522990000";" -0;8252620000"
202200038235;6;12;2022;07:35;5;93;2;9;1;2;"48;8584210807";"2;5228080153"
202200038236;17;1;2022;10:30;1;02;1;1;5;6;"49;8116390000";"3;2898470000"
202200038237;16;1;2022;09:30;1;71;1;1;8;6;"46;5342620000";"3;8408660000"
202200038238;5;12;2022;19:45;5;93;2;1;1;1;"48;9191176084";"2;4499163032"
202200038239;16;1;2022;23:24;3;95;1;1;2;6;"49;1442830000";"2;3300810000"
202200038240;5;12;2022;20:22;5;93;2;3;1;3;"48;8936000000";"2;5646100000"
202200038241;16;1;2022;19:45;5;74;1;1;1;1;"46;2458190000";"6;6416080000"
202200038242;5;12;2022;12:00;1;92;2;1;2;7;"48;8258226463";"2;2894947231"
202200038243;17;1;2022;09:20;1;42;1;1;5;7;"45;9485540000";"3;9805700000"
202200038244;16;1;2022;12:30;1;972;1;1;1;6;"14;7625530000";" -61;1602340000"
202200038245;6;12;2022;15:00;1;92;2;1;1;3;"48;8053400000";"2;1834500000"
202200038246;13;1;2022;15:50;1;12;1;3;7;3;"44;4509300000";"2;7231500000"
202200038247;6;12;2022;19:00;5;92;2;5;1;3;"48;8490450000";"2;2010540000"
202200038248;15;7;2022;11:30;1;12;1;1;1;2;"44;4438920000";"2;5798990000"
202200038249;16;1;2022;16:15;1;35;1;3;5;1;"48;0056370000";" -1;2011200000"
202200038250;6;12;2022;09:55;1;92;2;3;8;6;"48;8916490000";"2;2928490000"
202200038251;15;7;2022;10:45;1;22;1;1;1;7;"48;8394170000";" -3;1207820000"
202200038252;5;12;2022;08:30;1;92;1;2;1;7;"48;9447109103";"2;2952279448"
202200038253;15;1;2022;03:45;3;41;1;1;5;5;"47;6221120000";"1;3417510000"
202200038254;12;1;2022;07:05;5;06;2;6;1;6;"43;7638730000";"7;2049710000"
202200038255;16;7;2022;13:30;1;39;1;2;1;3;"46;4512050000";"6;0475120000"
202200038256;6;12;2022;18:05;5;92;2;3;1;3;"48;9169650000";"2;2278000000"
202200038257;6;12;2022;19:30;5;92;2;1;1;3;"48;8300100000";"2;2563700000"
202200038258;12;7;2022;21:27;1;35;1;3;1;1;"48;0745410000";" -1;8961610000"
202200038259;6;12;2022;12:44;1;92;2;1;2;7;"48;8277300000";"2;2468500000"
202200038260;12;1;2022;16:20;1;71;1;1;1;5;"46;6574510000";"4;9790940000"
202200038261;15;7;2022;13:30;1;29;1;1;1;1;"48;3617310000";" -4;6105241000"
202200038262;6;12;2022;10:10;1;92;2;1;1;6;"48;7646930000";"2;3067860000"
202200038263;13;7;2022;15:15;1;29;1;3;1;3;"47;8181550000";" -4;3091300000"
202200038264;16;1;2022;19:00;3;47;1;1;5;5;"44;4138989303";"0;1251900194"
202200038265;15;7;2022;17:30;1;29;2;1;1;6;"47;8210779229";" -4;3600616454"
202200038266;16;1;2022;19:30;3;61;1;1;2;6;"48;8091280000";"0;3095720000"
202200038267;7;12;2022;12:45;1;81;1;1;1;7;"43;5171480000";"2;3823170000"
202200038268;16;7;2022;09:00;1;38;1;1;1;6;"45;3508790000";"5;9884930000"
202200038269;14;1;2022;07:35;5;62;2;3;5;6;"50;7314100000";"1;7076320000"
202200038270;6;12;2022;17:00;1;972;1;3;1;6;"14;5200660000";" -60;9392470000"
202200038271;16;7;2022;19:10;1;84;1;9;1;1;"43;7623500000";"5;5814650000"
202200038272;15;1;2022;15:25;1;51;1;4;5;7;"49;3422487707";"3;9146250486"
202200038273;16;1;2022;11:45;1;51;1;1;5;7;"48;7940860000";"3;6266900000"
202200038274;6;12;2022;18:09;3;08;1;1;2;2;"49;5901000000";"4;4938800000"
202200038275;4;1;2022;18:45;5;56;2;1;1;6;"47;5248260000";" -2;7697400000"
202200038276;6;12;2022;18:45;3;83;1;1;1;2;"43;4565560000";"5;8451660000"
202200038277;13;1;2022;04:50;3;56;1;1;1;6;"47;5210550000";" -2;3747630000"
202200038278;16;7;2022;16:50;1;01;2;3;1;1;"46;4272880000";"4;9364810000"
202200038279;7;12;2022;05:45;3;51;1;1;1;1;"49;2083180000";"4;1791820000"
202200038280;16;7;2022;13:00;1;26;1;1;1;7;"44;6945630000";"5;1584890000"
202200038281;17;1;2022;19:00;3;79;1;3;1;6;"46;9336490000";" -0;7687210000"
202200038282;2;12;2022;20:35;3;76;1;1;1;1;"49;4633830000";"1;3399030000"
202200038283;15;7;2022;16:45;1;58;1;1;1;6;"46;8721180000";"3;4601570000"
202200038284;17;1;2022;12:58;1;79;1;1;8;6;"46;3337730000";" -0;2174310000"
202200038285;16;7;2022;16:15;1;05;1;1;1;3;"44;5279800000";"5;8105020000"
202200038286;15;1;2022;11:30;1;79;2;6;1;4;"46;4852720000";" -0;4046060000"
202200038287;15;1;2022;12:00;1;2A;1;1;1;7;"41;9541370000";"8;7956390000"
202200038288;7;12;2022;07:45;2;65;1;2;1;1;"43;0947080000";" -0;0066250000"
202200038289;16;7;2022;12:50;1;53;1;1;1;1;"47;8581500000";" -0;7694270000"
202200038290;17;1;2022;08:00;1;80;1;2;5;1;"49;7641360000";"2;4096970000"
202200038291;6;12;2022;11:57;1;32;2;3;1;6;"43;6050080000";"0;0484510000"
202200038292;17;1;2022;14:00;1;49;1;1;1;7;"47;1905140000";" -0;2102210000"
202200038293;15;7;2022;19:25;1;53;2;3;1;3;"47;8230630000";" -0;7106630000"
202200038294;12;1;2022;15:15;1;12;2;1;1;6;"44;2923050000";"2;5610540000"
202200038295;5;12;2022;09:50;1;32;1;9;1;6;"43;5714990000";"1;1287160000"
202200038296;16;7;2022;11:25;1;21;2;1;1;1;"46;9886110000";"4;8285930000"
202200038297;17;1;2022;14:30;1;41;1;2;1;3;"47;3825150000";"1;3150330000"
202200038298;7;12;2022;17:40;2;61;2;1;5;6;"48;6412070000";" -0;3535820000"
202200038299;16;7;2022;11:10;1;24;1;1;1;7;"45;1581200000";"0;9402540000"
202200038300;14;1;2022;07:30;2;41;1;2;5;3;"47;3020080000";"1;5107060000"
202200038301;16;1;2022;16:55;1;34;1;1;1;6;"43;4328370000";"3;2560940000"
202200038302;6;12;2022;16:08;1;39;1;1;1;1;"46;8987880000";"5;7453920000"
202200038303;13;7;2022;11:20;1;85;2;1;1;6;"46;7970890000";" -1;8995600000"
202200038304;17;1;2022;13:15;1;68;2;1;1;6;"47;8375120000";"7;3028180000"
202200038305;12;1;2022;16:10;1;44;2;6;1;3;"47;1233040000";" -2;1235210000"
202200038306;15;7;2022;17:15;1;27;1;3;7;3;"49;0233770000";"0;6203730000"
202200038307;17;1;2022;12:30;1;29;1;2;1;6;"47;9308900000";" -3;8880820000"
202200038308;7;12;2022;05:20;4;02;1;1;5;5;"48;9290830000";"3;4702420000"
202200038309;16;1;2022;17:10;1;29;2;3;1;6;"47;9325180000";" -3;6987450000"
202200038310;6;12;2022;15:00;1;84;2;1;1;3;"43;6864400000";"5;5021710000"
202200038311;15;7;2022;21:15;2;30;1;1;1;1;"44;2288570000";"4;3165760000"
202200038312;17;1;2022;06:40;3;29;1;3;5;3;"48;1232360710";" -4;0204639435"
202200038313;16;7;2022;04:37;3;72;1;1;1;6;"48;3182750000";"0;0943060000"
202200038314;7;12;2022;12:36;1;85;1;1;1;2;"46;9663740000";" -1;2859560000"
202200038315;17;1;2022;06:50;3;31;1;1;5;6;"43;3916390000";"1;7992690000"
202200038316;16;7;2022;08:30;1;42;1;1;1;6;"45;6906830000";"4;1564690000"
202200038317;7;12;2022;18:20;5;58;2;1;1;1;"46;8022630000";"3;9670300000"
202200038318;17;1;2022;07:24;3;31;1;1;5;2;"43;4154290000";"1;7412470000"
202200038319;17;1;2022;08:30;1;43;1;1;5;7;"45;2575040000";"4;1639690000"
202200038320;7;12;2022;10:40;1;58;1;9;1;3;"46;8027770000";"3;4708740000"
202200038321;16;7;2022;05:00;1;69;2;5;1;3;"45;7582610000";"4;7747880000"
202200038322;16;1;2022;12:55;1;21;1;1;1;6;"47;5433480000";"4;4806030000"
202200038323;5;12;2022;16:10;1;14;1;1;1;7;"49;0599760000";"0;3448250000"
202200038324;7;12;2022;12:20;1;14;1;1;8;6;"49;0793930000";"0;3762560000"
202200038325;15;1;2022;21:10;3;21;1;1;5;1;"47;0408419504";"4;8992497288"
202200038326;6;12;2022;22:40;3;85;1;1;1;6;"47;0054870000";" -1;2837709400"
202200038327;14;1;2022;13:15;1;40;1;3;1;3;"43;9146040000";" -0;4460940000"
202200038328;15;7;2022;18:25;1;69;1;1;1;4;"45;9732140000";"4;7314330000"
202200038329;5;12;2022;16:15;1;28;1;1;5;2;"48;5761490000";"1;5667750000"
202200038330;6;8;2022;20:50;1;37;1;1;1;6;"46;7821410602";"0;8692288399"
202200038331;16;1;2022;15:00;1;988;1;1;1;1;" -21;3068400000";"165;4858500000"
202200038332;15;7;2022;15:15;1;27;1;1;1;7;"49;1050760000";"1;3453960000"
202200038333;16;1;2022;15:30;1;988;1;1;8;7;" -20;4160300000";"164;4050800000"
202200038334;6;12;2022;17:40;5;68;2;3;1;1;"47;7746520000";"7;2291720000"
202200038335;15;7;2022;21:35;2;60;1;1;1;2;"49;1294990000";"2;5437640000"
202200038336;16;1;2022;19:00;3;976;1;1;1;1;" -12;8355270000";"45;1544950000"
202200038337;26;11;2022;08:30;1;988;1;1;1;1;" -22;1386980000";"166;4271210000"
202200038338;16;1;2022;21:30;3;77;1;1;5;6;"48;7937830000";"2;9433490000"
202200038339;7;1;2022;05:56;5;91;2;1;1;6;"48;5357360000";"2;3224710000"
202200038340;14;7;2022;09:30;1;83;1;3;1;5;"43;4121090000";"6;6969610000"
202200038341;6;1;2022;11:50;1;91;1;1;1;3;"48;5577930000";"2;4992660000"
202200038342;16;7;2022;16:47;1;05;1;1;1;7;"45;0529080000";"6;3943430000"
202200038343;17;1;2022;13:40;1;66;1;9;1;1;"42;7895750000";"3;0230860000"
202200038344;16;7;2022;10:10;1;13;1;1;1;1;"43;4824460000";"5;6979780000"
202200038345;15;7;2022;22:00;3;54;1;1;1;7;"48;6229241970";"6;4716339111"
202200038346;17;1;2022;07:57;1;55;2;2;1;1;"48;7589400000";"5;5833240000"
202200038347;16;7;2022;14:45;1;73;1;1;1;7;"45;7648339745";"6;4792143702"
202200038348;16;1;2022;12:20;1;54;1;1;1;6;"48;8089973499";"5;8422160150"
202200038349;15;1;2022;11:00;1;57;2;9;1;6;"49;2105960000";"6;1601220000"
202200038350;15;7;2022;09:00;1;42;1;2;1;1;"45;4717370000";"4;7210200000"
202200038351;16;1;2022;20:20;5;01;2;2;8;1;"45;8252930000";"4;9559870000"
202200038352;17;1;2022;14:54;1;60;1;1;1;7;"49;2501140259";"2;0415494441"
202200038353;5;12;2022;06:10;3;42;1;1;5;4;"45;5682550000";"4;2263140000"
202200038354;16;7;2022;15:40;1;38;2;1;1;1;"45;1058710000";"5;7036370000"
202200038355;14;1;2022;12:10;1;13;1;1;1;4;"43;4134100000";"5;2808700000"
202200038356;16;1;2022;09:40;1;69;1;1;5;6;"45;8259000000";"4;7381100000"
202200038357;16;7;2022;00:05;5;81;2;1;1;7;"43;7627950000";"1;9875870000"
202200038358;5;12;2022;09:08;1;42;1;1;5;4;"45;8689750000";"4;2747970000"
202200038359;16;7;2022;00:35;3;31;2;1;1;6;"43;4956780000";"1;3990110000"
202200038360;15;1;2022;10:00;1;69;1;1;5;2;"45;7704763083";"4;9024343491"
202200038361;6;12;2022;17:00;3;42;1;1;5;1;"45;4453190000";"4;1335840000"
202200038362;16;7;2022;06:05;1;85;2;1;1;6;"46;7568640000";" -2;0241130000"
202200038363;7;12;2022;12:45;1;69;1;1;8;3;"45;9159700000";"4;4916900000"
202200038364;14;1;2022;12:15;1;01;1;1;5;5;"45;8141790000";"4;9522930000"
202200038365;25;4;2022;21:37;3;73;1;1;1;2;"45;7176000000";"5;9239700000"
202200038366;15;7;2022;18:00;1;14;1;1;1;1;"49;2261320000";" -0;2186110000"
202200038367;6;12;2022;18:50;4;987;2;1;2;6;" -17;7302320000";" -149;3111510000"
202200038368;16;7;2022;01:29;3;35;1;1;1;6;"47;8989641724";" -1;5002010763"
202200038369;12;1;2022;13:40;1;57;1;1;1;5;"49;2253300000";"6;1782100000"
202200038370;6;12;2022;05:00;2;988;1;1;3;3;" -21;2605000000";"164;9422700000"
202200038371;16;1;2022;16:27;1;33;1;1;1;6;"44;7856230000";" -0;5942120000"
202200038372;16;7;2022;10:30;1;27;1;1;1;1;"49;0096700000";"1;4180410000"
202200038373;15;1;2022;20:30;5;92;1;1;5;3;"48;7766292971";"2;2331996201"
202200038374;7;12;2022;02:00;3;988;1;3;2;6;" -21;1293010000";"164;9030690000"
202200038375;15;1;2022;19:05;5;78;1;1;1;6;"48;9828200000";"1;6849100000"
202200038376;8;7;2022;15:30;1;60;2;2;1;1;"49;3278250000";"2;3282970000"
202200038377;3;12;2022;19:00;5;971;2;1;1;4;"16;1958830000";" -61;7820560000"
202200038378;16;1;2022;11:00;1;95;1;1;8;6;"48;9497999702";"2;2801405191"
202200038379;7;7;2022;20:10;1;60;2;2;1;3;"49;2938620000";"2;1988530000"
202200038380;16;1;2022;12:37;1;95;1;1;1;5;"48;9913319989";"2;1914076805"
202200038381;7;12;2022;14:30;1;2B;2;1;1;6;"42;5636110000";"9;4410860000"
202200038382;16;1;2022;09:15;1;95;1;1;1;2;"49;0114670000";"2;1525680000"
202200038383;13;7;2022;16:50;1;83;1;1;1;3;"43;1205351938";"5;8435249329"
202200038384;3;12;2022;19:45;3;34;2;1;2;1;"43;4719610000";"3;6917540000"
202200038385;14;7;2022;17:10;1;78;1;1;1;6;"48;8341100000";"2;0864180000"
202200038386;16;1;2022;08:00;2;93;1;1;5;3;"48;8990887890";"2;4695956707"
202200038387;12;11;2022;14:40;1;06;1;3;1;1;"43;7347400000";"7;1247360000"
202200038388;13;7;2022;16:15;1;78;1;1;1;2;"48;8283190000";"2;0788370000"
202200038389;16;1;2022;06:45;3;95;1;1;5;7;"49;0012339119";"2;1723532677"
202200038390;7;12;2022;07:40;2;05;1;1;1;6;"44;7122200000";"6;6014740000"
202200038391;5;12;2022;11:35;1;13;2;1;1;1;"43;4900590000";"5;2312030000"
202200038392;15;1;2022;15:20;1;93;1;1;1;4;"48;9202300000";"2;3574600000"