Accident_Id;jour;mois;an;hrmn;lum;dep;agg;int;atm;col;lat;long
202200038393;14;5;2022;16:20;1;32;1;1;1;7;"43;6606690000";"0;9149550000"
202200038394;14;7;2022;22:45;5;988;2;4;8;6;" -22;2677400000";"166;4350300000"
202200038395;16;1;2022;19:30;3;77;1;1;8;6;"48;8310047423";"2;6053121465"
202200038396;6;12;2022;18:40;3;26;1;3;8;1;"44;8545760000";"4;9497380000"
202200038397;14;7;2022;17:10;2;974;1;1;1;1;" -21;3112000000";"55;5495000000"
202200038398;15;1;2022;12:35;1;92;2;1;1;6;"48;9068004730";"2;3088728785"
202200038399;2;12;2022;09:15;1;31;2;2;1;3;"43;4302740000";"1;2297870000"
202200038400;14;7;2022;10:50;1;974;1;9;2;7;" -20;8943100000";"55;5024100000"
202200038401;15;1;2022;15:25;1;43;2;1;7;6;"45;0429354244";"3;8884842396"
202200038402;6;12;2022;07:59;2;35;1;2;1;3;"47;8932690000";" -1;5032170000"
202200038403;15;1;2022;10:50;1;72;2;1;8;6;"47;9803000000";"0;2163000000"
202200038404;14;7;2022;21:00;2;69;2;2;1;3;"45;7651000000";"4;8532000000"
202200038405;6;12;2022;11:00;1;13;1;1;1;4;"43;3780000000";"5;3557000000"
202200038406;14;1;2022;06:55;5;64;2;1;1;6;"43;2960000000";" -0;3590000000"
202200038407;15;1;2022;19:10;2;974;2;1;3;7;" -20;9345800000";"55;3197800000"
202200038408;14;7;2022;13:30;1;69;2;1;1;2;"45;7757200000";"4;8463300000"
202200038409;5;12;2022;17:55;3;13;1;1;1;2;"43;4722600000";"5;4070000000"
202200038410;15;1;2022;09:18;1;973;2;1;1;2;"4;9402967603";" -52;3199093342"
202200038411;14;7;2022;11:50;1;69;2;2;1;3;"45;7524300000";"4;8461700000"
202200038412;15;1;2022;08:48;1;973;2;3;2;6;"4;9394600000";" -52;3010600000"
202200038413;5;12;2022;19:00;3;13;1;1;1;4;"43;4053300000";"5;3380900000"
202200038414;15;1;2022;21:00;5;69;2;1;1;6;"45;7593409231";"4;8669326305"
202200038415;14;7;2022;16:35;1;972;1;1;2;3;"14;6196200000";" -60;9934400000"
202200038416;6;12;2022;10:42;1;13;1;1;1;2;"43;4105000000";"5;2844000000"
202200038417;14;1;2022;16:00;1;69;2;2;1;3;"45;7372800000";"4;8615600000"
202200038418;5;12;2022;16:50;2;13;1;1;1;3;"43;2876400000";"5;4407100000"
202200038419;12;7;2022;09:00;1;972;2;9;1;7;"14;6081620000";" -61;0565440000"
202200038420;15;1;2022;09:00;1;69;2;1;5;1;"45;7371300000";"4;7840600000"
202200038421;5;12;2022;19:40;3;01;1;1;1;3;"45;8872900000";"4;8935000000"
202200038422;13;7;2022;22:00;2;69;2;1;1;3;"45;7653700000";"4;8290500000"
202200038423;14;1;2022;15:30;1;971;2;3;1;5;"15;9955400000";" -61;7318100000"
202200038424;5;12;2022;09:35;1;69;1;1;5;4;"45;6393000000";"4;8952800000"
202200038425;15;1;2022;13:40;1;91;1;9;1;3;"48;6477180000";"2;2587880000"
202200038426;14;7;2022;04:30;3;95;1;1;1;1;"48;9657760000";"2;4144380000"
202200038427;26;11;2022;17:50;3;42;1;9;1;3;"45;4364200000";"4;4453500000"
202200038428;15;1;2022;01:35;3;71;2;1;1;6;"46;6654270000";"4;3166320000"
202200038429;14;7;2022;16:00;1;95;2;1;1;1;"49;0212921574";"2;4533790350"
202200038430;16;1;2022;02:30;5;64;2;1;1;7;"43;4882600000";" -1;4654700000"
202200038431;3;12;2022;05:25;3;59;1;1;1;5;"50;9591400000";"2;1898300000"
202200038432;6;12;2022;10:00;1;91;1;1;1;2;"48;5677800000";"2;4722500000"
202200038433;15;1;2022;18:25;5;62;1;1;5;3;"50;7272180000";"2;2936140000"
202200038434;13;7;2022;15:45;1;88;2;6;1;3;"48;2874000000";"6;9446600000"
202200038435;15;1;2022;05:00;5;59;2;9;5;6;"50;2721553536";"3;9453942775"
202200038436;6;12;2022;07:20;2;77;1;1;8;3;"48;6135500000";"2;5671300000"
202200038437;13;7;2022;08:00;1;81;2;1;1;6;"44;0559700000";"2;1563440000"
202200038438;15;1;2022;13:40;1;59;2;2;1;3;"50;6459455922";"3;0101171136"
202200038439;6;12;2022;01:47;4;94;1;1;1;2;"48;7502900000";"2;3290900000"
202200038440;14;7;2022;04:21;5;79;2;2;1;3;"46;3139300000";" -0;4696700000"
202200038441;15;1;2022;15:20;1;51;2;2;1;2;"49;0417600000";"3;9502200000"
202200038442;5;12;2022;12:05;1;95;1;1;2;3;"49;0341037635";"2;1120384336"
202200038443;14;7;2022;08:40;1;77;1;9;1;6;"48;8981100000";"2;7425100000"
202200038444;15;1;2022;10:42;1;49;2;2;1;3;"47;4942000000";" -0;5827800000"
202200038445;5;12;2022;08:15;2;93;1;1;4;6;"48;9276852208";"2;4033933878"
202200038446;14;7;2022;21:10;1;76;1;6;1;3;"49;3514700000";"1;0286670000"
202200038447;14;1;2022;08:18;1;44;1;2;8;3;"47;2743000000";" -2;3208000000"
202200038448;14;7;2022;16:40;1;76;1;1;1;7;"49;3910525364";"1;0418002397"
202200038449;6;12;2022;14:45;1;77;1;1;1;6;"48;9675500000";"2;6032800000"
202200038450;15;1;2022;10:50;1;43;2;4;1;3;"45;0336400000";"3;8830100000"
202200038451;14;7;2022;19:15;1;74;2;1;1;6;"46;1965220000";"6;2338020000"
202200038452;6;12;2022;08:40;1;94;1;1;1;3;"48;7815178974";"2;4409339056"
202200038453;15;1;2022;14:50;1;42;2;3;1;3;"46;0457871500";"4;0401511788"
202200038454;4;9;2022;17:45;1;64;2;1;1;1;"43;5014500000";" -1;5369200000"
202200038455;8;7;2022;07:35;1;73;2;3;1;6;"45;5672500000";"5;9187435083"
202200038456;15;1;2022;05:40;5;35;2;6;1;3;"48;1369790910";" -1;6720086336"
202200038457;5;9;2022;08:50;1;64;2;1;1;3;"43;4932000000";" -1;5250600000"
202200038458;15;1;2022;18:00;4;33;2;1;1;6;"44;8752400000";" -0;6195300000"
202200038459;15;1;2022;02:00;5;33;2;1;1;6;"44;8329500000";" -0;5797100000"
202200038460;17;7;2022;01:22;5;13;2;1;1;2;"43;2441000000";"5;3713100000"
202200038461;14;1;2022;16:15;1;33;2;1;1;6;"44;6575070000";" -1;1927730000"
202200038462;17;7;2022;02:10;5;13;2;1;1;3;"43;2525200000";"5;3758400000"
202200038463;14;7;2022;21:50;5;73;2;6;1;1;"45;6942700000";"5;8998000000"
202200038464;15;1;2022;19:20;5;31;2;1;1;7;"43;6249300000";"1;4587000000"
202200038465;15;1;2022;19:45;5;31;2;9;1;6;"43;6149497275";"1;4425322413"
202200038466;26;8;2022;19:20;1;34;2;3;1;6;"43;2388760000";"3;2769510000"
202200038467;14;7;2022;13:13;1;69;2;3;1;2;"45;9823499674";"4;6863619921"
202200038468;15;1;2022;03:05;5;31;2;1;1;2;"43;6005640000";"1;4478980000"
202200038469;5;9;2022;16:40;1;64;2;1;1;2;"43;5115410000";" -1;4407000000"
202200038470;15;1;2022;18:00;5;29;2;1;1;6;"48;0169000000";" -4;0960300000"
202200038471;14;7;2022;18:50;1;64;1;4;1;3;"43;3528100000";" -1;6672280000"
202200038472;6;9;2022;09:05;1;64;2;1;1;3;"43;4915700000";" -1;4693000000"
202200038473;15;1;2022;17:20;2;25;2;1;1;6;"46;9010960000";"6;3537670000"
202200038474;3;8;2022;23:00;5;61;2;1;1;7;"48;7489000000";" -0;5684600000"
202200038475;14;7;2022;11:00;1;64;1;3;1;3;"43;2992700000";" -0;3068300000"
202200038476;14;7;2022;04:00;5;64;2;1;1;6;"43;2983100000";" -0;3703100000"
202200038477;15;1;2022;12:15;1;17;2;1;1;2;"45;6248460000";" -1;0261300000"
202200038478;13;7;2022;16:20;1;61;2;1;1;3;"48;4325700000";"0;0862000000"
202200038479;14;1;2022;15:50;1;15;2;1;1;6;"44;9145000000";"2;4407000000"
202200038480;13;7;2022;13:45;1;48;2;9;7;1;"44;5290220000";"3;4744940000"
202200038481;15;1;2022;21:40;5;13;2;1;1;1;"43;2361600000";"5;3614900000"
202200038482;14;7;2022;08:45;1;41;2;1;1;6;"47;5886000000";"1;3313400000"
202200038483;14;7;2022;06:54;2;37;2;1;1;7;"47;3933306991";"0;6744736433"
202200038484;15;1;2022;16:39;1;13;2;1;1;3;"43;3283500000";"5;3987500000"
202200038485;14;7;2022;19:35;1;34;2;3;1;3;"43;4232960000";"3;7091430000"
202200038486;14;7;2022;06:00;1;34;2;1;1;3;"43;5926740000";"3;8590750000"
202200038487;14;7;2022;19:35;1;33;2;1;1;3;"44;8655800000";" -0;5183400000"
202200038488;14;7;2022;04:30;3;29;1;1;1;6;"47;9484600000";" -4;0745200000"
202200038489;14;1;2022;09:00;1;13;2;1;1;1;"43;3136800000";"5;3865000000"
202200038490;14;7;2022;06:18;1;28;1;1;1;1;"48;4581200000";"1;4457400000"
202200038491;14;7;2022;02:30;3;17;1;1;1;6;"46;1403800000";" -1;1054600000"
202200038492;14;1;2022;20:30;4;13;2;1;1;6;"43;2903339726";"5;5711793898"
202200038493;14;7;2022;07:30;1;13;2;1;1;6;"43;2459652466";"5;3998196961"
202200038494;14;7;2022;06:50;1;09;1;1;1;6;"42;9505090000";"1;6248430000"
202200038495;15;7;2022;00:00;5;06;2;2;1;3;"43;6824500000";"7;2323900000"
202200038496;14;1;2022;17:30;2;11;1;1;1;3;"43;2318500000";"2;3737500000"
202200038497;8;7;2022;14:00;1;05;2;1;1;7;"44;5635800000";"6;0895200000"
202200038498;13;7;2022;13:10;1;01;1;1;1;1;"46;2855410000";"5;2310350000"
202200038499;13;7;2022;09:35;1;75;2;1;1;4;"48;8894500000";"2;3967590000"
202200038500;13;7;2022;09:00;1;75;2;1;1;3;"48;8620140000";"2;2643930000"
202200038501;11;7;2022;22:30;5;75;2;1;1;6;"48;8724430000";"2;2822780000"
202200038502;14;7;2022;19:10;1;75;2;1;1;3;"48;8634540000";"2;3898020000"
202200038503;14;7;2022;03:30;5;75;2;4;1;2;"48;8645620000";"2;4125060000"
202200038504;14;7;2022;19:00;1;75;2;2;1;3;"48;8924440000";"2;3789160000"
202200038505;14;7;2022;10:58;1;75;2;2;1;3;"48;8828110000";"2;3703550000"
202200038506;14;7;2022;11:10;1;75;2;1;1;3;"48;8780360000";"2;2965110000"
202200038507;14;7;2022;02:10;5;75;2;2;1;3;"48;8810770000";"2;2897000000"
202200038508;14;7;2022;13:55;1;75;2;4;1;3;"48;8226250000";"2;3729830000"
202200038509;26;2;2022;19:58;3;59;1;9;1;1;"50;5409130000";"3;0011130000"
202200038510;14;4;2022;08:20;1;33;1;1;1;4;"44;6174139418";" -1;1157721281"
202200038511;14;7;2022;18:25;1;75;2;4;1;3;"48;8664700000";"2;3682080000"
202200038512;25;2;2022;23:10;3;974;2;1;1;2;" -21;2841909861";"55;4045516328"
202200038513;14;7;2022;08:40;1;75;2;5;1;3;"48;8783110000";"2;3449620000"
202200038514;26;2;2022;22:13;3;34;1;1;1;6;"43;6302097719";"3;7159755325"
202200038515;14;7;2022;17:25;1;75;2;2;1;3;"48;8264810000";"2;3415990000"
202200038516;27;2;2022;05:30;3;62;2;1;1;6;"50;5465650000";"1;9995710000"
202200038517;14;7;2022;03:25;5;75;2;3;1;6;"48;8574980000";"2;3053530000"
202200038518;27;2;2022;00:10;3;83;1;1;1;6;"43;4029900000";"5;9460390000"
202200038519;24;8;2022;08:35;1;988;2;3;1;3;" -22;2683700000";"166;4726600000"
202200038520;14;7;2022;02:45;5;75;2;4;1;7;"48;8590510000";"2;3226370000"
202200038521;27;2;2022;10:00;1;57;1;1;1;6;"49;2818740000";"6;5476160000"
202200038522;22;8;2022;11:20;1;976;2;1;1;1;" -12;8112400000";"45;2028200000"
202200038523;14;7;2022;18:30;1;75;2;2;1;7;"48;8562840000";"2;3566030000"
202200038524;26;2;2022;17:40;1;51;1;1;1;1;"49;1619580000";"4;8667720000"
202200038525;22;8;2022;16:25;1;974;1;1;1;2;" -21;2874290000";"55;5096330000"
202200038526;14;7;2022;13:15;1;75;2;4;1;6;"48;8664650000";"2;3604390000"
202200038527;27;2;2022;06:50;3;81;1;1;1;6;"43;9210380000";"1;6173670000"
202200038528;22;8;2022;14:45;1;974;2;1;1;7;" -20;8771600000";"55;4551700000"
202200038529;14;7;2022;14:55;1;94;2;3;7;3;"48;8100900000";"2;4329300000"
202200038530;26;2;2022;19:00;3;11;2;1;1;2;"43;2939700000";"2;9683690000"
202200038531;23;8;2022;21:35;5;973;2;1;1;7;"4;9418123664";" -52;3247493804"
202200038532;23;8;2022;20:00;4;973;2;1;1;7;"4;9281112131";" -52;2900778055"
202200038533;27;2;2022;16:00;1;34;1;1;1;5;"43;6058160000";"3;3692840000"
202200038534;14;7;2022;03:35;5;94;2;2;1;3;"48;8195582489";"2;5435307622"
202200038535;22;8;2022;11:45;1;973;2;1;1;3;"4;9390212079";" -52;3263680935"
202200038536;26;2;2022;17:40;1;35;2;1;7;1;"48;6092920000";" -1;8198040000"
202200038537;14;7;2022;20:50;1;93;2;1;1;3;"48;9453852176";"2;3427451551"
202200038538;26;2;2022;19:30;3;35;1;1;1;6;"48;1999290000";" -1;9954830000"
202200038539;14;7;2022;19:01;1;93;2;3;1;1;"48;8899000000";"2;4510500000"
202200038540;23;8;2022;10:55;1;973;2;2;1;3;"4;9335306024";" -52;3133245111"
202200038541;27;2;2022;17:15;1;02;1;1;1;6;"49;4098880000";"3;1284860000"
202200038542;23;8;2022;07:25;1;973;2;6;8;7;"4;9331600000";" -52;3096200000"
202200038543;14;7;2022;00:30;5;93;2;1;1;6;"48;9162900000";"2;4438100000"
202200038544;26;2;2022;19:05;3;03;1;1;1;6;"46;7102600000";"2;7160080000"
202200038545;26;2;2022;10:40;1;01;2;1;1;6;"46;3832610000";"5;3455170000"
202200038546;23;8;2022;21:45;5;69;2;3;1;3;"45;7530400000";"4;8339300000"
202200038547;14;7;2022;18:13;1;92;2;2;1;3;"48;8930932915";"2;2927031815"
202200038548;27;2;2022;17:50;1;14;2;1;1;1;"49;3201780000";"0;1920350000"
202200038549;14;7;2022;18:45;1;92;2;1;1;3;"48;9054119323";"2;2562726140"
202200038550;23;8;2022;15:30;1;69;2;3;1;7;"45;7681400000";"4;8378700000"
202200038551;27;2;2022;14:20;1;50;1;3;1;3;"48;6259790000";" -1;3830890000"
202200038552;23;8;2022;12:00;1;69;2;1;1;3;"45;7734600000";"4;8093200000"
202200038553;14;7;2022;19:30;1;54;1;1;1;7;"48;7442385740";"6;2545767319"
202200038554;24;8;2022;00:20;5;2A;2;1;1;7;"41;9336048132";"8;7335434557"
202200038555;13;7;2022;16:30;1;67;1;1;1;2;"48;8203290000";"7;4483660000"
202200038556;22;8;2022;19:40;1;2A;1;1;1;7;"41;9159100000";"8;6435300000"
202200038557;12;7;2022;20:30;2;68;1;1;1;3;"47;7847880000";"7;4334740000"
202200038558;26;2;2022;16:40;1;45;2;2;7;3;"47;7156120000";"1;9391510000"
202200038559;14;7;2022;19:20;1;41;1;9;1;6;"47;6881860000";"1;4265490000"
202200038560;20;8;2022;23:00;5;95;2;3;1;3;"48;9660925790";"2;3008807003"
202200038561;26;2;2022;15:35;1;18;2;1;1;6;"46;7353830000";"2;4897770000"
202200038562;25;2;2022;21:10;3;10;1;1;1;7;"48;5457620000";"4;0290480000"
202200038563;23;8;2022;20:50;2;91;2;1;1;3;"48;6754410000";"2;3395050000"
202200038564;14;7;2022;19:50;1;50;1;1;1;2;"48;9977050000";" -0;9137110000"
202200038565;14;7;2022;22:00;1;14;1;1;1;6;"49;0504904983";" -0;7152271270"
202200038566;27;2;2022;08:20;1;53;1;1;1;7;"48;0759860000";" -0;9879650000"
202200038567;20;7;2022;15:30;1;84;2;3;1;3;"44;0425100000";"5;0374600000"
202200038568;15;7;2022;04:40;3;87;1;9;1;6;"46;0426310000";"1;3520670000"
202200038569;18;2;2022;05:00;3;21;1;1;1;2;"47;5382100000";"5;1289420000"
202200038570;19;8;2022;12:15;1;80;2;1;1;6;"49;8869400000";"2;3161900000"
202200038571;14;7;2022;18:45;1;62;1;1;1;6;"50;2442729359";"2;8125288212"
202200038572;26;2;2022;12:45;1;85;2;3;7;6;"46;9163990000";" -2;0423010000"
202200038573;14;7;2022;16:10;1;57;1;1;1;1;"48;5473645420";"7;1780795407"
202200038574;23;8;2022;14:20;1;77;1;1;1;2;"48;4829400000";"2;6666400000"
202200038575;27;2;2022;13:40;1;27;1;1;1;5;"49;1257360000";"0;8349610000"
202200038576;14;7;2022;13:45;1;56;2;2;7;3;"47;6375010000";" -3;1520090000"
202200038577;23;8;2022;08:25;1;76;2;2;1;3;"49;4381100000";"1;0919300000"
202200038578;14;7;2022;13:50;1;56;1;1;1;7;"47;8647160000";" -3;1860350000"
202200038579;27;2;2022;05:35;3;23;2;9;1;7;"45;9591230000";"2;1921910000"
202200038580;15;7;2022;06:22;2;56;1;1;1;6;"47;5890320000";" -2;5500670000"
202200038581;23;8;2022;19:55;1;74;2;1;1;3;"46;1928000000";"6;2296000000"
202200038582;26;2;2022;17:45;1;87;2;1;1;7;"45;6288660000";"1;5724700000"
202200038583;13;7;2022;13:05;1;56;2;1;1;1;"47;6834510000";" -2;7975540000"
202200038584;22;8;2022;11:10;1;72;2;1;1;6;"47;9751351165";"0;2067410944"
202200038585;22;8;2022;19:55;1;71;2;1;1;2;"46;8033000000";"4;8453900000"
202200038586;15;7;2022;16:57;1;77;1;1;1;6;"48;4718120000";"3;2280920000"
202200038587;15;7;2022;13:30;1;67;1;9;1;7;"48;4003560000";"7;1225270000"
202200038588;23;8;2022;15:20;1;69;2;2;1;6;"45;7654700000";"4;9010800000"
202200038589;27;2;2022;00:20;3;13;1;1;1;5;"43;5739240000";"5;1314740000"
202200038590;15;7;2022;00:10;3;76;1;1;1;6;"49;5970610000";"0;2026780000"
202200038591;23;8;2022;01:20;5;69;2;3;1;6;"45;7753200000";"4;8700000000"
202200038592;26;2;2022;18:47;3;01;1;1;1;4;"46;1137060000";"5;4884000000"
202200038593;23;8;2022;20:05;2;69;2;4;1;1;"45;9820000000";"4;7150000000"
202200038594;15;7;2022;08:40;1;65;1;3;1;3;"43;0878130000";"0;3378730000"
202200038595;14;7;2022;18:00;1;32;1;1;1;6;"43;6027380000";"0;2560950000"
202200038596;22;8;2022;20:12;1;64;1;1;1;3;"43;3489800000";" -0;3799800000"
202200038597;26;2;2022;13:37;1;01;1;1;1;4;"46;1636240000";"5;7594610000"
202200038598;15;7;2022;09:35;1;71;2;2;1;3;"46;5360930000";"4;1314710000"
202200038599;23;8;2022;05:38;5;64;1;1;2;1;"43;4415900000";" -1;5864600000"
202200038600;14;7;2022;23:30;3;89;1;1;1;6;"47;5036420000";"4;0460910000"
202200038601;27;2;2022;02:30;3;06;1;1;1;2;"43;6083169162";"7;0967993553"
202200038602;8;8;2022;20:30;2;62;2;1;1;6;"50;4260630000";"2;7753740000"
202200038603;15;7;2022;11:05;1;42;2;3;1;3;"46;1528450000";"4;1557360000"
202200038604;26;2;2022;22:10;5;976;2;1;1;7;" -12;7561440000";"45;0809220000"
202200038605;22;8;2022;15:32;1;62;1;1;1;3;"50;5082100000";"2;6415600000"
202200038606;15;7;2022;10:55;1;46;1;1;1;1;"45;0362130000";"1;5050570000"
202200038607;1;1;2022;06:30;1;971;1;1;1;4;"16;2525830000";" -61;5812550000"
202200038608;23;8;2022;18:35;1;60;2;3;1;3;"49;4365000000";"2;0758100000"
202200038609;29;6;2022;18:00;1;22;1;1;3;1;"48;7603830000";" -3;1993390000"
202200038610;23;8;2022;17:25;1;54;2;1;1;2;"48;6830850000";"6;2028950000"
202200038611;26;2;2022;05:00;3;27;1;1;1;4;"49;0774920000";"1;3927320000"
202200038612;15;7;2022;00:10;3;44;1;1;1;2;"47;4567710000";" -2;3140920000"
202200038613;23;8;2022;12:15;1;54;2;3;1;2;"48;7002800000";"6;1667600000"
202200038614;29;1;2022;12:30;1;988;2;1;8;1;" -21;6355450000";"166;2007050000"
202200038615;15;7;2022;09:40;1;29;1;9;1;3;"48;0436780000";" -3;9126830000"
202200038616;26;2;2022;15:15;1;971;1;1;8;7;"16;2816010000";" -61;4225760000"
202200038617;23;8;2022;10:48;1;54;2;1;1;2;"48;6516600000";"6;1842700000"
202200038618;15;7;2022;12:50;1;38;1;1;1;1;"45;4117530000";"6;0219240000"
202200038619;26;2;2022;19:35;3;971;1;3;1;4;"16;2978460000";" -61;6709270000"
202200038620;23;8;2022;14:35;1;51;1;6;1;2;"49;2128300000";"4;0145200000"
202200038621;14;7;2022;14:45;1;58;1;1;1;7;"47;1011990000";"3;5207010000"
202200038622;22;8;2022;15:45;1;51;1;1;1;6;"49;2449000000";"4;0182000000"
202200038623;25;2;2022;19:30;5;13;2;2;1;2;"43;3673880000";"5;2477960000"
202200038624;14;7;2022;09:40;1;54;2;1;1;6;"48;5568697560";"6;3902717837"
202200038625;27;2;2022;07:00;2;77;1;1;1;6;"48;2451680000";"2;9747630000"
202200038626;13;7;2022;18:00;1;14;1;1;1;6;"49;1212560000";" -0;1390030000"
202200038627;22;8;2022;16:15;1;50;2;1;1;6;"49;1079200000";" -1;0714680000"
202200038628;26;2;2022;00:40;3;95;1;1;1;6;"49;0402967524";"2;4460995197"
202200038629;13;7;2022;22:00;2;14;1;1;1;6;"49;1147680000";" -0;2356480000"
202200038630;22;8;2022;04:56;4;49;2;3;1;3;"47;4854600000";" -0;5157800000"
202200038631;27;2;2022;00:25;3;26;1;9;1;2;"44;7849570000";"4;8311950000"
202200038632;27;2;2022;06:50;2;38;1;1;1;6;"45;3957738300";"4;8088788556"
202200038633;23;8;2022;19:47;1;47;2;1;1;2;"44;1937800000";"0;5959800000"
202200038634;10;7;2022;22:25;3;90;1;1;1;6;"47;5779990000";"7;0182920000"
202200038635;14;7;2022;10:45;1;60;2;9;1;2;"49;4249400000";"2;0355730000"
202200038636;23;8;2022;14:10;1;45;2;2;1;3;"47;9254200000";"1;8461000000"
202200038637;15;7;2022;11:10;1;21;1;1;1;7;"46;9821340000";"4;6438320000"
202200038638;18;8;2022;10:00;1;44;2;1;8;6;"47;2792630000";" -2;4226570000"
202200038639;27;2;2022;11:30;1;88;1;3;1;1;"48;2159980000";"6;5809230000"
202200038640;14;7;2022;12:55;1;40;1;1;1;7;"43;9115280000";" -0;5452180000"
202200038641;23;8;2022;04:45;3;38;2;1;1;1;"45;1587000000";"5;7077800000"
202200038642;25;2;2022;20:10;5;54;2;1;1;3;"48;7356700000";"6;1655900000"
202200038643;15;7;2022;00:20;3;85;1;2;1;6;"46;4340760000";" -1;4780634000"
202200038644;23;8;2022;17:25;1;25;1;1;1;7;"46;9122100000";"6;3331000000"
202200038645;27;2;2022;18:00;2;63;1;1;1;6;"45;7565130000";"3;2596830000"
202200038646;10;7;2022;18:25;1;37;2;1;1;1;"47;4426890000";"0;5686280000"
202200038647;14;7;2022;12:46;1;08;1;1;7;1;"49;4557870000";"4;8293250000"
202200038648;26;2;2022;11:30;1;69;1;1;1;1;"45;9281100000";"4;3859910000"
202200038649;23;8;2022;11:15;1;17;2;1;1;7;"45;7453600000";" -0;6228800000"
202200038650;25;2;2022;18:00;2;81;2;1;1;2;"43;6988640000";"1;8142350000"
202200038651;23;8;2022;12:45;1;15;2;1;1;3;"44;9107200000";"2;4262100000"
202200038652;26;2;2022;15:35;1;09;2;4;1;3;"42;8476510000";"1;6034250000"
202200038653;15;7;2022;15:15;1;973;1;1;3;1;"4;8773570821";" -52;2789788246"
202200038654;27;2;2022;16:30;1;86;1;1;1;7;"46;7151450000";"0;4152170000"
202200038655;15;7;2022;10:20;1;34;1;1;1;2;"43;4800630000";"3;6776730000"
202200038656;23;8;2022;10:35;1;14;2;1;1;2;"49;1716200000";" -0;3840900000"
202200038657;27;2;2022;04:30;3;27;1;1;1;7;"49;1371930000";"1;5441800000"
202200038658;14;7;2022;10:00;1;34;2;6;1;7;"43;5884030000";"3;7676290000"
202200038659;27;2;2022;08:55;1;62;1;1;7;7;"50;6449230000";"2;2563390000"
202200038660;22;8;2022;10:30;1;13;1;1;1;3;"43;6756595520";"5;0927072016"
202200038661;14;7;2022;15:30;1;971;2;1;1;6;"16;0137390000";" -61;7200500000"
202200038662;26;2;2022;09:40;1;62;1;6;1;7;"50;6116080000";"1;6327040000"
202200038663;14;7;2022;23:53;3;77;1;1;1;2;"48;5563580000";"2;9893000000"
202200038664;23;8;2022;22:20;5;13;2;1;1;7;"43;2717400000";"5;3773900000"
202200038665;27;2;2022;03:05;4;59;2;1;1;2;"50;2543894873";"4;0724802911"
202200038666;15;7;2022;09:15;1;77;1;1;1;7;"48;2524620000";"2;9709970000"
202200038667;15;7;2022;11:45;1;95;2;1;1;6;"49;0734860000";"2;1871810000"
202200038668;22;8;2022;20:15;5;13;2;1;1;3;"43;2787000000";"5;3878000000"
202200038669;14;7;2022;20:55;3;2B;1;3;1;3;"42;5419670000";"9;4803000000"
202200038670;23;8;2022;12:15;1;13;2;1;1;4;"43;3395679906";"5;3660680999"
202200038671;12;7;2022;12:00;1;34;2;6;1;7;"43;4640436522";"3;6896658968"
202200038672;25;2;2022;14:01;1;13;1;1;1;4;"43;4104700000";"5;2845300000"
202200038673;22;8;2022;08:30;1;13;2;1;1;3;"43;2846700000";"5;5487900000"
202200038674;14;7;2022;22:20;3;34;1;1;1;1;"43;6338080000";"4;1321470000"
202200038675;25;2;2022;14:30;1;13;2;1;1;2;"43;3298600000";"5;3997100000"
202200038676;22;8;2022;19:30;1;13;2;1;1;3;"43;2818100000";"5;5125600000"
202200038677;14;7;2022;22:05;5;83;1;1;1;3;"43;2638310000";"6;6114950000"
202200038678;25;2;2022;14:05;1;13;2;1;1;3;"43;3199800000";"5;4223200000"
202200038679;23;8;2022;17:40;1;11;2;1;1;6;"43;2138000000";"2;3553000000"
202200038680;15;7;2022;15:30;1;13;1;1;1;1;"43;7972860000";"4;7977480000"
202200038681;22;8;2022;20:55;2;11;2;2;1;2;"43;2141500000";"2;3451200000"
202200038682;26;2;2022;12:50;1;33;1;1;1;2;"44;7596900000";" -0;6809800000"
202200038683;15;7;2022;01:55;5;57;2;6;1;6;"49;2112760000";"6;1251030000"
202200038684;12;7;2022;18:20;1;74;1;1;1;7;"46;1352750000";"6;3118870000"
202200038685;26;2;2022;15:55;1;91;1;1;1;2;"48;7433200000";"2;1886800000"
202200038686;22;8;2022;17:25;1;11;2;3;1;3;"43;2283821738";"2;3596236739"
202200038687;14;7;2022;18:00;1;73;1;1;1;6;"45;2225301548";"6;3040420711"
202200038688;26;2;2022;07:25;2;91;1;1;1;1;"48;7310100000";"2;2405100000"
202200038689;15;7;2022;17:55;1;73;1;1;1;7;"45;5366360000";"6;6031730000"
202200038690;25;2;2022;22:00;3;91;1;1;1;4;"48;6325440000";"2;5312370000"
202200038691;11;7;2022;06:15;2;73;1;1;1;7;"45;5649650000";"6;2062550000"
202200038692;23;8;2022;08:50;1;07;2;6;1;3;"44;9396000000";"4;8650000000"
202200038693;22;8;2022;09:56;1;06;2;1;1;1;"43;7748200000";"7;4988300000"
202200038694;14;7;2022;11:30;1;26;1;9;1;1;"45;0298390000";"5;3846310000"
202200038695;26;2;2022;11:00;1;78;1;1;1;4;"48;8653100000";"2;0375400000"
202200038696;26;2;2022;10:30;1;93;1;1;1;2;"48;8783840167";"2;4766059319"
202200038697;25;2;2022;20:00;3;93;1;1;1;2;"48;9648500000";"2;5182500000"
202200038698;23;8;2022;13:50;1;75;2;1;1;2;"48;8413570000";"2;4135520000"