Accident_Id;jour;mois;an;hrmn;lum;dep;agg;int;atm;col;lat;long
202200038699;15;7;2022;18:00;1;01;1;1;1;6;"45;8764140000";"4;9109960000"
202200038700;25;2;2022;18:20;1;93;1;1;1;3;"48;9056200000";"2;4618400000"
202200038701;23;8;2022;20:50;2;75;2;1;1;6;"48;8715670000";"2;3950660000"
202200038702;23;8;2022;14:10;1;75;2;1;1;6;"48;8939720000";"2;3651900000"
202200038703;26;2;2022;19:20;3;94;1;1;1;4;"48;8296742954";"2;4982710871"
202200038704;23;8;2022;10:10;1;75;2;2;1;6;"48;8464780000";"2;3060980000"
202200038705;25;2;2022;11:40;1;77;1;1;1;2;"48;9014872986";"2;6507608105"
202200038706;22;8;2022;12:25;1;75;2;1;1;3;"48;8267190000";"2;3353610000"
202200038707;25;2;2022;13:55;1;72;2;1;1;6;"47;9790960000";"0;2289880000"
202200038708;15;2;2022;08:05;2;95;2;1;1;6;"48;9640569359";"2;3357333243"
202200038709;21;8;2022;15:31;1;75;2;1;1;3;"48;8378170000";"2;3602120000"
202200038710;15;7;2022;06:30;2;17;1;1;1;7;"45;6770190000";" -0;9357860000"
202200038711;25;2;2022;08:30;1;974;2;1;1;6;" -20;8810200000";"55;4461300000"
202200038712;23;8;2022;17:50;1;75;2;3;1;3;"48;8585550000";"2;3324680000"
202200038713;11;7;2022;12:45;1;14;1;1;7;3;"49;2736920000";" -0;2149950000"
202200038714;22;2;2022;12:00;1;974;2;1;1;3;" -20;8883500000";"55;4460000000"
202200038715;14;7;2022;23:00;3;27;1;1;1;7;"48;9604970000";"1;3191750000"
202200038716;22;8;2022;10:40;1;75;2;7;1;7;"48;8637560000";"2;3215380000"
202200038717;25;2;2022;18:15;1;69;2;1;1;3;"45;7550100000";"4;8705100000"
202200038718;14;7;2022;18:55;1;60;2;3;7;3;"49;1626910000";"2;2529640000"
202200038719;22;8;2022;23:40;5;94;2;9;1;1;"48;8011200000";"2;4018700000"
202200038720;25;2;2022;16:20;1;69;2;2;1;3;"45;7469400000";"4;8458300000"
202200038721;14;7;2022;22:30;5;60;2;4;1;1;"49;2915000000";"2;3821400000"
202200038722;23;8;2022;10:40;1;94;2;1;1;6;"48;7943800000";"2;5138700000"
202200038723;15;7;2022;03:30;3;60;1;1;1;6;"49;5050850014";"2;2012867926"
202200038724;24;2;2022;11:50;1;972;2;1;1;3;"14;6124200000";" -60;9977200000"
202200038725;23;8;2022;13:50;1;94;2;1;1;1;"48;8182301956";"2;4388756603"
202200038726;24;2;2022;19:35;4;972;1;9;1;3;"14;6050600000";" -61;0876200000"
202200038727;14;7;2022;23:30;3;60;2;1;1;3;"49;4118201586";"2;2675867078"
202200038728;23;8;2022;11:10;1;94;2;1;1;1;"48;8178700000";"2;4239000000"
202200038729;25;2;2022;15:30;1;69;2;8;1;3;"45;7496100000";"4;8281600000"
202200038730;14;7;2022;16:00;1;59;2;1;1;7;"50;0919435135";"3;5892891884"
202200038731;23;8;2022;14:05;1;94;2;5;1;3;"48;8199800000";"2;4825800000"
202200038732;25;2;2022;09:00;1;69;2;1;1;1;"45;7836613200";"4;8449867964"
202200038733;14;7;2022;06:30;1;13;1;1;1;2;"43;3819560000";"5;3519210000"
202200038734;23;8;2022;10:40;1;93;2;2;1;3;"48;9294059731";"2;4800383372"
202200038735;23;2;2022;23:00;5;971;2;1;1;3;"16;2412500000";" -61;5364200000"
202200038736;25;2;2022;18:25;2;95;2;1;1;6;"49;0001921921";"2;4079906940"
202200038737;10;7;2022;02:40;5;13;1;1;1;3;"43;3071508432";"5;4252505302"
202200038738;22;8;2022;17:24;1;92;2;1;1;3;"48;8342813322";"2;2224354744"
202200038739;15;6;2022;02:50;5;92;2;7;1;7;"48;8337951456";"2;2435676604"
202200038740;18;2;2022;17:05;1;95;2;6;1;3;"48;9804587445";"2;2532781959"
202200038741;23;8;2022;10:40;1;92;2;1;1;6;"48;8718672482";"2;1948579401"
202200038742;15;6;2022;13:30;1;92;2;1;1;6;"48;7501053157";"2;2879462838"
202200038743;14;7;2022;14:15;1;33;1;1;1;2;"44;8868760000";" -0;5067720000"
202200038744;25;2;2022;06:50;2;91;2;1;1;7;"48;6013100000";"2;3024700000"
202200038745;15;6;2022;15:00;1;24;2;1;1;1;"45;3360170000";"1;0500010000"
202200038746;23;8;2022;12:55;1;92;1;1;1;3;"48;9128600000";"2;3055600000"
202200038747;24;2;2022;17:42;1;91;2;1;8;6;"48;6393870000";"2;3330420000"
202200038748;14;7;2022;06:00;2;33;1;1;1;6;"44;8057166484";" -0;5316688120"
202200038749;11;6;2022;19:21;1;63;1;9;1;6;"45;7139100000";"3;1334700000"
202200038750;23;8;2022;15:30;1;09;2;1;1;3;"42;9468110000";"1;0586840000"
202200038751;25;2;2022;12:00;1;91;2;1;1;6;"48;6858800000";"2;4086000000"
202200038752;31;5;2022;19:30;1;37;1;4;7;3;"47;1138020000";"0;5036120000"
202200038753;14;7;2022;00:15;5;91;1;1;1;4;"48;6558800000";"2;3782900000"
202200038754;23;8;2022;09:20;1;81;1;1;1;1;"43;6685230000";"1;9162710000"
202200038755;24;2;2022;21:40;5;91;2;1;1;1;"48;7097100000";"2;4280100000"
202200038756;24;8;2022;12:15;1;10;1;1;7;1;"48;2493970000";"3;7621680000"
202200038757;14;7;2022;01:30;3;95;1;1;1;6;"48;9733064035";"2;4897980690"
202200038758;25;2;2022;17:10;1;91;2;9;1;6;"48;7049700000";"2;3716300000"
202200038759;16;6;2022;10:01;1;2A;1;1;1;5;"41;6502780000";"8;9387140000"
202200038760;12;7;2022;15:30;1;974;1;9;1;6;" -21;3495530000";"55;5039200000"
202200038761;23;8;2022;14:45;1;84;1;1;1;6;"43;7735050000";"5;1129820000"
202200038762;12;7;2022;18:15;1;69;2;1;7;6;"45;6946672675";"4;9184310436"
202200038763;16;6;2022;11:50;1;68;2;4;1;1;"47;9082090000";"7;2175940000"
202200038764;18;2;2022;09:10;1;89;2;4;1;2;"48;1938200000";"3;3005600000"
202200038765;12;7;2022;17:30;1;29;2;1;1;6;"47;9824000000";" -4;0742000000"
202200038766;15;6;2022;13:15;1;95;2;1;1;6;"49;1206630000";"2;2197210000"
202200038767;24;2;2022;12:20;1;86;2;1;1;3;"46;5790090000";"0;3101970000"
202200038768;12;6;2022;08:30;1;49;1;1;1;7;"47;1550910000";" -0;7005180000"
202200038769;23;2;2022;18:15;5;83;2;1;1;3;"43;1376926937";"5;9941166639"
202200038770;22;8;2022;23:40;4;34;2;2;1;6;"43;6844850000";"3;9244020000"
202200038771;12;7;2022;17:00;1;75;2;7;1;3;"48;8706270000";"2;3320820000"
202200038772;11;6;2022;21:00;3;972;2;1;1;1;"14;6112630000";" -61;0937320000"
202200038773;25;2;2022;11:50;1;83;2;1;1;3;"43;1134100000";"6;1290300000"
202200038774;24;8;2022;12:04;1;51;2;1;1;7;"49;0908779283";"4;8935414851"
202200038775;24;2;2022;11:45;1;80;2;1;1;3;"49;8798000000";"2;2909800000"
202200038776;12;7;2022;16:05;1;92;1;1;1;4;"48;8429820546";"2;2224709619"
202200038777;23;8;2022;21:40;3;59;1;1;1;6;"50;0464680000";"3;4538060000"
202200038778;15;6;2022;09:50;1;63;1;1;3;1;"45;7455490000";"2;8381630000"
202200038779;10;6;2022;15:00;1;59;2;1;1;6;"50;6222428089";"3;0677973032"
202200038780;22;2;2022;19:10;4;80;2;1;2;3;"49;9030700000";"2;3070200000"
202200038781;15;6;2022;18:15;1;63;1;1;1;6;"45;7617750000";"2;9516740000"
202200038782;25;2;2022;09:00;1;78;1;9;8;7;"48;9020100000";"2;0060400000"
202200038783;12;5;2022;01:30;3;976;2;9;1;6;" -12;7652900000";"45;2252000000"
202200038784;24;8;2022;14:20;1;19;1;1;1;7;"45;6641910000";"2;1992830000"
202200038785;25;2;2022;15:45;1;77;2;1;1;6;"48;6273380000";"2;5910340000"
202200038786;13;7;2022;08:00;1;974;1;1;1;7;" -20;9114300000";"55;4138500000"
202200038787;15;6;2022;16:23;1;46;1;2;7;3;"44;2998830000";"1;4694430000"
202200038788;21;8;2022;08:00;1;67;1;1;1;3;"48;2853310000";"7;5987410000"
202200038789;13;7;2022;10:00;1;974;2;2;1;3;" -20;9358500000";"55;2910600000"
202200038790;16;6;2022;15:20;1;25;1;1;1;3;"47;2272630000";"6;7773630000"
202200038791;25;2;2022;16:24;1;77;2;1;1;6;"48;8380910000";"2;7290790000"
202200038792;24;8;2022;02:20;3;67;1;1;1;7;"48;4013180000";"7;1074220000"
202200038793;15;6;2022;12:30;1;06;2;1;1;6;"43;7029190000";"6;8484020000"
202200038794;13;7;2022;19:30;5;973;2;1;1;2;"4;9290200000";" -52;3014900000"
202200038795;11;6;2022;18:35;1;06;1;1;1;7;"43;8198290000";"7;1344500000"
202200038796;25;2;2022;19:40;5;74;2;1;1;5;"46;3597370000";"6;4762730000"
202200038797;24;8;2022;18:05;1;2B;1;3;1;3;"42;4116630000";"9;5305110000"
202200038798;16;6;2022;20:00;1;30;1;1;1;6;"44;2328540000";"4;4531110000"
202200038799;24;8;2022;18:18;1;80;2;1;1;6;"49;9560240000";"2;5720560000"
202200038800;25;2;2022;12:15;1;72;2;1;1;2;"48;0152800000";"0;1553200000"
202200038801;15;6;2022;15:50;1;57;2;1;1;3;"48;9836880000";"7;5632130000"
202200038802;13;7;2022;21:50;5;69;2;2;1;2;"45;7636700000";"4;8381300000"
202200038803;15;6;2022;16:50;1;56;2;1;1;6;"47;6594520000";" -2;8558030000"
202200038804;23;8;2022;13:00;1;71;2;1;1;1;"46;9079840000";"4;3812600000"
202200038805;15;6;2022;14:55;1;2A;2;1;1;3;"41;9545400000";"8;7932800000"
202200038806;24;8;2022;18:50;1;89;1;1;1;6;"47;6741510000";"3;6578140000"
202200038807;25;2;2022;21:15;5;71;2;2;1;5;"46;6823890488";"4;3621462584"
202200038808;16;6;2022;18:11;1;71;1;1;1;2;"46;4483400000";"4;6398460000"
202200038809;13;7;2022;18:00;1;69;2;1;1;3;"45;7286400000";"4;8302700000"
202200038810;24;8;2022;11:45;1;63;1;1;1;2;"45;4782560000";"3;2372760000"
202200038811;22;2;2022;17:20;1;69;2;1;1;1;"45;7730222393";"4;9322283268"
202200038812;20;8;2022;17:45;1;63;1;1;1;1;"45;3995899940";"3;8291135430"
202200038813;24;2;2022;17:23;1;67;2;3;1;1;"48;5647500000";"7;7063300000"
202200038814;14;6;2022;17:55;1;12;1;1;1;1;"44;2824900000";"2;5406960000"
202200038815;22;4;2022;18:30;1;63;1;1;1;2;"45;6383850000";"3;2463100000"
202200038816;25;2;2022;16:52;1;67;2;9;1;6;"48;8136200000";"7;7840400000"
202200038817;15;6;2022;12:45;1;86;1;1;1;7;"46;7800990000";"0;6273520000"
202200038818;23;8;2022;17:10;1;61;1;9;8;6;"48;6413030000";" -0;4117300000"
202200038819;25;2;2022;18:10;2;65;2;6;1;3;"43;2330400000";"0;0612700000"
202200038820;15;6;2022;07:25;1;68;2;1;1;6;"47;7560240000";"7;0516990000"
202200038821;25;2;2022;13:45;1;64;2;1;1;2;"43;3040000000";" -0;4180000000"
202200038822;15;6;2022;13:20;1;44;1;2;1;3;"47;0802250000";" -1;1907640000"
202200038823;21;8;2022;10:00;1;55;1;3;1;3;"48;9597850000";"5;8376780000"
202200038824;24;8;2022;10:00;1;34;1;1;1;6;"43;4424810000";"3;2914030000"
202200038825;24;2;2022;16:30;1;64;2;1;1;1;"43;4866317010";" -1;4703378120"
202200038826;16;6;2022;14:00;1;26;1;2;1;5;"45;2974560000";"4;9951530000"
202200038827;22;8;2022;17:45;1;44;2;1;1;6;"47;4406860000";" -1;1400620000"
202200038828;14;6;2022;17:10;1;06;2;1;1;6;"43;7183260000";"7;0584990000"
202200038829;25;2;2022;20:10;5;59;2;9;1;3;"50;7734968477";"3;1455203891"
202200038830;20;8;2022;08:30;1;43;1;1;2;6;"45;0676940000";"4;3295150000"
202200038831;24;2;2022;13:30;1;59;2;1;2;6;"50;7623987912";"3;0090066791"
202200038832;15;6;2022;17:30;1;90;2;1;1;3;"47;5064210000";"7;1182720000"
202200038833;23;8;2022;15:00;1;16;1;1;7;1;"45;5218300000";"0;1653370000"
202200038834;25;2;2022;13:37;1;57;2;1;1;1;"49;1161700000";"6;2285000000"
202200038835;11;6;2022;07:50;1;45;2;1;1;1;"47;8303920000";"1;7017820000"
202200038836;24;8;2022;12:35;1;53;1;6;7;3;"48;1963405146";" -0;6666485519"
202200038837;24;2;2022;18:35;5;54;2;2;3;6;"48;6842753979";"6;1885763705"
202200038838;15;6;2022;17:30;1;36;1;4;7;3;"46;4412620000";"1;8712990000"
202200038839;25;2;2022;11:09;1;54;2;1;1;6;"48;6872891801";"6;1883336306"
202200038840;15;6;2022;19:30;1;07;1;1;1;1;"44;3779410000";"4;3709120000"
202200038841;23;8;2022;08:30;1;53;2;9;1;3;"48;1563500000";" -0;3940530000"
202200038842;25;2;2022;12:25;1;51;2;6;1;3;"49;2575243145";"4;0388042828"
202200038843;16;6;2022;13:00;1;07;1;1;1;1;"44;7521200000";"4;7606850000"
202200038844;21;2;2022;13:35;1;42;2;3;2;6;"45;4941300000";"4;5604100000"
202200038845;24;8;2022;12:50;1;85;1;3;1;1;"46;8084300000";" -0;9135120000"
202200038846;16;6;2022;18:00;1;24;1;2;1;3;"45;1491370000";"0;8542300000"
202200038847;25;2;2022;14:30;1;38;2;1;1;3;"45;1593500000";"5;7240100000"
202200038848;15;6;2022;13:55;1;85;1;6;1;3;"46;8652670000";" -1;9507650000"
202200038849;23;8;2022;16:50;1;87;1;1;1;1;"45;5411650000";"1;3245610000"
202200038850;25;2;2022;08:45;1;37;2;1;1;2;"47;3658221335";"0;7160586119"
202200038851;23;8;2022;09:05;1;91;2;1;1;7;"48;5234010000";"2;3806410000"
202200038852;15;6;2022;19:50;1;27;1;2;7;3;"49;3571030000";"1;6083600000"
202200038853;12;6;2022;13:30;1;37;1;1;1;6;"47;2767032258";"0;4243254662"
202200038854;23;8;2022;18:30;2;69;1;3;1;3;"45;6513530000";"4;7621550000"
202200038855;25;2;2022;20:35;3;35;1;9;1;4;"48;0758537989";" -1;6754721309"
202200038856;13;6;2022;08:15;1;52;1;4;7;3;"48;2289220000";"4;8677590000"
202200038857;24;8;2022;16:19;1;11;2;9;1;6;"43;1540130000";"3;1630860000"
202200038858;25;2;2022;22:00;5;35;2;1;1;6;"48;3521328930";" -1;1987757683"
202200038859;15;6;2022;19:55;1;08;2;3;1;3;"49;8835710000";"4;8416390000"
202200038860;25;2;2022;05:30;5;33;2;1;1;6;"44;8356000000";" -0;5507320000"
202200038861;23;8;2022;15:40;1;11;1;1;1;2;"43;1689410000";"3;0100820000"
202200038862;28;5;2022;16:45;1;68;1;1;7;2;"48;0725160000";"7;3853870000"
202200038863;23;8;2022;17:20;1;69;2;1;1;3;"45;4572070000";"4;7567150000"
202200038864;25;2;2022;12:27;1;32;2;3;1;3;"43;6495300000";"0;5934900000"
202200038865;15;6;2022;23:45;5;06;2;3;1;6;"43;6432800000";"7;0118580000"
202200038866;23;8;2022;19:15;5;971;2;1;1;6;"16;4190850000";" -61;5293170000"
202200038867;15;6;2022;07:26;1;57;1;9;1;1;"49;0463920000";"6;9224600000"
202200038868;24;8;2022;13:45;1;78;1;1;1;6;"48;6971360000";"2;0224500000"
202200038869;23;2;2022;15:10;1;31;2;1;1;5;"43;6589500000";"1;4384100000"
202200038870;25;2;2022;21:00;5;29;2;9;1;6;"48;3879387978";" -4;4357607364"
202200038871;23;8;2022;19:06;2;78;2;2;1;2;"49;0192260000";"1;4841250000"
202200038872;16;6;2022;08:00;1;28;1;1;1;5;"48;2639410000";"1;8523850000"
202200038873;25;2;2022;06:10;3;27;1;1;2;7;"49;2459000000";"1;1916000000"
202200038874;21;8;2022;13:30;1;13;2;6;1;3;"43;4819400000";"5;1654460000"
202200038875;14;6;2022;14:45;1;973;2;1;1;6;"5;4840850000";" -54;0150390000"
202200038876;24;8;2022;12:13;1;55;2;1;1;6;"48;7670440000";"5;5808760000"
202200038877;25;2;2022;19:40;3;26;1;1;1;2;"44;9123100000";"4;9385100000"
202200038878;29;5;2022;10:39;1;973;2;6;2;3;"5;5003820000";" -54;0282300000"
202200038879;22;2;2022;16:55;1;22;2;6;1;6;"48;7319600000";" -3;4646000000"
202200038880;16;6;2022;07:45;1;2B;1;1;1;2;"42;6198880000";"8;8931270000"
202200038881;24;8;2022;13:00;1;73;1;1;1;3;"45;7291753337";"6;5502421260"
202200038882;9;7;2022;04:30;3;38;2;1;1;7;"45;5697500000";"4;8896880000"
202200038883;16;6;2022;01:10;3;34;1;1;1;7;"43;6212770000";"3;9796490000"
202200038884;24;2;2022;20:50;5;21;2;3;2;2;"47;3382778574";"5;0446014851"
202200038885;14;6;2022;18:30;1;34;1;1;1;6;"43;6955480000";"3;9601740000"
202200038886;24;8;2022;00:35;5;26;1;1;1;1;"44;3621820000";"4;7048520000"
202200038887;16;6;2022;12:13;1;04;1;1;1;7;"44;3916600000";"6;6831640000"
202200038888;24;8;2022;10:40;1;07;1;1;1;7;"44;4022020000";"4;5114710000"
202200038889;25;2;2022;18:50;2;15;2;2;1;3;"44;9126700000";"2;4349070000"
202200038890;15;6;2022;12:55;1;13;1;1;7;2;"43;4928570000";"5;2215530000"
202200038891;23;8;2022;18:00;1;69;1;3;1;3;"45;9228492564";"4;4650890826"
202200038892;15;6;2022;11:30;1;13;1;1;1;6;"43;2375280000";"5;6627330000"
202200038893;25;2;2022;13:30;1;13;2;1;6;3;"43;2440000000";"5;3711000000"
202200038894;21;8;2022;16:00;1;69;1;1;1;6;"46;1215700000";"4;7312720000"
202200038895;15;6;2022;17:39;1;67;1;1;1;1;"48;5818310000";"7;4543520000"
202200038896;25;2;2022;12:10;1;13;2;1;1;1;"43;2807200645";"5;3883373192"
202200038897;18;8;2022;16:00;1;64;2;3;2;3;"43;4856290000";" -0;7637000000"
202200038898;25;2;2022;03:35;5;13;2;1;1;2;"43;2769437211";"5;3982440768"
202200038899;16;6;2022;07:50;1;67;2;2;1;3;"48;4958940000";"7;4784980000"
202200038900;15;6;2022;12:45;1;63;1;1;1;6;"45;5903480000";"2;8665730000"
202200038901;25;2;2022;09:18;1;10;2;1;1;3;"48;3088933760";"4;0688896179"
202200038902;23;8;2022;17:15;1;33;1;2;1;3;"45;2720878539";" -0;8860865235"
202200038903;30;5;2022;06:40;2;74;2;3;1;3;"46;1499370000";"6;0880030000"
202200038904;25;2;2022;07:57;1;10;2;1;1;3;"48;3078574695";"4;0684416890"
202200038905;23;8;2022;07:35;2;14;2;6;2;3;"48;8898840000";" -0;1816070000"
202200038906;16;6;2022;08:05;1;69;1;2;1;2;"45;8107380000";"4;6637980000"
202200038907;23;2;2022;09:30;1;10;2;9;1;3;"48;3143449149";"4;0267038345"
202200038908;18;8;2022;15:20;1;27;1;1;1;7;"49;0137760000";"1;4455710000"
202200038909;16;6;2022;14:57;1;65;2;3;1;1;"43;0012580000";"0;1963460000"
202200038910;23;8;2022;23:15;3;02;1;1;1;6;"49;8931970000";"4;0421430000"
202200038911;25;2;2022;11:45;1;06;1;1;1;2;"43;6604300000";"7;1816800000"
202200038912;16;6;2022;08:10;1;17;1;6;1;3;"45;7582190000";" -1;1245540000"
202200038913;24;2;2022;18:00;2;06;2;3;1;3;"43;6676600000";"7;1393300000"
202200038914;15;6;2022;22:30;2;17;1;1;1;1;"45;8484720000";" -1;1724260000"
202200038915;22;8;2022;17:30;1;13;1;1;1;4;"43;3705700000";"5;3613700000"
202200038916;15;2;2022;15:10;1;04;2;6;1;3;"44;0911786129";"6;2312087417"
202200038917;10;6;2022;18:30;1;33;1;3;1;5;"45;0015880000";" -0;4243900000"
202200038918;18;2;2022;16:15;1;02;2;1;6;6;"49;3655500000";"3;3353400000"
202200038919;22;8;2022;06:25;2;13;1;1;1;4;"43;2429800000";"5;5944700000"
202200038920;15;6;2022;19:20;1;72;2;6;1;1;"47;8333930000";" -0;3177480000"
202200038921;25;2;2022;16:00;1;01;2;1;1;2;"46;1994100000";"5;2558400000"
202200038922;23;8;2022;11:30;1;91;1;1;1;2;"48;6230000000";"2;4200000000"
202200038923;16;6;2022;09:05;1;60;2;1;1;2;"49;1722210000";"2;2867550000"
202200038924;23;8;2022;03:30;3;91;1;1;1;6;"48;6317060000";"2;5066220000"
202200038925;22;2;2022;17:00;5;75;2;1;1;3;"48;8267610000";"2;2957780000"
202200038926;23;8;2022;20:15;2;95;1;1;1;2;"49;0346840593";"2;1136102080"
202200038927;16;6;2022;08:20;1;60;2;3;7;1;"49;3425520000";"2;7188050000"
202200038928;25;2;2022;17:05;1;75;2;3;1;2;"48;8542978591";"2;3431778778"
202200038929;16;6;2022;17:25;1;60;2;1;1;7;"49;1959520000";"2;1156730000"
202200038930;23;8;2022;10:30;1;95;1;1;1;6;"48;9740590000";"2;4851420000"
202200038931;15;6;2022;16:00;1;62;2;1;7;6;"50;7998090000";"1;6648630000"
202200038932;25;2;2022;16:06;1;75;2;2;1;6;"48;8489040000";"2;3474730000"
202200038933;15;6;2022;19:10;1;13;1;1;1;2;"43;4239000000";"5;3743900000"
202200038934;22;8;2022;22:45;4;93;1;1;1;5;"48;8970719855";"2;4696512931"
202200038935;25;2;2022;13:35;1;75;2;2;2;6;"48;8707860000";"2;3992210000"
202200038936;15;6;2022;19:00;1;91;1;1;1;4;"48;7251700000";"2;1666600000"
202200038937;25;2;2022;19:00;5;75;2;2;1;3;"48;8829890000";"2;3855620000"
202200038938;15;6;2022;07:50;1;91;1;1;1;7;"48;5575540000";"2;4914080000"
202200038939;22;8;2022;19:00;1;95;1;1;1;5;"48;9785598477";"2;2302514315"
202200038940;15;6;2022;03:16;5;94;1;1;1;7;"48;8147740000";"2;3363400000"
202200038941;23;8;2022;18:00;1;94;1;1;1;2;"48;7589396502";"2;4834360583"
202200038942;25;2;2022;19:50;5;75;2;2;1;3;"48;8784090000";"2;3742500000"
202200038943;15;6;2022;09:35;1;92;1;1;1;4;"48;8882278311";"2;2491295607"
202200038944;25;2;2022;11:00;1;75;2;2;1;6;"48;8750870000";"2;2839650000"
202200038945;15;6;2022;08:50;1;92;1;1;1;2;"48;9351679235";"2;2833279356"
202200038946;14;6;2022;10:20;1;92;1;1;1;7;"48;9378886633";"2;2976672190"
202200038947;23;8;2022;08:15;1;94;1;1;1;4;"48;8140244634";"2;4491104783"
202200038948;25;5;2022;16:30;1;14;2;1;1;6;"49;3992000000";"0;2428500000"
202200038949;25;2;2022;21:55;5;75;2;2;1;2;"48;8498620000";"2;2950140000"
202200038950;14;6;2022;07:50;1;93;1;1;1;3;"48;9341800000";"2;3899400000"
202200038951;13;6;2022;23:20;3;95;1;1;1;2;"49;0205800000";"2;1378600000"
202200038952;25;2;2022;00:15;5;75;2;1;1;2;"48;8318330433";"2;3844104893"
202200038953;20;8;2022;15:45;1;63;2;2;1;6;"45;7738100000";"3;0974900000"
202200038954;14;6;2022;23:05;3;94;1;1;1;6;"48;7541603473";"2;3503639963"
202200038955;24;2;2022;23:10;5;75;2;1;1;6;"48;8645120000";"2;3719040000"
202200038956;21;8;2022;14:40;1;63;2;3;1;6;"45;8064486497";"3;1094594300"
202200038957;21;8;2022;11:15;1;63;2;1;1;6;"45;7907100000";"3;1178600000"
202200038958;12;6;2022;22:15;3;77;1;9;1;6;"48;9712810000";"2;5951380000"
202200038959;14;6;2022;08:20;1;54;2;3;1;6;"48;6947400000";"6;1831600000"
202200038960;26;5;2022;09:42;1;13;1;1;1;6;"43;3474796707";"5;3438125023"
202200038961;25;2;2022;19:30;5;75;2;2;1;4;"48;8712380000";"2;3701230000"
202200038962;22;8;2022;07:35;1;974;2;9;1;1;" -21;3332500000";"55;4716500000"
202200038963;14;6;2022;08:55;1;27;2;3;1;6;"49;0221165047";"1;1440774798"
202200038964;25;2;2022;19:35;5;75;2;3;1;3;"48;8757880000";"2;3565180000"
202200038965;22;8;2022;07:30;1;973;2;1;1;6;"4;9238355295";" -52;3193380237"
202200038966;14;6;2022;11:00;1;75;2;1;1;6;"48;8551250000";"2;3686640000"
202200038967;22;8;2022;18:35;1;69;2;6;1;6;"45;7548800000";"4;8574200000"
202200038968;21;3;2022;08:35;1;14;2;2;1;3;"49;2788160000";" -0;7076630000"
202200038969;25;2;2022;17:10;1;75;2;2;1;3;"48;8789760000";"2;3557590000"
202200038970;22;8;2022;18:17;1;69;2;3;1;2;"45;7531000000";"4;8248400000"
202200038971;25;2;2022;10:30;1;75;2;2;1;3;"48;8728980000";"2;3637390000"
202200038972;28;1;2022;16:55;1;14;2;2;1;6;"49;2756280000";" -0;6912530000"
202200038973;21;1;2022;20:40;5;14;2;6;1;7;"49;2838911116";" -0;6905355202"
202200038974;22;8;2022;19:00;1;2B;2;3;1;3;"42;6685269286";"9;4432589101"
202200038975;25;2;2022;02:35;5;75;2;5;1;7;"48;8542710000";"2;3054540000"
202200038976;22;8;2022;19:40;1;91;2;1;1;2;"48;6863500000";"2;3798900000"
202200038977;22;3;2022;17:20;1;86;2;3;1;3;"46;7970640000";"0;5273100000"
202200038978;25;2;2022;19:57;5;75;2;3;1;1;"48;8504340000";"2;3600890000"
202200038979;25;2;2022;16:45;1;75;2;1;1;6;"48;8544130374";"2;3544770364"
202200038980;21;8;2022;19:45;1;87;2;3;1;1;"45;8900200000";"1;2930600000"
202200038981;24;2;2022;19:56;5;94;2;1;1;6;"48;7951700000";"2;3972800000"
202200038982;11;4;2022;15:15;1;63;2;1;1;3;"45;7738900000";"3;0855900000"
202200038983;19;8;2022;03:40;5;84;2;1;1;3;"43;9400700000";"4;8306100000"
202200038984;25;2;2022;08:00;1;94;2;2;1;3;"48;8073100000";"2;4821000000"
202200038985;18;8;2022;11:40;1;84;2;1;1;3;"43;9320000000";"4;8289100000"
202200038986;12;4;2022;16:50;1;41;2;6;1;6;"47;5751000000";"1;3250900000"
202200038987;24;2;2022;17:50;2;94;2;4;1;3;"48;8326100782";"2;5248255728"
202200038988;9;6;2022;00:30;5;84;2;2;1;3;"43;9223000000";"4;8580460000"
202200038989;13;4;2022;19:45;1;26;2;1;1;3;"44;5429800000";"4;7467000000"
202200038990;25;2;2022;08:10;1;94;2;2;1;3;"48;7960000000";"2;3683500000"
202200038991;25;2;2022;15:55;1;94;2;1;1;3;"48;8085360000";"2;3813500000"
202200038992;14;6;2022;11:30;1;976;2;1;1;6;" -12;8014500000";"45;2115100000"
202200038993;14;6;2022;17:05;1;974;2;1;1;3;" -20;9362570000";"55;6466160000"
202200038994;20;8;2022;15:05;1;76;2;4;1;3;"49;5088200000";"0;1351000000"
202200038995;25;2;2022;09:15;1;94;2;2;1;1;"48;8189300000";"2;3991600000"
202200038996;14;6;2022;14:32;1;973;2;1;1;3;"4;9319512879";" -52;3283851147"
202200038997;25;2;2022;14:10;1;94;2;7;1;2;"48;8597300000";"2;4901700000"
202200038998;21;8;2022;15:00;1;74;2;6;1;3;"46;1914400000";"6;2504500000"
202200038999;14;6;2022;18:20;1;69;2;1;7;6;"45;7675000000";"4;8413100000"
202200039000;14;6;2022;17:10;1;69;2;1;1;3;"45;7289700000";"4;8378000000"
202200039001;24;2;2022;14:10;1;94;2;3;2;2;"48;7883000000";"2;4513900000"
202200039002;22;8;2022;17:15;1;69;2;3;7;3;"45;7809400000";"4;8843400000"
202200039003;14;6;2022;19:15;1;69;2;2;1;6;"45;7170400000";"4;8125400000"
202200039004;24;2;2022;05:30;3;94;2;1;2;1;"48;7731700000";"2;4455000000"
202200039005;22;8;2022;08:19;1;69;2;6;1;3;"45;6882000000";"4;8912900000"
202200039006;14;6;2022;16:14;1;69;2;3;1;3;"45;7530232858";"4;8338671006"