Accident_Id;jour;mois;an;hrmn;lum;dep;agg;int;atm;col;lat;long
202200039007;25;2;2022;12:00;1;93;2;2;1;3;"48;8583022953";"2;4235314131"
202200039008;21;8;2022;20:00;1;67;2;3;1;6;"48;5511399535";"7;6891167462"
202200039009;14;6;2022;07:00;1;69;2;2;1;3;"45;7650000000";"4;8381000000"
202200039010;25;2;2022;21:15;5;93;2;1;1;3;"48;9121116319";"2;5215607882"
202200039011;21;8;2022;14:20;1;67;2;1;1;3;"48;5784300000";"7;7069000000"
202200039012;14;6;2022;06:50;1;69;2;1;7;6;"45;8148700000";"4;8950900000"
202200039013;25;2;2022;18:05;1;93;2;1;1;2;"48;9272300000";"2;5473600000"
202200039014;20;8;2022;18:47;1;67;2;3;1;3;"48;5708900000";"7;7588300000"
202200039015;14;6;2022;16:55;1;2B;2;1;1;2;"42;6545000000";"9;4458000000"
202200039016;25;2;2022;16:20;1;93;2;3;1;6;"48;9516300000";"2;3309200000"
202200039017;14;6;2022;15:00;1;2B;2;1;1;3;"42;6848000000";"9;4450000000"
202200039018;19;8;2022;17:00;1;67;2;1;1;2;"48;5888600000";"7;6971800000"
202200039019;20;8;2022;13:10;1;66;2;1;1;6;"42;7191200000";"2;8872400000"
202200039020;24;2;2022;12:00;1;93;2;1;1;6;"48;9589500000";"2;2995700000"
202200039021;15;6;2022;00:20;5;2A;2;4;1;3;"41;9345800000";"8;7455100000"
202200039022;24;2;2022;21:50;5;93;2;1;1;3;"48;9536200000";"2;4164000000"
202200039023;20;8;2022;07:45;1;64;2;1;1;3;"43;4389600000";" -1;5878100000"
202200039024;14;6;2022;16:40;1;2A;1;1;1;6;"41;9270100000";"8;7835600000"
202200039025;11;2;2022;23:00;4;93;2;9;8;3;"48;9084971342";"2;4200423958"
202200039026;21;8;2022;20:50;1;64;2;1;1;2;"43;5046100000";" -1;5256100000"
202200039027;14;6;2022;08:00;1;95;2;1;1;3;"48;9512300000";"2;2329600000"
202200039028;21;8;2022;06:00;2;63;1;1;1;6;"45;9181889228";"3;1354111433"
202200039029;25;2;2022;08:35;1;92;2;1;1;3;"48;8240280421";"2;3005326837"
202200039030;14;6;2022;17:20;1;91;2;1;1;3;"48;7038200000";"2;3212500000"
202200039031;25;2;2022;11:25;1;92;2;3;1;6;"48;8182300000";"2;2172090000"
202200039032;20;8;2022;19:55;1;56;2;6;1;3;"47;7492300000";" -3;3736400000"
202200039033;14;6;2022;05:20;2;91;2;1;1;2;"48;6382700000";"2;2674500000"
202200039034;15;6;2022;01:05;5;91;2;1;1;7;"48;7141800000";"2;5012600000"
202200039035;22;8;2022;10:40;1;54;2;2;1;6;"48;6544100000";"6;1787000000"
202200039036;25;2;2022;13:45;1;92;2;3;1;3;"48;9029289558";"2;2039691359"
202200039037;14;6;2022;08:40;1;91;2;1;1;3;"48;6655500000";"2;3469700000"
202200039038;21;8;2022;12:01;1;49;2;1;1;2;"47;4766300000";" -0;5204700000"
202200039039;25;2;2022;10:35;1;92;2;3;7;6;"48;8316823973";"2;2322201729"
202200039040;13;6;2022;18:10;1;87;2;1;1;6;"45;8726600000";"1;2383300000"
202200039041;26;2;2022;15:42;1;39;2;1;1;6;"46;7321090000";"5;9281830000"
202200039042;21;8;2022;11:10;1;49;2;1;1;2;"47;4733100000";" -0;5782400000"
202200039043;10;6;2022;16:11;1;87;1;1;1;2;"45;8905900000";"1;2927400000"
202200039044;22;8;2022;09:15;1;45;2;1;8;6;"47;9233030000";"1;9081040000"
202200039045;26;2;2022;17:40;1;50;1;1;1;1;"48;6909890000";" -1;4799570000"
202200039046;12;6;2022;22:55;3;87;1;1;1;6;"45;8759100000";"1;2238800000"
202200039047;22;8;2022;17:30;1;44;2;1;1;2;"47;2292700000";" -1;6080400000"
202200039048;26;2;2022;15:20;1;24;1;1;1;2;"45;0313780000";"0;3143030000"
202200039049;22;8;2022;18:05;1;34;2;9;1;6;"43;5939100000";"3;8337600000"
202200039050;11;6;2022;16:57;1;87;2;1;1;7;"45;7898900000";"1;1738300000"
202200039051;25;2;2022;22:12;3;974;1;1;1;6;" -21;2004370000";"55;2847590000"
202200039052;26;2;2022;18:54;2;56;1;1;1;6;"47;7286290000";" -2;5433670000"
202200039053;23;8;2022;00:15;5;33;2;6;1;2;"44;8255200000";" -0;5982000000"
202200039054;14;6;2022;15:15;1;83;2;1;1;3;"43;1385000000";"6;0271000000"
202200039055;22;8;2022;14:30;1;33;2;1;1;3;"44;9052700000";" -0;5353400000"
202200039056;26;2;2022;00:50;3;74;1;1;1;4;"45;8785980000";"6;6376620000"
202200039057;8;6;2022;17:40;1;83;2;1;1;6;"43;1027900000";"5;8818000000"
202200039058;21;8;2022;06:50;3;33;1;1;1;6;"44;8125000000";" -0;5342000000"
202200039059;14;6;2022;21:52;1;78;2;3;1;6;"48;9460860000";"2;1453400000"
202200039060;26;2;2022;15:50;1;76;2;3;7;3;"49;5195010000";"1;3568760000"
202200039061;21;8;2022;08:50;1;31;2;1;1;6;"43;6015400000";"1;4343400000"
202200039062;26;2;2022;05:00;5;2B;2;1;1;1;"42;7346850000";"9;4614650000"
202200039063;13;6;2022;10:53;1;78;1;1;1;6;"48;9850280000";"2;1314120000"
202200039064;18;7;2022;13:15;1;30;2;1;1;7;"43;8190900000";"4;3692100000"
202200039065;25;2;2022;16:15;1;65;2;7;1;3;"43;0788230000";"0;4821030000"
202200039066;14;6;2022;17:50;1;78;2;3;1;2;"48;9804000000";"1;8897200000"
202200039067;10;6;2022;06:41;2;28;2;2;7;1;"48;4529570000";"1;4719780000"
202200039068;25;2;2022;14:10;1;33;1;1;1;1;"44;7180260000";" -0;4180920000"
202200039069;14;6;2022;09:15;1;78;2;1;1;3;"48;9544600000";"1;8313190000"
202200039070;12;8;2022;19:40;1;17;2;3;1;3;"45;7486180000";" -0;6500300000"
202200039071;26;2;2022;16:00;1;55;2;1;1;6;"48;8911290000";"5;5398610000"
202200039072;22;8;2022;08:00;1;13;2;6;1;1;"43;2926800000";"5;4000700000"
202200039073;25;2;2022;20:30;3;34;1;1;1;5;"43;6902975423";"3;5775877368"
202200039074;20;8;2022;20:00;1;11;2;2;1;3;"43;2089200000";"2;3739400000"
202200039075;14;6;2022;10:20;1;77;2;2;1;3;"48;3406300000";"2;7095500000"
202200039076;20;8;2022;16:20;1;11;1;1;1;3;"43;2331600000";"2;3598100000"
202200039077;26;2;2022;09:15;1;34;2;3;1;3;"43;4862520000";"2;7769020000"
202200039078;14;6;2022;21:30;1;76;2;1;7;1;"49;4601000000";"1;1330000000"
202200039079;26;2;2022;01:30;3;22;1;1;1;7;"48;1863180000";" -2;9881950000"
202200039080;21;8;2022;14:39;1;10;2;6;7;3;"48;2926200000";"4;0741500000"
202200039081;25;2;2022;18:40;1;29;1;1;1;1;"48;4052390000";" -4;5512910000"
202200039082;22;8;2022;10:00;1;75;2;3;1;6;"48;8521420000";"2;2642610000"
202200039083;14;6;2022;11:25;1;76;2;2;1;3;"49;4878000000";"0;1382600000"
202200039084;21;8;2022;06:43;2;75;2;1;1;6;"48;8597050000";"2;2922480000"
202200039085;13;6;2022;13:40;1;76;2;9;1;1;"49;4907600000";"0;1817600000"
202200039086;25;2;2022;18:30;1;29;2;1;1;2;"48;4964130000";" -4;4335250000"
202200039087;10;4;2022;16:20;1;76;2;1;1;1;"49;4918400000";"0;1654000000"
202200039088;22;8;2022;20:46;2;75;2;2;1;3;"48;8479250000";"2;3277710000"
202200039089;26;2;2022;06:00;3;31;2;1;1;7;"43;2932670000";"1;2161400000"
202200039090;14;6;2022;07:18;2;76;1;6;1;6;"49;5540780000";"0;4426400000"
202200039091;22;8;2022;16:20;1;75;2;1;1;6;"48;8949950000";"2;3825940000"
202200039092;25;2;2022;18:50;5;03;2;1;1;3;"46;4065540000";"3;3124530000"
202200039093;13;6;2022;17:00;1;74;2;1;1;6;"46;4025000000";"6;6098000000"
202200039094;20;8;2022;20:05;1;75;2;1;1;3;"48;8982790000";"2;3705230000"
202200039095;26;2;2022;01:45;3;01;1;1;1;7;"46;0840440000";"5;3089340000"
202200039096;12;6;2022;06:22;1;71;2;3;1;3;"46;2859300000";"4;8067600000"
202200039097;22;8;2022;17:45;1;75;2;3;1;6;"48;8395390000";"2;3888070000"
202200039098;14;6;2022;18:00;1;69;2;1;1;2;"45;7304800000";"4;8880300000"
202200039099;26;2;2022;14:35;1;01;2;4;1;6;"45;7103150000";"5;5556420000"
202200039100;22;8;2022;06:30;2;75;2;2;1;3;"48;8373080000";"2;3912040000"
202200039101;14;6;2022;13:30;1;69;2;2;1;3;"45;7157100000";"4;9617100000"
202200039102;24;2;2022;21:30;3;01;1;2;1;3;"46;4041460000";"5;2217670000"
202200039103;22;8;2022;06:06;2;75;2;7;1;3;"48;8643620000";"2;3203460000"
202200039104;26;2;2022;01:15;3;70;2;1;1;6;"47;5297060000";"5;6803500000"
202200039105;11;6;2022;00:30;5;67;2;3;1;3;"48;6141000000";"7;7521800000"
202200039106;10;6;2022;17:45;1;62;1;1;1;6;"50;4800440000";"2;9494840000"
202200039107;22;8;2022;13:55;1;75;2;2;1;3;"48;8634040000";"2;3509580000"
202200039108;11;6;2022;20:30;1;62;2;1;1;6;"50;5001050000";"2;6829540000"
202200039109;21;8;2022;20:00;1;75;2;1;1;6;"48;8676750000";"2;3567060000"
202200039110;13;6;2022;21:15;1;60;2;9;1;6;"49;2558300000";"2;4324700000"
202200039111;26;2;2022;13:20;1;50;1;2;7;3;"49;1902380000";" -1;5230870000"
202200039112;26;2;2022;00:40;3;50;1;1;1;6;"48;5644800000";" -1;5118800000"
202200039113;13;6;2022;11:45;1;59;2;1;1;6;"50;2730600000";"3;9668700000"
202200039114;14;6;2022;12:35;1;59;2;2;1;5;"50;6546273489";"3;0186070203"
202200039115;26;2;2022;17:30;1;50;1;1;1;7;"49;2326270000";" -1;1214530000"
202200039116;13;6;2022;19:15;1;59;2;1;1;6;"50;4123190768";"3;1333029268"
202200039117;14;6;2022;12:30;1;59;2;3;1;3;"50;1875240177";"3;2226204872"
202200039118;25;2;2022;16:00;1;43;1;2;1;3;"45;1595460000";"3;8286710000"
202200039119;13;6;2022;16:05;1;57;2;1;1;2;"49;3409600000";"6;0390000000"
202200039120;12;6;2022;06:46;1;57;2;9;1;1;"49;2501650112";"6;1696187280"
202200039121;13;6;2022;11:20;1;55;2;1;1;7;"49;1653700000";"5;3800100000"
202200039122;14;6;2022;18:55;1;54;2;1;1;6;"48;6789550000";"6;1721990000"
202200039123;10;6;2022;22:40;3;54;1;1;1;2;"49;4364780000";"5;8735850000"
202200039124;13;6;2022;20:20;1;51;2;1;1;7;"48;9451100000";"4;3332200000"
202200039125;13;6;2022;17:47;1;49;2;1;1;7;"47;4667000000";" -0;4903700000"
202200039126;14;6;2022;13:00;1;45;2;2;1;3;"47;9148300000";"1;8993900000"
202200039127;7;4;2022;13:50;1;93;1;1;1;5;"48;9404700000";"2;4241100000"
202200039128;14;6;2022;16:30;1;45;2;1;1;6;"47;9865300000";"2;7325500000"
202200039129;7;4;2022;08:15;1;93;1;1;2;3;"48;9240271676";"2;3870856061"
202200039130;14;6;2022;17:55;1;44;2;1;1;7;"47;1917200000";" -1;5517800000"
202200039131;7;4;2022;08:00;1;93;1;1;8;6;"48;9273500000";"2;4034700000"
202200039132;13;6;2022;09:50;1;38;2;1;1;3;"45;1773600000";"5;7179500000"
202200039133;6;4;2022;07:45;1;94;2;3;1;6;"48;7809100000";"2;5167800000"
202200039134;14;6;2022;21:45;2;37;2;2;1;3;"47;3949135576";"0;7220530137"
202200039135;14;6;2022;18:58;1;37;2;1;1;7;"47;4053205652";"0;6842258200"
202200039136;6;4;2022;21:55;5;76;2;1;2;6;"49;3895500000";"1;0230600000"
202200039137;14;6;2022;20:10;1;35;1;1;1;5;"48;1408360000";" -1;6854720000"
202200039138;14;6;2022;16:50;1;35;1;1;7;6;"48;1632069672";" -1;6800254211"
202200039139;29;1;2022;12:25;1;74;2;1;1;2;"46;1880200000";"6;2434800000"
202200039140;14;6;2022;16:35;1;35;2;1;1;6;"48;0858000000";" -1;6216700000"
202200039141;6;4;2022;14:00;1;976;2;1;1;7;" -12;7832600000";"45;2339600000"
202200039142;13;6;2022;15:30;1;35;2;1;1;6;"48;1224500000";" -1;7038300000"
202200039143;6;4;2022;06:50;1;976;2;1;1;7;" -12;8156220000";"45;1992430000"
202200039144;11;6;2022;14:10;1;34;2;1;1;3;"43;5795000000";"3;9319000000"
202200039145;14;6;2022;10:40;1;34;2;9;1;6;"43;3118200000";"3;4760900000"
202200039146;6;4;2022;18:30;5;974;2;3;1;3;" -20;8898800000";"55;4641000000"
202200039147;13;6;2022;10:05;1;34;2;3;1;3;"43;3101500000";"3;4778600000"
202200039148;6;4;2022;09:14;1;973;2;1;1;3;"4;9354200000";" -52;3126900000"
202200039149;14;6;2022;08:55;1;33;2;6;1;6;"44;8241300000";" -0;5446000000"
202200039150;6;4;2022;07:05;1;973;2;6;1;2;"4;9332544680";" -52;3096579313"
202200039151;14;6;2022;08:50;1;33;2;6;1;2;"44;6573700000";" -1;1583500000"
202200039152;13;6;2022;17:30;1;31;2;1;1;7;"43;1065640000";"0;7236530000"
202200039153;6;4;2022;17:50;1;69;2;2;1;3;"45;7433400000";"4;8742600000"
202200039154;6;4;2022;21:45;5;69;2;1;1;3;"45;7474800000";"4;8249700000"
202200039155;14;6;2022;14:55;1;26;2;6;1;3;"44;5257900000";"4;7453500000"
202200039156;6;4;2022;14:25;1;95;2;3;1;2;"49;0038475010";"2;4126416445"
202200039157;14;6;2022;08:36;1;17;1;1;1;4;"46;1510000000";" -1;1127000000"
202200039158;6;4;2022;10:15;1;91;2;1;1;2;"48;6200000000";"2;2600000000"
202200039159;14;6;2022;21:50;2;13;2;1;1;3;"43;2617800000";"5;3748400000"
202200039160;7;4;2022;01:03;5;91;2;1;1;4;"48;6724350000";"2;3894080000"
202200039161;14;6;2022;19:00;1;13;2;1;1;2;"43;3260200000";"5;3774300000"
202200039162;14;6;2022;17:50;1;13;2;1;1;1;"43;3013700000";"5;3925800000"
202200039163;5;4;2022;16:49;1;87;2;9;1;6;"45;8742600000";"1;2657300000"
202200039164;14;6;2022;15:15;1;13;2;1;1;6;"43;2904100000";"5;3771300000"
202200039165;4;4;2022;12:40;1;86;2;1;1;4;"46;5988490000";"0;3260270000"
202200039166;14;6;2022;10:00;1;13;2;1;1;3;"43;3547900000";"5;3704200000"
202200039167;4;4;2022;16:30;1;84;1;1;1;6;"44;1528300000";"4;8031200000"
202200039168;14;6;2022;07:20;1;13;2;1;1;3;"43;2452038658";"5;4212634561"
202200039169;8;3;2022;18:55;2;84;1;1;1;2;"44;0466700000";"5;0243900000"
202200039170;13;6;2022;18:10;1;13;2;1;1;1;"43;3767584835";"5;3568691546"
202200039171;6;4;2022;13:50;1;83;1;1;1;3;"43;1372800000";"5;9972200000"
202200039172;5;4;2022;23:10;5;83;2;1;1;2;"43;0975700000";"5;8290400000"
202200039173;13;6;2022;09:10;1;09;2;1;9;2;"42;9633940000";"1;6087780000"
202200039174;5;6;2022;11:50;1;07;1;1;1;3;"44;7016300000";"4;6497200000"
202200039175;6;4;2022;19:30;1;83;2;1;1;4;"43;1210400000";"6;1351400000"
202200039176;14;6;2022;23:59;5;06;2;6;1;6;"43;6375250000";"6;9408660000"
202200039177;5;4;2022;10:20;1;80;2;1;2;6;"49;9073500000";"2;2714800000"
202200039178;14;6;2022;16:40;1;06;2;1;1;7;"43;6635500000";"6;9161100000"
202200039179;20;3;2022;03:20;3;78;1;1;1;7;"48;7533800000";"1;9685000000"
202200039180;14;6;2022;14:00;1;06;2;3;1;3;"43;6671310000";"6;9370170000"
202200039181;30;3;2022;16:30;1;78;2;1;1;2;"48;9890000000";"1;9935100000"
202200039182;13;6;2022;17:00;1;06;2;1;1;6;"43;5519430000";"7;0170250000"
202200039183;6;4;2022;14:40;1;77;2;1;1;6;"48;9574000000";"2;8962900000"
202200039184;14;6;2022;19:30;1;75;2;1;1;4;"48;9004790000";"2;3752800000"
202200039185;5;4;2022;17:25;1;76;2;1;1;6;"49;5022600000";"0;1848500000"
202200039186;6;4;2022;16:05;1;69;2;1;1;3;"45;7205900000";"4;9277500000"
202200039187;13;6;2022;19:20;1;75;2;1;1;4;"48;9003680000";"2;3751870000"
202200039188;6;4;2022;21:20;5;68;2;1;1;4;"47;7601100000";"7;3222400000"
202200039189;14;6;2022;19:45;1;75;2;5;1;2;"48;8524100000";"2;3316900000"
202200039190;4;4;2022;09:35;1;67;2;1;1;2;"48;5880000000";"7;7571700000"
202200039191;14;6;2022;18:25;1;75;2;2;1;7;"48;8480860000";"2;3504800000"
202200039192;6;4;2022;11:30;1;64;2;3;1;3;"43;3810839412";" -1;6891050339"
202200039193;14;6;2022;08:00;1;75;2;4;1;3;"48;8625780000";"2;4109210000"
202200039194;5;4;2022;11:50;1;64;2;1;1;2;"43;4965300000";" -1;5110800000"
202200039195;14;6;2022;15:50;1;75;2;2;1;3;"48;8915590000";"2;3496250000"
202200039196;5;4;2022;09:00;1;64;2;2;1;3;"43;5227190000";" -1;4893650000"
202200039197;14;6;2022;15:15;1;75;2;3;1;2;"48;8473710000";"2;3030220000"
202200039198;14;6;2022;14:45;1;75;2;1;1;7;"48;8400380000";"2;2944640000"
202200039199;6;4;2022;19:40;1;59;2;3;1;3;"50;6972165097";"3;0920344591"
202200039200;14;6;2022;08:40;1;75;2;3;1;3;"48;8296760000";"2;3179810000"
202200039201;6;4;2022;08:50;1;59;2;3;1;3;"50;7402800000";"3;1318000000"
202200039202;13;6;2022;19:00;1;75;2;7;7;2;"48;8372190000";"2;3178970000"
202200039203;14;6;2022;16:36;1;75;2;2;1;6;"48;8241640000";"2;3767800000"
202200039204;26;3;2022;22:30;5;57;2;2;1;3;"49;1865800000";"6;8973000000"
202200039205;14;6;2022;14:40;1;75;2;3;1;3;"48;8421030000";"2;4490390000"
202200039206;5;4;2022;17:40;1;56;2;1;1;2;"47;7497000000";" -3;3872300000"
202200039207;5;4;2022;17:59;1;49;2;1;1;6;"47;4765300000";" -0;5473100000"
202200039208;14;6;2022;11:30;1;75;2;4;1;6;"48;8394030000";"2;3945110000"
202200039209;5;4;2022;18:13;1;49;2;1;1;7;"47;4613600000";" -0;6032400000"
202200039210;14;6;2022;08:00;1;75;2;1;1;6;"48;8526930000";"2;3713050000"
202200039211;5;4;2022;12:35;1;49;2;1;1;6;"47;4743800000";" -0;5386700000"
202200039212;5;4;2022;09:29;1;49;2;2;1;3;"47;4707400000";" -0;5189600000"
202200039213;14;6;2022;18:20;1;75;2;2;1;1;"48;8535850000";"2;3804250000"
202200039214;4;4;2022;22:52;5;45;2;9;1;6;"47;9845300000";"2;7497800000"
202200039215;2;4;2022;14:20;1;44;2;6;1;6;"47;2735100000";" -2;2062200000"
202200039216;6;4;2022;06:50;2;41;2;1;1;6;"47;7946100000";"1;0677500000"
202200039217;5;4;2022;23:45;1;41;2;1;1;6;"47;5734000000";"1;3692800000"
202200039218;5;4;2022;17:25;1;41;2;1;1;2;"47;5664700000";"1;3685600000"
202200039219;6;4;2022;20:25;1;37;2;6;1;3;"47;3962444475";"0;6838412583"
202200039220;6;4;2022;18:45;1;37;2;1;1;6;"47;3489413796";"0;6642182171"
202200039221;6;4;2022;16:00;1;37;2;1;1;6;"47;3855714169";"0;7025161386"
202200039222;5;4;2022;18:20;1;37;2;1;1;2;"47;3699931123";"0;6970712543"
202200039223;5;4;2022;08:45;1;37;2;1;8;6;"47;3661700000";"0;6987600000"
202200039224;2;4;2022;05:00;5;35;2;1;1;6;"48;1085600000";" -1;6881200000"
202200039225;6;4;2022;13:50;1;35;2;1;1;6;"48;1252500000";" -1;6853400000"
202200039226;6;4;2022;17:04;1;33;2;9;8;2;"44;8316500000";" -0;5570300000"
202200039227;6;4;2022;14:15;1;33;2;3;1;5;"44;8669500000";" -0;5484900000"
202200039228;5;4;2022;20:00;1;29;2;2;1;7;"48;4025420000";" -4;4819570000"
202200039229;6;4;2022;07:45;1;26;1;1;1;3;"44;5656260000";"4;7976740000"
202200039230;1;11;2022;16:35;1;62;1;1;3;6;"50;4787730000";"2;6151060000"
202200039231;6;4;2022;17:53;1;13;2;1;1;3;"43;6866100000";"4;6349200000"
202200039232;1;11;2022;19:08;5;60;2;1;2;6;"49;4498500000";"2;0999500000"
202200039233;6;4;2022;10:25;1;06;2;9;1;1;"43;5536410000";"7;0196380000"
202200039234;1;11;2022;17:50;3;59;2;1;3;6;"50;7273599723";"3;1492727995"
202200039235;1;11;2022;14:50;1;59;1;1;1;3;"50;7656020000";"3;0774250000"
202200039236;5;4;2022;19:00;1;06;2;1;1;1;"43;6806540000";"7;1808490000"
202200039237;1;11;2022;10:00;1;59;2;9;7;3;"50;7476300000";"3;1453700000"
202200039238;5;4;2022;08:55;1;06;2;1;1;1;"43;6583730000";"7;1878230000"
202200039239;1;11;2022;20:00;5;59;1;1;2;1;"50;7020300000";"3;2420700000"
202200039240;5;4;2022;17:30;1;75;2;1;1;3;"48;8891940000";"2;3965260000"
202200039241;31;10;2022;18:15;5;59;2;1;1;6;"50;2068990000";"3;8489150000"
202200039242;1;11;2022;19:50;3;59;2;7;3;6;"50;6368800000";"3;0638600000"
202200039243;5;3;2022;12:00;1;75;2;5;1;6;"48;8500769956";"2;3847386241"
202200039244;23;10;2022;13:55;1;59;2;1;1;6;"50;6270590000";"3;0501760000"
202200039245;18;10;2022;16:15;1;59;2;6;1;3;"50;6510700000";"3;1266100000"
202200039246;6;4;2022;17:30;1;75;2;3;1;3;"48;8475239911";"2;3431778513"
202200039247;21;10;2022;17:05;1;59;2;3;1;3;"50;6307500000";"3;0087500000"
202200039248;6;4;2022;14:30;1;75;2;1;1;2;"48;8870201016";"2;3679106687"
202200039249;1;11;2022;14:50;1;59;2;3;1;3;"50;1818700000";"3;2006900000"
202200039250;6;4;2022;14:13;1;75;2;1;1;6;"48;8843780000";"2;3661810000"
202200039251;1;11;2022;16:35;1;47;2;3;1;3;"44;2067799432";"0;6239837408"
202200039252;5;4;2022;05:35;5;75;2;1;2;3;"48;8882960000";"2;3754550000"
202200039253;1;11;2022;16:40;1;45;2;3;1;3;"47;9522400000";"1;8771800000"
202200039254;1;11;2022;11:40;1;43;2;1;2;2;"45;0293400000";"3;8782800000"
202200039255;6;4;2022;18:45;1;75;2;1;1;1;"48;8877032892";"2;3961331546"
202200039256;1;11;2022;17:16;1;33;2;1;1;6;"44;8386300000";" -0;5674100000"
202200039257;1;11;2022;16:45;1;33;2;1;1;6;"44;8616309476";" -0;5676680803"
202200039258;6;4;2022;21:35;5;75;2;5;3;3;"48;8852283664";"2;3072221332"
202200039259;1;11;2022;00:45;5;31;1;1;2;3;"43;5635990000";"1;4182860000"
202200039260;6;4;2022;20:50;5;75;2;4;1;7;"48;8863369047";"2;2954176165"
202200039261;31;10;2022;11:30;1;31;2;3;1;3;"43;5734300000";"1;4146400000"
202200039262;31;10;2022;10:40;1;31;1;1;1;2;"43;6288140000";"1;4782590000"
202200039263;31;10;2022;20:00;5;28;2;6;2;7;"48;7343600000";"1;3595600000"
202200039264;5;4;2022;18:32;1;75;2;1;1;4;"48;8696665953";"2;2565002278"
202200039265;1;11;2022;13:35;1;14;2;1;2;3;"49;1594360000";" -0;3603400000"
202200039266;1;11;2022;12:30;1;13;2;1;1;6;"43;6339666356";"5;1311364770"
202200039267;6;4;2022;02:00;5;75;2;7;1;6;"48;8318516288";"2;3558209643"
202200039268;1;11;2022;18:40;5;13;2;1;1;1;"43;2336912505";"5;4062873789"
202200039269;6;4;2022;19:50;2;75;2;7;1;3;"48;8667875782";"2;3220872446"
202200039270;1;11;2022;11:30;1;13;2;2;1;3;"43;3063100000";"5;3721700000"
202200039271;31;10;2022;18:00;5;13;2;1;1;6;"43;2987700000";"5;3847900000"
202200039272;6;4;2022;17:30;1;75;2;1;1;3;"48;8756410000";"2;2995130000"
202200039273;1;11;2022;03:30;5;13;2;1;1;2;"43;5555744136";"5;4197749479"
202200039274;6;4;2022;21:50;5;75;2;7;1;6;"48;8622257801";"2;3370200640"
202200039275;1;11;2022;01:42;5;03;2;2;2;1;"46;3421420000";"2;5891840000"
202200039276;5;4;2022;11:50;1;75;2;1;1;2;"48;8713057705";"2;3440458253"
202200039277;1;11;2022;11:45;1;95;1;1;1;6;"49;0235187022";"2;1335929231"
202200039278;27;7;2022;20:24;2;35;1;1;1;1;"48;0408490000";" -1;6920660000"
202200039279;4;4;2022;09:30;1;94;2;2;1;3;"48;8484576607";"2;4346357584"
202200039280;31;10;2022;16:00;1;75;2;1;1;3;"48;8159890000";"2;3626380000"
202200039281;5;4;2022;15:10;1;94;2;1;2;6;"48;8081000000";"2;4733900000"
202200039282;31;10;2022;13:30;1;75;2;2;1;6;"48;8495890000";"2;3448780000"
202200039283;6;4;2022;10:00;1;94;2;2;8;3;"48;8118200000";"2;4528600000"
202200039284;1;11;2022;15:15;1;75;2;7;1;3;"48;8776640000";"2;4082680000"
202200039285;6;4;2022;10:50;1;94;2;1;1;2;"48;7653400000";"2;3182500000"
202200039286;1;11;2022;15:35;1;75;2;4;8;6;"48;8930650000";"2;3276570000"
202200039287;1;11;2022;20:02;5;75;2;2;1;6;"48;8361570000";"2;3486450000"
202200039288;5;4;2022;12:15;1;94;2;3;2;3;"48;7997804510";"2;4262444675"
202200039289;31;10;2022;12:50;1;75;2;2;1;3;"48;8675340000";"2;2994060000"
202200039290;30;10;2022;19:00;5;94;2;1;1;3;"48;7408430000";"2;4814750000"
202200039291;31;10;2022;21:50;5;94;2;3;1;3;"48;7553600000";"2;3134900000"
202200039292;6;4;2022;15:25;1;95;2;3;1;2;"49;0097733178";"2;5321501493"
202200039293;1;11;2022;10:50;1;93;2;1;1;1;"48;9648800000";"2;3838900000"
202200039294;6;4;2022;17:00;1;93;2;1;1;3;"48;9390530000";"2;3479940000"
202200039295;1;11;2022;14:35;1;93;2;1;1;3;"48;9463978503";"2;3686882854"
202200039296;6;4;2022;20:19;5;93;2;6;8;3;"48;8991480000";"2;3969570000"
202200039297;1;11;2022;13:25;1;93;2;1;1;7;"48;9381600000";"2;3618400000"
202200039298;6;4;2022;00:45;5;93;2;6;1;6;"48;8372000000";"2;5478300000"
202200039299;1;11;2022;15:06;1;93;2;5;1;1;"48;8613330000";"2;5017930000"
202200039300;5;4;2022;20:45;3;93;2;2;1;6;"48;9549940000";"2;4978160000"
202200039301;31;10;2022;16:45;1;93;2;2;1;3;"48;9334949585";"2;5161816529"
202200039302;2;11;2022;08:20;2;60;2;1;1;6;"49;3670080000";"2;5123180000"
202200039303;6;4;2022;10:50;1;93;1;1;1;2;"48;9583440000";"2;4776590000"
202200039304;2;11;2022;14:45;1;22;2;1;1;2;"48;5761670000";" -2;1523330000"
202200039305;6;4;2022;13:50;1;93;2;2;1;6;"48;9070000000";"2;3760000000"
202200039306;2;11;2022;12:45;1;06;2;3;1;3;"43;6360660000";"7;1348760000"
202200039307;6;4;2022;18:59;1;92;2;1;1;7;"48;7992915777";"2;2849269211"
202200039308;2;11;2022;13:30;1;31;2;1;1;7;"43;6432230000";"1;5369210000"
202200039309;5;4;2022;15:25;1;92;2;1;1;6;"48;9101483881";"2;2773251384"
202200039310;1;11;2022;20:23;5;83;2;3;1;1;"43;4625290000";"6;4785860000"
202200039311;7;4;2022;16:20;1;34;1;1;1;1;"43;8545830000";"3;9290710000"
202200039312;2;11;2022;20:35;5;91;2;1;1;1;"48;6603060000";"2;2760050000"
202200039313;31;10;2022;03:10;3;41;1;1;1;6;"47;6176490000";"1;3233800000"
202200039314;6;4;2022;15:30;1;47;1;1;2;1;"44;0269889923";"0;6714423817"