Accident_Id;jour;mois;an;hrmn;lum;dep;agg;int;atm;col;lat;long
202200039315;28;10;2022;15:00;1;68;2;1;1;7;"47;9017180000";"7;2556400000"
202200039316;6;4;2022;14:20;1;69;1;1;1;1;"45;6615390000";"4;8241300000"
202200039317;2;11;2022;14:20;1;83;1;1;1;6;"43;1951810000";"6;3818410000"
202200039318;30;10;2022;11:00;1;44;1;1;1;7;"47;6751050000";" -1;8171000000"
202200039319;28;3;2022;17:35;1;69;2;1;1;6;"45;7325120000";"4;9921380000"
202200039320;2;11;2022;03:45;3;89;2;3;1;6;"48;2433780000";"3;3094300000"
202200039321;6;4;2022;13:30;1;60;1;1;1;1;"49;1602871393";"3;0826783776"
202200039322;1;11;2022;16:00;2;19;1;1;1;6;"45;5920370000";"1;9783870000"
202200039323;7;4;2022;13:40;1;23;1;1;3;3;"45;8310050000";"2;1732970000"
202200039324;1;11;2022;16:30;1;56;1;1;2;1;"47;8003430000";" -3;3389210000"
202200039325;1;11;2022;12:05;1;56;1;1;1;7;"47;5100358000";" -2;8445041180"
202200039326;5;4;2022;11:44;1;56;2;1;1;2;"48;0541890000";" -2;9598820000"
202200039327;1;11;2022;10:50;1;31;1;1;1;7;"43;6728310000";"1;3590970000"
202200039328;5;4;2022;10:10;1;2B;2;1;1;2;"42;5519940000";"8;7648530000"
202200039329;2;11;2022;01:00;5;80;2;1;1;6;"49;7443010000";"3;0702820000"
202200039330;2;11;2022;10:30;1;65;1;1;1;7;"42;9698290000";" -0;1550050000"
202200039331;6;4;2022;17:30;1;80;1;1;2;7;"50;1344240000";"2;0810290000"
202200039332;31;10;2022;15:00;1;11;2;1;1;6;"43;2060130000";"2;4353870000"
202200039333;1;11;2022;17:30;3;55;1;1;1;7;"48;6427210000";"5;0776150000"
202200039334;6;4;2022;18:25;1;89;1;1;2;6;"47;5509870000";"3;5313650000"
202200039335;2;11;2022;11:45;1;12;1;1;1;6;"44;2955500000";"2;0094680000"
202200039336;6;4;2022;07:40;1;42;1;1;1;7;"45;5143430000";"4;0907930000"
202200039337;2;11;2022;15:00;1;39;1;1;1;1;"46;8940560000";"5;7322800000"
202200039338;6;4;2022;18:30;1;34;1;1;1;1;"43;5500720000";"3;5126640000"
202200039339;1;11;2022;01:30;3;44;2;1;1;6;"47;1922390000";" -1;8537500000"
202200039340;1;11;2022;14:45;1;29;1;2;1;3;"47;9419770000";" -4;3436500000"
202200039341;7;4;2022;16:15;1;22;1;1;1;1;"48;3289510000";" -3;0705070000"
202200039342;1;11;2022;18:40;3;64;1;1;1;6;"43;3129380000";" -1;0103990000"
202200039343;6;4;2022;17:30;1;29;1;1;8;1;"47;9654570520";" -3;8587582113"
202200039344;2;11;2022;07:25;1;73;1;1;2;1;"45;4670919772";"6;0437783910"
202200039345;6;4;2022;20:10;1;29;1;1;1;2;"47;8869491100";" -3;7655201410"
202200039346;1;11;2022;16:00;1;43;1;1;1;7;"45;1436760000";"4;1001320000"
202200039347;2;11;2022;16:15;1;40;1;1;1;7;"43;5715480000";" -0;8762130000"
202200039348;30;10;2022;21:45;3;24;1;1;1;7;"45;0436000000";"1;2279370000"
202200039349;14;10;2022;07:55;1;04;1;1;1;6;"43;9439510000";"5;5653910000"
202200039350;7;4;2022;16:44;1;58;2;1;2;2;"47;4562050000";"3;5062050000"
202200039351;1;11;2022;05:40;3;85;1;2;1;6;"46;7228350000";" -0;8528410000"
202200039352;29;10;2022;16:20;1;85;1;1;1;6;"46;8250664000";" -0;9311643900"
202200039353;12;3;2022;11:37;1;06;1;1;1;3;"43;7287160000";"7;3717080000"
202200039354;1;11;2022;17:50;2;28;1;1;1;7;"48;4326670000";"1;2346640000"
202200039355;1;11;2022;09:30;1;37;1;1;1;1;"47;5119833749";"0;4273509979"
202200039356;7;4;2022;07:00;2;06;2;2;1;3;"43;8766920000";"7;4520740000"
202200039357;6;10;2022;20:20;3;67;1;1;1;6;"48;6093910000";"7;6999140000"
202200039358;28;3;2022;16:50;1;73;1;6;1;3;"45;6240780000";"6;3226430000"
202200039359;2;11;2022;11:30;1;78;1;3;1;3;"48;8910760000";"1;9906280000"
202200039360;7;4;2022;16:45;1;27;1;1;1;6;"49;2742100000";"1;6808220000"
202200039361;31;10;2022;11:20;1;83;1;1;1;6;"43;5467397769";"6;7914498584"
202200039362;7;4;2022;14:30;1;27;2;1;1;7;"49;2812020000";"1;7809650000"
202200039363;2;11;2022;18:10;5;77;2;6;1;3;"48;4208850000";"3;2371740000"
202200039364;6;4;2022;15:23;1;27;2;3;8;1;"48;7440660000";"0;9288920000"
202200039365;31;10;2022;19:00;3;60;1;1;2;5;"49;1317230739";"2;5602881294"
202200039366;6;4;2022;19:58;2;49;1;9;8;7;"47;2438570000";" -0;6739430000"
202200039367;2;11;2022;11:50;1;77;1;1;1;2;"48;4450130000";"2;5305760000"
202200039368;23;3;2022;13:30;1;18;1;1;1;2;"47;2600680000";"2;0452590000"
202200039369;1;11;2022;15:25;1;987;1;1;1;2;" -16;3880000000";" -151;7650000000"
202200039370;6;4;2022;18:10;1;2B;1;1;2;3;"42;5267010000";"9;3695780000"
202200039371;9;9;2022;23:30;5;988;2;1;1;6;" -22;2472070000";"166;5704050000"
202200039372;6;4;2022;22:00;3;34;1;1;1;6;"43;4875050000";"3;5195520000"
202200039373;27;10;2022;08:00;1;84;2;3;1;3;"43;8742350000";"5;4023980000"
202200039374;7;4;2022;01:10;3;83;1;1;1;7;"43;2741900000";"5;7938260000"
202200039375;2;11;2022;09:30;1;21;1;3;1;3;"47;0826050000";"4;9284630000"
202200039376;6;4;2022;16:00;1;67;2;9;1;6;"48;4894610000";"7;7301040000"
202200039377;6;4;2022;23:40;3;88;1;1;8;2;"48;2190110000";"6;4530090000"
202200039378;1;11;2022;19:00;3;01;1;1;1;3;"45;8960720000";"5;3380680000"
202200039379;6;4;2022;08:47;1;31;2;1;1;6;"43;4082950000";"1;3920120000"
202200039380;28;10;2022;14:30;1;65;1;2;1;3;"43;1288210000";"0;1154370000"
202200039381;7;4;2022;07:30;2;29;2;3;2;3;"48;5638520793";" -4;3399143221"
202200039382;1;11;2022;17:00;1;17;1;3;1;3;"45;6588360000";" -0;9122790000"
202200039383;30;10;2022;23:30;5;72;2;9;1;6;"47;7193080000";" -0;1062530000"
202200039384;7;4;2022;00:01;3;76;1;1;2;7;"49;3799280000";"1;2622150000"
202200039385;1;11;2022;18:15;3;60;1;1;1;6;"49;4137393878";"2;2819444083"
202200039386;1;4;2022;20:00;1;76;2;1;1;2;"49;4076520000";"1;2405950000"
202200039387;1;11;2022;18:15;5;59;2;1;1;6;"50;2849280000";"3;3161330000"
202200039388;6;4;2022;18:20;1;13;1;1;1;3;"43;4845400000";"5;4083600000"
202200039389;1;11;2022;12:40;1;13;1;1;1;3;"43;3147100000";"5;4230500000"
202200039390;31;10;2022;17:20;2;69;2;9;1;7;"45;7180100000";"4;8676600000"
202200039391;1;11;2022;01:05;3;33;1;1;2;2;"44;8764000000";" -0;5083620000"
202200039392;6;4;2022;18:00;1;13;1;1;1;2;"43;4126980000";"5;2816690000"
202200039393;1;11;2022;16:35;1;91;1;1;1;4;"48;7490900000";"2;2118100000"
202200039394;1;11;2022;13:03;1;94;1;1;1;4;"48;7748770719";"2;3460855714"
202200039395;6;4;2022;16:30;1;91;1;1;1;2;"48;6313900000";"2;4949100000"
202200039396;1;11;2022;18:15;3;78;1;1;1;4;"48;7918860000";"2;0973860000"
202200039397;6;4;2022;17:00;1;91;1;1;1;3;"48;6238500000";"2;3778300000"
202200039398;31;10;2022;21:00;3;92;1;1;2;7;"48;9311292993";"2;3235279586"
202200039399;6;4;2022;08:25;1;94;1;1;1;7;"48;7583800000";"2;3376600000"
202200039400;31;10;2022;19:30;4;93;1;1;1;6;"48;9212115236";"2;3692000928"
202200039401;31;10;2022;19:20;3;95;1;1;3;2;"49;0804359949";"2;5513927497"
202200039402;6;4;2022;18:50;1;78;1;1;1;2;"48;9049110000";"2;0053050000"
202200039403;1;11;2022;19:30;4;77;1;1;1;3;"48;8293947232";"2;7161276299"
202200039404;6;4;2022;06:40;3;95;1;1;1;4;"48;9702300000";"2;4820100000"
202200039405;1;11;2022;16:00;1;77;1;1;1;2;"48;8313160000";"2;6430140000"
202200039406;1;11;2022;03:00;3;94;1;1;1;6;"48;7579900000";"2;4708400000"
202200039407;5;4;2022;22:30;3;95;1;1;1;2;"49;0103700000";"2;2301000000"
202200039408;17;8;2022;17:35;1;50;2;1;1;2;"48;8460340000";" -1;5820320000"
202200039409;5;4;2022;08:34;1;88;2;1;1;6;"48;1837000000";"6;4413600000"
202200039410;31;10;2022;19:34;5;2A;2;1;1;6;"41;9187126820";"8;7368782660"
202200039411;31;1;2022;09:25;1;75;2;1;1;6;"48;8520860000";"2;2854360000"
202200039412;31;10;2022;18:45;5;29;2;1;2;6;"48;3906400000";" -4;4869700000"
202200039413;31;10;2022;11:10;1;75;2;2;1;6;"48;8841780000";"2;3686190000"
202200039414;5;4;2022;16:03;1;976;2;1;1;3;" -12;7910600000";"45;2198300000"
202200039415;29;10;2022;21:00;5;75;2;1;1;6;"48;8682350000";"2;3031480000"
202200039416;18;6;2022;19:34;1;78;1;1;1;1;"48;9916200000";"2;0571500000"
202200039417;5;4;2022;08:35;1;976;1;6;1;3;" -12;7556900000";"45;2328800000"
202200039418;31;10;2022;19:05;5;988;2;1;1;6;" -22;2638600000";"166;4552300000"
202200039419;5;4;2022;12:40;1;974;1;1;2;7;" -21;2826100000";"55;4637100000"
202200039420;31;10;2022;08:15;1;974;2;2;1;3;" -20;8825200000";"55;4553100000"
202200039421;5;4;2022;06:00;2;974;1;1;1;7;" -21;2763300000";"55;4693100000"
202200039422;31;10;2022;19:00;5;973;2;3;1;3;"4;9375888801";" -52;3159128428"
202200039423;6;4;2022;03:58;1;973;2;1;2;5;"4;8849890000";" -52;3357900000"
202200039424;31;10;2022;17:00;1;973;2;3;1;3;"4;9355365848";" -52;2950935364"
202200039425;31;10;2022;14:27;1;973;1;1;1;2;"4;9040700000";" -52;3238600000"
202200039426;5;4;2022;07:50;1;973;2;3;2;3;"4;9357200000";" -52;2954100000"
202200039427;31;10;2022;01:10;5;69;2;3;2;2;"45;7449300017";"4;8485782743"
202200039428;5;4;2022;19:15;2;69;2;1;1;2;"45;7870200000";"4;8343000000"
202200039429;1;11;2022;01:10;5;69;2;2;3;1;"45;7638412730";"4;8581850529"
202200039430;31;10;2022;02:30;5;69;2;1;1;6;"45;7602800000";"4;8281300000"
202200039431;5;4;2022;08:10;1;69;2;9;1;3;"45;7173800000";"4;8096900000"
202200039432;31;10;2022;10:25;1;2B;2;1;1;2;"42;6580300000";"9;4413500000"
202200039433;5;4;2022;07:50;1;971;1;1;1;2;"16;2998300000";" -61;4895600000"
202200039434;31;10;2022;18:35;5;91;2;1;2;2;"48;6962500000";"2;5032000000"
202200039435;4;4;2022;19:30;5;971;2;8;1;6;"16;2413800000";" -61;5370600000"
202200039436;29;10;2022;07:45;3;87;1;1;1;4;"45;8904000000";"1;2670600000"
202200039437;29;10;2022;23:14;3;87;1;1;1;2;"45;8396500000";"1;2808900000"
202200039438;31;3;2022;11:30;1;95;2;1;1;1;"49;0500000000";"2;0316100000"
202200039439;31;10;2022;18:40;5;83;2;3;1;6;"43;1241000000";"5;9362480000"
202200039440;28;10;2022;18:43;2;83;2;1;1;3;"43;1111500000";"6;1152900000"
202200039441;27;3;2022;17:01;1;83;1;1;1;7;"43;5525580000";"6;4529350000"
202200039442;31;10;2022;19:30;5;77;2;3;2;3;"48;3661005000";"2;9817569000"
202200039443;29;10;2022;23:50;5;77;2;2;1;3;"48;5429700000";"2;6315700000"
202200039444;29;10;2022;05:55;5;76;2;4;1;6;"49;5059600000";"0;1217400000"
202200039445;1;4;2022;21:45;5;80;2;2;1;3;"49;8953700000";"2;3061900000"
202200039446;29;10;2022;14:00;1;76;2;3;1;3;"49;4972100000";"0;0959300000"
202200039447;31;10;2022;19:35;2;71;1;1;1;6;"46;6743500000";"4;3452000000"
202200039448;31;10;2022;12:00;1;69;2;2;1;1;"45;7106800000";"4;9603200000"
202200039449;28;10;2022;16:40;1;67;2;1;1;6;"48;6126200000";"7;7673400000"
202200039450;5;4;2022;17:00;1;77;2;3;8;6;"48;2613900000";"2;7026600000"
202200039451;31;10;2022;18:55;5;64;2;1;2;2;"43;4213000000";" -1;6052100000"
202200039452;5;4;2022;08:00;1;72;2;3;2;3;"48;0045700000";"0;2222500000"
202200039453;31;10;2022;09:50;1;64;2;1;1;3;"43;2789100000";" -0;3887900000"
202200039454;30;10;2022;19:30;5;64;2;1;2;3;"43;4818400000";" -1;5538700000"
202200039455;5;4;2022;13:35;1;69;2;9;1;2;"45;9844800000";"4;7369700000"
202200039456;25;3;2022;17:20;1;69;2;1;1;6;"46;0020200000";"4;7163600000"
202200039457;31;10;2022;18:30;5;61;2;1;2;2;"48;4353800000";"0;0967300000"
202200039458;31;10;2022;07:57;1;59;2;1;1;3;"50;6456500000";"2;9983600000"
202200039459;4;4;2022;07:25;2;68;2;2;1;3;"47;7938400000";"7;3356900000"
202200039460;14;10;2022;23:00;5;59;1;1;2;7;"50;5408400000";"3;0421900000"
202200039461;3;4;2022;18:25;1;67;2;3;1;3;"48;5780300000";"7;7040600000"
202200039462;31;10;2022;11:20;1;57;2;3;1;3;"48;7403800000";"7;0722600000"
202200039463;31;10;2022;17:30;5;57;2;1;1;7;"49;1802504992";"6;8898922204"
202200039464;2;4;2022;21:25;5;67;2;3;2;3;"48;5897000000";"7;7673300000"
202200039465;31;10;2022;21:00;5;51;2;1;2;7;"49;2456900000";"4;0406300000"
202200039466;2;4;2022;17:20;1;67;2;1;4;1;"48;5611100000";"7;7421800000"
202200039467;31;10;2022;15:55;1;51;2;6;1;3;"49;2881400000";"4;0235100000"
202200039468;5;4;2022;18:30;1;64;2;1;1;2;"43;3013263658";" -0;3832340240"
202200039469;31;10;2022;21:15;5;49;2;2;1;3;"47;4652400000";" -0;5502700000"
202200039470;31;10;2022;15:01;1;49;2;9;2;7;"47;4636200000";" -0;5552700000"
202200039471;31;10;2022;12:47;1;49;2;1;8;1;"47;4825800000";" -0;4938700000"
202200039472;31;10;2022;12:21;1;49;2;1;1;2;"47;4495900000";" -0;5309100000"
202200039473;5;4;2022;17:40;1;64;1;1;1;3;"43;3433838304";" -0;4146695137"
202200039474;30;10;2022;07:20;3;49;1;1;1;6;"47;4723300000";" -0;5040400000"
202200039475;30;10;2022;15:10;1;43;2;6;1;2;"45;0498739127";"3;9139920473"
202200039476;3;4;2022;14:40;1;64;2;1;1;3;"43;4844940000";" -1;5547620000"
202200039477;31;10;2022;19:00;3;41;1;1;8;6;"47;5923830000";"1;3615450000"
202200039478;5;4;2022;07:20;1;64;2;1;1;1;"43;5261500000";" -1;4936400000"
202200039479;31;10;2022;11:50;1;37;2;1;1;2;"47;3764200000";"0;7234800000"
202200039480;30;10;2022;09:45;1;37;2;1;1;2;"47;3822298342";"0;7050803304"
202200039481;5;4;2022;08:34;1;63;2;1;1;6;"45;7708000000";"3;0759100000"
202200039482;31;10;2022;20:15;5;33;2;1;2;3;"44;8772400000";" -0;5679200000"
202200039483;31;10;2022;14:55;1;31;1;1;1;6;"43;6322000000";"1;3810300000"
202200039484;30;10;2022;03:39;5;31;2;9;1;3;"43;6476928533";"1;4202699065"
202200039485;4;4;2022;17:52;1;63;2;1;1;5;"45;7649000000";"3;1236100000"
202200039486;29;10;2022;23:45;3;29;1;1;1;4;"48;0212196508";" -4;0830116270"
202200039487;5;4;2022;05:20;5;59;2;3;2;6;"50;7328420000";"3;1501210000"
202200039488;31;10;2022;11:30;1;27;2;1;1;6;"49;2507000000";"1;1810500000"
202200039489;31;10;2022;15:00;1;22;2;1;1;7;"48;4933600000";" -2;7778800000"
202200039490;4;4;2022;17:43;1;54;2;1;1;6;"48;7013254077";"6;1705344915"
202200039491;27;10;2022;19:00;5;19;2;1;1;3;"45;1519100000";"1;5028300000"
202200039492;31;10;2022;16:00;1;18;2;2;8;6;"47;2251400000";"2;0731200000"
202200039493;4;4;2022;17:00;1;54;2;1;1;2;"48;6746210387";"6;1973297596"
202200039494;1;11;2022;00:10;5;17;2;1;2;1;"46;1669700000";" -1;1505800000"
202200039495;5;4;2022;17:00;1;51;2;3;2;3;"49;2707100000";"4;0512800000"
202200039496;26;10;2022;11:34;1;13;2;1;1;3;"43;4505200000";"4;9388000000"
202200039497;4;4;2022;17:45;1;50;2;1;2;6;"49;6390900000";" -1;6200400000"
202200039498;4;4;2022;14:19;1;49;2;1;1;7;"47;4634500000";" -0;5454800000"
202200039499;31;10;2022;13:05;1;11;2;3;1;3;"43;2108000000";"2;3410000000"
202200039500;31;10;2022;16:10;1;10;2;1;1;3;"48;2996100000";"4;0895100000"
202200039501;5;4;2022;07:45;2;45;2;2;8;6;"47;9086100000";"1;8917400000"
202200039502;28;10;2022;21:25;3;75;2;1;1;2;"48;9006160000";"2;3303490000"
202200039503;30;10;2022;05:50;5;75;2;4;1;2;"48;8714280000";"2;4130020000"
202200039504;5;4;2022;16:02;1;37;1;9;8;2;"47;3667341091";"0;6543838978"
202200039505;29;10;2022;03:40;5;75;2;2;1;3;"48;8494220000";"2;3567160000"
202200039506;31;10;2022;17:25;2;75;2;3;8;7;"48;8988540000";"2;3781280000"
202200039507;4;4;2022;11:55;1;35;2;3;1;3;"48;3474973795";" -1;2040365860"
202200039508;27;10;2022;19:50;5;75;2;1;8;2;"48;8479830000";"2;2522840000"
202200039509;31;10;2022;20:00;5;75;2;2;8;3;"48;8284950000";"2;3013480000"
202200039510;4;4;2022;18:45;1;34;2;3;1;3;"43;6184000000";"3;8644900000"
202200039511;31;10;2022;19:00;4;75;2;4;2;2;"48;8367460000";"2;3063230000"
202200039512;4;4;2022;08:50;1;34;2;1;1;7;"43;3550600000";"3;2378400000"
202200039513;31;10;2022;10:00;1;75;2;2;1;6;"48;8465590000";"2;2886000000"
202200039514;4;4;2022;16:22;1;33;2;9;1;3;"44;8399274424";" -0;5603648099"
202200039515;30;10;2022;19:10;5;75;2;7;2;3;"48;8322230000";"2;3560660000"
202200039516;30;10;2022;03:46;5;75;2;4;1;6;"48;8593670000";"2;3828260000"
202200039517;31;10;2022;19:48;5;75;2;1;2;6;"48;8793610000";"2;3544450000"
202200039518;31;10;2022;15:55;1;75;2;1;1;6;"48;8700180000";"2;3285890000"
202200039519;4;4;2022;20:15;5;29;2;2;2;1;"48;3988880000";" -4;4891440000"
202200039520;27;10;2022;13:20;1;75;2;1;1;3;"48;8707860000";"2;3301330000"
202200039521;5;4;2022;11:30;1;27;2;1;2;3;"49;0298282152";"1;1705753177"
202200039522;22;10;2022;16:30;1;94;2;1;1;3;"48;7739030000";"2;3822000000"
202200039523;5;4;2022;18:40;1;26;2;1;1;6;"44;5487800000";"4;7423500000"
202200039524;30;10;2022;21:20;5;94;2;4;1;1;"48;7662000000";"2;3867000000"
202200039525;5;4;2022;15:40;1;26;2;1;1;2;"44;5519400000";"4;7662600000"
202200039526;31;10;2022;11:20;1;93;2;1;1;2;"48;8832726614";"2;5332276245"
202200039527;31;10;2022;06:25;2;93;2;2;1;3;"48;9291812127";"2;3966540876"
202200039528;5;4;2022;15:53;1;25;2;1;1;2;"47;2443300000";"5;9895900000"
202200039529;31;10;2022;17:20;5;93;2;2;2;6;"48;9069700000";"2;4883000000"
202200039530;30;10;2022;16:00;1;93;2;1;1;3;"48;9128228358";"2;4020190950"
202200039531;2;4;2022;08:25;1;21;2;3;1;6;"47;0155000000";"4;8308000000"
202200039532;30;10;2022;17:30;2;93;2;2;1;3;"48;9175600000";"2;3802200000"
202200039533;30;10;2022;03:00;5;92;2;1;1;2;"48;8078200000";"2;2950100000"
202200039534;5;4;2022;21:00;5;18;2;2;2;3;"47;2191400000";"2;0666000000"
202200039535;31;10;2022;15:00;1;92;2;2;1;1;"48;9017100000";"2;3148200000"
202200039536;5;4;2022;07:20;2;14;2;9;2;3;"49;1606400000";" -0;3361400000"
202200039537;13;10;2022;19:15;5;92;2;1;1;2;"48;7443300000";"2;3030600000"
202200039538;30;10;2022;02:55;3;44;1;1;1;6;"47;5086790000";" -1;1819800000"
202200039539;8;2;2022;15:45;1;13;2;1;1;2;"43;6470420787";"5;0565533454"
202200039540;31;10;2022;17:50;3;95;1;1;2;4;"49;1507410000";"2;2474010000"
202200039541;5;4;2022;22:30;5;13;2;1;1;7;"43;3729200000";"5;3499600000"
202200039542;1;11;2022;16:00;1;83;1;1;1;2;"43;1847300000";"6;0422230000"
202200039543;28;10;2022;17:30;1;46;1;3;1;4;"44;2743804349";"1;3431253612"
202200039544;5;4;2022;08:00;1;13;2;3;1;3;"43;3032500000";"5;4034900000"
202200039545;1;11;2022;05:10;3;29;1;1;2;6;"48;0508880000";" -4;0617670000"
202200039546;5;4;2022;08:15;1;13;2;9;1;6;"43;2903000000";"5;3711000000"
202200039547;1;11;2022;09:00;1;22;1;1;1;2;"48;4249150000";" -2;2046580000"
202200039548;4;4;2022;12:00;1;13;2;3;1;3;"43;2966200000";"5;4040800000"
202200039549;31;10;2022;08:40;2;72;1;6;1;6;"47;9421210000";"0;1835490000"
202200039550;5;4;2022;13:10;1;13;1;1;1;4;"43;3318836877";"5;1652166247"
202200039551;29;10;2022;23:45;3;56;1;1;1;1;"47;7818540000";" -3;5019890000"
202200039552;30;10;2022;03:00;5;33;2;3;1;6;"45;5139860000";" -1;1229120000"
202200039553;31;10;2022;17:30;5;42;2;1;1;6;"45;9485910000";"4;2094370000"
202200039554;1;11;2022;07:45;1;42;1;1;1;6;"45;6888470000";"4;0366820000"
202200039555;15;5;2022;04:50;3;75;2;1;1;7;"48;8397240000";"2;3693670000"
202200039556;15;5;2022;05:20;5;75;2;1;1;6;"48;8379990000";"2;4641020000"
202200039557;15;5;2022;18:40;1;75;2;4;1;6;"48;8563410999";"2;3709078133"
202200039558;15;5;2022;18:25;1;75;2;1;1;3;"48;8541460000";"2;3952220000"
202200039559;15;5;2022;11:57;1;75;2;5;1;6;"48;8719810000";"2;3400460000"
202200039560;15;5;2022;12:29;1;75;2;5;1;2;"48;8719973438";"2;3400543630"
202200039561;15;5;2022;10:50;1;75;2;2;1;6;"48;8619910000";"2;3501580000"
202200039562;15;5;2022;18:48;1;94;2;4;1;3;"48;8459800000";"2;4243100000"
202200039563;15;5;2022;19:50;2;94;2;1;1;3;"48;7997400000";"2;3392500000"
202200039564;15;5;2022;09:30;1;93;2;1;1;6;"48;9413277642";"2;5838497281"
202200039565;14;5;2022;23:25;3;93;2;2;1;3;"48;9153240000";"2;3527540000"
202200039566;15;5;2022;17:20;1;93;2;1;1;2;"48;8645130000";"2;5521360000"
202200039567;15;5;2022;18:43;1;93;2;2;1;6;"48;9278300000";"2;4741700000"
202200039568;15;5;2022;11:40;1;92;2;2;1;3;"48;8217985925";"2;2502837777"
202200039569;15;5;2022;18:20;1;2A;1;1;1;1;"42;1368840000";"8;6122730000"
202200039570;15;5;2022;17:20;1;38;1;1;1;1;"45;4824982115";"4;8126764320"
202200039571;15;5;2022;17:45;1;73;1;1;1;7;"45;7986687920";"5;8622403133"
202200039572;15;5;2022;14:30;1;16;1;1;1;3;"45;5942520000";" -0;2130320000"
202200039573;15;5;2022;02:00;3;972;1;1;1;1;"14;5350060000";" -61;0530100000"
202200039574;15;5;2022;09:30;1;28;2;1;1;1;"48;4252850000";"1;3580560000"
202200039575;15;5;2022;06:55;1;974;1;1;1;2;" -21;2808670000";"55;3866930000"
202200039576;14;5;2022;18:15;1;68;2;3;7;3;"47;8775990000";"7;2201260000"
202200039577;15;5;2022;20:30;1;71;1;1;1;3;"46;7064920000";"5;0023200000"
202200039578;15;5;2022;18:00;1;83;2;6;1;3;"43;4485299209";"5;8608841896"
202200039579;15;5;2022;16:30;1;51;1;1;1;6;"49;0909910000";"3;9411200000"
202200039580;16;5;2022;11:00;1;59;1;1;1;1;"50;8652825586";"2;2147884965"
202200039581;14;5;2022;20:30;1;59;2;2;1;1;"50;9443650000";"2;1976140000"
202200039582;14;5;2022;00:40;3;74;1;1;1;1;"46;0963070000";"6;5959110000"
202200039583;9;5;2022;19:00;1;79;1;1;1;2;"46;2687570000";" -0;6412140000"
202200039584;16;5;2022;18:05;1;2B;2;1;1;2;"42;7465390000";"9;4632840000"
202200039585;15;5;2022;19:00;1;65;2;1;1;6;"43;1757170000";" -0;1167710000"
202200039586;15;5;2022;12:00;1;81;1;1;1;6;"43;9895570000";"2;2492250000"
202200039587;14;5;2022;19:05;1;71;1;1;1;3;"46;3438145298";"4;4088917971"
202200039588;2;5;2022;20:20;2;49;1;3;1;2;"47;5620630000";" -0;5045290000"
202200039589;15;5;2022;15:50;1;25;1;3;1;7;"46;9861010000";"6;3521040000"
202200039590;16;5;2022;18:35;1;44;1;1;1;7;"47;4870490000";" -2;2972150000"
202200039591;15;5;2022;01:30;3;44;2;1;1;7;"47;1215120000";" -1;6351440000"
202200039592;15;5;2022;16:40;1;31;1;1;1;7;"43;1773200000";"1;2184100000"
202200039593;14;5;2022;16:30;1;38;1;6;1;3;"45;4358490000";"6;0024830000"
202200039594;15;5;2022;20:31;2;03;1;1;1;6;"46;3797780000";"3;8747190000"
202200039595;14;5;2022;12:40;1;03;1;1;1;6;"46;5279700000";"2;5877950000"
202200039596;16;5;2022;09:30;1;54;1;1;1;3;"48;6702190838";"5;7911682129"
202200039597;12;5;2022;08:00;1;54;2;2;1;6;"48;4762640000";"6;3132660000"
202200039598;14;5;2022;12:30;1;73;1;3;1;3;"45;6028830747";"5;6894561648"
202200039599;15;5;2022;18:30;1;43;2;1;1;7;"45;1884800000";"3;9099900000"
202200039600;15;5;2022;19:30;1;36;1;1;1;1;"46;4841700000";"2;0685360000"
202200039601;15;5;2022;18:20;1;53;1;1;1;6;"48;3855280000";" -0;0636010000"
202200039602;15;5;2022;19:00;1;53;1;1;2;6;"48;2140930000";" -0;2271940000"
202200039603;15;5;2022;11:25;1;21;1;1;1;1;"46;9894090000";"4;6816890000"
202200039604;15;5;2022;13:00;1;24;1;1;1;7;"44;9899950000";"1;1023660000"
202200039605;15;5;2022;11:45;1;23;1;1;1;7;"46;2618520000";"2;0311780000"
202200039606;16;5;2022;00:30;3;87;1;1;2;6;"46;0555430000";"0;9267430000"
202200039607;15;5;2022;14:00;1;88;1;1;1;3;"48;0224800000";"6;9057840000"
202200039608;15;5;2022;13:20;1;88;1;9;1;3;"48;0193240000";"6;8901440000"
202200039609;15;5;2022;02:10;5;978;2;6;1;6;"18;0994780000";" -63;0590670000"
202200039610;15;5;2022;16:00;1;40;1;1;1;6;"43;9298590000";" -1;1010360000"
202200039611;15;5;2022;03:00;3;67;1;1;1;2;"48;6869230000";"7;7288440000"
202200039612;15;5;2022;18:55;1;57;1;1;1;7;"49;1782250000";"6;9150780000"
202200039613;16;5;2022;02:45;3;51;1;1;1;7;"49;0374460000";"4;6270470000"
202200039614;15;5;2022;20:45;3;78;1;1;3;4;"48;5841640000";"2;0202320000"
202200039615;15;5;2022;19:30;3;987;2;1;1;1;" -17;5912580000";" -149;8308990000"
202200039616;15;5;2022;20:51;5;971;2;1;1;6;"16;3398920000";" -61;4562320000"
202200039617;13;5;2022;19:00;1;37;2;1;1;6;"47;4177000000";"0;9815970000"
202200039618;15;5;2022;11:05;1;48;1;1;1;3;"44;5018310000";"3;9169690000"
202200039619;14;5;2022;00:13;3;06;1;3;1;1;"43;7706340000";"6;8165070000"
202200039620;13;5;2022;22:00;3;13;1;1;1;3;"43;7861180000";"4;8595030000"
202200039621;12;5;2022;11:25;1;08;1;1;1;3;"50;1320854121";"4;8643581069"