Accident_Id;jour;mois;an;hrmn;lum;dep;agg;int;atm;col;lat;long
202200039622;11;5;2022;17:40;1;67;1;1;1;6;"48;6994800000";"7;8777980000"
202200039623;15;5;2022;20:55;1;55;1;3;1;1;"49;3010050000";"5;4313230000"
202200039624;15;5;2022;18:15;1;26;1;3;1;3;"44;9388590000";"5;0815870000"
202200039625;12;5;2022;09:22;1;33;1;1;1;6;"44;8901020000";" -0;2792230000"
202200039626;15;5;2022;17:00;1;33;2;1;1;6;"44;7455230000";" -0;5941820000"
202200039627;16;5;2022;13:00;1;50;1;1;1;6;"48;6262076000";" -1;3477832000"
202200039628;16;5;2022;10:35;1;27;2;4;1;6;"49;2470150000";"1;4136540000"
202200039629;16;5;2022;08:00;1;80;1;1;1;3;"49;7180420000";"2;8450730000"
202200039630;15;5;2022;20:35;2;13;1;1;1;2;"43;3322200000";"5;3862100000"
202200039631;13;5;2022;20:30;1;13;1;1;1;6;"43;3210670211";"5;3752520988"
202200039632;15;5;2022;11:20;1;69;1;1;1;7;"45;6851864492";"5;0022339821"
202200039633;14;5;2022;07:11;1;69;1;1;1;5;"45;7326971298";"4;9000923331"
202200039634;10;5;2022;08:25;1;69;1;1;1;4;"45;7109100000";"4;9501900000"
202200039635;15;5;2022;19:30;1;33;1;1;3;5;"44;8373900000";" -0;5007100000"
202200039636;14;5;2022;01:20;3;78;1;1;1;6;"48;7936900000";"2;0406600000"
202200039637;15;5;2022;18:50;1;95;1;1;1;3;"49;0617400000";"2;3603200000"
202200039638;15;5;2022;16:05;1;95;1;1;1;2;"48;9740998546";"2;4904954433"
202200039639;15;5;2022;13:00;1;93;1;1;1;3;"48;9346200000";"2;3988600000"
202200039640;15;5;2022;14:20;1;93;1;1;1;2;"48;9242100000";"2;3882200000"
202200039641;14;5;2022;15:40;1;93;1;1;1;3;"48;8689637416";"2;4289176683"
202200039642;14;5;2022;16:35;1;92;1;1;1;4;"48;9379818551";"2;2973346169"
202200039643;14;5;2022;17:12;1;93;1;1;1;2;"48;9274687309";"2;4193219692"
202200039644;14;5;2022;16:20;1;93;1;1;1;2;"48;9478800000";"2;4442900000"
202200039645;15;5;2022;21:00;3;94;1;1;2;2;"48;7701146919";"2;3822327243"
202200039646;14;5;2022;20:30;3;94;1;9;1;3;"48;7748852037";"2;4115766055"
202200039647;14;5;2022;18:15;1;94;1;1;1;2;"48;7761106967";"2;4250518150"
202200039648;14;5;2022;15:50;1;94;1;1;1;4;"48;8284416936";"2;5027316394"
202200039649;10;5;2022;09:05;1;77;1;1;1;2;"48;8299638999";"2;6185584039"
202200039650;13;4;2022;09:45;1;92;2;9;2;6;"48;8932982053";"2;2523112595"
202200039651;12;4;2022;22:10;3;79;1;1;1;3;"46;5062520000";" -0;3357300000"
202200039652;13;4;2022;17:20;1;69;2;3;1;3;"45;7638979534";"4;7785592079"
202200039653;12;4;2022;19:15;1;04;2;2;1;3;"44;0718790000";"5;9935270000"
202200039654;9;4;2022;05:45;3;56;1;1;1;6;"47;8606570000";" -2;4555460000"
202200039655;9;4;2022;08:45;1;49;2;3;1;6;"47;7222210000";" -0;6151490000"
202200039656;11;4;2022;09:15;1;64;2;1;1;6;"43;2295080000";" -0;8744270000"
202200039657;11;4;2022;15:00;1;06;2;1;1;6;"43;7438310000";"7;4005560000"
202200039658;10;4;2022;16:45;1;14;1;1;8;6;"49;2294250000";" -0;0764000000"
202200039659;14;2;2022;15:30;1;50;2;1;2;6;"48;5786780000";" -1;0988000000"
202200039660;26;4;2022;16:30;1;29;1;4;1;1;"48;0110037860";" -4;3133068084"
202200039661;27;4;2022;19:45;5;973;2;1;1;2;"5;4751290000";" -54;0349730000"
202200039662;26;4;2022;22:45;3;973;1;1;1;2;"4;9811450000";" -52;4688290000"
202200039663;27;4;2022;08:50;1;13;1;1;1;3;"43;7968530000";"4;8424000000"
202200039664;27;4;2022;15:45;1;69;1;3;1;1;"45;9167060000";"4;6138720000"
202200039665;28;4;2022;00:30;3;72;1;1;1;6;"47;8053030000";" -0;3106920000"
202200039666;25;1;2022;14:00;1;59;2;1;5;6;"50;7313667712";"3;0909132957"
202200039667;14;5;2022;10:59;1;972;2;1;2;3;"14;6203500000";" -61;0779900000"
202200039668;14;5;2022;06:00;1;971;1;1;1;7;"16;2931300000";" -61;4875900000"
202200039669;13;5;2022;18:50;5;971;1;1;8;3;"16;2086900000";" -61;4700300000"
202200039670;13;5;2022;23:45;5;91;2;1;1;1;"48;7226800000";"2;3026100000"
202200039671;14;5;2022;20:45;1;91;2;2;1;3;"48;6617700000";"2;3628400000"
202200039672;14;5;2022;10:45;1;83;2;3;1;6;"43;1183700000";"5;9459600000"
202200039673;13;5;2022;12:40;1;83;2;1;1;6;"43;1293800000";"5;7832000000"
202200039674;15;5;2022;02:10;5;81;2;9;1;7;"43;6081300000";"2;2555300000"
202200039675;13;5;2022;12:20;1;78;2;1;1;2;"48;8896010000";"2;1573080000"
202200039676;14;5;2022;14:15;1;77;2;3;7;3;"48;6047500000";"2;5492500000"
202200039677;13;5;2022;17:30;1;74;2;1;1;1;"46;1893000000";"6;2469700000"
202200039678;14;5;2022;02:45;5;69;2;2;1;1;"45;7685900000";"4;8844200000"
202200039679;14;5;2022;15:50;1;64;2;1;1;3;"43;3125115756";" -0;3417134285"
202200039680;14;5;2022;10:29;1;64;2;6;1;6;"43;2865100000";" -0;3894300000"
202200039681;14;5;2022;01:55;5;59;2;5;1;6;"50;6276276220";"3;0576002598"
202200039682;14;5;2022;16:30;1;57;2;1;1;2;"49;1473600000";"6;1716100000"
202200039683;14;5;2022;17:35;1;54;1;1;1;4;"49;5414000000";"5;8077000000"
202200039684;9;5;2022;09:08;1;46;1;1;1;1;"44;4820000000";"1;4120000000"
202200039685;14;5;2022;18:25;1;42;1;6;1;3;"45;4084691340";"4;2493232042"
202200039686;14;5;2022;02:03;3;38;1;1;1;2;"45;1649400000";"5;7017100000"
202200039687;14;5;2022;15:20;1;37;2;1;1;4;"47;3987600000";"0;6756500000"
202200039688;13;5;2022;17:22;1;37;1;1;1;7;"47;3242178367";"0;6288278103"
202200039689;14;5;2022;20:30;1;35;2;6;1;7;"48;1023353655";" -1;6102289781"
202200039690;14;5;2022;06:30;2;35;2;1;1;6;"48;0988351166";" -1;6938116401"
202200039691;10;5;2022;16:48;1;35;2;3;8;6;"48;3534420907";" -1;1964325234"
202200039692;14;5;2022;17:05;1;33;2;3;1;6;"44;8269100000";" -0;5763500000"
202200039693;14;5;2022;12:40;1;33;2;1;1;3;"44;8087600000";" -0;5829800000"
202200039694;15;2;2022;05:30;3;33;2;7;1;6;"44;8321900000";" -0;5670500000"
202200039695;13;5;2022;13:45;1;31;2;1;1;6;"43;5984700000";"1;4847700000"
202200039696;14;5;2022;01:50;5;30;2;3;1;1;"44;1335700000";"4;0761400000"
202200039697;14;5;2022;23:40;5;29;2;1;1;2;"47;9953571000";" -4;0985260000"
202200039698;14;5;2022;02:09;5;17;2;1;1;7;"45;6301290000";" -1;0549260000"
202200039699;14;5;2022;02:55;5;17;2;1;1;3;"46;1432740000";" -1;1630040000"
202200039700;14;5;2022;19:10;1;15;2;1;1;2;"44;9202700000";"2;4392400000"
202200039701;14;5;2022;19:52;1;13;2;1;1;7;"43;3629600000";"5;3087200000"
202200039702;14;5;2022;17:40;1;13;2;1;1;7;"43;2300300000";"5;4008600000"
202200039703;14;5;2022;14:55;1;13;2;6;1;5;"43;3491000000";"5;3752700000"
202200039704;14;5;2022;06:30;1;13;2;1;1;3;"43;2991612567";"5;4537369775"
202200039705;14;5;2022;01:30;5;13;2;1;1;3;"43;3371486638";"5;4599806575"
202200039706;13;5;2022;15:00;1;13;2;1;1;5;"43;3252138630";"5;4817417140"
202200039707;13;5;2022;13:40;1;12;1;4;1;3;"44;5134600000";"2;2445000000"
202200039708;14;5;2022;12:52;1;08;2;1;1;2;"49;7400833973";"4;7530728578"
202200039709;14;5;2022;00:18;3;08;1;1;1;6;"49;8015789111";"4;7072461698"
202200039710;13;5;2022;09:15;1;07;1;1;1;7;"44;6423700000";"4;3695200000"
202200039711;15;5;2022;23:20;5;06;2;2;1;6;"43;5699900000";"7;1086500000"
202200039712;10;5;2022;13:48;1;05;2;1;1;7;"44;5681000000";"6;0780800000"
202200039713;13;5;2022;12:45;1;75;2;1;1;4;"48;9006720000";"2;3674330000"
202200039714;12;5;2022;07:20;2;75;2;1;1;2;"48;9006060000";"2;3739330000"
202200039715;14;5;2022;12:30;1;75;2;4;1;3;"48;8632867034";"2;3850041628"
202200039716;14;5;2022;03:40;5;75;2;2;1;7;"48;8376853152";"2;3455193639"
202200039717;14;5;2022;18:20;1;75;2;7;1;3;"48;8780305626";"2;3706717789"
202200039718;14;5;2022;06:47;1;75;2;1;1;3;"48;8891066222";"2;3942497373"
202200039719;13;5;2022;19:30;1;75;2;1;1;3;"48;8510618439";"2;2792688012"
202200039720;13;5;2022;13:30;1;75;2;1;1;3;"48;8589240000";"2;2291480000"
202200039721;12;5;2022;09:50;1;75;2;2;1;3;"48;8749270000";"2;2711040000"
202200039722;10;5;2022;11:00;1;75;2;2;1;6;"48;8637720000";"2;2906440000"
202200039723;14;5;2022;18:30;1;75;2;2;1;6;"48;8454750000";"2;2824390000"
202200039724;14;5;2022;11:15;1;75;2;2;1;2;"48;8592161014";"2;3050790280"
202200039725;14;5;2022;11:15;1;75;2;3;1;3;"48;8364800000";"2;4040890000"
202200039726;14;5;2022;03:45;5;75;2;4;1;2;"48;8508253408";"2;3756083846"
202200039727;14;5;2022;01:40;5;94;2;3;1;2;"48;7701750585";"2;4088597298"
202200039728;14;5;2022;09:50;1;94;2;1;1;2;"48;8356500000";"2;4738900000"
202200039729;14;5;2022;10:30;1;94;2;1;1;7;"48;8100600000";"2;4393400000"
202200039730;13;5;2022;19:10;1;94;2;1;1;2;"48;8097300000";"2;4549900000"
202200039731;14;5;2022;18:25;1;94;2;1;1;7;"48;8144400000";"2;3788000000"
202200039732;14;5;2022;14:00;1;94;2;1;1;2;"48;7598930655";"2;3956031789"
202200039733;14;5;2022;17:50;1;94;2;6;1;6;"48;7847900000";"2;4366800000"
202200039734;14;5;2022;05:30;2;94;2;1;1;6;"48;8007853870";"2;4221720694"
202200039735;14;5;2022;09:50;1;93;2;1;1;2;"48;9284464847";"2;3966382444"
202200039736;14;5;2022;09:40;1;93;2;2;1;6;"48;9348040000";"2;4260010000"
202200039737;14;5;2022;07:00;1;93;2;9;1;3;"48;9145882727";"2;4836732447"
202200039738;14;5;2022;18:50;1;93;2;2;1;3;"48;9036150000";"2;3918550000"
202200039739;14;5;2022;20:00;1;93;2;1;1;3;"48;9152545700";"2;3731876910"
202200039740;14;5;2022;19:10;1;92;2;1;1;2;"48;8795000000";"2;2774300000"
202200039741;14;5;2022;03:30;5;92;2;2;1;3;"48;9007872768";"2;1962153390"
202200039742;14;5;2022;14:50;1;92;2;1;1;6;"48;8116600000";"2;2450500000"
202200039743;14;5;2022;09:50;1;92;2;1;1;6;"48;9136720000";"2;2301940000"
202200039744;13;5;2022;22:25;5;92;2;1;1;6;"48;7920444796";"2;2679040134"
202200039745;14;5;2022;18:03;1;92;2;9;1;7;"48;7694589646";"2;2689152062"
202200039746;15;5;2022;10:30;1;84;1;1;1;2;"43;9932040000";"4;9145470000"
202200039747;13;5;2022;20:05;1;45;1;2;1;3;"47;9785920000";"2;6610460000"
202200039748;14;5;2022;22:25;3;68;1;1;1;6;"48;1092790000";"7;1739650000"
202200039749;15;5;2022;15:10;1;972;2;2;1;3;"14;6427770000";" -61;1368880000"
202200039750;14;5;2022;17:00;1;62;1;3;1;1;"50;6280810000";"2;8511990000"
202200039751;14;5;2022;04:30;3;17;1;6;1;7;"46;2323480000";" -1;1234590000"
202200039752;15;5;2022;05:50;2;30;1;1;1;6;"44;0239970000";"4;4377360000"
202200039753;15;9;2022;11:30;1;88;2;1;2;3;"48;3478790000";"6;6337550000"
202200039754;28;9;2022;16:45;1;81;1;1;3;6;"43;6911176000";"2;1450300000"
202200039755;25;9;2022;04:00;3;33;1;1;1;1;"44;9071057470";" -0;8109685779"
202200039756;29;9;2022;16:25;1;14;2;3;1;6;"49;2796630000";" -0;7080210000"
202200039757;28;9;2022;21:20;3;60;2;1;1;1;"49;3656605605";"2;4196926355"
202200039758;28;9;2022;14:50;1;62;1;2;1;3;"50;3272530000";"2;7230350000"
202200039759;28;9;2022;09:40;1;59;2;1;1;7;"50;2263153605";"3;2871343195"
202200039760;27;9;2022;15:00;1;33;1;1;1;3;"44;8885070000";" -0;5048420000"
202200039761;27;9;2022;14:07;1;33;1;1;1;4;"44;8759200000";" -0;5082100000"
202200039762;26;9;2022;21:30;4;33;1;1;2;6;"44;8892310000";" -0;5998740000"
202200039763;28;9;2022;08:50;1;91;1;1;8;7;"48;6921400000";"2;2266500000"
202200039764;28;9;2022;07:40;2;91;1;1;1;3;"48;6247600000";"2;3326100000"
202200039765;28;9;2022;05:35;3;77;1;1;2;2;"48;6281950000";"2;5373720000"
202200039766;28;9;2022;01:50;3;91;1;1;2;6;"48;6611200000";"2;3703500000"
202200039767;27;9;2022;18:45;1;92;1;1;1;2;"48;7903363526";"2;2207415556"
202200039768;27;9;2022;17:10;1;78;1;1;8;2;"48;9699900000";"1;8693200000"
202200039769;27;9;2022;14:03;1;78;1;1;2;6;"48;7957100000";"2;0393500000"
202200039770;27;9;2022;09:40;1;92;1;1;2;4;"48;8329114762";"2;1582348586"
202200039771;27;9;2022;08:25;1;92;1;1;2;2;"48;9340855474";"2;2778850497"
202200039772;28;9;2022;17:40;1;93;1;1;1;6;"48;9039718811";"2;3585176909"
202200039773;28;9;2022;14:00;1;93;1;1;1;3;"48;9415262922";"2;4786365031"
202200039774;28;9;2022;14:00;1;93;1;1;1;2;"48;9354255871";"2;4803820955"
202200039775;27;9;2022;23:15;3;95;1;1;2;6;"48;9622906833";"2;2636610270"
202200039776;25;9;2022;01:40;3;93;1;1;1;3;"48;8841622784";"2;4609970881"
202200039777;27;9;2022;09:00;1;95;1;1;1;6;"48;9625090491";"2;2642081976"
202200039778;27;9;2022;00:45;3;92;1;1;8;5;"48;9481574869";"2;2811960682"
202200039779;27;9;2022;22:00;5;94;1;1;3;4;"48;8172046066";"2;4285178250"
202200039780;27;9;2022;22:15;3;77;1;1;2;7;"48;8305400000";"2;6243000000"
202200039781;15;6;2022;14:25;1;62;2;1;1;3;"50;4041550000";"1;5957080000"
202200039782;29;4;2022;15:30;1;62;2;1;1;1;"50;6987000000";"1;6061000000"
202200039783;28;6;2022;13:30;1;14;1;1;1;6;"49;2977300000";"0;0810300000"
202200039784;23;6;2022;09:03;1;14;2;3;2;3;"49;2721700000";" -0;8629300000"
202200039785;19;5;2022;01:35;5;14;2;2;1;6;"49;2854310000";" -0;1172210000"
202200039786;14;5;2022;20:10;1;14;1;1;1;3;"49;4126000000";"0;2713300000"
202200039787;3;5;2022;19:07;1;14;2;1;1;6;"49;3343600000";"0;0187500000"
202200039788;14;4;2022;09:40;1;14;1;1;1;4;"49;4073500000";"0;2519900000"
202200039789;15;1;2022;15:00;1;06;2;1;1;6;"43;6569100000";"6;9256800000"
202200039790;21;5;2022;22:15;5;69;2;1;1;7;"45;7706300000";"4;8733600000"
202200039791;15;1;2022;12:15;1;06;2;1;1;2;"43;6439560000";"6;9137241000"
202200039792;26;5;2022;17:45;1;07;1;4;1;7;"44;8032760000";"4;1861340000"
202200039793;14;1;2022;11:00;1;04;2;1;1;2;"43;8352800000";"5;8008000000"
202200039794;22;5;2022;15:30;1;69;1;3;1;1;"45;7895225899";"4;9379725759"
202200039795;27;9;2022;12:50;1;75;2;1;2;2;"48;9008020000";"2;3698070000"
202200039796;11;1;2022;09:56;1;03;2;2;7;5;"46;5408450000";"3;3369430000"
202200039797;26;9;2022;07:45;1;75;2;1;1;3;"48;8506050000";"2;2520060000"
202200039798;15;1;2022;15:00;1;75;2;1;1;4;"48;8619340000";"2;2646000000"
202200039799;27;9;2022;07:57;1;75;2;2;2;3;"48;8571434699";"2;3043152690"
202200039800;15;1;2022;01:15;5;75;2;1;1;2;"48;9003680000";"2;3751870000"
202200039801;27;9;2022;12:05;1;75;2;3;2;6;"48;8503346818";"2;3475363851"
202200039802;15;1;2022;10:38;1;75;2;1;1;3;"48;8984730000";"2;3765470000"
202200039803;27;9;2022;07:55;2;75;2;1;2;3;"48;8769660000";"2;2680360000"
202200039804;14;1;2022;16:50;2;75;2;3;1;6;"48;8844230000";"2;3305450000"
202200039805;26;9;2022;16:00;1;75;2;2;3;3;"48;8453480000";"2;2575530000"
202200039806;15;1;2022;15:15;1;75;2;2;1;3;"48;8471580000";"2;4062510000"
202200039807;27;9;2022;16:45;1;75;2;1;2;6;"48;8451654086";"2;2942797840"
202200039808;27;9;2022;05:50;5;75;2;3;2;3;"48;8446680000";"2;2905090000"
202200039809;15;1;2022;13:28;1;75;2;2;1;3;"48;8752630000";"2;3322720000"
202200039810;26;9;2022;11:44;1;75;2;3;2;6;"48;8353850000";"2;3027840000"
202200039811;15;1;2022;13:32;1;94;2;3;1;3;"48;7876100000";"2;4358800000"
202200039812;27;9;2022;10:10;1;75;2;2;1;3;"48;8278280000";"2;3303380000"
202200039813;15;1;2022;14:50;1;93;2;1;7;6;"48;8689300000";"2;4861800000"
202200039814;27;9;2022;18:25;1;75;2;3;2;3;"48;8339283711";"2;3598691821"
202200039815;27;9;2022;16:30;1;75;2;3;2;3;"48;8347411048";"2;3878969252"
202200039816;15;1;2022;19:56;5;93;2;2;1;2;"48;8925900000";"2;4100300000"
202200039817;16;1;2022;05:00;3;86;2;1;5;6;"46;2592490000";"0;7893200000"
202200039818;27;9;2022;09:29;1;75;2;7;2;1;"48;8685105643";"2;3630288243"
202200039819;11;1;2022;12:15;1;26;1;1;1;2;"45;0737100000";"5;1492510000"
202200039820;27;9;2022;17:20;1;75;2;1;2;3;"48;8785030000";"2;3249390000"
202200039821;15;1;2022;19:50;5;972;2;1;1;1;"14;5753520000";" -60;9745310000"
202200039822;27;9;2022;12:25;1;75;2;7;8;3;"48;8666744528";"2;3220151663"
202200039823;27;9;2022;19:20;5;75;2;3;2;6;"48;8628749821";"2;3151996732"
202200039824;16;1;2022;16:50;1;83;2;1;1;1;"43;1666210000";"6;5197150000"
202200039825;26;9;2022;13:00;1;94;2;1;3;3;"48;7989760000";"2;5175130000"
202200039826;14;1;2022;19:30;3;42;1;1;1;6;"46;0882670000";"3;9803450000"
202200039827;27;9;2022;13:50;1;94;2;1;2;2;"48;8342000000";"2;5193000000"
202200039828;16;1;2022;09:10;2;30;1;1;1;6;"44;0211200000";"4;4375400000"
202200039829;27;9;2022;13:05;1;94;2;1;3;3;"48;8138100000";"2;4213200000"
202200039830;26;9;2022;21:45;5;94;2;6;2;2;"48;8059471907";"2;5332471728"
202200039831;16;1;2022;09:05;1;47;1;1;5;1;"44;3419210000";"0;1069240000"
202200039832;27;9;2022;18:15;1;94;2;1;2;1;"48;7600600000";"2;5081300000"
202200039833;15;1;2022;22:54;3;82;1;1;1;6;"43;9535760000";"1;2919130000"
202200039834;26;9;2022;18:15;1;94;2;6;1;1;"48;7566500000";"2;5072800000"
202200039835;15;1;2022;20:00;3;89;1;1;5;1;"48;3287300000";"3;0759830000"
202200039836;25;9;2022;18:20;5;93;2;9;9;3;"48;9918000000";"2;5223700000"
202200039837;15;1;2022;20:45;3;76;1;1;1;7;"49;9575710000";"1;2141180000"
202200039838;27;9;2022;08:50;1;93;2;9;2;3;"48;9165552955";"2;3256578205"
202200039839;26;9;2022;09:05;1;93;2;3;8;6;"48;8572063202";"2;5055432698"
202200039840;15;1;2022;13:30;1;12;2;1;1;6;"44;2918980000";"2;5625990000"
202200039841;27;9;2022;14:00;1;93;1;1;2;6;"48;9219500000";"2;5599500000"
202200039842;26;9;2022;20:15;5;93;2;1;2;6;"48;9559768965";"2;3112211982"
202200039843;16;1;2022;01:20;5;68;2;1;1;6;"47;5569550000";"7;5181320000"
202200039844;27;9;2022;17:15;1;93;2;6;2;3;"48;9325135276";"2;4122393131"
202200039845;15;1;2022;05:10;3;22;1;1;1;7;"48;6676150000";" -3;6153820000"
202200039846;14;1;2022;16:30;1;25;2;4;1;6;"47;3825460000";"6;7704210000"
202200039847;26;9;2022;12:45;1;93;2;3;2;3;"48;9046603483";"2;5854349136"
202200039848;15;1;2022;23:00;3;25;1;1;5;1;"47;1501220000";"5;9372090000"
202200039849;15;1;2022;12:35;1;44;1;1;1;7;"47;7504160000";" -1;3998500000"
202200039850;27;9;2022;07:00;3;93;2;9;2;1;"48;9462400000";"2;4360800000"
202200039851;16;1;2022;05:30;5;34;2;1;9;6;"43;5483580000";"3;9746660000"
202200039852;15;1;2022;15:20;1;29;1;1;1;6;"48;4697984481";" -4;0202727913"
202200039853;26;9;2022;08:15;1;92;2;9;1;2;"48;8808945579";"2;2569538951"
202200039854;15;1;2022;20:30;5;29;2;6;1;6;"47;8654830000";" -4;2264650000"
202200039855;27;9;2022;09:15;1;92;2;1;2;3;"48;8923655938";"2;2590631842"
202200039856;15;1;2022;19:45;3;38;1;6;1;1;"45;1427540000";"5;3056430000"
202200039857;15;1;2022;19:00;3;03;1;1;1;6;"46;2171690000";"3;1623240000"
202200039858;27;9;2022;22:10;5;92;2;1;2;6;"48;8280121873";"2;2254073620"
202200039859;15;1;2022;02:30;3;15;1;1;1;7;"45;0623060000";"3;0845190000"
202200039860;17;9;2022;03:00;3;83;1;1;1;2;"43;1608540000";"6;0489450000"
202200039861;16;1;2022;15:30;1;14;1;1;2;6;"49;1576570000";"0;2727700000"
202200039862;15;1;2022;17:20;3;36;1;1;5;3;"46;8694386890";"2;0824027061"
202200039863;23;9;2022;14:50;1;68;1;1;1;1;"48;1517570000";"7;2385100000"
202200039864;15;1;2022;04:00;3;53;1;1;5;6;"48;2118050000";" -0;3901970000"
202200039865;15;1;2022;18:30;5;21;2;1;1;3;"47;7282333908";"4;4604549407"
202200039866;27;9;2022;12:20;1;972;1;1;2;1;"14;4391790000";" -60;8668060000"
202200039867;14;1;2022;21:30;3;21;1;1;5;6;"47;1374010000";"5;2670940000"
202200039868;15;1;2022;11:50;1;40;2;3;7;6;"43;7024630000";" -0;2622180000"
202200039869;28;9;2022;14:20;1;88;1;1;2;1;"48;1548500000";"6;7795030000"
202200039870;16;1;2022;15:00;1;04;1;1;1;6;"43;7915430000";"5;8473440000"
202200039871;27;9;2022;11:50;1;14;1;1;1;6;"48;9528600000";" -0;7969160000"
202200039872;14;1;2022;10:30;1;85;1;1;1;2;"46;8268640000";" -1;7938867000"
202200039873;24;9;2022;13:00;1;30;2;1;2;7;"43;8271150000";"4;5594000000"
202200039874;15;1;2022;22:45;3;85;1;4;5;6;"46;9523390000";" -1;3297640000"
202200039875;28;9;2022;12:30;1;51;1;1;1;7;"48;7921920000";"4;3670230000"
202200039876;15;1;2022;18:40;3;85;1;1;5;5;"46;6606300000";" -0;9978510000"
202200039877;25;9;2022;03:30;3;95;1;1;1;3;"49;0016867248";"2;4860483408"
202200039878;28;9;2022;08:15;1;56;1;1;2;6;"47;5602090000";" -2;5024007000"
202200039879;14;1;2022;16:00;1;27;1;6;1;7;"49;0957330000";"0;5746790000"
202200039880;15;1;2022;18:25;3;30;1;3;1;3;"43;9620925820";"4;2744091451"
202200039881;28;9;2022;08:27;1;80;2;1;1;2;"49;8735600000";"2;7096430000"
202200039882;15;1;2022;19:00;3;52;1;1;5;6;"47;9607160000";"5;5954100000"
202200039883;28;9;2022;13:55;1;39;2;1;3;6;"46;3861770000";"5;8648450000"
202200039884;16;1;2022;05:34;5;08;2;1;5;7;"49;6069770000";"5;0851460000"
202200039885;14;1;2022;12:35;1;08;1;2;1;2;"49;4982253696";"4;0406002924"
202200039886;16;1;2022;13:20;1;973;2;1;1;3;"4;9077030000";" -52;2728040000"
202200039887;15;1;2022;04:50;3;62;1;1;5;2;"50;2450640000";"2;8556300000"
202200039888;27;9;2022;08:10;1;29;2;6;1;3;"47;8571290000";" -3;8508370000"
202200039889;14;1;2022;14:10;1;973;1;1;1;5;"4;9285000000";" -52;3941850000"
202200039890;16;1;2022;02:00;4;77;2;1;1;7;"48;8976450000";"2;8883180000"
202200039891;13;9;2022;11:50;1;29;2;3;1;6;"48;5339562180";" -4;3666680000"
202200039892;16;1;2022;13:00;1;2B;1;1;1;1;"42;6806290000";"9;3827100000"
202200039893;27;9;2022;17:00;1;38;2;2;8;3;"45;5025160000";"5;1286570000"
202200039894;27;9;2022;21:20;3;02;1;1;2;7;"50;0135850000";"3;7711200000"
202200039895;15;1;2022;16:10;1;2A;1;6;1;6;"41;5832363578";"9;2656722665"
202200039896;15;1;2022;19:35;3;34;1;1;1;6;"43;6946420000";"4;1364100000"
202200039897;16;1;2022;02:45;3;83;1;1;1;6;"43;2443100000";"6;5746260000"
202200039898;28;9;2022;08:05;1;72;1;1;2;3;"47;8726690000";"0;0173270000"
202200039899;15;1;2022;18:50;3;38;1;1;1;1;"45;0871850000";"5;7791910000"
202200039900;14;1;2022;11:00;1;69;2;1;1;6;"45;6280700000";"4;9344180000"
202200039901;11;8;2022;12:35;1;14;2;2;1;3;"48;8538900124";" -0;6649424136"
202200039902;14;1;2022;19:20;3;33;1;1;1;6;"44;9586110000";" -0;2430670000"
202200039903;15;1;2022;03:45;3;35;1;1;1;6;"48;3395990000";" -1;6368720000"
202200039904;27;9;2022;22:20;3;50;1;4;3;6;"49;5430960000";" -1;7555430000"
202200039905;15;1;2022;22:00;3;60;1;1;5;6;"49;6104680000";"2;0622910000"
202200039906;15;1;2022;13:30;1;02;2;9;1;6;"49;9308850000";"4;0312820000"
202200039907;27;9;2022;20:30;3;90;1;1;3;1;"47;6463395663";"6;9727349280"
202200039908;15;1;2022;15:40;1;02;1;1;7;3;"49;0372100000";"3;2545870000"
202200039909;28;9;2022;14:00;1;64;1;9;2;3;"43;1968820000";" -0;1295190000"
202200039910;15;1;2022;05:55;3;69;1;1;5;3;"45;7769700000";"4;9778200000"
202200039911;14;1;2022;12:15;1;42;1;1;1;5;"45;3757100000";"4;2711300000"
202200039912;28;9;2022;14:45;1;30;1;1;1;3;"44;2533800000";"4;1829480000"
202200039913;15;1;2022;21:38;3;91;1;1;1;7;"48;6691200000";"2;3513200000"
202200039914;28;9;2022;06:00;3;19;1;1;2;6;"45;5171340000";"2;2492580000"
202200039915;28;9;2022;07:37;2;45;1;1;2;7;"47;8396480000";"2;6853200000"
202200039916;15;1;2022;19:35;5;94;1;1;1;2;"48;7600000000";"2;3212000000"
202200039917;26;9;2022;10:30;1;67;1;1;8;2;"48;7378940000";"7;9025170000"
202200039918;15;1;2022;17:10;2;94;1;1;1;4;"48;7599957298";"2;3212385676"
202200039919;16;9;2022;16:20;1;33;1;1;1;4;"45;0077020000";" -1;1159060000"
202200039920;28;9;2022;08:45;1;77;2;5;1;3;"48;6331990000";"2;8048290000"
202200039921;15;1;2022;14:10;1;92;1;1;7;4;"48;9355410302";"2;2851397250"
202200039922;27;9;2022;20:30;3;66;1;1;1;6;"42;6180530000";"2;9228590000"
202200039923;15;1;2022;02:05;3;92;1;1;1;6;"48;9341712069";"2;2714914867"
202200039924;14;1;2022;21:45;3;78;1;1;1;1;"48;9644800000";"1;7984500000"
202200039925;28;9;2022;15:30;1;42;2;1;2;1;"45;5419350000";"4;1916920000"
202200039926;14;1;2022;19:20;5;93;1;1;1;3;"48;9186281902";"2;3576092314"
202200039927;14;1;2022;09:05;1;95;1;9;5;7;"49;0468200000";"2;4379570000"
202200039928;28;9;2022;06:45;5;26;2;1;1;3;"44;5232550000";"4;7452140000"