Accident_Id;jour;mois;an;hrmn;lum;dep;agg;int;atm;col;lat;long
202200039929;15;1;2022;07:30;3;94;1;1;1;3;"48;8037965270";"2;4483104174"
202200039930;14;1;2022;19:30;3;94;1;1;1;4;"48;8275727947";"2;4704969547"
202200039931;23;9;2022;11:25;1;65;1;1;1;7;"43;1179010000";"0;2309270000"
202200039932;14;1;2022;12:18;1;77;1;1;1;2;"48;7442900000";"2;6128500000"
202200039933;27;9;2022;11:55;1;31;2;1;2;6;"43;4549870000";"1;6184930000"
202200039934;14;1;2022;12:18;1;77;1;1;1;2;"48;7442900000";"2;6128500000"
202200039935;14;1;2022;08:35;2;69;2;4;5;6;"45;6972500000";"4;9275900000"
202200039936;13;1;2022;14:30;1;67;2;1;1;6;"48;5377971685";"7;7100259066"
202200039937;13;1;2022;17:00;1;33;2;1;1;6;"44;8453200000";" -0;6471500000"
202200039938;27;9;2022;09:50;1;17;1;2;1;3;"45;3847640000";" -0;3962960000"
202200039939;14;1;2022;22:55;5;26;2;1;1;2;"44;9538600000";"4;9324700000"
202200039940;6;1;2022;17:10;1;03;2;3;1;6;"46;1198460000";"3;4257620000"
202200039941;14;1;2022;08:30;1;92;2;9;1;3;"48;8071254325";"2;2853756547"
202200039942;27;9;2022;11:50;1;33;1;1;8;1;"45;1161440000";" -0;7452310000"
202200039943;14;1;2022;19:30;5;976;2;1;1;6;" -12;8075900000";"45;2048700000"
202200039944;14;1;2022;13:30;1;976;2;1;1;6;" -12;7804100000";"45;2295800000"
202200039945;26;9;2022;17:00;1;44;2;6;2;3;"47;2647500000";" -1;4438440000"
202200039946;27;9;2022;12:50;1;29;1;1;3;6;"48;5594509630";" -4;2918296700"
202200039947;13;1;2022;19:10;2;974;2;3;1;7;" -20;9371000000";"55;2999500000"
202200039948;28;9;2022;08:30;1;60;2;1;1;6;"49;1379540000";"2;8090940000"
202200039949;14;1;2022;19:45;5;69;2;2;1;3;"45;7491151669";"4;8534411192"
202200039950;25;9;2022;15:55;1;60;1;1;1;7;"49;2229830000";"2;4678890000"
202200039951;14;1;2022;17:30;5;69;2;4;1;3;"45;7454900000";"4;8887100000"
202200039952;14;1;2022;14:13;1;69;2;1;1;6;"45;6923665936";"4;8714494705"
202200039953;14;1;2022;12:50;1;69;2;2;1;6;"45;7602600000";"4;8476800000"
202200039954;27;9;2022;20:07;3;60;1;1;2;4;"49;2186550000";"2;1200930000"
202200039955;14;1;2022;12:20;1;69;2;1;7;6;"45;7619700000";"4;7957000000"
202200039956;27;9;2022;17:40;1;13;2;1;1;5;"43;3556180000";"5;3472130000"
202200039957;14;1;2022;04:30;5;69;2;1;1;1;"45;7500771865";"4;8013472557"
202200039958;27;9;2022;09:30;1;13;2;1;1;6;"43;3039179106";"5;4255795479"
202200039959;27;9;2022;08:30;1;13;1;1;1;2;"43;4629279436";"5;2348127378"
202200039960;14;1;2022;13:45;1;2B;1;1;1;5;"42;6154000000";"9;4373000000"
202200039961;27;9;2022;05:50;3;13;1;1;1;6;"43;3356087108";"5;3772398829"
202200039962;14;1;2022;08:10;1;2B;2;3;1;6;"42;7021500000";"9;4506800000"
202200039963;26;9;2022;12:30;5;13;1;1;1;2;"43;3126700000";"5;3683150000"
202200039964;14;1;2022;10:30;1;95;2;1;1;1;"48;9857501591";"2;3125416040"
202200039965;14;1;2022;19:00;5;91;2;1;1;6;"48;7298690000";"2;2399470000"
202200039966;26;9;2022;09:00;1;13;1;1;1;2;"43;2850022343";"5;5240952968"
202200039967;14;1;2022;15:25;1;91;2;9;1;7;"48;6991100000";"2;4169700000"
202200039968;26;9;2022;07:25;1;13;1;1;1;2;"43;3815420561";"5;3148579596"
202200039969;13;1;2022;12:45;1;91;2;1;1;1;"48;6800000000";"2;5500000000"
202200039970;26;9;2022;07:15;1;13;1;1;1;3;"43;3420504664";"5;3764294041"
202200039971;13;1;2022;18:00;5;88;2;3;1;1;"48;1729700000";"6;4340000000"
202200039972;12;1;2022;23:15;5;86;2;1;1;6;"46;5871790000";"0;3648070000"
202200039973;27;9;2022;08:20;1;83;1;9;1;4;"43;1454700000";"6;0302900000"
202200039974;13;1;2022;18:10;5;86;2;1;1;3;"46;5536420000";"0;3058950000"
202200039975;26;9;2022;14:00;1;83;1;1;1;6;"43;2023415002";"5;7284410384"
202200039976;13;1;2022;11:10;1;85;2;2;1;6;"46;6638762000";" -1;4269764000"
202200039977;25;9;2022;04:00;3;42;1;1;2;6;"45;4409429687";"4;4320285320"
202200039978;14;1;2022;16:15;1;83;2;3;1;3;"43;1378360000";"5;8493410000"
202200039979;23;9;2022;15:50;1;59;1;1;1;4;"50;6194600000";"2;9753800000"
202200039980;13;1;2022;10:25;1;83;1;1;1;2;"43;1219077202";"5;9480534345"
202200039981;12;1;2022;16:00;1;80;2;1;2;6;"49;9042100000";"2;2883500000"
202200039982;13;1;2022;23:15;5;80;2;1;5;6;"50;1104300000";"1;8096500000"
202200039983;14;1;2022;08:30;1;78;1;1;1;5;"48;9396238000";"2;0837663000"
202200039984;27;9;2022;17:40;1;91;1;1;1;6;"48;5628400000";"2;4798600000"
202200039985;27;9;2022;18:50;1;92;1;1;1;2;"48;7629853869";"2;3043052888"
202200039986;14;1;2022;19:15;3;77;1;2;1;3;"48;4808000000";"2;6698000000"
202200039987;27;9;2022;18:15;1;91;1;1;1;3;"48;6108400000";"2;4462000000"
202200039988;14;1;2022;16:45;1;77;2;2;1;6;"48;4038073010";"2;6921074574"
202200039989;27;9;2022;11:00;1;91;1;1;2;7;"48;6356900000";"2;4014100000"
202200039990;14;1;2022;13:35;1;77;1;2;1;3;"48;4808000000";"2;6669600000"
202200039991;27;9;2022;09:00;1;91;1;1;1;2;"48;6471200000";"2;1896300000"
202200039992;14;1;2022;07:30;2;74;2;2;1;6;"46;2029200000";"6;2499400000"
202200039993;26;9;2022;21:15;5;92;1;1;1;6;"48;8923144086";"2;1852156598"
202200039994;14;1;2022;23:20;5;69;2;1;5;2;"45;7694500000";"4;9475800000"
202200039995;26;9;2022;17:55;1;92;1;1;2;3;"48;8746700000";"2;1589600000"
202200039996;14;1;2022;18:00;5;69;2;1;1;4;"45;7610500000";"4;9844600000"
202200039997;26;9;2022;09:50;1;92;1;1;1;7;"48;8923800445";"2;1857697681"
202200039998;14;1;2022;10:55;1;69;2;2;1;3;"45;7484263956";"4;9176746607"
202200039999;27;9;2022;10:00;1;93;1;1;2;6;"48;8713063584";"2;4326321482"
202200040000;14;1;2022;19:10;3;65;1;6;1;2;"43;2230300000";"0;0269200000"
202200040001;26;9;2022;16:30;1;93;1;1;2;3;"48;9239400000";"2;3868400000"
202200040002;14;1;2022;19:00;5;64;2;1;1;3;"43;4816900000";" -1;4850300000"
202200040003;13;1;2022;19:08;5;64;2;1;1;2;"43;5021485824";" -1;4615979774"
202200040004;26;9;2022;13:50;1;92;1;1;3;4;"48;9435578314";"2;2873807879"
202200040005;13;1;2022;16:20;1;64;2;1;1;3;"43;4934600000";" -1;5284500000"
202200040006;13;1;2022;18:47;5;63;2;2;1;3;"45;7646500000";"3;0839000000"
202200040007;24;9;2022;12:30;1;93;1;1;8;4;"48;9602419884";"2;4733228737"
202200040008;27;9;2022;10:10;1;77;1;1;8;7;"48;8310760000";"2;6061400000"
202200040009;14;1;2022;18:10;5;59;1;1;1;3;"50;6436664417";"3;1414166093"
202200040010;27;9;2022;09:15;1;77;1;1;2;7;"48;7645000000";"2;6150300000"
202200040011;14;1;2022;16:45;1;59;2;2;1;3;"50;6450543555";"3;0223292112"
202200040012;14;1;2022;00:30;5;59;2;1;1;6;"50;6067024731";"3;0770037173"
202200040013;27;9;2022;07:15;2;94;1;1;2;4;"48;7762272343";"2;4298897133"
202200040014;13;1;2022;09:02;2;59;2;1;5;6;"50;6240509743";"3;1614312530"
202200040015;26;9;2022;04:00;3;93;1;1;1;2;"48;8361335993";"2;5573070227"
202200040016;14;1;2022;08:35;2;56;2;2;1;6;"47;7475200000";" -3;3926700000"
202200040017;13;1;2022;19:10;5;56;1;1;1;2;"47;7810300000";" -3;3427800000"
202200040018;16;6;2022;20:15;1;83;2;1;1;3;"43;1260590000";"5;9223690000"
202200040019;13;1;2022;10:18;1;54;2;1;1;3;"48;6754553343";"6;1762454510"
202200040020;10;6;2022;14:15;1;83;2;1;1;1;"43;1307500000";"5;9077500000"
202200040021;12;1;2022;16:00;1;54;2;1;1;6;"48;6716800000";"6;1608600000"
202200040022;21;5;2022;18:50;1;69;2;3;1;3;"45;7680500000";"4;8873800000"
202200040023;13;1;2022;15:15;1;51;2;2;1;6;"49;2535200000";"4;0262000000"
202200040024;19;5;2022;05:00;5;64;2;1;1;7;"43;4848341847";" -1;5534979105"
202200040025;13;1;2022;08:25;2;50;1;3;5;2;"49;6138000000";" -1;6558200000"
202200040026;19;5;2022;18:20;1;64;2;1;1;2;"43;4852817847";" -1;5523794293"
202200040027;13;1;2022;17:00;1;49;2;1;1;6;"47;2578400000";" -0;0826400000"
202200040028;14;1;2022;07:35;5;44;2;1;1;6;"47;2839330000";" -2;2494200000"
202200040029;10;6;2022;13:10;1;54;1;1;1;1;"49;4875590000";"5;8816620000"
202200040030;12;1;2022;09:50;1;44;2;2;1;3;"47;2408500000";" -2;2783400000"
202200040031;12;9;2022;08:50;1;976;2;1;1;3;" -12;7905400000";"45;2121600000"
202200040032;13;1;2022;10:50;2;44;2;1;7;6;"47;2928200000";" -2;3575900000"
202200040033;14;1;2022;18:00;5;37;2;1;1;6;"47;4226500000";"0;7068500000"
202200040034;12;9;2022;06:20;1;976;2;1;1;2;" -12;7905400000";"45;2121600000"
202200040035;14;1;2022;08:00;1;37;2;3;1;3;"47;3818084892";"0;6811510026"
202200040036;8;1;2022;23:25;5;36;2;3;2;3;"46;8189795406";"1;7062684894"
202200040037;25;9;2022;12:32;1;974;1;3;1;3;" -20;8899100000";"55;4529600000"
202200040038;10;1;2022;18:12;2;36;2;1;1;6;"46;8047900000";"1;7129600000"
202200040039;26;9;2022;14:45;1;974;1;1;1;6;" -20;9605100000";"55;6577000000"
202200040040;14;1;2022;22:20;5;33;2;3;1;4;"44;7933000000";" -0;5674200000"
202200040041;25;9;2022;11:45;1;974;1;3;1;1;" -20;9532200000";"55;6720200000"
202200040042;14;1;2022;02:10;5;33;2;1;1;6;"44;8350000000";" -0;5510000000"
202200040043;13;1;2022;01:10;5;33;1;1;1;2;"44;8688000000";" -0;5017300000"
202200040044;26;9;2022;06:40;1;973;1;6;1;7;"4;9076304398";" -52;3224091530"
202200040045;13;1;2022;20:09;5;29;1;1;1;1;"48;0006300000";" -4;0487200000"
202200040046;14;1;2022;15:30;1;28;1;1;1;1;"48;7680000000";"1;3515800000"
202200040047;25;9;2022;19:23;5;973;2;2;1;2;"4;9416533682";" -52;3311290145"
202200040048;14;1;2022;20:40;5;27;2;1;1;3;"49;0974800000";"1;4751500000"
202200040049;14;1;2022;14:15;1;27;2;1;1;4;"49;0890600000";"1;4672800000"
202200040050;25;9;2022;01:30;5;973;2;1;1;1;"4;9404400000";" -52;3252000000"
202200040051;14;1;2022;12:00;1;27;2;6;1;3;"49;2153200000";"1;1687300000"
202200040052;14;1;2022;07:30;5;27;2;1;1;2;"49;0220000000";"1;1627600000"
202200040053;14;1;2022;07:20;5;27;2;1;1;1;"49;0220500000";"1;1428900000"
202200040054;25;9;2022;20:00;5;69;2;1;1;6;"45;7656000000";"4;8416000000"
202200040055;24;9;2022;16:10;1;69;2;2;1;3;"45;7412300000";"4;8642700000"
202200040056;14;1;2022;11:00;1;22;2;1;1;2;"48;5355674608";" -2;7559547424"
202200040057;14;1;2022;22:45;5;17;2;1;1;3;"46;1383600000";" -1;1536200000"
202200040058;14;1;2022;16:56;2;17;2;1;1;6;"46;1275000000";" -1;1286700000"
202200040059;12;9;2022;17:30;1;69;2;5;1;3;"45;7311400000";"4;8660100000"
202200040060;13;1;2022;17:30;2;14;2;6;1;6;"49;4171600000";"0;2391270000"
202200040061;14;1;2022;04:30;5;14;2;1;1;6;"49;1832700000";" -0;4009200000"
202200040062;14;1;2022;17:40;2;13;2;1;1;1;"43;2556800000";"5;3940500000"
202200040063;12;9;2022;14:15;1;69;2;3;1;3;"45;7476900000";"4;8335200000"
202200040064;13;1;2022;07:59;2;10;2;1;9;6;"48;3097000000";"4;0745000000"
202200040065;13;1;2022;06:49;5;10;2;1;8;7;"48;2911000000";"4;0884000000"
202200040066;24;9;2022;19:50;5;972;2;1;1;2;"14;6108000000";" -61;0066200000"
202200040067;13;1;2022;08:15;1;75;2;1;1;2;"48;8744750000";"2;2757780000"
202200040068;13;1;2022;12:18;1;75;2;2;1;3;"48;8732100000";"2;3588570000"
202200040069;12;9;2022;14:20;1;972;1;1;1;2;"14;6251200000";" -60;9803400000"
202200040070;5;12;2022;17:00;1;974;2;2;1;3;" -20;8881000000";"55;4649400000"
202200040071;14;1;2022;13:00;1;75;2;4;1;6;"48;8510940000";"2;3462610000"
202200040072;5;12;2022;06:30;1;974;2;1;1;2;" -20;8904900000";"55;4653800000"
202200040073;12;9;2022;07:00;1;972;1;1;1;3;"14;6178400000";" -61;0184200000"
202200040074;14;1;2022;20:20;5;75;2;3;1;3;"48;8744110000";"2;3862950000"
202200040075;5;12;2022;07:15;2;69;1;1;5;2;"45;6861800000";"4;8611000000"
202200040076;14;1;2022;16:40;1;75;2;3;1;6;"48;8916040000";"2;3269630000"
202200040077;25;9;2022;03:50;3;972;2;1;2;7;"14;6120000000";" -61;0787400000"
202200040078;13;1;2022;20:00;5;75;2;2;1;3;"48;8975110000";"2;3289470000"
202200040079;5;12;2022;08:50;1;972;1;1;1;3;"14;6181000000";" -61;0284300000"
202200040080;26;9;2022;08:00;2;69;2;3;1;3;"45;7670200000";"4;8054100000"
202200040081;14;1;2022;19:00;5;75;2;7;1;6;"48;8858210000";"2;2907930000"
202200040082;4;12;2022;00:00;3;972;1;1;1;7;"14;6303860000";" -61;0290050000"
202200040083;14;1;2022;17:00;1;75;2;1;1;3;"48;8578970000";"2;2482720000"
202200040084;5;12;2022;17:50;5;69;2;8;1;6;"45;7651300000";"4;7913400000"
202200040085;14;1;2022;18:00;5;75;2;4;1;3;"48;8296850000";"2;3017610000"
202200040086;5;12;2022;03:40;3;69;2;1;5;2;"45;7518800000";"4;8327600000"
202200040087;25;9;2022;19:55;5;69;2;2;8;3;"45;7211400000";"4;8111300000"
202200040088;14;1;2022;18:30;5;75;2;3;1;6;"48;8351560000";"2;3149410000"
202200040089;4;12;2022;14:30;1;87;2;1;2;6;"45;8116400000";"1;2266600000"
202200040090;4;12;2022;13:30;1;85;2;1;1;6;"46;4898500000";" -1;7693900000"
202200040091;14;1;2022;13:15;1;75;2;3;1;3;"48;8226680000";"2;3728380000"
202200040092;25;9;2022;13:20;1;69;2;2;1;3;"45;7854096169";"4;8105713725"
202200040093;14;1;2022;11:11;1;75;2;3;1;6;"48;8370960000";"2;3526920000"
202200040094;3;12;2022;08:45;1;84;2;1;2;2;"43;9518300000";"4;8033000000"
202200040095;14;1;2022;09:35;1;75;2;2;1;6;"48;8385630000";"2;3931890000"
202200040096;25;9;2022;07:30;5;69;2;1;2;6;"45;8087800000";"4;8567100000"
202200040097;14;1;2022;12:25;1;75;2;3;1;3;"48;8639510000";"2;3755270000"
202200040098;2;12;2022;08:30;1;30;1;3;8;5;"43;9954200000";"4;8115200000"
202200040099;25;9;2022;03:40;4;69;2;1;2;6;"45;7574800000";"4;8370300000"
202200040100;5;12;2022;08:15;2;81;2;1;7;6;"43;5963500000";"2;2619600000"
202200040101;14;1;2022;11:00;1;75;2;4;1;3;"48;8794860000";"2;3531990000"
202200040102;2;12;2022;22:55;5;80;2;1;1;1;"49;8978200000";"2;2958800000"
202200040103;14;1;2022;00:10;5;75;2;5;1;3;"48;8804530000";"2;3350340000"
202200040104;24;11;2022;17:40;5;80;2;3;1;3;"49;8785800000";"2;3120700000"
202200040105;13;1;2022;20:00;5;75;2;4;1;4;"48;8528820000";"2;3684230000"
202200040106;5;12;2022;08:30;2;78;2;9;2;3;"48;9283900000";"2;1422800000"
202200040107;12;9;2022;11:50;1;69;2;3;1;3;"45;7759300000";"4;7953400000"
202200040108;13;1;2022;20:00;5;94;2;2;1;6;"48;8476800000";"2;4527000000"
202200040109;5;12;2022;09:10;1;77;2;3;2;6;"48;8519000000";"2;5982900000"
202200040110;14;1;2022;16:50;1;94;2;1;1;6;"48;8009320000";"2;3959930000"
202200040111;5;12;2022;08:30;2;77;2;1;4;6;"48;8740100000";"2;7024100000"
202200040112;14;1;2022;13:10;1;94;2;3;1;3;"48;8126100000";"2;4054200000"
202200040113;26;9;2022;07:55;1;971;2;3;2;1;"16;2091300000";" -61;4710400000"
202200040114;5;12;2022;18:00;5;76;1;1;1;2;"49;4125000000";"1;0419000000"
202200040115;14;1;2022;12:00;1;94;2;1;1;2;"48;7757850000";"2;5334790000"
202200040116;2;12;2022;14:50;1;71;2;1;1;6;"46;3090200000";"4;8158500000"
202200040117;13;1;2022;11:30;1;93;2;1;8;2;"48;9324691517";"2;3488059302"
202200040118;5;12;2022;17:45;3;69;2;1;1;6;"45;7580100000";"4;8815700000"
202200040119;14;1;2022;07:08;5;93;2;1;1;6;"48;8667954932";"2;4868655909"
202200040120;25;9;2022;08:00;1;971;2;2;1;3;"16;2762500000";" -61;5015900000"
202200040121;5;12;2022;15:50;1;69;2;4;1;1;"45;9931200000";"4;7214400000"
202200040122;14;1;2022;20:40;5;93;2;1;1;6;"48;8983700000";"2;5532400000"
202200040123;5;12;2022;06:10;5;69;2;1;5;6;"45;7191200000";"4;8769800000"
202200040124;26;9;2022;09:05;1;2A;2;3;1;6;"41;9475600000";"8;7634100000"
202200040125;14;1;2022;16:00;1;93;2;2;1;6;"48;9420518788";"2;5206211209"
202200040126;14;1;2022;15:45;1;92;1;1;1;2;"48;9287278104";"2;3299303651"
202200040127;25;9;2022;12:30;1;95;2;1;1;1;"49;0044720000";"2;4203520000"
202200040128;14;1;2022;15:55;1;92;2;1;1;3;"48;8594399328";"2;2241726071"
202200040129;5;12;2022;05:45;5;69;2;1;5;5;"45;7190500000";"4;8752700000"
202200040130;5;12;2022;08:30;1;69;2;1;5;7;"45;6925900000";"4;8873800000"
202200040131;14;1;2022;04:08;5;92;2;1;8;7;"48;8460810000";"2;2239160000"
202200040132;5;12;2022;12:00;1;67;2;1;1;2;"48;5742600000";"7;7399400000"
202200040133;25;9;2022;14:00;1;91;2;1;1;6;"48;5958520000";"2;2548580000"
202200040134;14;1;2022;13:10;1;92;2;2;1;2;"48;8989324105";"2;2137236595"
202200040135;4;12;2022;04:50;5;67;2;1;1;6;"48;6170000000";"7;7644900000"
202200040136;12;1;2022;11:20;1;92;2;1;1;2;"48;9343270323";"2;2808940858"
202200040137;25;9;2022;00:10;5;91;2;1;1;2;"48;6834900000";"2;5452400000"
202200040138;3;12;2022;19:56;5;66;2;3;1;3;"42;7256300000";"2;8809200000"
202200040139;14;1;2022;00:00;5;92;2;3;1;3;"48;7900618848";"2;2629678100"
202200040140;5;12;2022;17:15;5;64;2;1;1;6;"43;4849800000";" -1;5032800000"
202200040141;7;1;2022;15:15;1;92;2;1;1;6;"48;9125014419";"2;2906655073"
202200040142;5;12;2022;08:45;1;64;2;1;1;3;"43;4845640000";" -1;4826510000"
202200040143;25;9;2022;06:00;5;91;2;2;1;3;"48;6585800000";"2;3397700000"
202200040144;5;12;2022;00:25;5;64;2;1;1;7;"43;4807200000";" -1;5140000000"
202200040145;24;9;2022;19:55;5;91;2;1;2;7;"48;4349730000";"2;1548700000"
202200040146;15;1;2022;13:55;1;26;1;2;1;3;"45;0886340000";"5;1157130000"
202200040147;4;12;2022;05:00;3;63;2;2;1;3;"45;7590300000";"3;1444200000"
202200040148;14;1;2022;18:20;5;22;2;2;1;3;"48;6089410000";" -2;1477840000"
202200040149;29;11;2022;11:51;1;63;2;3;1;3;"45;7744300000";"3;0900400000"
202200040150;14;1;2022;18:30;3;28;1;4;5;1;"48;4138140000";"1;5855070000"
202200040151;24;9;2022;15:41;1;87;2;1;3;4;"45;8648500000";"1;2603600000"
202200040152;30;10;2022;20:00;5;62;2;1;1;3;"50;2746053274";"2;7832918167"
202200040153;15;1;2022;05:35;5;67;2;2;5;6;"48;7070280000";"7;5123420000"
202200040154;13;1;2022;15:35;1;22;1;1;1;6;"48;4240116652";" -2;4541872047"
202200040155;5;12;2022;12:55;1;61;2;1;1;2;"48;4165000000";"0;0925700000"
202200040156;9;9;2022;19:19;1;87;2;1;1;4;"45;8266800000";"1;2640400000"
202200040157;2;12;2022;16:55;5;57;2;1;2;3;"49;2465700000";"6;1669600000"
202200040158;5;12;2022;22:00;5;57;2;1;1;6;"49;2017200000";"6;9449800000"
202200040159;15;1;2022;12:00;1;22;1;1;1;7;"48;6751360003";" -3;3534264565"
202200040160;9;9;2022;02:30;5;87;2;1;1;7;"45;8295100000";"1;2580600000"
202200040161;2;12;2022;23:36;5;56;2;2;1;6;"47;7459000000";" -3;3603700000"
202200040162;26;9;2022;15:30;1;83;2;1;1;3;"43;1411900000";"5;9830700000"
202200040163;5;12;2022;16:27;2;54;1;1;2;6;"49;5117500000";"5;7773300000"
202200040164;5;12;2022;17:15;5;51;2;1;2;2;"49;2327100000";"4;0378100000"
202200040165;20;9;2022;23:00;5;83;2;1;1;2;"43;1200621896";"5;9466888607"
202200040166;4;12;2022;21:00;5;51;2;2;2;3;"49;2690800000";"4;0295600000"
202200040167;3;12;2022;17:50;5;50;2;3;1;3;"49;6526500000";" -1;6520700000"
202200040168;24;9;2022;19:45;5;83;2;1;1;3;"43;1212753647";"6;1109570861"
202200040169;3;12;2022;21:44;5;49;2;6;1;3;"47;4561600000";" -0;5716700000"
202200040170;26;9;2022;10:20;1;81;2;9;1;6;"43;9308882731";"2;1645909548"
202200040171;5;12;2022;12:17;1;47;2;1;1;3;"44;1904100000";"0;6137500000"
202200040172;5;12;2022;13:30;1;45;2;1;8;3;"47;9695410000";"2;7825150000"
202200040173;16;9;2022;14:00;1;80;2;1;1;6;"49;9136300000";"2;3075600000"
202200040174;5;12;2022;18:15;5;43;2;3;4;3;"45;0505900000";"3;8991100000"
202200040175;2;11;2022;19:55;5;42;2;4;1;1;"45;4285900000";"4;3729000000"
202200040176;26;9;2022;13:40;1;77;2;1;2;3;"48;8533000000";"2;7609400000"
202200040177;26;11;2022;13:50;1;42;2;2;1;3;"45;4426200000";"4;3791400000"
202200040178;5;12;2022;08:38;2;41;2;1;2;6;"47;5984200000";"1;2991600000"
202200040179;12;9;2022;17:00;1;77;2;1;7;3;"48;8776400000";"2;7295700000"
202200040180;5;12;2022;18:10;2;37;2;6;1;2;"47;3735800000";"0;6787400000"
202200040181;5;12;2022;19:25;5;35;2;6;1;6;"48;0858700000";" -1;6145700000"
202200040182;5;12;2022;17:35;5;35;2;2;1;6;"48;1076198409";" -1;7153343558"
202200040183;12;9;2022;08:15;1;77;2;1;7;2;"48;8515600000";"2;7396600000"
202200040184;5;12;2022;16:40;1;35;2;1;1;6;"48;1117400000";" -1;6891800000"
202200040185;23;9;2022;19:40;1;76;1;1;2;2;"49;5325080000";"0;1173930000"
202200040186;4;12;2022;22:30;5;33;2;1;1;6;"44;8894800000";" -0;6453500000"
202200040187;5;12;2022;18:41;5;31;1;1;1;4;"43;6467800000";"1;4462100000"
202200040188;4;11;2022;15:00;1;30;2;3;1;3;"43;8310000000";"4;3543000000"
202200040189;23;9;2022;12:40;1;76;1;4;1;3;"49;5222400000";"0;1858300000"
202200040190;21;10;2022;08:05;1;30;2;1;1;3;"43;8193400000";"4;3382300000"
202200040191;29;10;2022;16:40;1;30;1;1;1;6;"43;7762600000";"4;3594200000"
202200040192;11;10;2022;18:50;1;30;2;1;1;6;"43;8476000000";"4;3637000000"
202200040193;11;9;2022;17:00;1;76;1;1;1;2;"49;5082900000";"0;1964500000"
202200040194;1;12;2022;16:05;1;29;2;1;1;6;"48;5770565743";" -3;8407400608"
202200040195;4;12;2022;21:00;5;29;2;1;1;3;"48;3905791960";" -4;5096123217"
202200040196;24;9;2022;16:30;1;73;2;1;1;4;"45;5810726981";"5;9117236372"
202200040197;25;9;2022;22:30;5;69;2;1;1;7;"45;7634000000";"4;9121900000"
202200040198;5;12;2022;07:50;5;28;2;6;1;3;"48;4502500000";"1;4519300000"
202200040199;25;9;2022;11:30;1;69;2;1;2;1;"45;7835790183";"4;8933523893"
202200040200;5;12;2022;06:25;5;26;1;6;1;3;"44;9203500000";"4;9377070000"
202200040201;12;9;2022;19:30;1;69;2;1;1;6;"45;7852113508";"5;0220045447"
202200040202;4;12;2022;00:40;4;19;2;1;2;6;"45;1571900000";"1;5300700000"
202200040203;3;12;2022;01:45;3;19;1;1;2;6;"45;1632100000";"1;5007400000"
202200040204;12;9;2022;07:35;1;69;2;1;1;6;"45;5909093890";"4;7737392783"
202200040205;4;12;2022;06:21;5;13;2;9;2;1;"43;2915000000";"5;3558600000"
202200040206;9;9;2022;16:33;1;67;2;1;1;1;"48;2633000000";"7;4552000000"
202200040207;5;12;2022;12:10;1;13;2;3;1;5;"43;7027573889";"4;6412639952"
202200040208;4;12;2022;16:55;5;10;2;2;2;6;"48;2944042448";"4;0784221888"
202200040209;4;12;2022;05:20;5;06;2;1;2;1;"43;6951000000";"7;2688000000"
202200040210;29;11;2022;16:20;2;77;2;2;1;6;"48;8799540000";"2;7048140000"
202200040211;13;7;2022;16:30;1;69;2;2;7;3;"45;7328400000";"4;8375400000"
202200040212;25;8;2022;16:05;1;74;2;3;1;3;"45;9111800000";"6;1280700000"
202200040213;24;8;2022;20:45;2;74;1;1;1;6;"46;0462950000";"6;1885320000"
202200040214;24;8;2022;13:30;1;74;2;3;1;3;"45;9142700000";"6;1145500000"
202200040215;18;8;2022;01:34;5;74;2;1;3;1;"45;9010000000";"6;1280000000"
202200040216;13;7;2022;00:58;5;2B;2;3;1;1;"42;6796300000";"9;4433900000"
202200040217;13;8;2022;11:45;1;74;1;1;1;2;"45;9552670000";"6;6354310000"
202200040218;6;8;2022;20:30;2;74;2;2;1;3;"46;0738560000";"6;5654200000"
202200040219;13;7;2022;13:20;1;2A;2;1;1;2;"41;9298047181";"8;7589641113"
202200040220;4;8;2022;10:55;1;74;2;3;1;3;"45;8970200000";"6;1316500000"
202200040221;29;9;2022;19:25;2;2A;1;3;2;3;"41;9114590000";"8;8374550000"
202200040222;4;12;2022;13:30;1;988;2;1;3;6;" -22;2495900000";"166;4503400000"
202200040223;13;7;2022;13:32;1;91;2;9;1;3;"48;7085600000";"2;3714700000"
202200040224;4;12;2022;14:17;1;976;2;1;1;1;" -12;8185000000";"45;1967000000"
202200040225;4;12;2022;21:40;5;69;2;2;1;3;"45;7575800000";"4;8564100000"
202200040226;4;12;2022;05:05;5;69;2;2;2;6;"45;7696200000";"4;8541900000"
202200040227;13;7;2022;10:40;1;91;2;9;1;5;"48;7250200000";"2;3699900000"
202200040228;4;12;2022;14:05;1;972;2;1;1;6;"14;6165000000";" -61;0480000000"
202200040229;3;12;2022;12:15;1;972;2;1;1;2;"14;6107500000";" -61;0509300000"
202200040230;4;12;2022;00:50;4;972;2;1;1;7;"14;6076400000";" -61;0685200000"
202200040231;13;7;2022;11:20;1;91;1;1;1;2;"48;4492000000";"2;1745000000"
202200040232;3;12;2022;21:50;5;69;2;1;2;5;"45;7542500000";"4;8344200000"
202200040233;12;7;2022;08:30;1;87;2;1;1;4;"45;8316700000";"1;2516800000"
202200040234;4;12;2022;14:23;1;95;2;1;1;2;"48;9939414139";"2;1764168143"
202200040235;11;7;2022;18:14;1;87;1;1;1;6;"45;7819700000";"1;2617500000"