Accident_Id;jour;mois;an;hrmn;lum;dep;agg;int;atm;col;lat;long
202200040236;4;12;2022;16:45;1;91;2;1;1;2;"48;7000000000";"2;3000000000"
202200040237;4;12;2022;18:15;5;81;2;1;1;6;"43;6038000000";"2;2369200000"
202200040238;11;7;2022;14:49;1;87;2;1;1;2;"45;8219100000";"1;2641200000"
202200040239;4;12;2022;18:55;5;76;2;3;1;3;"49;4387662913";"1;0885262489"
202200040240;3;12;2022;20:05;5;76;2;1;1;6;"49;7599800000";"0;3691600000"
202200040241;4;12;2022;15:00;1;76;2;1;1;7;"49;8808900000";"1;1326900000"
202200040242;11;7;2022;14:39;1;87;1;1;1;7;"45;7953900000";"1;2643100000"
202200040243;13;7;2022;03:05;3;85;2;1;1;7;"46;5314600000";" -1;7757700000"
202200040244;4;12;2022;19:25;5;69;2;2;2;2;"45;9903400000";"4;7071300000"
202200040245;5;12;2022;00:21;5;59;2;6;8;6;"50;7062500000";"3;1794700000"
202200040246;5;12;2022;00:25;5;59;2;1;2;7;"50;6620700000";"3;0341100000"
202200040247;13;7;2022;00:40;5;80;2;1;1;6;"49;8767200000";"2;3437500000"
202200040248;4;12;2022;10:00;1;59;2;2;8;3;"50;6227000000";"3;0641400000"
202200040249;3;12;2022;05:15;5;59;2;1;1;6;"50;1693000000";"3;2611000000"
202200040250;4;12;2022;21:40;5;50;2;3;2;6;"49;1110710000";" -1;0837350000"
202200040251;12;7;2022;20:45;1;77;1;1;1;7;"48;4001700000";"3;0301600000"
202200040252;4;12;2022;16:50;2;47;2;3;1;3;"44;2057773196";"0;6156912446"
202200040253;4;12;2022;20:45;5;42;2;2;8;3;"45;3941100000";"4;3033200000"
202200040254;12;7;2022;18:30;1;77;1;1;1;6;"48;6273300000";"2;5666700000"
202200040255;4;12;2022;20:30;5;33;2;3;1;2;"44;7854900000";" -0;5663200000"
202200040256;4;12;2022;04:00;5;33;2;6;1;6;"44;8268787868";" -0;5963671803"
202200040257;13;7;2022;18:00;1;77;2;1;1;3;"48;8574500000";"2;7554400000"
202200040258;4;12;2022;09:35;1;30;2;2;1;3;"44;1258000000";"4;0922000000"
202200040259;4;12;2022;19:15;5;25;2;1;1;6;"47;2315410000";"5;9981140000"
202200040260;12;7;2022;19:10;1;76;1;1;1;7;"49;5316300000";"0;1858800000"
202200040261;4;12;2022;14:20;1;14;2;1;8;7;"49;3631400000";"0;0841300000"
202200040262;3;12;2022;14:20;1;13;2;1;2;7;"43;3146700000";"5;3878800000"
202200040263;12;7;2022;02:10;5;76;2;1;1;6;"49;4878300000";"0;1849000000"
202200040264;5;12;2022;00:15;5;06;2;2;2;3;"43;7057700000";"7;2622200000"
202200040265;4;12;2022;23:20;5;06;2;1;3;6;"43;6480000000";"6;9280000000"
202200040266;4;12;2022;12:45;1;06;2;1;2;6;"43;6444800000";"6;8996800000"
202200040267;13;7;2022;19:10;1;74;2;6;1;6;"46;1904000000";"6;2328000000"
202200040268;4;12;2022;06:15;5;75;2;4;1;2;"48;8969120000";"2;3112430000"
202200040269;5;12;2022;16:10;1;75;2;2;8;6;"48;8478170000";"2;3295730000"
202200040270;4;12;2022;22:00;5;75;2;4;2;6;"48;8640748093";"2;4137493968"
202200040271;13;7;2022;13:50;1;71;2;2;1;3;"46;3097700000";"4;8268600000"
202200040272;5;12;2022;07:45;5;75;2;3;2;3;"48;8878930000";"2;3735170000"
202200040273;5;12;2022;07:45;2;75;2;2;2;2;"48;8923270000";"2;3010890000"
202200040274;13;7;2022;22:40;5;69;2;3;1;3;"45;7792200000";"4;8810800000"
202200040275;5;12;2022;17:30;5;75;2;2;1;6;"48;8705790000";"2;2957460000"
202200040276;4;12;2022;21:00;5;75;2;4;2;3;"48;8581920000";"2;2619460000"
202200040277;13;7;2022;12:50;1;69;2;3;7;3;"45;7543262589";"4;8839686811"
202200040278;4;12;2022;03:40;5;75;2;2;1;3;"48;8544310000";"2;2886810000"
202200040279;12;7;2022;04:20;5;69;2;1;1;6;"45;9808100000";"4;7402200000"
202200040280;5;12;2022;09:20;1;75;2;3;8;3;"48;8196820000";"2;3416180000"
202200040281;5;12;2022;07:40;5;75;2;5;1;6;"48;8217030000";"2;3693780000"
202200040282;12;7;2022;22:37;5;66;2;1;1;6;"42;6980900000";"2;8985500000"
202200040283;5;12;2022;07:00;2;75;2;2;2;6;"48;8434300000";"2;3707810000"
202200040284;8;7;2022;20:30;1;64;2;1;1;3;"43;3961000000";" -1;6464000000"
202200040285;5;12;2022;15:50;1;75;2;3;1;1;"48;8591600000";"2;3749680000"
202200040286;5;12;2022;07:30;5;75;2;1;2;3;"48;8425670000";"2;3922830000"
202200040287;13;7;2022;18:15;1;64;2;2;1;3;"43;3051500000";" -0;3726500000"
202200040288;5;12;2022;13:45;1;75;2;3;8;3;"48;8711490000";"2;3323420000"
202200040289;5;12;2022;14:00;1;75;2;2;8;3;"48;8822370000";"2;3202880000"
202200040290;12;7;2022;17:02;1;63;2;1;1;1;"45;7841700000";"3;1147300000"
202200040291;13;7;2022;21:00;1;61;2;1;1;6;"48;4300000000";"0;0848200000"
202200040292;5;12;2022;10:30;1;75;2;5;1;3;"48;8763880000";"2;3078860000"
202200040293;12;7;2022;19:55;1;60;2;9;1;6;"49;2584300000";"2;4277400000"
202200040294;4;12;2022;15:37;1;75;2;1;1;6;"48;8601260000";"2;3299290000"
202200040295;5;12;2022;07:05;2;94;2;4;2;6;"48;7415400000";"2;4746000000"
202200040296;13;7;2022;16:58;1;59;2;2;1;3;"50;6303600000";"3;0349600000"
202200040297;30;11;2022;09:40;1;94;2;1;1;3;"48;8424100000";"2;5021450000"
202200040298;27;11;2022;05:35;5;94;2;1;2;7;"48;8324763639";"2;4930703639"
202200040299;5;12;2022;08:00;5;94;2;1;2;6;"48;8147000000";"2;3917400000"
202200040300;12;7;2022;22:35;5;59;2;2;1;6;"51;0346655488";"2;3860059679"
202200040301;4;12;2022;23:42;5;94;2;1;2;4;"48;8051000000";"2;3942000000"
202200040302;9;7;2022;13:00;1;59;1;1;1;1;"50;3761259264";"3;1265196204"
202200040303;11;7;2022;19:15;1;51;2;2;1;3;"48;9592029337";"4;3836870790"
202200040304;5;12;2022;08:35;2;94;2;2;3;6;"48;7548435650";"2;4150866727"
202200040305;13;7;2022;18:48;1;50;2;1;1;2;"48;8167700000";" -1;5719000000"
202200040306;5;12;2022;05:30;5;94;2;2;2;3;"48;8252900000";"2;5098700000"
202200040307;12;7;2022;23:40;5;50;2;1;1;7;"49;6364000000";" -1;6338400000"
202200040308;5;12;2022;19:00;5;94;2;1;2;6;"48;7507900000";"2;5073700000"
202200040309;5;12;2022;16:10;1;94;2;3;8;6;"48;7849400000";"2;4275700000"
202200040310;12;7;2022;23:05;5;49;2;1;1;7;"47;4520500000";" -0;5592300000"
202200040311;5;12;2022;15:20;1;93;2;2;8;3;"48;8867730000";"2;4202350000"
202200040312;12;7;2022;17:57;1;49;2;6;1;3;"47;5006300000";" -0;5900800000"
202200040313;3;12;2022;17:50;2;93;2;1;1;3;"48;8384400000";"2;5457300000"
202200040314;5;12;2022;14:30;1;93;2;2;1;3;"48;9272600000";"2;3932340000"
202200040315;12;7;2022;08:25;1;49;2;8;1;3;"47;4765400000";" -0;5513300000"
202200040316;5;12;2022;07:50;5;93;2;5;4;6;"48;9403350000";"2;5024450000"
202200040317;5;12;2022;07:10;5;93;2;1;4;6;"48;9317240000";"2;4941930000"
202200040318;11;7;2022;10:45;1;49;2;1;1;6;"47;5022400000";" -0;5925100000"
202200040319;5;12;2022;15:45;1;92;2;1;8;6;"48;8631558351";"2;2140342593"
202200040320;5;12;2022;09:00;1;92;2;3;2;3;"48;8737000000";"2;2363000000"
202200040321;5;12;2022;08:40;1;92;2;2;2;1;"48;8827700000";"2;2236300000"
202200040322;13;7;2022;19:50;1;43;2;3;1;1;"45;0492978431";"3;9192920923"
202200040323;5;12;2022;07:25;5;92;2;4;2;6;"48;8841195535";"2;2314246297"
202200040324;5;12;2022;19:00;5;92;2;1;1;1;"48;8754078483";"2;2558488250"
202200040325;5;12;2022;03:15;5;92;2;1;2;7;"48;8186645956";"2;3187326789"
202200040326;13;7;2022;13:10;1;37;2;1;1;2;"47;3780600000";"0;6796400000"
202200040327;5;12;2022;08:49;1;92;2;1;2;3;"48;8213600000";"2;2538300000"
202200040328;5;12;2022;21:30;5;92;2;2;1;3;"48;9063400000";"2;2487000000"
202200040329;13;7;2022;09:25;1;37;2;2;1;3;"47;3857947869";"0;7035595179"
202200040330;5;12;2022;08:30;1;92;2;1;2;7;"48;9024000000";"2;2819700000"
202200040331;5;12;2022;16:00;1;92;2;3;1;3;"48;9311710000";"2;2443640000"
202200040332;12;7;2022;00:21;5;37;2;2;1;3;"47;3949500000";"0;6844200000"
202200040333;5;12;2022;17:45;5;92;2;7;1;6;"48;8054500000";"2;2592400000"
202200040334;6;12;2022;06:34;3;71;1;1;1;4;"46;4240660000";"4;8674690000"
202200040335;13;7;2022;08:30;1;35;2;1;1;6;"48;0867349157";" -1;7010931671"
202200040336;1;12;2022;21:00;3;83;1;1;1;6;"43;4237440000";"6;5683650000"
202200040337;5;12;2022;19:20;3;64;1;4;1;1;"43;4890860000";" -0;6112430000"
202200040338;13;7;2022;22:35;5;33;2;3;1;2;"44;8610000000";" -0;5530000000"
202200040339;6;12;2022;13:10;1;971;1;1;1;6;"15;9822520000";" -61;6600640000"
202200040340;5;12;2022;17:30;5;84;2;1;1;1;"44;0852190000";"4;8839810000"
202200040341;11;7;2022;17:10;1;33;2;3;1;3;"44;7857900000";" -0;6360800000"
202200040342;2;12;2022;18:15;5;77;2;1;2;1;"48;7864060000";"3;3023090000"
202200040343;13;7;2022;11:25;1;33;2;2;1;3;"44;6546800000";" -1;1464800000"
202200040344;6;12;2022;06:40;4;95;2;1;5;6;"49;1037480000";"2;3347930000"
202200040345;13;7;2022;02:00;3;32;2;1;1;7;"43;6516597993";"0;6190216541"
202200040346;1;12;2022;21:00;5;69;2;3;1;6;"46;0361100000";"4;2911000000"
202200040347;5;12;2022;17:50;2;32;1;2;1;6;"43;6643890000";" -0;0065450000"
202200040348;12;7;2022;06:00;1;30;1;1;1;7;"44;1448603757";"4;1021617055"
202200040349;5;12;2022;19:00;3;46;1;1;1;6;"44;6099280000";"1;9481960000"
202200040350;2;12;2022;18:05;3;46;2;1;1;6;"44;5185370000";"1;4097050000"
202200040351;11;7;2022;10:30;1;29;1;2;1;3;"47;8814700000";" -3;9101600000"
202200040352;5;12;2022;22:00;3;38;1;1;5;1;"45;6678507370";"5;0866297688"
202200040353;12;7;2022;15:55;1;19;2;3;1;6;"45;1487227650";"1;5111243725"
202200040354;10;7;2022;17:35;1;19;2;1;1;1;"45;1508943708";"1;5110063553"
202200040355;6;12;2022;11:45;1;06;2;5;1;4;"43;7245690000";"7;4017740000"
202200040356;13;7;2022;11:00;1;14;2;1;7;6;"49;3534200000";"0;0633500000"
202200040357;3;12;2022;19:00;3;36;2;4;1;3;"46;7468010000";"1;0468390000"
202200040358;13;7;2022;10:15;1;13;2;2;1;1;"43;6414655318";"5;1033153431"
202200040359;6;12;2022;08:55;1;53;1;1;1;7;"48;3087130203";" -0;6478627877"
202200040360;13;7;2022;07:05;1;13;2;1;1;6;"43;4195300000";"4;9877200000"
202200040361;13;7;2022;21:25;2;13;2;1;1;7;"43;2462600000";"5;4362800000"
202200040362;5;12;2022;16:55;1;04;2;3;1;3;"44;0335470000";"5;9865300000"
202200040363;13;7;2022;11:10;1;13;2;1;1;6;"43;3355500000";"5;4769100000"
202200040364;4;12;2022;05:00;3;28;1;1;1;6;"48;4485140000";"0;9907540000"
202200040365;13;7;2022;06:20;1;13;2;9;1;2;"43;3500000000";"5;3600000000"
202200040366;4;12;2022;18:28;3;88;1;1;2;1;"48;2566130000";"6;1260150000"
202200040367;13;7;2022;07:30;1;13;2;1;1;1;"43;3179580041";"5;3715774101"
202200040368;30;11;2022;15:10;1;33;2;1;1;6;"44;7784540000";" -0;6974820000"
202200040369;12;7;2022;21:15;2;13;2;1;1;3;"43;2759300000";"5;4174700000"
202200040370;2;12;2022;16:25;1;06;1;1;1;3;"43;6687210000";"7;1989950000"
202200040371;12;7;2022;11:45;1;13;2;1;1;1;"43;2842900000";"5;3500200000"
202200040372;5;12;2022;17:25;3;51;1;1;1;4;"49;1528710000";"4;2016640000"
202200040373;13;7;2022;17:05;1;75;2;1;1;6;"48;9003790000";"2;3602820000"
202200040374;2;12;2022;01:00;3;28;1;1;8;6;"48;1565310000";"1;8551820000"
202200040375;11;7;2022;13:30;1;75;2;1;1;5;"48;8262150000";"2;3877800000"
202200040376;5;12;2022;08:00;2;27;1;1;1;4;"49;0825240000";"1;1882400000"
202200040377;11;7;2022;08:50;1;75;2;1;1;2;"48;8287680000";"2;3987160000"
202200040378;6;12;2022;17:50;1;976;2;1;1;6;" -12;7871100000";"45;2790190000"
202200040379;11;7;2022;07:45;1;75;2;1;1;2;"48;8674120000";"2;2691630000"
202200040380;2;12;2022;07:00;1;971;2;1;1;4;"16;3288760000";" -61;3420560000"
202200040381;28;11;2022;17:45;3;13;2;1;3;2;"43;2661910000";"5;5856040000"
202200040382;30;11;2022;12:00;1;13;2;3;1;3;"43;4467010000";"5;4118530000"
202200040383;12;7;2022;20:40;1;75;2;2;1;3;"48;8806160000";"2;3620230000"
202200040384;3;11;2022;17:30;3;68;2;1;3;6;"47;8110940000";"7;1020980000"
202200040385;6;12;2022;17:25;5;07;2;1;8;3;"45;0501490000";"4;8312590000"
202200040386;5;12;2022;18:05;2;69;2;1;1;4;"45;9335280000";"4;7244160000"
202200040387;12;7;2022;12:31;1;75;2;3;1;6;"48;8391320000";"2;3000580000"
202200040388;5;12;2022;20:35;3;09;1;1;1;6;"42;8264580000";"1;6168970000"
202200040389;6;12;2022;15:09;1;86;1;1;1;3;"47;0558120000";"0;1498710000"
202200040390;28;11;2022;18:15;3;33;1;1;1;6;"44;5382940000";" -0;2395160000"
202200040391;6;12;2022;17:50;3;60;2;1;1;1;"49;1813069161";"2;2354989051"
202200040392;12;7;2022;00:36;5;75;2;1;1;6;"48;8742580000";"2;4054140000"
202200040393;5;12;2022;14:50;1;59;1;6;2;7;"50;1382920000";"3;3929840000"
202200040394;6;12;2022;01:40;3;59;1;6;1;7;"50;7293110000";"2;6236720000"
202200040395;5;12;2022;20:50;3;69;1;1;1;7;"45;6657300000";"4;9249600000"
202200040396;30;11;2022;21:35;3;69;1;1;1;2;"45;8102900000";"4;9167500000"
202200040397;13;7;2022;09:21;1;75;2;2;1;2;"48;8489840000";"2;3287420000"
202200040398;5;12;2022;11:00;1;33;1;1;1;2;"44;7116360000";" -0;5150940000"
202200040399;12;7;2022;22:50;5;75;2;2;1;5;"48;8815640000";"2;3007040000"
202200040400;5;12;2022;09:15;1;33;1;1;1;4;"44;7411831517";" -0;7100075483"
202200040401;13;7;2022;11:30;1;75;2;3;1;6;"48;8525540000";"2;2926630000"
202200040402;12;7;2022;21:30;5;75;2;1;1;6;"48;8322110000";"2;2895080000"
202200040403;13;7;2022;15:28;1;75;2;2;1;3;"48;8232600000";"2;3255400000"
202200040404;13;7;2022;00:40;5;75;2;3;1;3;"48;8236820000";"2;3170880000"
202200040405;12;7;2022;19:30;1;75;2;2;1;6;"48;8329480000";"2;3162450000"
202200040406;12;7;2022;18:50;1;75;2;3;1;6;"48;8280020000";"2;3155030000"
202200040407;13;7;2022;01:45;5;75;2;1;1;6;"48;8427860000";"2;3640490000"
202200040408;12;7;2022;12:00;1;75;2;5;1;6;"48;8727280000";"2;3992520000"
202200040409;13;7;2022;10:40;1;75;2;2;1;3;"48;8756330000";"2;3189000000"
202200040410;13;7;2022;22:05;5;75;2;2;1;3;"48;8515820000";"2;3268190000"
202200040411;13;7;2022;21:47;2;75;2;2;1;6;"48;8657750000";"2;3574750000"
202200040412;13;7;2022;13:35;1;75;2;1;1;6;"48;8659680000";"2;3523920000"
202200040413;13;7;2022;09:20;1;75;2;7;1;3;"48;8532600000";"2;3685890000"
202200040414;21;8;2022;00:10;3;94;2;1;1;6;"48;7910590000";"2;5059080000"
202200040415;12;7;2022;10:50;1;75;2;2;1;3;"48;8572480000";"2;3617730000"
202200040416;22;8;2022;17:55;1;94;2;2;1;3;"48;7780060000";"2;3526710000"
202200040417;26;2;2022;13:40;1;53;1;1;1;7;"48;3271545309";" -0;5695309324"
202200040418;13;7;2022;17:30;1;94;2;2;1;3;"48;7875800000";"2;4803600000"
202200040419;22;8;2022;11:35;1;94;2;1;1;3;"48;7640100000";"2;3548300000"
202200040420;22;8;2022;14:40;1;94;2;3;1;3;"48;8186500000";"2;4903000000"
202200040421;13;7;2022;17:35;1;94;2;3;1;5;"48;7876900000";"2;3197800000"
202200040422;13;7;2022;15:55;1;94;2;1;1;6;"48;8256340000";"2;5417420000"
202200040423;22;8;2022;11:45;1;93;2;1;1;5;"48;9663737568";"2;5719424811"
202200040424;13;7;2022;17:25;1;94;2;3;1;6;"48;8198100000";"2;4157100000"
202200040425;22;8;2022;19:25;1;93;2;2;1;6;"48;9670700000";"2;3645300000"
202200040426;13;7;2022;17:15;1;93;2;1;1;3;"48;9071815833";"2;3321836889"
202200040427;26;2;2022;11:55;1;21;1;1;1;5;"46;9943556579";"4;7783954143"
202200040428;12;7;2022;17:00;1;93;2;3;1;6;"48;8623641576";"2;4193903925"
202200040429;22;8;2022;08:44;1;93;2;6;1;1;"48;9182400000";"2;3294100000"
202200040430;13;7;2022;20:35;1;93;2;2;7;3;"48;9553100000";"2;2902200000"
202200040431;22;8;2022;14:37;1;92;2;9;1;3;"48;9252570000";"2;3261190000"
202200040432;12;7;2022;19:45;1;93;2;9;1;3;"48;8987950000";"2;4429690000"
202200040433;22;8;2022;12:50;1;92;2;1;1;3;"48;8132380048";"2;3045239447"
202200040434;26;2;2022;15:10;1;85;1;1;1;4;"46;4967100000";" -1;4443300000"
202200040435;13;7;2022;17:45;1;93;2;9;1;3;"48;9447880000";"2;4349380000"
202200040436;22;8;2022;08:50;1;92;2;3;1;2;"48;8197712124";"2;3255154490"
202200040437;8;7;2022;02:40;5;92;2;2;1;6;"48;8675344694";"2;2216978669"
202200040438;22;8;2022;04:30;5;92;2;7;1;7;"48;8172820850";"2;3189654946"
202200040439;12;7;2022;16:20;1;92;2;1;1;7;"48;8279600000";"2;2251100000"
202200040440;22;7;2022;15:25;1;92;2;3;1;6;"48;9296504919";"2;3093170523"
202200040441;25;2;2022;17:00;1;85;2;1;1;6;"46;4205489312";" -1;5857380629"
202200040442;11;7;2022;14:30;1;92;2;3;1;3;"48;8787700000";"2;1773300000"
202200040443;21;7;2022;22:00;5;92;2;1;1;7;"48;9242445617";"2;3040137887"
202200040444;13;7;2022;20:47;1;92;2;4;1;1;"48;8115200000";"2;3002500000"
202200040445;22;8;2022;19:56;1;92;2;9;1;3;"48;7958720000";"2;3170420000"
202200040446;13;7;2022;09:30;1;92;2;1;1;3;"48;8117524560";"2;3036283553"
202200040447;29;8;2022;11:00;1;92;2;3;1;2;"48;7669152748";"2;3072045445"
202200040448;25;2;2022;19:30;5;27;1;1;1;5;"49;3000290000";"0;8417420000"
202200040449;12;7;2022;20:00;1;92;2;1;1;6;"48;8096745037";"2;3247807920"
202200040450;25;2;2022;10:05;1;28;1;1;1;7;"48;2262640000";"0;8728930000"
202200040451;12;7;2022;20:15;1;92;2;3;1;3;"48;8258972527";"2;2805036902"
202200040452;13;7;2022;09:30;1;92;2;1;1;3;"48;9029850668";"2;2712849378"
202200040453;22;8;2022;15:30;1;972;1;1;2;1;"14;6019610000";" -60;8762100000"
202200040454;26;2;2022;07:00;2;03;1;1;1;6;"46;1410690000";"3;1129070000"
202200040455;13;7;2022;15:15;1;92;2;1;1;3;"48;9133280893";"2;2302742302"
202200040456;13;7;2022;10:20;1;92;2;1;1;6;"48;8323817571";"2;2392714322"
202200040457;22;8;2022;14:00;1;04;1;1;1;6;"44;4472620000";"6;3590670000"
202200040458;12;7;2022;17:30;2;92;2;1;1;1;"48;9057368130";"2;2853763252"
202200040459;1;8;2022;13:45;1;56;2;1;1;1;"47;4874480000";" -3;1269150000"
202200040460;26;2;2022;05:38;2;67;1;1;1;2;"48;5545310477";"7;5753521919"
202200040461;22;8;2022;20:50;2;76;2;1;1;6;"49;6498980000";"0;3224230000"
202200040462;12;7;2022;19:03;1;92;2;1;1;4;"48;7770288106";"2;3142887950"
202200040463;13;7;2022;22:00;3;2A;2;1;1;6;"41;6221240000";"8;9607780000"
202200040464;23;8;2022;13:40;1;2B;1;1;1;2;"42;0432120000";"9;4070460000"
202200040465;13;7;2022;23:15;4;17;1;1;1;7;"45;7407610000";" -0;7361810000"
202200040466;25;2;2022;05:00;3;987;2;1;1;3;" -23;3464320000";" -149;4888530000"
202200040467;22;8;2022;11:50;1;65;1;1;1;7;"43;2522470000";"0;4531280000"
202200040468;13;7;2022;20:05;1;22;1;2;1;1;"48;4943270000";" -2;1354510000"
202200040469;20;8;2022;05:30;3;11;1;1;1;2;"43;2164980791";"3;0361653999"
202200040470;14;7;2022;20:01;2;06;1;1;1;1;"43;6282220000";"7;1339030000"
202200040471;26;2;2022;00:25;5;971;2;1;2;7;"16;2243540000";" -61;3818740000"
202200040472;19;8;2022;04:45;3;11;1;1;1;7;"43;2603860000";"3;0300160000"
202200040473;13;7;2022;17:15;1;05;1;1;8;7;"44;8227300000";"6;7332890000"
202200040474;23;8;2022;12:49;1;63;2;2;1;3;"45;4317620206";"3;3391959965"
202200040475;25;2;2022;19:15;3;34;1;1;1;2;"43;5913450000";"4;1049280000"
202200040476;13;7;2022;17:30;1;51;1;4;1;2;"49;0653960000";"3;6287820000"
202200040477;22;8;2022;08:15;1;41;1;1;1;6;"47;4131080000";"1;2050250000"
202200040478;21;8;2022;22:30;3;34;1;1;1;6;"43;3880510000";"3;4363550000"
202200040479;11;7;2022;00:45;3;21;1;1;1;2;"47;4851350000";"4;1630240000"
202200040480;26;2;2022;15:35;1;13;1;1;1;6;"43;4483860000";"5;4461500000"
202200040481;23;8;2022;07:30;1;39;1;1;1;6;"46;4369840000";"5;6519230000"
202200040482;22;8;2022;09:15;1;44;2;9;8;6;"47;1233920000";" -1;5843510000"
202200040483;13;7;2022;15:20;1;19;1;9;1;6;"45;5231950000";"1;5158560000"
202200040484;22;8;2022;13:45;1;29;1;6;2;7;"48;0999410000";" -4;0172090000"
202200040485;25;2;2022;16:40;1;61;1;2;1;3;"48;5794750000";"0;0269510000"
202200040486;13;7;2022;14:52;1;83;1;1;1;3;"43;4586350000";"5;8355530000"
202200040487;21;8;2022;06:00;2;29;1;2;1;6;"47;9929816217";" -4;2076885700"
202200040488;22;8;2022;12:30;1;31;1;1;8;7;"43;2993960000";"1;4794420000"
202200040489;13;7;2022;08:30;1;76;2;2;1;3;"49;5187871310";"1;1793792844"
202200040490;23;8;2022;19:20;2;38;1;1;1;7;"45;5429870000";"5;2035020000"
202200040491;26;2;2022;09:25;1;29;1;1;7;6;"48;2500890000";" -4;5114920000"
202200040492;30;6;2022;11:45;1;2A;1;1;1;6;"41;9986710000";"8;7571330000"
202200040493;14;7;2022;15:00;1;2B;2;1;1;7;"42;3009130000";"9;1507320000"
202200040494;23;8;2022;09:05;1;66;2;1;1;6;"42;5253150000";"2;8329440000"
202200040495;25;2;2022;18:30;1;29;1;1;1;6;"48;5525520000";" -4;3211670000"
202200040496;12;7;2022;23:50;3;33;1;1;1;6;"44;6981930000";" -0;1180060000"
202200040497;23;8;2022;08:20;1;54;1;1;1;6;"48;6013744500";"5;8468079568"
202200040498;14;7;2022;09:15;2;32;2;1;1;6;"43;9541510000";"0;3711640000"
202200040499;22;8;2022;12:35;1;40;2;1;1;1;"43;7602540000";" -1;3301930000"
202200040500;13;7;2022;18:30;1;89;1;3;1;2;"47;6599820000";"3;0374140000"
202200040501;26;2;2022;18:00;1;27;1;3;1;2;"49;0091970000";"1;4152090000"
202200040502;13;7;2022;14:15;1;42;2;3;1;3;"45;4843980000";"4;3438590000"
202200040503;26;2;2022;16:20;1;27;1;1;7;7;"48;9457010000";"1;0488080000"
202200040504;20;8;2022;10:30;1;40;1;2;1;1;"43;8230100000";" -1;2581060000"
202200040505;13;7;2022;14:00;1;86;2;1;7;1;"46;5035590000";"0;4697560000"
202200040506;23;8;2022;08:55;1;27;2;3;2;1;"48;7305990000";"0;9280550000"
202200040507;13;7;2022;18:50;1;34;1;2;1;3;"43;3834370000";"3;4485270000"
202200040508;25;2;2022;21:20;3;76;1;1;1;1;"49;5519720000";"0;4131890000"
202200040509;23;8;2022;08:45;1;30;1;1;1;6;"44;0989000000";"4;1390000000"
202200040510;13;7;2022;16:30;1;39;2;1;1;6;"46;5258850000";"5;5296850000"
202200040511;26;2;2022;13:47;1;60;2;1;1;7;"49;5433282351";"2;3562819957"
202200040512;14;7;2022;00:20;3;39;1;1;1;6;"46;5130500000";"5;7490790000"
202200040513;22;8;2022;16:30;1;88;2;6;1;6;"48;1959560000";"5;9414090000"
202200040514;26;2;2022;01:15;3;80;2;1;1;6;"49;6291880000";"2;7613130000"
202200040515;14;7;2022;15:00;1;25;1;1;1;6;"46;9636490000";"6;0151650000"
202200040516;23;8;2022;09:00;1;24;1;1;1;1;"45;5616710000";"0;6918110000"
202200040517;13;7;2022;10:15;1;25;1;5;7;3;"47;2051490000";"6;1029960000"
202200040518;23;8;2022;09:10;1;38;1;1;1;3;"45;2669170000";"5;6290040000"
202200040519;25;2;2022;18:05;1;13;1;1;1;4;"43;3084300000";"5;4254000000"
202200040520;8;7;2022;16:45;1;44;1;1;1;1;"47;3965770000";" -1;0655670000"
202200040521;23;8;2022;09:55;1;27;1;1;1;2;"49;1260730000";"1;3243680000"
202200040522;14;7;2022;05:10;3;35;1;1;1;6;"48;0558670000";" -1;9523260000"
202200040523;24;2;2022;19:23;3;13;1;1;1;2;"43;2920178854";"5;4529586434"
202200040524;26;7;2022;22:00;2;33;1;6;1;3;"44;7783780000";" -1;0186710000"
202200040525;13;7;2022;13:35;1;38;2;1;1;3;"45;2363160000";"5;5010580000"
202200040526;23;2;2022;00:50;5;13;1;1;1;2;"43;3249298731";"5;3785219788"
202200040527;13;7;2022;19:00;1;02;1;1;1;6;"49;0952100000";"3;2780560000"
202200040528;12;8;2022;12:56;1;78;1;1;1;3;"48;5524210000";"1;9277950000"
202200040529;13;7;2022;18:37;1;02;1;1;1;7;"49;4297260000";"3;7608330000"
202200040530;25;2;2022;14:55;1;69;1;1;1;6;"45;5896000000";"4;8055000000"
202200040531;23;8;2022;17:50;1;77;2;1;1;1;"48;9430520000";"3;1426050000"
202200040532;14;6;2022;18:53;1;75;2;1;1;3;"48;8817590000";"2;3511640000"
202200040533;10;7;2022;12:15;1;03;1;1;1;3;"46;1254860000";"3;3617360000"
202200040534;20;8;2022;14:25;1;84;2;9;1;1;"43;9062640000";"4;9541800000"
202200040535;24;2;2022;21:35;3;78;1;1;1;5;"48;9395100000";"1;9553400000"
202200040536;30;5;2022;18:30;1;58;1;1;1;2;"46;9621550000";"3;3346890000"
202200040537;23;8;2022;16:25;1;83;1;1;1;6;"43;1681390000";"5;7175840000"
202200040538;14;6;2022;14:10;1;75;2;2;1;3;"48;8640920000";"2;3201260000"
202200040539;14;8;2022;22:40;3;83;2;1;1;6;"43;2588660000";"6;6324220000"
202200040540;14;7;2022;01:46;5;54;2;1;1;6;"48;4841390000";"6;5628110000"
202200040541;23;2;2022;07:08;4;92;1;1;1;4;"48;9324073982";"2;2485267811"
202200040542;14;7;2022;01:10;3;14;1;1;1;6;"49;1736660000";"0;0100420000"