Accident_Id;jour;mois;an;hrmn;lum;dep;agg;int;atm;col;lat;long
202200040543;13;6;2022;11:35;1;75;2;2;1;3;"48;8544020000";"2;3549450000"
202200040544;22;8;2022;14:00;1;83;1;1;1;3;"43;6104560000";"6;7285480000"
202200040545;25;2;2022;15:30;1;92;1;1;7;3;"48;9339953804";"2;3205880188"
202200040546;19;8;2022;15:50;1;04;2;3;1;3;"43;8789490000";"5;8458320000"
202200040547;13;7;2022;09:00;1;14;2;3;1;1;"49;1774110000";" -0;6190540000"
202200040548;25;2;2022;13:00;1;93;1;1;1;3;"48;8792400000";"2;4488600000"
202200040549;13;6;2022;17:50;1;94;2;1;1;3;"48;8044500000";"2;5086300000"
202200040550;21;8;2022;11:15;1;54;1;1;1;7;"48;4238894600";"6;8057566890"
202200040551;14;7;2022;13:15;1;60;1;1;1;7;"49;5243160000";"2;2190610000"
202200040552;25;2;2022;19:15;3;77;1;1;1;6;"48;8035728679";"2;6271817781"
202200040553;13;7;2022;20:15;2;18;1;1;7;1;"47;1042660000";"2;3138770000"
202200040554;23;8;2022;11:15;1;69;2;1;1;3;"45;6957580000";"4;6848870000"
202200040555;14;6;2022;18:30;1;94;2;3;1;1;"48;7713000000";"2;3614000000"
202200040556;24;2;2022;13:50;1;76;2;1;2;6;"49;4278200000";"1;0823500000"
202200040557;22;8;2022;10:00;1;61;2;1;1;6;"48;4589600000";" -0;0426260000"
202200040558;13;7;2022;19:40;1;40;1;2;1;3;"43;6771713605";" -0;4977343749"
202200040559;23;2;2022;11:45;1;72;2;1;1;2;"48;0002370000";"0;2073170000"
202200040560;12;6;2022;16:35;1;94;2;6;1;2;"48;7741293806";"2;4390236722"
202200040561;21;8;2022;13:30;1;22;1;1;2;1;"48;4172000000";" -2;4997120000"
202200040562;23;2;2022;09:00;1;07;2;1;1;6;"44;6184900000";"4;3830100000"
202200040563;14;7;2022;06:10;2;24;1;1;1;1;"45;5732080000";"0;7016120000"
202200040564;23;8;2022;17:32;1;27;1;9;1;1;"49;1682040000";"1;1645940000"
202200040565;14;6;2022;14:55;1;94;2;1;1;2;"48;7622770000";"2;4023520000"
202200040566;23;8;2022;12:05;1;60;1;1;1;7;"49;2612510000";"2;6301960000"
202200040567;14;7;2022;07:53;2;85;1;2;1;3;"46;5141400000";" -1;5421100000"
202200040568;24;2;2022;00:50;4;972;1;1;2;2;"14;6249737900";" -60;9827899933"
202200040569;14;6;2022;04:00;5;93;2;1;1;6;"48;9149900000";"2;3374900000"
202200040570;22;8;2022;15:50;1;60;1;1;1;7;"49;3428630000";"2;4329730000"
202200040571;24;2;2022;08:10;1;972;2;9;1;6;"14;6074700000";" -61;0683700000"
202200040572;13;7;2022;09:50;1;38;2;1;1;3;"45;0815290000";"6;0601290000"
202200040573;21;8;2022;20:45;3;83;1;1;1;7;"43;1647157066";"5;7670283318"
202200040574;24;2;2022;12:45;1;69;2;1;8;6;"45;7723000000";"4;8110100000"
202200040575;14;7;2022;07:00;1;34;1;1;1;1;"43;4813950000";"3;7728700000"
202200040576;13;6;2022;13:20;1;93;2;3;1;5;"48;9030880000";"2;3339950000"
202200040577;21;8;2022;16:45;1;59;1;1;1;2;"51;0569786868";"2;5615096092"
202200040578;24;2;2022;10:10;1;2A;2;1;1;6;"41;9155428977";"8;7278582535"
202200040579;14;7;2022;11:50;1;06;1;1;1;5;"43;5831270000";"7;0211220000"
202200040580;22;8;2022;19:05;1;91;1;1;1;2;"48;7127500000";"2;2817000000"
202200040581;14;6;2022;16:05;1;93;2;2;1;3;"48;8641670000";"2;4882040000"
202200040582;23;2;2022;19:40;3;87;1;1;1;6;"45;8502300000";"1;2156000000"
202200040583;22;8;2022;12:00;1;91;1;1;2;7;"48;7485600000";"2;3266500000"
202200040584;13;7;2022;04:45;3;28;1;1;1;6;"48;2365200000";"1;8500700000"
202200040585;21;8;2022;23:00;3;92;1;1;1;6;"48;9406783537";"2;2926308104"
202200040586;14;6;2022;18:50;1;93;2;1;1;3;"48;8852300000";"2;5035100000"
202200040587;23;2;2022;15:44;1;87;2;3;1;3;"45;8179700000";"1;2890000000"
202200040588;22;8;2022;08:30;1;94;1;1;1;6;"48;8118278382";"2;4491292177"
202200040589;13;7;2022;08:10;1;69;1;1;1;2;"46;0832330000";"4;7427460000"
202200040590;18;2;2022;22:30;3;85;2;1;1;6;"46;4860100000";" -1;7540900000"
202200040591;22;8;2022;02:00;3;94;1;1;1;6;"48;7701146919";"2;3822327243"
202200040592;13;7;2022;19:25;1;27;1;1;1;6;"49;2808686962";"1;1279118061"
202200040593;14;6;2022;17:45;1;93;2;2;1;3;"48;8942480000";"2;4186410000"
202200040594;22;3;2022;19:00;2;91;2;8;1;6;"48;5749130000";"2;4438550000"
202200040595;12;2;2022;09:35;1;78;2;7;5;6;"48;9729200000";"2;0372600000"
202200040596;14;6;2022;12:35;1;93;2;1;1;6;"48;8973200000";"2;4080100000"
202200040597;5;5;2022;13:00;1;14;2;1;1;3;"48;8837290000";" -0;2052690000"
202200040598;24;2;2022;16:15;1;77;1;1;2;6;"48;3276800000";"2;7018600000"
202200040599;14;7;2022;21:15;3;988;1;1;1;6;" -22;0785000000";"166;3016400000"
202200040600;4;5;2022;16:00;1;14;1;1;1;3;"49;2924972890";"0;2030003071"
202200040601;23;2;2022;17:25;1;74;2;1;1;6;"46;1862800000";"6;2365500000"
202200040602;29;3;2022;19:15;3;971;1;1;1;1;"16;1975110000";" -61;6453920000"
202200040603;14;6;2022;08:01;1;93;2;9;1;3;"48;8921400000";"2;4439000000"
202200040604;21;8;2022;18:45;4;988;2;6;2;6;" -22;2604400000";"166;4444000000"
202200040605;24;2;2022;16:30;1;64;2;3;1;2;"43;3313170465";" -0;3581863147"
202200040606;13;7;2022;10:30;1;83;2;4;1;1;"43;4590150000";"6;6687550000"
202200040607;21;8;2022;14:40;1;973;2;1;1;2;"4;9170800000";" -52;3214500000"
202200040608;2;6;2022;13:00;1;93;2;3;1;3;"48;8436796292";"2;5288311839"
202200040609;23;2;2022;20:35;5;64;2;1;1;3;"43;5072460000";" -1;4973640000"
202200040610;13;7;2022;18:30;1;13;2;1;1;1;"43;7223270000";"5;3047070000"
202200040611;21;8;2022;11:50;1;973;2;3;1;3;"4;9372400000";" -52;3192300000"
202200040612;23;2;2022;10:10;1;64;2;1;1;2;"43;4988526709";" -1;4473807987"
202200040613;14;7;2022;01:40;3;71;1;1;1;2;"46;4689830000";"4;1172120000"
202200040614;20;8;2022;21:25;3;972;1;9;3;6;"14;6122700000";" -61;0777300000"
202200040615;14;6;2022;22:45;5;93;2;1;1;6;"48;9112550000";"2;5172900000"
202200040616;20;2;2022;06:03;2;63;1;1;1;7;"45;7699200000";"3;1232300000"
202200040617;29;6;2022;07:15;1;67;2;1;8;3;"48;4731394027";"7;4960017204"
202200040618;21;8;2022;19:45;1;69;2;3;1;3;"45;7924800000";"4;8249000000"
202200040619;21;8;2022;15:10;1;91;2;1;1;7;"48;6877000000";"2;4854000000"
202200040620;14;6;2022;18:30;1;93;2;2;1;3;"48;8872100000";"2;5515900000"
202200040621;23;2;2022;12:55;1;62;2;1;1;2;"50;5092670000";"1;5986240000"
202200040622;13;7;2022;18:15;1;33;1;1;1;6;"44;9864510000";" -0;6814310000"
202200040623;23;2;2022;23:00;5;59;2;1;1;6;"50;7500600000";"3;1544200000"
202200040624;14;6;2022;09:40;1;93;2;9;1;6;"48;9436624593";"2;4814655186"
202200040625;13;7;2022;15:24;1;33;2;1;1;1;"44;9516240000";" -0;7000360000"
202200040626;21;8;2022;16:45;1;91;2;1;1;5;"48;6780100000";"2;4966700000"
202200040627;14;6;2022;11:58;1;92;2;1;1;3;"48;8158046480";"2;2792085856"
202200040628;22;2;2022;18:30;1;58;2;1;1;2;"46;9919800000";"3;1232800000"
202200040629;11;7;2022;20:45;2;33;1;1;1;6;"44;6733530000";" -0;4910480000"
202200040630;13;6;2022;23:50;5;92;2;1;1;6;"48;8158073414";"2;3052014708"
202200040631;19;8;2022;13:55;1;83;1;1;1;7;"43;5409770000";"6;4677890000"
202200040632;21;8;2022;10:00;1;76;2;1;1;6;"49;4688530000";"1;0667110000"
202200040633;14;6;2022;13:10;1;92;2;1;1;1;"48;8243800000";"2;2165400000"
202200040634;13;7;2022;18:45;1;85;1;1;1;4;"46;7312130000";" -1;5834260000"
202200040635;25;2;2022;23:47;5;51;2;9;1;1;"49;2702700000";"4;0394800000"
202200040636;14;6;2022;04:15;5;92;2;1;1;2;"48;8831636649";"2;2656536400"
202200040637;21;8;2022;21:10;5;69;2;3;1;3;"45;7585100000";"4;8851200000"
202200040638;14;7;2022;11:28;1;62;2;1;1;3;"50;5540060000";"1;6968360000"
202200040639;24;2;2022;09:50;1;49;2;1;1;6;"47;4520000000";" -0;5559000000"
202200040640;21;8;2022;21:43;5;64;2;2;1;3;"43;2958300000";" -0;3660500000"
202200040641;13;6;2022;21:30;1;92;2;9;1;3;"48;9074472613";"2;2171690911"
202200040642;13;7;2022;14:00;1;33;1;1;1;6;"44;7676359065";" -0;6675106287"
202200040643;23;2;2022;13:28;1;49;2;1;1;7;"47;4733700000";" -0;5390100000"
202200040644;20;8;2022;16:35;1;64;2;1;1;6;"43;3077907077";" -0;3269988298"
202200040645;13;7;2022;16:37;1;91;1;1;1;7;"48;7093700000";"2;3078100000"
202200040646;13;6;2022;18:30;1;92;2;1;1;2;"48;9027092272";"2;2226792872"
202200040647;20;8;2022;20:00;1;54;2;3;1;2;"48;7003000000";"6;1764300000"
202200040648;23;2;2022;21:18;5;47;2;1;1;6;"44;1824200000";"0;6709700000"
202200040649;14;6;2022;17:20;1;92;2;1;1;6;"48;8184367701";"2;2295814156"
202200040650;13;7;2022;11:00;1;92;1;1;1;2;"48;9348887042";"2;2678495223"
202200040651;12;7;2022;07:00;1;78;1;1;1;7;"48;7983500000";"2;0020800000"
202200040652;24;2;2022;22:45;5;45;2;1;1;6;"48;0274900000";"2;7355300000"
202200040653;21;8;2022;08:40;1;54;2;2;1;3;"48;6868000000";"6;1854000000"
202200040654;14;6;2022;17:00;1;92;2;1;1;2;"48;8930100000";"2;2841700000"
202200040655;10;7;2022;19:45;2;93;1;1;1;2;"48;8666000000";"2;4242600000"
202200040656;24;2;2022;18:00;1;44;2;1;1;3;"47;2469800000";" -1;5774400000"
202200040657;13;7;2022;12:10;1;93;1;1;1;3;"48;8817900000";"2;4742900000"
202200040658;14;6;2022;16:50;1;92;2;6;1;2;"48;9025830000";"2;2745970000"
202200040659;21;8;2022;20:10;1;45;2;1;1;1;"47;8786160000";"1;9027680000"
202200040660;23;2;2022;15:10;1;37;2;6;1;3;"47;4308571066";"0;6676501036"
202200040661;13;7;2022;20:30;1;94;1;1;1;2;"48;8172046066";"2;4285178250"
202200040662;14;6;2022;13:30;1;92;2;1;1;6;"48;9319604252";"2;2578592747"
202200040663;4;8;2022;14:05;1;45;2;2;1;3;"48;0036160000";"2;7419480000"
202200040664;24;2;2022;23:20;3;35;1;1;1;2;"48;1773500000";" -1;7186400000"
202200040665;13;7;2022;16:00;1;94;1;1;1;2;"48;8273238388";"2;5090636814"
202200040666;14;6;2022;11:50;1;92;2;6;1;1;"48;7377887712";"2;3056282103"
202200040667;19;8;2022;19:15;1;44;2;1;1;3;"47;2792600000";" -2;4225670000"
202200040668;13;7;2022;04:27;3;77;1;1;1;6;"48;8308200000";"2;7616700000"
202200040669;14;6;2022;23:35;3;24;1;1;1;7;"45;1363780000";"1;0282810000"
202200040670;20;8;2022;15:40;1;42;1;3;1;1;"46;0898300000";"4;0757800000"
202200040671;24;2;2022;12:10;1;35;2;6;8;4;"48;0904420000";" -1;6157320000"
202200040672;14;6;2022;15:00;1;09;1;1;1;7;"42;9628260000";"1;1738370000"
202200040673;24;2;2022;10:20;1;35;2;6;1;3;"48;0998900000";" -1;6721300000"
202200040674;14;6;2022;23:00;3;57;1;1;1;6;"49;1507100000";"6;3096070000"
202200040675;21;8;2022;20:10;1;35;1;1;2;4;"48;0935525885";" -1;7089748383"
202200040676;12;6;2022;17:55;1;71;1;1;1;6;"46;3008580000";"4;7927530000"
202200040677;21;8;2022;14:10;1;35;1;1;2;6;"48;0955300000";" -1;7110300000"
202200040678;14;4;2022;16:35;1;32;2;1;1;7;"43;6455200000";"0;5878400000"
202200040679;23;2;2022;17:05;1;33;2;3;1;3;"44;8000300000";" -0;6177700000"
202200040680;14;6;2022;15:45;1;67;2;1;1;6;"48;2737790000";"7;4003650000"
202200040681;21;8;2022;10:35;1;35;2;1;1;6;"48;1174000000";" -1;6837200000"
202200040682;10;5;2022;00:50;5;30;2;1;1;3;"43;8308000000";"4;3229900000"
202200040683;14;6;2022;15:35;1;05;1;1;1;3;"44;9671810000";"6;5317370000"
202200040684;24;2;2022;09:34;1;31;2;6;1;3;"43;6092800000";"1;3527100000"
202200040685;21;8;2022;05:10;5;35;2;2;1;3;"48;1217900000";" -1;6627100000"
202200040686;12;7;2022;07:40;1;976;2;1;1;6;" -12;7872500000";"45;2225500000"
202200040687;21;8;2022;17:10;1;34;2;1;1;3;"43;5847000000";"3;9271000000"
202200040688;24;2;2022;11:30;1;29;2;6;1;3;"48;4052850000";" -4;4780320000"
202200040689;12;7;2022;14:45;1;974;1;9;1;1;" -21;3071100000";"55;5001400000"
202200040690;11;6;2022;18:00;1;11;2;1;1;4;"43;2973700000";"2;8701510000"
202200040691;20;8;2022;17:28;1;33;2;1;1;6;"44;8464000000";" -0;5710300000"
202200040692;24;2;2022;08:00;2;29;2;1;2;6;"48;4013860000";" -4;5014850000"
202200040693;12;7;2022;14:35;1;974;1;1;1;7;" -21;2957600000";"55;4829900000"
202200040694;15;6;2022;08:30;1;29;1;1;1;4;"48;4726168699";" -4;3243660811"
202200040695;21;8;2022;18:05;1;30;2;1;1;3;"44;0869000000";"4;0614300000"
202200040696;11;7;2022;08:45;1;974;2;1;1;6;" -21;2851000000";"55;4705000000"
202200040697;24;2;2022;17:40;1;22;2;1;1;2;"48;5102000000";" -2;7353900000"
202200040698;12;7;2022;20:05;1;69;2;1;1;6;"45;7398447800";"4;8491871357"
202200040699;20;8;2022;19:10;1;25;1;1;1;7;"46;9355800000";"6;4121100000"
202200040700;9;6;2022;18:00;1;58;2;1;1;3;"47;0112350000";"3;1511930000"
202200040701;21;8;2022;19:01;1;15;1;1;1;7;"44;9346000000";"2;4168000000"
202200040702;23;2;2022;15:10;1;13;2;9;1;3;"43;4185800000";"5;2338300000"
202200040703;14;6;2022;20:12;1;62;1;1;1;6;"50;8232600000";"2;1408940000"
202200040704;12;7;2022;14:15;1;69;2;2;1;1;"45;7570700000";"4;8547000000"
202200040705;21;8;2022;18:30;1;13;2;9;1;3;"43;3102345343";"5;4601518939"
202200040706;15;6;2022;16:35;1;2B;1;1;1;6;"42;5024540000";"9;3662850000"
202200040707;25;2;2022;00:35;5;13;2;1;1;1;"43;2878200000";"5;3849700000"
202200040708;12;7;2022;11:00;1;972;2;1;1;2;"14;6551800000";" -60;9730800000"
202200040709;20;8;2022;18:19;1;13;1;1;1;3;"43;5345100000";"4;9746900000"
202200040710;24;2;2022;12:00;1;13;2;1;1;3;"43;2614000000";"5;4164200000"
202200040711;14;6;2022;16:20;1;2B;2;1;1;6;"42;4445260000";"9;5079800000"
202200040712;12;7;2022;13:45;1;69;2;3;1;6;"45;7531400000";"4;8336300000"
202200040713;20;8;2022;20:00;1;13;2;7;1;3;"43;2832040440";"5;5730102721"
202200040714;24;2;2022;19:00;3;13;1;1;1;1;"43;5735800000";"5;3950200000"
202200040715;12;7;2022;11:07;1;2A;1;1;1;6;"41;9316700000";"8;8024600000"
202200040716;11;6;2022;16:00;1;80;2;4;1;3;"49;9235730000";"2;9312410000"
202200040717;20;8;2022;17:20;1;12;1;1;1;2;"44;0867900000";"3;0987200000"
202200040718;24;2;2022;20:40;5;12;2;1;1;6;"44;5804600000";"2;2021700000"
202200040719;15;6;2022;13:50;1;71;2;1;1;6;"46;7428850000";"4;4554240000"
202200040720;12;7;2022;08:08;1;2A;1;1;1;3;"41;9274200000";"8;7784100000"
202200040721;20;8;2022;17:45;1;09;1;1;1;7;"43;0954880000";"1;6312740000"
202200040722;24;2;2022;19:00;5;06;2;1;1;6;"43;6537720000";"6;9189590000"
202200040723;15;6;2022;01:30;3;71;1;1;1;6;"46;8539480000";"4;3203410000"
202200040724;12;7;2022;00:24;3;95;1;1;1;2;"48;9966539350";"2;4811881781"
202200040725;11;8;2022;12:55;1;04;1;9;1;3;"43;8088200000";"5;8147500000"
202200040726;24;2;2022;08:00;1;06;2;1;1;3;"43;6477490000";"6;9375890000"
202200040727;7;6;2022;09:40;1;49;1;1;8;6;"47;3303990000";" -0;4217450000"
202200040728;12;7;2022;11:20;1;95;2;1;1;3;"48;9737054781";"2;3498913646"
202200040729;15;6;2022;10:30;1;12;1;1;1;7;"44;3730610000";"2;2901990000"
202200040730;21;8;2022;07:15;1;75;2;4;1;3;"48;8267520000";"2;3899770000"
202200040731;23;2;2022;11:25;1;06;1;1;1;6;"43;5479600000";"6;9837900000"
202200040732;12;7;2022;16:31;1;91;1;1;7;4;"48;7438780000";"2;2230320000"
202200040733;21;8;2022;09:45;1;75;2;3;1;6;"48;8517610000";"2;3495550000"
202200040734;24;2;2022;20:50;3;04;2;1;1;6;"43;8332085289";"5;7669800520"
202200040735;14;6;2022;08:40;1;34;2;1;7;6;"43;6239550000";"3;4358130000"
202200040736;11;7;2022;18:00;1;91;2;1;1;6;"48;6793000000";"2;5350600000"
202200040737;21;8;2022;17:10;1;75;2;1;1;6;"48;8509840000";"2;4072570000"
202200040738;14;6;2022;13:30;1;34;1;1;1;7;"43;5201120000";"2;7428050000"
202200040739;21;8;2022;04:50;5;75;2;7;1;7;"48;8835320000";"2;3268630000"
202200040740;12;7;2022;08:50;1;91;2;2;1;3;"48;6954500000";"2;3597800000"
202200040741;21;8;2022;21:27;5;75;2;2;1;6;"48;8240480000";"2;3770160000"
202200040742;12;7;2022;09:00;1;83;2;1;1;1;"43;1070030000";"6;0271160000"
202200040743;23;2;2022;06:45;2;75;2;1;1;4;"48;9011180000";"2;3548410000"
202200040744;14;6;2022;17:10;1;68;1;4;1;3;"47;5712510000";"7;4104020000"
202200040745;6;7;2022;09:35;1;83;2;1;1;6;"43;1185800000";"5;7992400000"
202200040746;21;8;2022;12:00;1;75;2;1;1;3;"48;8729650000";"2;3590280000"
202200040747;15;6;2022;19:15;1;25;2;4;1;6;"47;4425420000";"6;4935340000"
202200040748;8;7;2022;20:20;1;80;2;1;1;2;"49;8734500000";"2;2643300000"
202200040749;22;2;2022;18:20;2;75;2;1;1;2;"48;8359590000";"2;2574680000"
202200040750;20;8;2022;18:05;1;75;2;2;1;3;"48;8605240000";"2;2956590000"
202200040751;14;6;2022;13:01;1;44;1;3;1;3;"47;0297620000";" -1;4394240000"
202200040752;21;8;2022;00:20;5;75;2;1;1;6;"48;8694130000";"2;3538410000"
202200040753;24;2;2022;13:40;1;75;2;2;1;6;"48;8513936521";"2;3431643844"
202200040754;11;7;2022;09:20;1;77;2;2;1;6;"48;8377000000";"2;6328700000"
202200040755;14;6;2022;21:47;2;38;2;2;1;6;"45;3934250000";"6;0759380000"
202200040756;24;2;2022;15:00;1;75;2;3;2;6;"48;8535380000";"2;4058690000"
202200040757;20;8;2022;23:55;5;93;2;3;1;3;"48;8792350723";"2;5466098491"
202200040758;21;8;2022;07:15;1;93;2;1;1;6;"48;9282194569";"2;3753749118"
202200040759;15;6;2022;14:45;1;54;1;2;1;1;"48;5329758007";"6;8055152895"
202200040760;24;2;2022;14:30;1;75;2;2;2;3;"48;8778465191";"2;3740848899"
202200040761;11;7;2022;11:05;1;76;2;2;1;3;"49;5184400000";"0;0967500000"
202200040762;14;6;2022;07:30;2;72;1;1;7;6;"47;8156700000";"0;4943000000"
202200040763;21;8;2022;18:15;1;92;2;3;1;3;"48;8860217519";"2;2574898004"
202200040764;21;8;2022;12:00;1;92;2;1;1;6;"48;9145400000";"2;2291700000"
202200040765;24;2;2022;09:05;1;75;2;3;1;3;"48;8858085776";"2;3706462979"
202200040766;15;6;2022;14:20;1;05;2;6;1;2;"44;5507080000";"6;4863000000"
202200040767;21;8;2022;22:52;3;95;1;1;1;1;"49;0838860822";"2;3221895099"
202200040768;24;2;2022;20:50;5;75;2;2;8;3;"48;8845351567";"2;3593971133"
202200040769;11;7;2022;16:37;1;76;1;1;1;2;"49;8962700000";"1;1401500000"
202200040770;22;8;2022;12:45;1;47;1;4;1;1;"44;6279230000";"0;7081130000"
202200040771;15;6;2022;06:45;1;07;1;1;1;3;"44;7856680000";"4;7697930000"
202200040772;24;2;2022;18:40;4;75;2;3;2;3;"48;8897040000";"2;3404860000"
202200040773;22;8;2022;01:00;3;09;2;1;1;6;"43;2738740000";"1;3475310000"
202200040774;21;8;2022;06:30;2;33;2;1;1;6;"45;0105200000";"0;0031740000"
202200040775;14;6;2022;18:30;1;40;1;2;1;3;"43;8834720000";" -0;4280700000"
202200040776;24;2;2022;05:00;5;75;2;2;2;3;"48;8784450992";"2;2798521817"
202200040777;22;8;2022;06:15;3;41;1;1;1;6;"47;5080160000";"1;1932950000"
202200040778;14;6;2022;15:40;1;85;2;1;1;1;"46;4354020000";" -1;3233800000"
202200040779;23;2;2022;20:30;5;75;2;1;1;3;"48;8692490000";"2;2888040000"
202200040780;17;8;2022;17:00;1;21;1;1;1;5;"47;1905290000";"5;3221890000"
202200040781;15;6;2022;12:10;1;85;2;9;9;6;"46;6720530000";" -1;2917680000"
202200040782;21;8;2022;13:45;1;28;1;1;1;6;"48;4626210000";"1;5550910000"
202200040783;23;2;2022;18:35;5;75;2;7;1;3;"48;8781752098";"2;2810243070"
202200040784;8;6;2022;10:50;1;27;1;1;1;1;"48;7848288820";"1;1837419868"
202200040785;20;8;2022;02:25;3;972;1;1;8;1;"14;4503320000";" -60;8980210000"
202200040786;14;6;2022;17:50;1;17;2;3;1;1;"46;1075550000";" -0;7607280000"
202200040787;24;2;2022;19:55;5;75;2;3;1;3;"48;8407510000";"2;3054650000"
202200040788;20;8;2022;11:35;1;11;1;1;1;7;"43;2472600000";"2;8449870000"
202200040789;22;8;2022;13:10;1;51;1;1;1;6;"49;0696815408";"4;3415361643"
202200040790;14;6;2022;09:30;1;30;2;1;7;6;"44;2589010000";"4;1934510000"
202200040791;24;2;2022;09:15;1;75;2;2;1;3;"48;8306266887";"2;3459324241"
202200040792;14;6;2022;12:15;1;52;1;1;1;2;"48;2128990000";"5;1236150000"
202200040793;22;8;2022;15:10;1;44;1;1;1;1;"47;0922590000";" -2;0342300000"
202200040794;24;2;2022;11:00;1;75;2;5;1;3;"48;8785360000";"2;3540360000"
202200040795;14;6;2022;21:19;1;24;2;1;1;6;"44;9444750000";"0;0653790000"
202200040796;14;8;2022;04:15;3;34;1;1;1;7;"43;5462230000";"3;7117370000"
202200040797;24;2;2022;10:15;1;75;2;2;1;2;"48;8761380000";"2;3311130000"
202200040798;22;8;2022;16:15;1;76;1;1;1;1;"49;7158230000";"0;3529570000"
202200040799;14;6;2022;20:25;1;35;1;6;1;3;"48;1213530000";" -1;7738200000"
202200040800;24;2;2022;16:26;1;94;2;9;8;6;"48;7277200000";"2;4452400000"
202200040801;14;6;2022;15:01;1;82;1;1;7;2;"43;8275610000";"1;3436790000"
202200040802;24;2;2022;15:50;1;94;2;1;1;6;"48;8115700000";"2;4344800000"
202200040803;21;8;2022;22:45;3;79;1;2;1;3;"46;8328790000";" -0;2605390000"
202200040804;15;6;2022;17:30;1;976;2;1;1;6;" -12;9077750000";"45;1933600000"
202200040805;20;8;2022;12:00;1;2B;1;1;1;1;"42;2641220000";"9;2832600000"
202200040806;23;2;2022;19:40;5;94;2;4;1;3;"48;8117900000";"2;4225100000"
202200040807;20;8;2022;10:15;1;65;2;1;1;6;"43;1712570000";"0;1005720000"
202200040808;15;6;2022;14:00;1;73;1;1;1;1;"45;5074450000";"6;9253560000"
202200040809;22;8;2022;06:10;2;81;1;1;2;6;"43;6828020000";"2;5931700000"
202200040810;24;2;2022;16:00;1;94;2;1;2;6;"48;8018400000";"2;3380200000"
202200040811;13;6;2022;07:41;1;17;1;1;1;7;"45;7314000000";" -0;5121200000"
202200040812;22;8;2022;09:45;1;63;2;1;1;6;"45;8487511962";"3;5354197025"
202200040813;24;2;2022;20:40;5;94;2;4;1;3;"48;8065713251";"2;5353366137"
202200040814;5;8;2022;18:17;1;63;2;2;1;6;"45;5735650000";"2;8097110000"
202200040815;15;6;2022;08:30;1;60;1;1;1;4;"49;1678869479";"2;5992869138"
202200040816;24;2;2022;15:30;1;93;2;9;2;2;"48;8586273337";"2;5218181803"
202200040817;22;8;2022;09:05;1;61;1;1;8;6;"48;7891610000";"0;4733750000"
202200040818;24;2;2022;16:02;1;93;2;1;2;6;"48;8525800000";"2;5119100000"
202200040819;15;6;2022;07:45;1;77;1;2;1;2;"49;0693160000";"3;0182320000"
202200040820;20;8;2022;16:00;1;61;1;1;1;6;"48;5232520000";"0;2967220000"
202200040821;11;5;2022;08:15;1;34;2;1;1;1;"43;6277160000";"3;8974960000"
202200040822;24;2;2022;15:45;1;93;2;2;2;3;"48;8564211022";"2;4448489398"
202200040823;18;8;2022;15:45;1;42;1;1;1;6;"45;3450580000";"4;4832800000"
202200040824;10;6;2022;17:20;1;84;2;6;1;3;"44;0167490000";"4;8691990000"
202200040825;16;2;2022;20:15;5;93;1;1;1;6;"48;9084400000";"2;4380100000"
202200040826;21;8;2022;16:50;1;46;1;1;1;6;"44;9427720000";"1;5964720000"
202200040827;22;2;2022;19:50;5;92;2;1;1;6;"48;8978692223";"2;2194917500"
202200040828;15;6;2022;03:35;5;57;2;2;1;3;"49;3031780000";"6;1483100000"
202200040829;20;8;2022;16:12;1;44;1;1;1;1;"46;8829430000";" -1;6530560000"
202200040830;24;2;2022;10:25;1;92;2;2;1;3;"48;8291500000";"2;2638700000"
202200040831;14;6;2022;10:15;1;38;2;3;1;1;"45;0782790000";"5;7730850000"
202200040832;22;8;2022;06:30;2;29;1;1;1;6;"48;2550310000";" -3;6073080000"
202200040833;19;8;2022;17:00;1;29;1;1;1;6;"48;5058120000";" -4;3938980000"
202200040834;22;2;2022;16:55;1;92;2;3;1;3;"48;9021050456";"2;2956288010"
202200040835;11;6;2022;02:00;5;69;1;6;1;6;"45;6389700000";"4;8815240000"
202200040836;20;8;2022;15:33;1;38;1;1;1;6;"45;1146830000";"5;8747880000"
202200040837;14;6;2022;07:30;1;65;1;6;1;3;"43;0129240000";" -0;0867000000"
202200040838;17;8;2022;20:55;5;84;2;1;3;3;"44;0573730000";"5;1263850000"
202200040839;24;2;2022;18:15;2;54;1;2;8;3;"48;4568790654";"6;1278229960"
202200040840;14;6;2022;15:15;1;56;1;1;7;7;"48;0437120000";" -2;8966690000"
202200040841;21;8;2022;21:10;3;03;1;1;1;6;"46;2712000000";"3;7573000000"
202200040842;12;2;2022;16:22;1;68;1;1;1;6;"47;9817809545";"7;4435779169"
202200040843;14;6;2022;12:30;1;22;1;1;1;1;"48;8170730000";" -3;0190140000"
202200040844;22;8;2022;15:00;1;66;1;1;1;1;"42;5164990000";"3;0711150000"
202200040845;11;6;2022;10:34;1;60;2;6;1;3;"49;2063900000";"2;5895660000"
202200040846;24;2;2022;12:50;1;19;1;1;1;2;"45;1103607436";"1;5042729376"
202200040847;13;6;2022;18:30;1;13;1;1;1;2;"43;2849143710";"5;5246089399"
202200040848;24;2;2022;06:45;1;41;1;1;1;6;"47;6802340000";"1;4080410000"
202200040849;7;8;2022;20:15;1;50;2;2;1;1;"49;2408510000";" -1;3202480000"