Accident_Id;jour;mois;an;hrmn;lum;dep;agg;int;atm;col;lat;long
202200040850;14;6;2022;04:35;5;13;1;1;1;6;"43;2995000000";"5;3635800000"
202200040851;24;2;2022;18:45;3;60;1;1;8;1;"49;2874730000";"2;9671240000"
202200040852;22;8;2022;11:30;1;64;1;1;2;1;"43;3768870000";" -1;5634060000"
202200040853;24;2;2022;19:15;3;85;1;1;1;6;"46;8354920000";" -0;9435580000"
202200040854;14;6;2022;00:23;3;13;1;1;1;3;"43;4059000000";"5;2933400000"
202200040855;21;8;2022;06:45;2;16;2;1;1;6;"45;8965980000";" -0;0035300000"
202200040856;13;6;2022;18:10;1;69;1;1;1;2;"45;5887500000";"4;8124600000"
202200040857;25;2;2022;08:50;1;41;1;2;7;3;"47;7525400000";"1;1134280000"
202200040858;14;6;2022;08:00;1;67;1;1;1;3;"48;5890280000";"7;7306990000"
202200040859;25;2;2022;09:30;1;23;1;1;1;7;"46;3259864271";"1;6707070560"
202200040860;13;6;2022;16:55;1;59;1;1;1;4;"50;5890800000";"3;0964100000"
202200040861;25;2;2022;08:20;1;51;1;1;1;4;"49;3097360000";"4;0247400000"
202200040862;23;2;2022;18:11;1;56;1;6;1;7;"47;6386250000";" -3;0486200000"
202200040863;13;6;2022;16:13;1;59;1;1;1;5;"50;6712200000";"3;1146400000"
202200040864;25;2;2022;17:05;1;82;1;1;1;6;"44;1699282823";"1;3733929396"
202200040865;20;8;2022;02:45;5;07;2;1;1;7;"44;3793870000";"4;2671871000"
202200040866;10;6;2022;15:45;1;59;1;1;1;3;"50;6215400000";"3;0827700000"
202200040867;25;2;2022;11:22;1;65;1;1;8;6;"43;1849330000";"0;4466630000"
202200040868;24;2;2022;15:45;1;65;2;1;1;6;"42;8952980000";" -0;1152680000"
202200040869;14;6;2022;06:55;1;91;1;1;1;3;"48;6607400000";"2;3714200000"
202200040870;22;8;2022;15:34;1;21;1;1;1;7;"47;9292400000";"4;3506500000"
202200040871;14;6;2022;01:02;3;91;1;1;1;7;"48;7098230000";"2;3074490000"
202200040872;25;2;2022;05:30;3;71;1;1;1;6;"46;8429480000";"4;8984620000"
202200040873;13;6;2022;18:15;1;91;1;1;1;4;"48;6219400000";"2;2785300000"
202200040874;25;2;2022;15:50;1;63;2;1;1;2;"45;8927410000";"3;2246110000"
202200040875;14;6;2022;10:00;5;92;1;1;1;2;"48;8934770765";"2;1888457004"
202200040876;24;2;2022;13:50;1;61;1;1;1;2;"48;5199590000";"0;9389880000"
202200040877;13;6;2022;15:30;1;78;1;1;1;6;"48;8018500000";"2;0474400000"
202200040878;21;8;2022;15:50;1;04;1;1;1;3;"43;9928340000";"5;7378940000"
202200040879;24;2;2022;19:20;2;47;1;3;1;4;"44;4081100000";"0;5739500000"
202200040880;14;6;2022;21:20;1;93;1;1;1;1;"48;9281200000";"2;4112500000"
202200040881;14;6;2022;16:45;1;94;1;1;1;3;"48;8173161343";"2;4400966677"
202200040882;25;2;2022;12:20;1;35;1;3;7;2;"48;1861430000";" -2;1680670000"
202200040883;9;7;2022;23:30;3;85;1;1;1;6;"46;7021730000";" -0;8301540000"
202200040884;8;1;2022;20:00;3;73;2;1;4;6;"45;3764440000";"6;7196470000"
202200040885;24;2;2022;11:45;1;29;2;1;1;6;"48;6465530000";" -3;7165330000"
202200040886;21;8;2022;03:45;5;30;2;1;1;6;"43;5287660000";"4;1493560000"
202200040887;24;2;2022;17:55;2;70;1;1;1;1;"47;7548190000";"6;0975840000"
202200040888;11;1;2022;21:55;3;42;1;1;1;5;"45;4939900000";"4;5477200000"
202200040889;25;2;2022;01:18;3;26;1;1;1;6;"44;7153310000";"4;7730120000"
202200040890;13;6;2022;01:46;5;75;2;1;1;6;"48;8254470000";"2;4563100000"
202200040891;13;6;2022;08:15;1;93;2;3;1;6;"48;8934400000";"2;5223200000"
202200040892;22;8;2022;18:00;1;30;1;1;7;1;"43;6870000000";"4;2229000000"
202200040893;24;2;2022;16:00;1;66;1;1;1;5;"42;5145440000";"2;8304360000"
202200040894;13;6;2022;19:00;1;93;2;2;1;6;"48;9017630000";"2;4752280000"
202200040895;21;8;2022;01:10;5;30;2;1;1;6;"44;2692000000";"4;1954000000"
202200040896;23;2;2022;13:55;1;53;1;2;1;6;"48;4079960000";" -0;4968740000"
202200040897;13;6;2022;18:05;1;75;2;2;1;5;"48;8818850000";"2;3113000000"
202200040898;24;2;2022;12:30;1;17;2;9;1;3;"45;9395230000";" -1;3120990000"
202200040899;23;2;2022;15:50;1;987;2;1;7;1;" -17;6899310000";" -149;5483490000"
202200040900;10;6;2022;18:15;1;75;2;1;1;6;"48;8757660000";"2;2885120000"
202200040901;5;8;2022;12:30;1;973;2;1;1;5;"4;9232990000";" -52;2828040000"
202200040902;25;2;2022;08:30;1;13;1;1;1;3;"43;3784070000";"5;2249540000"
202200040903;13;6;2022;18:20;1;75;2;7;1;3;"48;8651100000";"2;3983280000"
202200040904;24;2;2022;07:58;1;37;1;3;1;3;"47;2297196491";"0;3308317065"
202200040905;13;6;2022;16:45;1;75;2;2;1;6;"48;8542810000";"2;4152550000"
202200040906;22;8;2022;12:20;1;53;1;1;8;7;"48;4746310000";" -0;2654710000"
202200040907;13;6;2022;07:55;1;75;2;7;1;7;"48;8646750000";"2;4087540000"
202200040908;18;2;2022;19:45;3;77;1;4;6;3;"49;0465390000";"2;6768290000"
202200040909;13;6;2022;17:40;1;75;2;1;1;3;"48;8928690000";"2;3780600000"
202200040910;21;8;2022;08:50;1;976;1;1;1;1;" -12;8365320000";"45;1448820000"
202200040911;25;2;2022;17:50;5;2A;2;1;1;1;"41;3900510000";"9;1698290000"
202200040912;13;6;2022;20:40;1;75;2;7;1;3;"48;8796780000";"2;2819310000"
202200040913;25;2;2022;00:30;3;11;1;1;1;6;"43;3245220000";"1;9343880000"
202200040914;13;6;2022;21:00;2;75;2;2;1;2;"48;8651540000";"2;2998710000"
202200040915;25;2;2022;09:50;1;13;2;1;1;6;"43;2870110000";"5;6228870000"
202200040916;24;2;2022;14:58;1;08;2;1;1;2;"49;6815940000";"4;9751280000"
202200040917;13;6;2022;09:20;1;75;2;3;1;2;"48;8346600000";"2;2619890000"
202200040918;18;8;2022;17:49;1;27;1;1;1;5;"49;3697430000";"0;7665110000"
202200040919;25;2;2022;14:40;1;42;2;1;1;6;"45;6051960000";"4;0683690000"
202200040920;13;6;2022;10:10;1;75;2;2;1;3;"48;8726659737";"2;2845768929"
202200040921;18;8;2022;15:50;1;37;1;1;1;1;"47;4332838899";"1;0290455818"
202200040922;24;2;2022;16:40;2;38;1;3;1;1;"45;5701930000";"4;8785360000"
202200040923;13;6;2022;18:55;1;75;2;1;1;3;"48;8300590000";"2;2946960000"
202200040924;25;2;2022;06:30;3;26;1;1;1;3;"44;6836800000";"5;6936570000"
202200040925;13;6;2022;09:00;1;75;2;2;1;3;"48;8387410000";"2;2697800000"
202200040926;24;2;2022;16:40;1;65;2;3;1;6;"43;0662030000";"0;1481060000"
202200040927;21;8;2022;12:45;1;77;2;2;1;1;"49;0755030000";"2;7873620000"
202200040928;24;2;2022;06:45;3;33;2;1;1;6;"44;8360990000";" -0;0058420000"
202200040929;13;6;2022;08:15;1;75;2;2;1;3;"48;8198540000";"2;3255140000"
202200040930;23;2;2022;15:15;1;44;2;1;1;3;"47;3102800000";" -2;1751600000"
202200040931;22;8;2022;08:00;1;77;1;1;1;6;"48;3651950000";"2;5173070000"
202200040932;13;6;2022;12:45;1;75;2;1;1;3;"48;8344440000";"2;3608280000"
202200040933;25;2;2022;09:40;1;60;2;1;1;6;"49;1964600000";"2;2067550000"
202200040934;13;6;2022;17:20;1;75;2;2;1;3;"48;8373070000";"2;3912090000"
202200040935;22;2;2022;16:30;1;59;2;1;1;6;"50;2620240000";"3;8385810000"
202200040936;16;2;2022;07:54;2;91;2;1;2;6;"48;6344010000";"2;4649500000"
202200040937;13;6;2022;16:40;1;75;2;2;1;6;"48;8206120000";"2;4453560000"
202200040938;13;6;2022;10:30;1;75;2;2;1;3;"48;8337390000";"2;3825290000"
202200040939;25;2;2022;16:35;1;59;2;1;1;6;"50;6117796896";"3;2511283904"
202200040940;21;8;2022;22:20;3;66;1;1;1;6;"42;6254760000";"3;0198880000"
202200040941;23;2;2022;18:47;3;13;2;1;1;2;"43;2943346700";"5;4599530289"
202200040942;13;6;2022;11:40;1;75;2;3;1;1;"48;8480180000";"2;3676690000"
202200040943;13;6;2022;17:40;1;75;2;3;1;3;"48;8559110000";"2;3832900000"
202200040944;23;2;2022;12:00;1;13;1;1;1;5;"43;3499483530";"5;3689039908"
202200040945;22;8;2022;10:30;1;30;1;1;7;1;"43;8782600000";"4;5035360000"
202200040946;13;6;2022;18:15;1;75;2;7;1;1;"48;8650710000";"2;3223290000"
202200040947;23;2;2022;04:50;3;13;1;1;1;2;"43;2945900000";"5;4607300000"
202200040948;12;6;2022;10:38;1;75;2;2;1;3;"48;8727500000";"2;3080800000"
202200040949;24;2;2022;09:00;1;38;1;2;1;6;"45;5348600000";"4;8721700000"
202200040950;13;6;2022;11:50;1;75;2;3;1;6;"48;8373780000";"2;2796340000"
202200040951;21;8;2022;06:05;3;11;1;1;1;7;"43;2515937575";"2;6760895572"
202200040952;24;2;2022;19:25;5;33;1;1;1;2;"44;8381940000";" -0;5010220000"
202200040953;13;6;2022;19:00;1;75;2;2;1;3;"48;8556630000";"2;3483200000"
202200040954;24;2;2022;16:45;1;91;1;1;1;4;"48;6318450000";"2;4007180000"
202200040955;11;6;2022;20:11;1;75;2;5;1;3;"48;8638610000";"2;3490420000"
202200040956;13;6;2022;15:40;1;94;2;1;1;6;"48;7516400000";"2;4476720000"
202200040957;24;2;2022;02:17;3;91;1;1;1;4;"48;6960500000";"2;3170800000"
202200040958;24;2;2022;07:43;1;92;1;1;1;3;"48;8357805479";"2;1815582884"
202200040959;13;6;2022;22:55;5;94;2;2;1;3;"48;8154800000";"2;4205600000"
202200040960;23;2;2022;21:45;3;93;1;1;1;6;"48;9214100000";"2;3759500000"
202200040961;13;6;2022;08:15;1;94;2;1;1;3;"48;8077900000";"2;4374200000"
202200040962;22;8;2022;12:10;1;34;2;2;1;3;"43;3572300000";"2;9417400000"
202200040963;23;2;2022;22:10;3;93;1;1;1;6;"48;9281900000";"2;4123300000"
202200040964;13;6;2022;13:45;1;94;2;2;1;3;"48;8068200000";"2;3750330000"
202200040965;23;2;2022;17:25;1;95;1;1;1;2;"49;0287705873";"2;5028014183"
202200040966;13;6;2022;08:25;1;94;2;1;7;3;"48;8114000000";"2;4024700000"
202200040967;23;2;2022;16:10;1;95;1;1;1;4;"49;0529400000";"2;1650900000"
202200040968;13;6;2022;21:55;5;94;2;7;1;3;"48;7626300000";"2;4786100000"
202200040969;19;8;2022;18:35;1;83;1;1;1;3;"43;2612300000";"6;5762080000"
202200040970;23;2;2022;08:40;1;93;1;1;1;3;"48;8722900000";"2;4339600000"
202200040971;11;6;2022;22:55;5;94;2;1;1;3;"48;8072347009";"2;5705794990"
202200040972;24;2;2022;08:00;1;94;1;1;1;2;"48;7871908518";"2;4402679311"
202200040973;12;6;2022;18:25;1;94;2;1;1;3;"48;7677500000";"2;5295100000"
202200040974;17;8;2022;11:25;1;05;1;1;1;1;"45;0538118470";"6;4025749506"
202200040975;7;2;2022;11:05;1;91;2;1;1;6;"48;6277300000";"2;4326100000"
202200040976;13;6;2022;16:45;1;93;2;1;1;6;"48;9460600000";"2;3502000000"
202200040977;23;2;2022;10:00;1;974;2;1;1;6;" -21;3372190000";"55;4751680000"
202200040978;13;6;2022;10:22;1;93;2;1;1;2;"48;9118300000";"2;3251300000"
202200040979;13;6;2022;08:02;1;93;2;3;1;3;"48;8933220229";"2;5222353637"
202200040980;23;2;2022;17:22;1;973;1;1;2;2;"4;9112648610";" -52;3262715340"
202200040981;21;8;2022;19:25;1;71;1;1;1;7;"46;5983580000";"4;9028580000"
202200040982;13;6;2022;19:10;1;93;2;1;1;3;"48;8541900000";"2;5323100000"
202200040983;23;2;2022;09:15;1;973;2;1;1;3;"4;9366100000";" -52;3144800000"
202200040984;23;2;2022;22:20;5;69;2;1;1;6;"45;7248700000";"4;8582000000"
202200040985;21;8;2022;11:10;1;68;1;1;1;3;"47;9100350000";"7;0497680000"
202200040986;13;6;2022;07:50;1;93;2;2;1;2;"48;8769300000";"2;5492500000"
202200040987;23;2;2022;21:45;5;69;2;1;1;6;"45;7849437138";"4;8517562430"
202200040988;13;6;2022;19:19;1;93;2;3;1;3;"48;9322900000";"2;4267100000"
202200040989;18;8;2022;21:00;3;69;1;1;1;6;"45;6974200000";"5;0709090000"
202200040990;23;2;2022;18:20;5;69;2;1;1;6;"45;7172215130";"4;8597671076"
202200040991;22;2;2022;09:17;1;2B;2;1;1;2;"42;6674000000";"9;4430000000"
202200040992;13;6;2022;18:35;1;93;2;1;1;5;"48;8991900000";"2;5419000000"
202200040993;21;8;2022;17:20;1;69;2;1;1;3;"45;7407610970";"4;7368135303"
202200040994;13;6;2022;17:30;1;93;2;2;1;3;"48;8872200000";"2;5515900000"
202200040995;23;2;2022;14:20;1;2A;2;2;1;3;"41;9323100000";"8;7406000000"
202200040996;22;8;2022;15:40;1;65;1;1;8;7;"42;9151540000";"0;2862880000"
202200040997;13;6;2022;08:00;1;93;2;3;1;6;"48;9140600000";"2;5491100000"
202200040998;23;2;2022;07:00;2;91;2;1;1;2;"48;7102600000";"2;3713000000"
202200040999;22;2;2022;16:08;1;87;2;1;1;3;"45;8403800000";"1;2347300000"
202200041000;22;8;2022;16:46;1;19;1;1;1;3;"45;1768530000";"1;6292220000"
202200041001;23;2;2022;17:05;1;83;1;1;1;6;"43;1207400000";"5;9313000000"
202200041002;12;6;2022;23:55;5;93;2;1;1;1;"48;9177435769";"2;4762684703"
202200041003;13;6;2022;07:30;1;93;2;1;1;6;"48;9054207695";"2;4393001199"
202200041004;23;2;2022;11:25;1;83;2;1;1;6;"43;1271100000";"5;9197900000"
202200041005;21;8;2022;16:45;1;33;1;1;1;2;"45;3685040000";" -0;8349820000"
202200041006;13;6;2022;18:15;1;93;2;1;1;6;"48;9504800000";"2;4467500000"
202200041007;18;2;2022;18:00;1;81;2;1;1;3;"44;0505050492";"2;1591016352"
202200041008;13;6;2022;07:30;1;93;2;1;1;3;"48;9403391211";"2;4445669056"
202200041009;16;2;2022;14:30;1;80;2;1;1;7;"49;8952600000";"2;3358900000"
202200041010;21;8;2022;18:40;1;50;1;3;2;6;"49;5595510000";" -1;6386630000"
202200041011;11;6;2022;22:50;5;93;2;6;1;3;"48;9501440000";"2;4664970000"
202200041012;22;8;2022;17:00;1;27;2;1;1;6;"49;3038320000";"1;1594650000"
202200041013;23;2;2022;16:20;1;77;1;6;1;3;"48;8453100000";"2;7454300000"
202200041014;13;6;2022;18:20;1;93;2;1;1;2;"48;9474312920";"2;5162369659"
202200041015;22;8;2022;18:45;1;59;1;2;7;3;"50;1227930000";"3;8935380000"
202200041016;23;2;2022;19:15;5;76;2;2;6;1;"49;5097000000";"1;0333600000"
202200041017;12;6;2022;16:15;1;93;2;3;1;3;"48;9181058983";"2;3694875836"
202200041018;23;2;2022;07:50;2;76;2;2;1;6;"49;4095000000";"1;0835400000"
202200041019;12;6;2022;10:50;1;93;2;2;1;6;"48;9053400000";"2;3872800000"
202200041020;21;8;2022;03:45;3;91;1;1;1;6;"48;6871000000";"2;3257700000"
202200041021;22;2;2022;16:35;1;72;2;3;1;3;"48;0039400000";"0;1898400000"
202200041022;13;6;2022;16:45;1;92;2;4;1;6;"48;8841233897";"2;2314722389"
202200041023;13;6;2022;11:50;1;92;2;1;1;1;"48;8828000000";"2;2479500000"
202200041024;22;2;2022;08:25;1;72;2;6;2;2;"48;0089600000";"0;2269500000"
202200041025;13;6;2022;19:37;1;92;2;2;1;3;"48;8844431175";"2;2690326869"
202200041026;20;8;2022;20:10;2;92;1;1;1;3;"48;8787808442";"2;2794623052"
202200041027;22;2;2022;17:15;2;67;2;1;1;6;"48;6026380000";"7;7458640000"
202200041028;13;6;2022;01:11;5;92;2;1;1;6;"48;8884706045";"2;2250506282"
202200041029;22;2;2022;08:30;1;67;2;8;1;3;"48;5612700000";"7;7515900000"
202200041030;13;6;2022;07:27;1;92;2;2;1;6;"48;8121466107";"2;3263136744"
202200041031;23;2;2022;16:45;1;64;2;1;1;7;"43;3090100000";" -0;3361600000"
202200041032;13;6;2022;14:30;1;92;2;1;1;3;"48;8964660622";"2;2960277795"
202200041033;21;8;2022;13:00;1;93;1;1;1;2;"48;9518200000";"2;4754700000"
202200041034;22;2;2022;17:20;1;64;2;3;7;3;"43;2989900000";" -0;3354400000"
202200041035;12;6;2022;19:45;1;92;2;1;1;6;"48;9141850000";"2;2998940000"
202200041036;23;2;2022;12:30;1;64;1;1;1;7;"43;4594900000";" -1;5541800000"
202200041037;12;6;2022;12:00;1;92;2;1;1;6;"48;9324710322";"2;2990685999"
202200041038;23;2;2022;08:49;1;57;2;9;1;6;"49;1016503882";"6;1987110972"
202200041039;22;2;2022;19:05;5;53;2;1;8;6;"48;0844500000";" -0;7523100000"
202200041040;9;6;2022;16:30;1;92;2;3;1;3;"48;9206553597";"2;2950947061"
202200041041;13;6;2022;11:55;1;92;2;1;1;6;"48;8937300000";"2;2408700000"
202200041042;23;2;2022;14:07;1;51;2;1;1;4;"49;2736300000";"4;0527100000"
202200041043;12;6;2022;19:27;1;92;2;1;1;6;"48;9148300000";"2;2287640000"
202200041044;23;2;2022;09:12;1;51;2;1;1;7;"49;2538000000";"4;0626800000"
202200041045;20;8;2022;19:00;1;93;1;1;1;4;"48;8754700000";"2;4408700000"
202200041046;13;6;2022;11:28;1;92;2;1;1;3;"48;9020100000";"2;3046410000"
202200041047;23;2;2022;20:40;5;51;2;2;1;3;"48;9486300000";"4;3401400000"
202200041048;23;2;2022;08:10;1;49;2;1;1;3;"47;4744589340";" -0;5520468950"
202200041049;12;6;2022;10:05;1;92;2;1;1;1;"48;7991004131";"2;2668563425"
202200041050;21;8;2022;18:00;1;77;1;1;1;2;"48;7927270820";"2;6191989810"
202200041051;22;2;2022;16:30;1;49;2;6;1;2;"47;4721200000";" -0;5854800000"
202200041052;13;6;2022;18:40;1;92;2;1;1;6;"48;7670400000";"2;2672400000"
202200041053;20;8;2022;23:20;3;77;1;1;1;6;"48;6443300000";"2;6237300000"
202200041054;23;2;2022;08:10;1;45;2;1;1;6;"47;9542299508";"1;8885460496"
202200041055;13;6;2022;08:30;1;92;2;1;1;2;"48;9083721431";"2;2871807813"
202200041056;22;2;2022;21:47;5;45;2;1;2;6;"47;9242259614";"1;8970432878"
202200041057;20;8;2022;09:45;1;77;1;1;1;2;"48;6883672968";"2;5961063254"
202200041058;11;6;2022;19:40;1;92;2;1;1;2;"48;9205523642";"2;3168183863"
202200041059;19;8;2022;17:00;1;27;2;1;1;6;"49;0459100000";"1;1668500000"
202200041060;23;2;2022;19:05;2;37;2;3;1;3;"47;4186393883";"0;6934294850"
202200041061;13;6;2022;21:30;1;35;2;1;1;6;"47;7796370000";" -2;0802940000"
202200041062;23;2;2022;16:25;1;37;2;1;1;1;"47;3973800000";"0;6764200000"
202200041063;20;8;2022;15:10;1;974;1;9;1;3;" -21;2779000000";"55;4676000000"
202200041064;23;2;2022;07:35;1;37;2;6;2;7;"47;4074608070";"0;6793311238"
202200041065;22;2;2022;20:00;5;33;2;7;1;6;"44;8314500000";" -0;5674300000"
202200041066;13;6;2022;18:40;1;33;1;1;1;6;"44;5612670000";" -0;3891260000"
202200041067;20;8;2022;17:05;1;974;2;1;1;2;" -20;8765900000";"55;4558300000"
202200041068;23;2;2022;14:00;1;31;2;1;1;2;"43;5770600000";"1;4080100000"
202200041069;13;6;2022;19:10;1;33;1;3;1;3;"44;5433830000";" -0;0354110000"
202200041070;23;2;2022;07:35;2;29;2;6;1;2;"48;4027020000";" -4;4668610000"
202200041071;13;6;2022;14:45;1;972;1;1;1;1;"14;6240530000";" -60;9145550000"
202200041072;16;8;2022;14:00;1;83;1;6;1;3;"43;4400000000";"6;7070000000"
202200041073;14;6;2022;07:30;1;67;1;1;1;6;"48;7505370000";"7;3388400000"
202200041074;23;2;2022;13:25;1;13;2;1;1;1;"43;3392700000";"5;4542100000"
202200041075;14;6;2022;17:49;1;65;1;2;1;3;"43;1952430000";"0;1748590000"
202200041076;23;2;2022;00:28;5;13;2;1;1;2;"43;2971400000";"5;3810600000"
202200041077;19;8;2022;09:44;1;77;1;6;1;3;"48;6237100000";"2;5621300000"
202200041078;14;6;2022;17:25;1;72;1;3;1;4;"47;9092400000";"0;1902100000"
202200041079;13;6;2022;14:25;1;43;1;1;1;2;"45;3031650000";"3;2487990000"
202200041080;20;8;2022;21:00;2;77;1;6;1;2;"48;4664400000";"2;6897800000"
202200041081;14;6;2022;07:20;1;71;1;3;1;3;"46;9644830000";"5;1749790000"
202200041082;20;8;2022;06:30;2;76;1;1;1;6;"49;3155000000";"0;9861000000"
202200041083;14;6;2022;08:22;1;71;2;4;1;3;"46;9471110000";"4;9087080000"
202200041084;13;6;2022;11:50;1;30;2;3;1;3;"44;0192680000";"4;4156240000"
202200041085;12;6;2022;05:45;1;66;2;1;1;6;"42;7774536520";"2;9158776999"
202200041086;20;8;2022;07:00;1;76;2;1;1;6;"49;4417800000";"1;0320300000"
202200041087;12;6;2022;22:20;5;57;2;1;1;6;"49;0221280000";"7;0379360000"
202200041088;14;6;2022;16:50;1;04;2;1;1;6;"44;4292210000";"6;4317980000"
202200041089;13;6;2022;14:20;1;56;2;6;1;3;"47;7795000000";" -3;4090500000"
202200041090;14;6;2022;18:00;1;76;1;1;1;1;"49;7870070000";"0;6473030000"
202200041091;20;8;2022;08:55;1;72;2;9;1;3;"47;9679900000";"0;2037000000"
202200041092;13;6;2022;08:00;2;76;1;1;1;1;"49;7049650000";"0;9853680000"
202200041093;14;6;2022;07:35;1;76;1;2;1;2;"49;5934800000";"1;0495160000"
202200041094;20;8;2022;10:20;1;71;2;1;1;7;"46;7848900000";"4;4258900000"
202200041095;14;6;2022;17:30;1;2A;1;1;1;6;"41;9550780000";"8;8118930000"
202200041096;14;6;2022;07:45;1;2A;1;3;1;3;"41;9786110000";"8;8313930000"
202200041097;14;6;2022;10:20;1;80;1;1;1;6;"49;9237840000";"2;3788470000"
202200041098;13;6;2022;16:23;1;63;1;1;1;6;"46;1947040514";"2;7570142921"
202200041099;14;6;2022;15:00;1;49;1;1;7;6;"47;3829960000";" -0;0846400000"
202200041100;13;6;2022;12:15;1;25;1;1;1;3;"47;0030700000";"6;4623430000"
202200041101;20;8;2022;08:20;1;69;2;1;1;6;"46;0018880202";"4;6962851286"
202200041102;12;6;2022;16:15;1;44;1;1;7;1;"47;4320070000";" -2;3113350000"
202200041103;5;4;2022;12:05;1;13;1;1;1;6;"43;2879800000";"5;5447800000"
202200041104;14;6;2022;15:00;1;35;1;1;1;1;"48;1304870000";" -2;1455960000"
202200041105;14;6;2022;00:30;3;35;1;1;1;6;"48;2076142693";" -2;0466408134"
202200041106;5;4;2022;15:30;1;13;1;1;1;1;"43;5117400000";"5;4210800000"
202200041107;2;4;2022;18:10;1;11;2;1;1;6;"43;1856400000";"2;9935500000"
202200041108;13;6;2022;15:10;1;29;1;2;1;6;"48;5087440000";" -4;4617470000"
202200041109;20;8;2022;06:00;5;64;2;3;1;3;"43;3562200000";" -1;7773000000"
202200041110;1;4;2022;14:05;1;11;2;3;1;3;"43;1837900000";"3;0022400000"
202200041111;14;6;2022;20:18;1;38;1;1;1;7;"45;3245360000";"5;0673690000"
202200041112;5;4;2022;08:40;1;09;2;3;7;1;"42;9654014287";"1;6011158377"
202200041113;5;4;2022;20:55;5;06;2;9;1;6;"43;7000660000";"7;2939790000"
202200041114;20;8;2022;14:15;1;64;2;1;1;3;"43;3811954487";" -1;6418957412"
202200041115;5;4;2022;11:32;1;06;2;8;1;6;"43;6922280000";"7;2475190000"
202200041116;4;4;2022;07:00;1;06;2;3;1;3;"43;6593060000";"7;1666910000"
202200041117;20;8;2022;18:09;1;64;2;1;1;2;"43;3352800000";" -0;4354000000"
202200041118;4;4;2022;16:20;1;75;2;1;1;4;"48;8161200000";"2;3599110000"
202200041119;5;4;2022;12:15;1;75;2;1;8;3;"48;8779706984";"2;2873992231"
202200041120;20;8;2022;11:40;1;64;2;6;1;3;"43;3007108333";" -0;4100829363"
202200041121;4;4;2022;11:05;1;75;2;3;1;3;"48;8287550000";"2;3166090000"
202200041122;5;4;2022;13:20;1;75;2;2;1;2;"48;8504706394";"2;3905795437"
202200041123;5;4;2022;06:00;5;75;2;7;2;6;"48;8534655958";"2;3695595214"
202200041124;5;4;2022;20:00;1;75;2;7;1;3;"48;8658650000";"2;3199060000"
202200041125;4;4;2022;17:50;1;94;2;3;1;6;"48;8000200000";"2;3807600000"
202200041126;1;4;2022;20:15;5;94;2;1;1;3;"48;8185400000";"2;4003100000"
202200041127;5;4;2022;14:30;1;94;2;1;1;6;"48;7601900000";"2;3190100000"
202200041128;5;4;2022;08:00;1;94;2;3;2;7;"48;7252800000";"2;5700600000"
202200041129;4;4;2022;15:08;1;93;2;7;1;3;"48;9296520000";"2;3565280000"
202200041130;5;4;2022;17:46;1;93;2;9;8;3;"48;9055570000";"2;3941680000"
202200041131;5;4;2022;16:00;1;93;2;3;2;1;"48;8941300000";"2;3987020000"
202200041132;5;4;2022;19:00;1;93;2;1;1;6;"48;9627200000";"2;2965800000"
202200041133;5;4;2022;11:45;1;93;2;3;2;2;"48;9271700000";"2;4175400000"
202200041134;5;4;2022;07:20;2;93;2;2;2;3;"48;9401400000";"2;4625000000"
202200041135;4;4;2022;22:10;5;93;2;1;1;3;"48;9122900000";"2;4013600000"
202200041136;5;4;2022;19:40;1;92;2;1;1;6;"48;8207758178";"2;3120118678"
202200041137;31;10;2022;18:20;3;39;1;1;1;1;"47;0196910000";"5;6493540000"
202200041138;4;4;2022;12:50;1;92;2;1;1;7;"48;8189471243";"2;2857639044"
202200041139;12;10;2022;17:40;1;39;1;1;1;2;"47;0508370000";"5;4331930000"
202200041140;5;4;2022;19:10;1;92;2;2;1;3;"48;8368328625";"2;1458765119"
202200041141;1;11;2022;16:03;1;02;1;1;1;6;"49;4701040000";"3;2225130000"
202200041142;30;3;2022;17:20;1;92;2;3;1;3;"48;9241500000";"2;3198300000"
202200041143;5;4;2022;07:20;2;92;2;1;8;3;"48;9068605023";"2;3006961644"
202200041144;5;4;2022;09:40;1;92;2;2;8;6;"48;8350099632";"2;2412702143"
202200041145;5;4;2022;15:20;1;92;2;1;1;3;"48;9108800000";"2;2949400000"
202200041146;31;10;2022;19:25;3;06;2;1;1;3;"43;7310710000";"7;3763240000"
202200041147;5;4;2022;19:30;3;974;1;1;1;1;" -21;0732180000";"55;3095960000"
202200041148;1;11;2022;13:30;1;50;1;2;2;3;"48;6089090000";" -1;1080420000"
202200041149;16;10;2022;19:40;3;60;1;1;1;6;"49;3296950000";"2;6434350000"
202200041150;30;10;2022;16:35;1;24;1;1;1;6;"45;4999400000";"1;0850290000"
202200041151;5;4;2022;14:45;1;972;2;1;1;1;"14;4729130000";" -60;8695470000"
202200041152;28;10;2022;16:10;1;24;1;3;1;3;"45;4269500000";"0;6496520000"
202200041153;6;4;2022;11:45;1;21;1;1;1;7;"47;2295101897";"4;5861268044"
202200041154;29;10;2022;14:55;1;85;2;6;1;2;"46;8419250000";" -1;8746480000"
202200041155;5;4;2022;22:15;3;21;1;1;1;2;"47;2455000000";"4;5737000000"
202200041156;1;11;2022;11:00;1;27;2;1;1;2;"49;3512270000";"1;4384690000"
202200041157;6;4;2022;11:30;1;67;1;1;1;6;"48;7679290000";"7;9835840000"