Accident_Id;jour;mois;an;hrmn;lum;dep;agg;int;atm;col;lat;long
202200041158;1;11;2022;10:10;1;01;1;1;2;1;"46;0363878629";"5;3373411298"
202200041159;5;4;2022;19:30;2;34;2;9;1;6;"43;5713153821";"3;8446594490"
202200041160;1;11;2022;12:38;1;74;1;1;8;1;"45;8782680000";"6;0327820000"
202200041161;5;4;2022;16:15;1;56;1;2;1;6;"47;7003900000";" -3;1050750000"
202200041162;31;10;2022;12:45;1;68;1;9;1;6;"47;5896030000";"7;5476830000"
202200041163;6;4;2022;16:55;1;74;1;1;1;5;"45;9700340000";"6;6302490000"
202200041164;6;4;2022;15:15;1;77;1;3;1;6;"48;6734110000";"3;1196180000"
202200041165;5;4;2022;09:55;1;80;1;1;2;1;"49;7606080000";"2;9451300000"
202200041166;31;10;2022;18:10;4;76;1;1;3;5;"49;3383220000";"0;9778260000"
202200041167;5;4;2022;17:23;1;63;2;1;1;6;"45;8602430000";"3;5375600000"
202200041168;31;10;2022;18:30;5;987;2;1;2;6;" -17;5303520000";" -149;5408970000"
202200041169;1;11;2022;15:40;1;976;2;1;1;6;" -12;7889200000";"45;2726630000"
202200041170;6;4;2022;16:00;1;63;1;1;8;1;"46;0953020000";"2;9346800000"
202200041171;1;4;2022;18:24;1;29;1;1;1;6;"48;5358250000";" -4;4275330000"
202200041172;31;10;2022;19:10;5;13;2;1;1;3;"43;3720550000";"5;2618340000"
202200041173;6;4;2022;19:00;1;29;2;3;1;3;"47;8141511934";" -4;3349372148"
202200041174;20;10;2022;09:40;1;45;1;2;1;5;"48;1312280000";"2;3309440000"
202200041175;31;10;2022;17:30;2;95;1;1;1;6;"49;0136794011";"2;3337452223"
202200041176;5;4;2022;12:30;1;38;2;4;1;2;"45;5138430000";"5;5971100000"
202200041177;1;11;2022;16:40;1;2B;2;1;1;7;"42;5646020000";"9;4382480000"
202200041178;6;4;2022;21:00;5;26;2;1;2;1;"44;7499830000";"5;3737680000"
202200041179;31;10;2022;20:40;5;30;2;7;1;3;"43;8186860000";"4;4729640000"
202200041180;6;4;2022;13:30;1;72;1;1;1;3;"47;8789800000";"0;0268500000"
202200041181;22;10;2022;20:00;5;34;2;6;1;6;"43;6419470000";"3;9434110000"
202200041182;5;4;2022;18:15;1;60;1;1;1;3;"49;3867220000";"1;9411170000"
202200041183;1;11;2022;04:34;5;84;1;9;2;3;"43;9801280000";"4;8820170000"
202200041184;1;11;2022;16:40;2;89;1;1;1;3;"47;9861630000";"3;4556750000"
202200041185;29;3;2022;13:30;1;21;1;3;8;6;"47;3807350000";"5;0335840000"
202200041186;31;10;2022;18:10;5;57;2;1;1;6;"49;2107790000";"6;7148640000"
202200041187;5;4;2022;23:59;5;37;2;4;2;6;"46;7880316713";"0;8788686991"
202200041188;26;3;2022;03:30;3;37;1;1;1;6;"47;5542070524";"0;5774903297"
202200041189;31;10;2022;09:10;5;01;2;1;1;2;"45;8262540000";"4;9628700000"
202200041190;5;4;2022;07:35;1;01;2;1;1;7;"46;3021910000";"4;9038610000"
202200041191;20;10;2022;07:30;3;69;2;3;3;3;"45;6119610349";"4;8084095120"
202200041192;31;3;2022;20:00;1;14;1;1;1;2;"49;2490250000";"0;0118020000"
202200041193;1;11;2022;16:30;1;81;2;1;1;6;"43;8981360000";"1;9025910000"
202200041194;31;10;2022;09:55;1;65;2;1;1;2;"42;8751820000";" -0;0033210000"
202200041195;5;4;2022;08:15;1;30;1;1;1;6;"44;0572680000";"4;7676960000"
202200041196;31;10;2022;18:48;3;16;1;1;1;6;"45;7276860000";" -0;3548670000"
202200041197;19;3;2022;18:00;1;77;2;1;1;6;"48;9005660000";"2;8121570000"
202200041198;31;10;2022;18:50;3;33;2;9;2;1;"44;8656900000";" -0;7132420000"
202200041199;3;4;2022;16:30;1;83;1;3;1;3;"43;6067214740";"6;7019752264"
202200041200;24;3;2022;08:00;1;13;1;9;1;3;"43;5046750000";"5;6390330000"
202200041201;1;11;2022;01:50;3;60;1;1;2;6;"49;2347650000";"2;5343470000"
202200041202;1;11;2022;14:15;1;80;2;1;1;7;"50;1643640000";"1;6391300000"
202200041203;5;4;2022;22:20;3;71;1;1;1;6;"46;3002200000";"3;9865350000"
202200041204;1;4;2022;08:40;1;57;1;1;1;6;"49;0627740000";"6;8133900000"
202200041205;31;10;2022;11:47;1;33;1;1;1;4;"44;8801530938";" -0;5383998156"
202200041206;31;10;2022;12:10;1;94;1;1;1;4;"48;7708039771";"2;3457780294"
202200041207;5;4;2022;19:15;2;32;1;1;1;7;"43;6722950000";"0;5685850000"
202200041208;29;10;2022;22:52;3;78;1;1;1;2;"48;9311000000";"1;9791100000"
202200041209;31;10;2022;13:00;1;95;1;1;1;6;"49;0528123338";"2;5480138414"
202200041210;6;4;2022;12:05;1;02;2;1;1;3;"48;9788230000";"3;2364770000"
202200041211;31;10;2022;00:50;3;95;1;1;1;2;"48;9630455678";"2;2651925683"
202200041212;4;4;2022;14:10;1;59;1;1;2;2;"50;6228700000";"2;9635200000"
202200041213;30;10;2022;09:50;1;64;2;1;1;2;"43;3861700000";" -1;6530800000"
202200041214;5;4;2022;18:09;1;91;1;1;8;2;"48;6733300000";"2;3433800000"
202200041215;30;10;2022;11:45;1;974;2;1;1;3;" -20;9752500000";"55;6458300000"
202200041216;5;4;2022;08:17;1;94;1;1;2;3;"48;7717255413";"2;3456940386"
202200041217;30;10;2022;18:45;2;69;2;1;1;3;"45;7418800000";"4;8338800000"
202200041218;5;4;2022;14:30;1;78;1;1;2;2;"48;7985240000";"2;0037670000"
202200041219;30;10;2022;11:20;1;972;2;1;8;6;"14;6304700000";" -61;0724300000"
202200041220;5;4;2022;12:10;1;95;1;1;2;2;"48;9625200000";"2;2662900000"
202200041221;30;10;2022;11:15;1;69;2;3;1;6;"45;7701900000";"4;8358800000"
202200041222;4;4;2022;10:53;1;95;1;1;1;5;"49;0658436171";"2;4066066742"
202200041223;29;10;2022;15:45;1;69;2;1;1;3;"45;7443072771";"4;8222631216"
202200041224;30;10;2022;12:24;1;2B;2;1;1;3;"42;6766200000";"9;4356700000"
202200041225;5;4;2022;19:20;1;77;1;1;1;5;"48;9734200000";"2;5895100000"
202200041226;27;10;2022;11:00;1;971;2;9;1;3;"15;9927700000";" -61;7241500000"
202200041227;5;4;2022;18:00;1;94;1;1;1;3;"48;8180000000";"2;4123100000"
202200041228;5;4;2022;09:40;1;94;1;1;2;2;"48;8173704442";"2;4286139539"
202200041229;30;10;2022;23:00;5;91;2;3;1;3;"48;6996100000";"2;3718500000"
202200041230;4;4;2022;09:45;1;27;2;1;1;6;"49;0261500000";"1;1485700000"
202200041231;30;10;2022;11:50;1;83;1;1;1;2;"43;1367500000";"6;0029000000"
202200041232;3;4;2022;07:50;1;77;2;1;1;6;"48;8731300000";"2;7259500000"
202200041233;30;10;2022;19:09;3;83;1;1;1;3;"43;1765900000";"6;1178000000"
202200041234;2;4;2022;23:00;4;78;2;2;1;2;"48;9414000000";"2;0323000000"
202200041235;4;4;2022;16:09;1;974;1;1;2;6;" -20;9266000000";"55;4733600000"
202200041236;4;4;2022;07:40;1;974;2;1;8;6;" -20;8894000000";"55;4230000000"
202200041237;29;10;2022;17:30;1;77;2;1;1;1;"48;8716900000";"2;7642400000"
202200041238;1;4;2022;19:15;5;974;2;5;3;3;" -20;8898100000";"55;4639600000"
202200041239;30;10;2022;10:40;1;77;2;3;1;3;"48;4023900000";"2;6902000000"
202200041240;4;4;2022;12:23;1;69;1;5;1;3;"45;7299700000";"4;8380400000"
202200041241;29;10;2022;14:15;1;73;2;1;1;4;"45;6620500000";"6;3731300000"
202200041242;3;4;2022;06:30;5;69;2;2;1;3;"45;7728186422";"4;8465392712"
202200041243;31;10;2022;00:45;5;69;2;1;1;6;"45;7652500000";"4;8697400000"
202200041244;3;4;2022;03:20;5;972;1;1;2;6;"14;6184300000";" -61;0251400000"
202200041245;29;10;2022;17:00;1;69;2;1;1;6;"45;7855093342";"4;9294227362"
202200041246;30;10;2022;15:50;1;69;2;3;1;3;"45;7190000000";"4;9309000000"
202200041247;3;4;2022;03:40;4;972;1;1;1;4;"14;6184130000";" -61;0245260000"
202200041248;4;4;2022;11:40;1;69;2;1;1;1;"45;7796500000";"4;7996100000"
202200041249;30;10;2022;18:50;5;64;1;1;1;4;"43;3486400000";" -0;3799800000"
202200041250;2;4;2022;19:20;3;971;1;9;1;6;"16;2515800000";" -61;5212100000"
202200041251;30;10;2022;05:25;5;64;2;1;1;6;"43;4960500000";" -1;4815800000"
202200041252;3;4;2022;23:05;5;971;2;1;1;6;"15;9903746136";" -61;7278218269"
202200041253;30;10;2022;02:25;4;62;2;4;1;6;"50;5130423646";"2;8561267555"
202200041254;30;10;2022;02:25;5;59;2;1;1;6;"50;7034000000";"3;1621000000"
202200041255;4;4;2022;19:40;1;95;2;3;1;3;"48;9573590000";"2;2874630000"
202200041256;30;10;2022;02:25;5;59;2;1;1;6;"50;1907300000";"3;1661400000"
202200041257;4;4;2022;08:30;1;91;2;9;1;6;"48;6528800000";"2;3147900000"
202200041258;27;10;2022;14:25;1;57;2;1;1;3;"49;1041810005";"6;7048449442"
202200041259;4;4;2022;16:05;1;91;2;9;2;6;"48;7323900000";"2;2928500000"
202200041260;30;10;2022;09:00;1;54;2;1;1;6;"48;7165728430";"6;1842191219"
202200041261;29;10;2022;22:07;3;54;1;1;1;6;"49;2426270000";"5;9661720000"
202200041262;24;3;2022;17:30;1;89;2;3;1;3;"47;8000000000";"3;5019800000"
202200041263;29;10;2022;16:40;1;53;1;3;1;3;"48;0997300000";" -0;6854400000"
202200041264;1;4;2022;07:40;2;80;2;1;4;1;"49;8866300000";"2;2793100000"
202200041265;29;10;2022;16:00;1;51;2;1;1;7;"49;2332176878";"4;0314379334"
202200041266;31;3;2022;16:15;1;80;2;1;1;2;"49;8963990909";"2;2941899299"
202200041267;30;10;2022;21:18;3;50;1;2;1;3;"48;8245900000";" -1;5580900000"
202200041268;4;4;2022;08:05;1;79;2;1;1;7;"46;3226700000";" -0;4718500000"
202200041269;29;10;2022;17:07;1;47;1;1;7;2;"44;1958300000";"0;6739800000"
202200041270;4;4;2022;08:49;1;78;2;3;1;1;"48;8800690000";"2;1102980000"
202200041271;29;10;2022;16:35;1;45;2;3;1;1;"47;9195300000";"1;9643100000"
202200041272;9;2;2022;17:00;1;78;1;9;1;3;"49;0072000000";"2;0853200000"
202200041273;30;10;2022;10:40;1;45;2;1;1;6;"48;0114210000";"2;7198420000"
202200041274;2;4;2022;13:40;1;76;1;1;2;3;"49;5289800000";"0;1341900000"
202200041275;3;4;2022;13:20;1;76;2;1;1;6;"49;5001000000";"0;1598200000"
202200041276;30;10;2022;18:15;2;44;2;1;2;5;"47;1895940000";" -1;4812600000"
202200041277;4;4;2022;08:55;1;71;2;6;1;6;"46;8006700000";"4;4384600000"
202200041278;28;10;2022;16:35;1;44;1;1;1;4;"47;1919400000";" -1;6135200000"
202200041279;4;4;2022;08:25;2;69;2;2;1;6;"45;9822100000";"4;6819600000"
202200041280;29;10;2022;10:20;1;42;1;1;1;6;"45;4762800000";"4;3458600000"
202200041281;4;4;2022;07:50;1;66;1;1;1;3;"42;6626400000";"2;9212700000"
202200041282;27;3;2022;15:35;1;59;2;2;1;3;"50;6304400000";"3;0346500000"
202200041283;31;3;2022;13:29;1;56;2;1;1;3;"47;7482000000";" -3;3644300000"
202200041284;29;10;2022;23:45;3;29;1;1;1;4;"48;0215000000";" -4;0833700000"
202200041285;31;3;2022;12:20;1;56;2;1;1;6;"47;8216300000";" -3;2884700000"
202200041286;29;10;2022;17:10;1;29;2;1;1;7;"47;9848343262";" -4;1304132569"
202200041287;2;4;2022;15:50;1;56;1;1;1;1;"47;7384900000";" -3;4091100000"
202200041288;30;10;2022;13:15;1;22;1;1;1;7;"48;5448750000";" -2;8229930000"
202200041289;30;10;2022;11:45;1;16;2;1;8;7;"45;6871500000";" -0;3175600000"
202200041290;3;4;2022;21:10;5;48;2;2;1;3;"44;5179200000";"3;5015100000"
202200041291;4;4;2022;17:50;1;45;2;2;1;3;"47;8443900000";"1;9203300000"
202200041292;30;10;2022;02:45;5;13;1;1;1;6;"43;2764359456";"5;3949498049"
202200041293;4;4;2022;09:45;1;38;2;1;1;6;"45;1810236802";"5;7238281579"
202200041294;30;10;2022;16:20;1;13;2;2;1;3;"43;2857400000";"5;3926800000"
202200041295;4;4;2022;10:15;1;37;2;1;1;6;"47;3638600000";"0;6859200000"
202200041296;30;10;2022;18:00;5;13;2;1;1;6;"43;1824000000";"5;6147400000"
202200041297;4;4;2022;16:30;1;33;2;2;1;3;"44;8283519008";" -0;5796709657"
202200041298;30;10;2022;11:00;1;13;1;1;1;2;"43;6606400000";"4;6413100000"
202200041299;3;4;2022;05:40;5;33;2;1;1;6;"44;8370100000";" -0;5493300000"
202200041300;30;10;2022;14:20;1;07;1;1;1;6;"44;9094400000";"4;8645300000"
202200041301;3;4;2022;22:30;5;31;2;3;1;3;"43;6111700000";"1;4210400000"
202200041302;30;10;2022;09:10;1;05;2;3;1;7;"44;5632800000";"6;0838400000"
202200041303;30;10;2022;18:02;5;04;2;9;1;7;"44;0954000000";"6;2412000000"
202200041304;3;4;2022;20:40;5;25;2;3;8;6;"46;9031300000";"6;3586600000"
202200041305;26;10;2022;09:00;1;75;2;4;1;3;"48;8267330000";"2;3899120000"
202200041306;4;4;2022;15:10;1;22;2;1;1;7;"48;5072100000";" -2;7509000000"
202200041307;4;4;2022;12:30;1;22;1;3;1;3;"48;4903500000";" -2;6814200000"
202200041308;28;10;2022;22:55;5;75;2;2;1;3;"48;8894960000";"2;3495910000"
202200041309;4;4;2022;07:45;1;13;1;1;1;1;"43;3924800000";"5;1804500000"
202200041310;29;10;2022;04:25;5;75;2;4;1;3;"48;8918680000";"2;3351480000"
202200041311;2;4;2022;01:00;5;13;1;1;1;1;"43;4264200000";"4;9717900000"
202200041312;30;10;2022;17:45;5;75;2;3;1;4;"48;8648500000";"2;3998700000"
202200041313;4;4;2022;18:30;1;13;2;1;1;1;"43;2782500000";"5;4386100000"
202200041314;30;10;2022;15:15;1;75;2;2;1;2;"48;8784110000";"2;3742600000"
202200041315;2;4;2022;16:10;1;13;2;4;6;3;"43;3206200000";"5;3629200000"
202200041316;30;10;2022;08:30;5;75;2;3;1;6;"48;8901820000";"2;3602080000"
202200041317;4;4;2022;21:30;5;13;2;2;1;3;"43;5321800000";"5;4374300000"
202200041318;29;10;2022;19:40;5;75;2;5;1;3;"48;9009720000";"2;3301270000"
202200041319;3;4;2022;21:25;3;05;2;6;1;7;"44;5652100000";"6;0603800000"
202200041320;2;4;2022;17:30;1;05;2;1;1;3;"44;5482300000";"6;0606100000"
202200041321;25;10;2022;18:00;2;75;2;5;1;3;"48;8513480000";"2;2784900000"
202200041322;4;4;2022;06:50;1;75;2;1;1;3;"48;8369800000";"2;2554620000"
202200041323;30;10;2022;00:36;5;75;2;3;1;6;"48;8383640000";"2;3223510000"
202200041324;4;4;2022;06:45;2;75;2;2;1;3;"48;8481040000";"2;3279220000"
202200041325;30;10;2022;11:10;1;75;2;1;1;6;"48;8349750000";"2;3593200000"
202200041326;4;4;2022;18:10;1;75;2;7;1;5;"48;9001540000";"2;3875470000"
202200041327;30;10;2022;12:30;1;75;2;3;1;3;"48;8667430000";"2;3668050000"
202200041328;4;4;2022;09:32;1;75;2;2;1;3;"48;8923360000";"2;3715600000"
202200041329;30;10;2022;18:20;5;93;2;3;2;3;"48;9671700000";"2;5426800000"
202200041330;4;4;2022;06:54;2;75;2;2;1;3;"48;8860160000";"2;3981880000"
202200041331;30;10;2022;14:40;1;93;2;2;1;3;"48;8913600000";"2;5152700000"
202200041332;4;4;2022;19:10;2;75;2;1;1;3;"48;8849520000";"2;3494910000"
202200041333;28;10;2022;12:04;1;93;2;2;1;3;"48;8571800000";"2;4410400000"
202200041334;4;4;2022;18:40;1;75;2;3;1;2;"48;8934200000";"2;3275800000"
202200041335;30;10;2022;12:30;1;93;2;2;1;3;"48;9260000000";"2;5450000000"
202200041336;4;4;2022;14:20;1;75;2;5;2;6;"48;8916550000";"2;3349640000"
202200041337;30;10;2022;14:18;1;92;2;3;1;3;"48;8860000000";"2;1757000000"
202200041338;4;4;2022;17:30;1;75;2;2;1;3;"48;8832390000";"2;3253210000"
202200041339;29;10;2022;22:15;5;92;2;2;1;3;"48;9113100000";"2;2233700000"
202200041340;4;4;2022;14:30;1;75;2;3;1;3;"48;8645240000";"2;2665390000"
202200041341;28;10;2022;12:05;1;92;2;1;1;3;"48;8791876990";"2;2098792493"
202200041342;30;10;2022;20:33;3;92;2;6;1;1;"48;7876600000";"2;2347700000"
202200041343;4;4;2022;17:45;1;75;2;2;1;6;"48;8429960000";"2;3127950000"
202200041344;30;10;2022;04:15;5;92;2;1;1;6;"48;9118590000";"2;2411160000"
202200041345;29;10;2022;23:45;3;39;1;1;1;6;"46;5940240000";"5;9879730000"
202200041346;4;4;2022;14:30;1;75;2;3;8;5;"48;8778290000";"2;3616460000"
202200041347;7;10;2022;15:30;1;09;1;1;1;3;"43;1695750000";"1;3570260000"
202200041348;31;10;2022;15:30;1;68;1;1;1;6;"47;9372160000";"7;0967280000"
202200041349;4;4;2022;11:15;1;75;2;2;1;6;"48;8735970000";"2;3750720000"
202200041350;29;10;2022;22:30;4;33;2;1;1;1;"45;0131470000";" -0;0035200000"
202200041351;4;4;2022;11:30;1;75;2;2;1;3;"48;8585322925";"2;3482692987"
202200041352;3;4;2022;06:25;5;75;2;2;1;6;"48;8508110000";"2;3614330000"
202200041353;31;10;2022;16:10;1;81;1;3;1;3;"43;4944680000";"2;4267960000"
202200041354;30;10;2022;05:30;3;81;1;1;1;6;"43;9113740000";"2;0495510000"
202200041355;31;10;2022;11:22;1;68;2;1;1;3;"48;0960500000";"7;1937750000"
202200041356;3;4;2022;15:15;1;94;2;2;1;3;"48;7946113976";"2;4178462027"
202200041357;31;10;2022;09:10;1;42;2;1;7;6;"45;4834750000";"4;5744780000"
202200041358;31;10;2022;11:20;1;85;2;6;1;7;"46;8583720000";" -1;1734020000"
202200041359;4;4;2022;09:04;1;94;2;1;1;5;"48;7525266279";"2;3519883155"
202200041360;30;10;2022;22:25;4;30;1;1;1;1;"44;2152000000";"4;6331890000"
202200041361;22;3;2022;00:35;5;94;2;3;1;3;"48;7656200000";"2;3185500000"
202200041362;30;10;2022;16:50;1;34;2;1;1;1;"43;5661860000";"3;7321220000"
202200041363;3;4;2022;17:10;1;94;2;2;1;3;"48;7902100000";"2;5225700000"
202200041364;31;10;2022;10:15;1;30;1;2;1;3;"43;7423820000";"4;4910060000"
202200041365;3;4;2022;19:30;1;94;2;2;1;1;"48;8251400000";"2;4062000000"
202200041366;30;10;2022;11:00;1;51;1;6;1;3;"49;0538000000";"4;0423630000"
202200041367;4;4;2022;08:00;1;93;2;2;1;3;"48;9558330000";"2;5040140000"
202200041368;30;10;2022;21:35;5;65;2;1;1;6;"43;3176960000";"0;3673930000"
202200041369;4;4;2022;07:20;1;93;2;2;1;3;"48;8920100000";"2;4448740000"
202200041370;27;10;2022;15:10;1;65;1;1;1;1;"43;1928110000";" -0;0126180000"
202200041371;4;4;2022;08:20;1;93;2;2;1;3;"48;9180200000";"2;4076600000"
202200041372;30;10;2022;11:10;1;49;2;2;2;3;"47;3182610000";" -0;4080230000"
202200041373;4;4;2022;12:50;1;93;2;1;1;2;"48;9091131820";"2;5028234125"
202200041374;31;10;2022;06:10;2;42;1;1;1;7;"45;8850160000";"3;8865480000"
202200041375;4;4;2022;13:25;1;93;2;2;1;3;"48;9080500000";"2;4951600000"
202200041376;4;4;2022;09:45;1;93;2;1;1;3;"48;9044400000";"2;4194000000"
202200041377;29;10;2022;23:10;3;86;1;1;1;6;"46;7711190000";"0;0792650000"
202200041378;4;4;2022;11:10;1;92;2;1;1;2;"48;8450331691";"2;2202765644"
202200041379;30;10;2022;22:40;5;68;2;1;1;1;"47;5686290000";"7;1450190000"
202200041380;3;4;2022;02:20;5;92;2;1;1;6;"48;8389002885";"2;2489247024"
202200041381;30;10;2022;06:45;2;25;1;1;1;7;"46;8663950000";"6;2293370000"
202200041382;30;10;2022;21:45;5;03;2;3;1;3;"46;5369310000";"2;6196550000"
202200041383;4;4;2022;14:25;1;92;2;2;1;3;"48;9183470000";"2;2750630000"
202200041384;2;4;2022;16:53;1;92;2;1;1;3;"48;9098757170";"2;2949339747"
202200041385;22;10;2022;07:30;1;01;1;1;1;3;"46;3922110000";"4;9456500000"
202200041386;4;4;2022;13:25;1;95;2;1;1;2;"49;0288820000";"2;3547060000"
202200041387;29;10;2022;13:30;1;72;1;9;1;3;"47;9336690000";"0;5404540000"
202200041388;5;4;2022;16:20;1;02;1;1;1;6;"49;9944430000";"3;1847690000"
202200041389;5;4;2022;04:35;3;57;1;1;1;6;"48;8802680000";"6;7736080000"
202200041390;31;10;2022;04:20;4;45;1;1;1;2;"47;8155470000";"1;9274460000"
202200041391;22;10;2022;14:50;1;64;1;1;8;7;"42;9389670000";" -0;5994600000"
202200041392;5;4;2022;15:00;1;83;1;1;1;2;"43;4678550000";"6;7252740000"
202200041393;31;10;2022;12:30;1;73;2;1;1;6;"45;5949030000";"5;7712580000"
202200041394;5;4;2022;07:00;1;83;1;1;1;2;"43;2141341196";"6;0624589920"
202200041395;31;10;2022;15:30;1;18;2;1;1;-1;"46;9721340000";"2;5884430000"
202200041396;30;10;2022;17:00;2;18;1;1;1;7;"46;7497420000";"2;1566250000"
202200041397;4;4;2022;14:30;1;59;1;9;2;3;"51;0610030000";"2;5146680000"
202200041398;30;10;2022;17:15;1;07;1;1;1;7;"45;1526650000";"4;4702180000"
202200041399;4;4;2022;17:15;1;58;1;1;1;3;"47;2227890000";"3;0033340000"
202200041400;5;4;2022;10:00;1;62;1;1;2;7;"50;1985040000";"2;6380670000"
202200041401;29;10;2022;18:30;2;21;1;2;1;1;"46;9500890000";"4;6007860000"
202200041402;30;10;2022;15:05;1;24;1;1;1;7;"45;2726480000";"0;2425950000"
202200041403;4;4;2022;17:50;1;95;2;1;1;1;"48;9950020000";"2;4764300000"
202200041404;30;10;2022;19:30;5;85;2;6;8;6;"46;8554370000";" -1;8967830000"
202200041405;4;4;2022;16:30;1;82;2;1;1;3;"44;1556340000";"1;5262120000"
202200041406;31;10;2022;15:00;1;85;2;1;2;7;"46;7779780000";" -0;8416880000"
202200041407;5;4;2022;11:10;1;65;2;1;1;6;"42;9694480000";"0;3760670000"
202200041408;26;10;2022;19:15;3;85;1;6;1;6;"46;7078380000";" -0;8002210000"
202200041409;29;10;2022;12:25;1;17;1;2;1;3;"46;1754030000";" -0;8448310000"
202200041410;30;10;2022;17:25;2;87;1;1;1;1;"45;9851187000";"1;1572230000"
202200041411;30;10;2022;08:30;1;48;1;1;1;7;"44;5066980000";"3;3261860000"
202200041412;29;10;2022;23:00;4;08;2;1;1;6;"49;6538800000";"4;5346500000"
202200041413;31;10;2022;16:05;1;13;1;1;1;6;"43;5294470000";"5;2375390000"
202200041414;30;10;2022;15:45;1;33;1;1;1;2;"44;6156680000";" -1;1007680000"
202200041415;5;4;2022;12:15;1;63;1;1;1;6;"45;9217865403";"3;3388577700"
202200041416;3;4;2022;16:20;1;42;1;1;1;6;"46;1693490000";"4;2048760000"
202200041417;30;10;2022;17:22;2;66;1;1;1;7;"42;7774694020";"2;9040974379"
202200041418;1;4;2022;16:44;1;29;2;9;1;6;"48;5034270000";" -4;4275760000"
202200041419;27;10;2022;14:00;1;34;2;9;1;6;"43;6688150000";"4;1306390000"
202200041420;31;10;2022;07:40;1;83;1;1;1;6;"43;2694090000";"6;5410440000"
202200041421;5;4;2022;12:19;1;26;1;1;1;6;"44;6907380000";"5;4257600000"
202200041422;2;4;2022;11:40;1;04;2;9;1;3;"44;1017280000";"6;0092430000"
202200041423;30;10;2022;19:25;4;13;2;1;1;2;"43;2473750000";"5;5905820000"
202200041424;2;4;2022;19:58;1;85;1;1;1;5;"46;8015720000";" -1;8810810000"
202200041425;31;10;2022;16:00;1;13;1;1;1;1;"43;8432090000";"4;8958680000"
202200041426;27;3;2022;21:25;3;28;1;1;1;7;"48;7551840000";"1;4536290000"
202200041427;28;10;2022;14:00;1;67;1;1;1;1;"48;7840630000";"7;6793150000"
202200041428;30;10;2022;19:50;5;60;1;1;1;2;"49;3679303289";"2;1586396694"
202200041429;4;4;2022;17:00;1;30;2;1;1;5;"43;9374770000";"4;5570300000"
202200041430;28;10;2022;20:30;5;13;1;1;1;2;"43;4152340000";"5;2777920000"
202200041431;5;4;2022;07:20;1;973;2;1;1;3;"4;9107340000";" -52;2812100000"
202200041432;4;4;2022;15:30;1;37;1;1;1;1;"47;5767871759";"0;8965390921"
202200041433;30;10;2022;02:45;3;69;1;1;1;2;"45;7101625007";"4;9509125948"
202200041434;30;10;2022;00:57;3;69;1;1;1;2;"45;6455981978";"4;8308891058"
202200041435;30;10;2022;00:55;5;69;2;1;1;6;"45;7428547331";"4;9057549238"
202200041436;1;4;2022;14:58;1;84;1;1;1;2;"44;1339740000";"4;7866060000"
202200041437;4;4;2022;15:10;1;971;2;1;1;6;"16;3276660000";" -61;3509500000"
202200041438;4;4;2022;21:45;3;972;1;1;1;7;"14;6828031000";" -61;0216120000"
202200041439;29;10;2022;20:10;3;91;1;1;1;4;"48;7319600000";"2;3154100000"
202200041440;5;4;2022;16:55;1;84;1;1;1;1;"43;9319030000";"4;9282160000"
202200041441;3;4;2022;19:50;2;67;1;1;1;7;"48;4401480000";"7;7072630000"
202200041442;29;10;2022;21:36;3;94;1;1;1;4;"48;8152816831";"2;3561803913"
202200041443;5;4;2022;11:00;1;57;2;9;2;6;"49;1765130000";"6;9184930000"
202200041444;30;10;2022;21:15;3;78;1;1;1;6;"48;9650200000";"1;7652130000"
202200041445;4;4;2022;23:15;3;69;1;1;1;6;"46;0737070000";"4;7139070000"
202200041446;30;10;2022;18:20;5;78;1;1;2;4;"48;9783100000";"1;7085700000"
202200041447;2;4;2022;19:40;1;49;1;1;6;2;"47;4300610000";" -0;6139250000"
202200041448;29;10;2022;17:40;1;78;1;1;1;3;"48;9649750000";"1;7659320000"
202200041449;4;4;2022;19:00;2;59;2;3;8;3;"50;6473690000";"2;7283640000"
202200041450;30;10;2022;20:15;3;93;1;1;1;5;"48;8766908331";"2;4428673511"
202200041451;31;3;2022;08:15;1;13;1;1;1;2;"43;2843550000";"5;4053650000"
202200041452;29;10;2022;19:50;3;95;1;1;1;6;"49;0822631727";"2;5512400460"
202200041453;3;4;2022;22:45;3;13;1;1;1;2;"43;4067670000";"5;3279580000"
202200041454;4;4;2022;03:40;3;33;1;1;1;6;"44;7352510000";" -0;5326460000"
202200041455;30;10;2022;13:00;1;93;1;1;1;4;"48;9174443794";"2;3577070887"
202200041456;4;4;2022;09:15;1;92;1;1;1;2;"48;9189886921";"2;2237886747"
202200041457;29;10;2022;20:22;3;95;1;1;1;2;"48;9981050923";"2;2464717639"
202200041458;3;4;2022;02:10;3;92;1;1;1;6;"48;8009396615";"2;2155454565"
202200041459;18;3;2022;20:45;5;26;2;1;2;1;"44;5520400000";"4;7661700000"
202200041460;3;4;2022;17:10;2;974;1;1;3;7;" -21;3325100000";"55;4594100000"
202200041461;30;10;2022;04:45;3;95;1;1;2;5;"49;0784360000";"2;5517570000"
202200041462;2;4;2022;17:00;1;974;1;1;2;6;" -21;2943500000";"55;4891800000"
202200041463;30;10;2022;06:40;3;95;1;1;1;2;"48;9832359629";"2;5012479146"
202200041464;2;4;2022;16:54;1;974;2;1;2;2;" -21;3418300000";"55;4893200000"