Accident_Id;jour;mois;an;hrmn;lum;dep;agg;int;atm;col;lat;long
202200041465;30;10;2022;07:35;1;93;1;1;1;7;"48;9590784806";"2;4732112885"
202200041466;3;4;2022;08:31;1;974;2;1;3;6;" -20;8933100000";"55;5023100000"
202200041467;30;10;2022;14:10;1;77;1;1;1;2;"48;7031700000";"2;5960440000"
202200041468;3;4;2022;21:20;5;69;2;3;1;3;"45;7201000000";"4;8544300000"
202200041469;29;10;2022;19:35;3;77;1;1;1;2;"48;7658580000";"2;6143430000"
202200041470;3;4;2022;17:10;1;69;2;2;1;3;"45;7462200000";"4;8437500000"
202200041471;29;10;2022;19:10;5;76;2;1;1;6;"49;4417816672";"1;1161697070"
202200041472;29;10;2022;10:55;1;972;1;1;3;2;"14;6159600000";" -61;0572400000"
202200041473;23;10;2022;04:47;3;971;2;1;1;6;"16;0519900000";" -61;5656300000"
202200041474;3;4;2022;19:20;1;69;2;5;1;3;"45;7794900525";"4;8413373509"
202200041475;28;10;2022;23:19;5;91;1;1;1;1;"48;6353600000";"2;3542500000"
202200041476;3;4;2022;19:01;1;69;2;3;8;3;"45;7490000000";"4;8300700000"
202200041477;28;10;2022;23:54;5;91;2;1;1;6;"48;6677300000";"2;3325000000"
202200041478;2;4;2022;11:00;1;83;2;1;1;1;"43;1350000000";"5;9163400000"
202200041479;29;10;2022;21:05;3;91;2;1;1;2;"48;6798900000";"2;1906250000"
202200041480;28;10;2022;22:20;5;91;2;3;1;3;"48;7077900000";"2;3789900000"
202200041481;28;10;2022;19:35;5;83;2;2;1;3;"43;1256900000";"5;9285500000"
202200041482;28;10;2022;21:20;3;83;2;6;1;1;"43;1415600000";"6;0012200000"
202200041483;30;10;2022;00:50;5;81;2;1;1;2;"43;4961000000";"2;3814000000"
202200041484;29;10;2022;19:00;5;79;2;3;1;3;"46;3192520000";" -0;4575100000"
202200041485;29;10;2022;19:00;3;78;1;1;1;7;"48;7077900000";"1;9170400000"
202200041486;29;10;2022;20:36;5;77;2;9;1;6;"48;8381000000";"2;7133700000"
202200041487;29;10;2022;19:25;1;71;2;1;1;7;"46;7111800000";"4;4042300000"
202200041488;29;10;2022;17:20;1;71;2;1;1;2;"46;6798300000";"4;3680000000"
202200041489;29;10;2022;09:10;1;69;2;9;1;3;"45;6931100000";"4;9512700000"
202200041490;29;10;2022;17:20;1;64;2;1;1;2;"43;3151720000";" -0;3775920000"
202200041491;29;10;2022;17:42;1;64;2;1;1;7;"43;4976300000";" -1;4890300000"
202200041492;29;10;2022;13:00;1;60;2;9;1;6;"49;4368000000";"2;0986000000"
202200041493;25;10;2022;17:10;1;59;2;1;1;6;"50;6541500000";"3;0757200000"
202200041494;30;10;2022;00:01;5;54;2;1;1;6;"48;6647000000";"6;2172800000"
202200041495;29;10;2022;12:10;1;54;2;3;1;3;"48;6920769508";"6;1761349440"
202200041496;15;5;2022;10:40;1;62;1;1;1;6;"50;2407960000";"2;6183940000"
202200041497;3;5;2022;22:30;3;67;2;3;1;6;"48;9341804186";"8;1576597691"
202200041498;14;5;2022;04:00;5;2A;2;1;1;6;"41;8808280000";"8;7862810000"
202200041499;13;5;2022;22:30;3;33;1;1;1;7;"44;7249900000";" -0;4266100000"
202200041500;14;5;2022;14:40;1;81;1;1;1;6;"43;5703060000";"2;2942600000"
202200041501;15;5;2022;15:00;1;81;1;1;1;6;"44;1023250000";"1;8877490000"
202200041502;13;5;2022;17:40;1;32;1;3;1;3;"43;8712300000";"0;1231240000"
202200041503;13;5;2022;18:28;1;32;1;1;7;1;"43;8009140000";"0;3189790000"
202200041504;14;5;2022;14:55;1;71;1;1;1;6;"46;4851040000";"4;6829650000"
202200041505;15;5;2022;13:40;1;89;2;1;1;6;"47;6627300000";"3;7355690000"
202200041506;13;5;2022;11:00;1;61;2;1;1;6;"48;5869960000";" -0;3609450000"
202200041507;15;5;2022;14:25;1;49;1;4;1;1;"47;2568860000";" -0;0413170000"
202200041508;14;5;2022;18:40;1;86;1;1;1;7;"46;2768780000";"0;1940310000"
202200041509;14;5;2022;16:50;1;68;2;1;1;7;"47;4883490000";"7;3944050000"
202200041510;15;5;2022;07:30;1;68;1;1;1;1;"48;0516720000";"7;3387710000"
202200041511;14;5;2022;14:55;1;22;1;1;1;1;"48;3845020000";" -3;1383130000"
202200041512;15;5;2022;04:55;3;25;1;3;1;1;"46;7465185188";"6;2992892506"
202200041513;15;5;2022;12:30;1;25;1;1;1;7;"47;0211390000";"6;3027190000"
202200041514;14;5;2022;15:45;1;25;1;1;1;1;"47;3810770000";"6;7029260000"
202200041515;15;5;2022;01:00;3;44;1;1;1;7;"47;4590200000";" -1;9227360000"
202200041516;13;5;2022;23:45;5;31;2;1;1;6;"43;6774683053";"1;5125137568"
202200041517;15;5;2022;00:15;5;15;1;1;1;6;"44;9976730000";"3;0165520000"
202200041518;15;5;2022;13:30;1;01;1;1;1;1;"45;7488990000";"5;7622430000"
202200041519;15;5;2022;11:12;1;70;1;1;1;7;"47;6163470000";"6;7408204080"
202200041520;15;5;2022;01:20;3;54;1;1;1;6;"49;3651720000";"5;9125100000"
202200041521;14;5;2022;18:45;1;72;1;1;1;1;"48;1326420000";"0;6179170000"
202200041522;15;5;2022;13:45;1;64;1;1;1;7;"43;2957460000";" -1;5060930000"
202200041523;14;5;2022;14:44;1;64;2;6;1;3;"43;3856050000";" -1;3134780000"
202200041524;14;5;2022;11:45;1;43;1;1;1;6;"44;9932570000";"3;7324980000"
202200041525;15;5;2022;18:55;2;07;1;1;1;1;"44;4840380000";"4;2641330000"
202200041526;14;5;2022;12:55;1;24;2;1;1;7;"45;0714280000";"1;1488340000"
202200041527;14;5;2022;12:50;1;85;1;2;1;3;"46;5160700000";" -1;6689600000"
202200041528;14;5;2022;15:55;1;88;1;1;1;7;"48;0235560000";"6;8965170000"
202200041529;14;5;2022;18:50;1;38;1;2;1;3;"45;2038420000";"5;4649200000"
202200041530;14;5;2022;13:25;1;69;2;6;1;3;"45;7656057059";"4;7510826588"
202200041531;14;5;2022;18:30;5;987;2;1;1;3;" -23;3448660000";" -149;4802330000"
202200041532;15;5;2022;00:30;3;988;1;1;1;1;" -21;7186250000";"166;1154590000"
202200041533;15;5;2022;04:30;3;973;1;1;1;6;"4;9109526399";" -52;3705185950"
202200041534;15;5;2022;06:30;2;77;2;1;1;6;"48;9806470000";"2;7796540000"
202200041535;14;5;2022;15:15;1;91;2;1;1;3;"48;5696870000";"2;2751400000"
202200041536;15;5;2022;17:45;1;2B;2;1;1;2;"42;5065950000";"9;3663330000"
202200041537;14;5;2022;16:18;1;66;1;1;1;6;"42;6826220000";"2;7539040000"
202200041538;14;5;2022;15:15;1;83;1;1;1;6;"43;4029656674";"5;9981005442"
202200041539;14;5;2022;19:55;1;06;2;1;1;6;"43;9571960000";"6;8961270000"
202200041540;12;5;2022;12:15;1;13;1;1;1;3;"43;4713590000";"5;4586870000"
202200041541;14;5;2022;18:30;1;71;1;4;1;1;"46;8816230000";"4;2280840000"
202200041542;15;5;2022;11:50;1;88;2;3;1;3;"48;0813580000";"6;7396890000"
202200041543;14;5;2022;00:05;3;88;1;6;1;1;"48;3412180000";"6;6531180000"
202200041544;15;5;2022;00:01;5;73;1;1;1;6;"45;5500480000";"6;6650620000"
202200041545;15;5;2022;01:10;3;38;1;1;1;6;"45;1483630000";"5;5257420000"
202200041546;14;5;2022;22:50;5;26;2;1;1;1;"44;9631540000";"4;9428200000"
202200041547;15;5;2022;18:00;1;26;1;2;1;3;"44;4033380000";"4;7000780000"
202200041548;15;5;2022;10:45;1;69;2;1;1;2;"45;9132563564";"4;7026446462"
202200041549;14;5;2022;11:15;1;69;1;1;1;1;"45;8253180000";"4;7733520000"
202200041550;14;5;2022;18:12;1;64;1;1;1;3;"43;5366110000";" -0;7559750000"
202200041551;13;5;2022;13:57;1;64;2;6;1;1;"43;4817917139";" -1;4437901974"
202200041552;13;5;2022;18:00;1;33;1;4;1;1;"44;9186710000";" -0;2508860000"
202200041553;14;5;2022;17:50;1;33;1;1;1;6;"44;8031390000";"0;1840210000"
202200041554;14;5;2022;18:00;1;29;2;6;1;6;"47;9068420000";" -4;0455650000"
202200041555;14;5;2022;18:10;1;02;1;9;1;7;"48;9493160000";"3;2632980000"
202200041556;13;5;2022;08:45;1;13;1;1;1;5;"43;3343945016";"5;3829110000"
202200041557;14;5;2022;16:05;1;92;1;1;1;4;"48;9198744356";"2;3066798923"
202200041558;14;5;2022;08:25;1;78;1;1;1;2;"48;8139840000";"2;0597120000"
202200041559;13;5;2022;17:20;1;95;1;1;1;2;"49;0473949414";"2;1319699287"
202200041560;14;5;2022;11:20;1;95;1;1;1;6;"49;0679664605";"2;3948210478"
202200041561;14;5;2022;10:30;1;95;1;1;1;2;"48;9666578201";"2;2557377815"
202200041562;14;5;2022;00:30;4;95;1;1;1;6;"48;9776300000";"2;2410000000"
202200041563;14;5;2022;02:05;3;93;1;1;1;3;"48;8847400000";"2;4713000000"
202200041564;13;5;2022;19:15;1;93;1;1;1;5;"48;9590000000";"2;4730900000"
202200041565;14;5;2022;19:40;1;77;1;1;1;3;"48;8308290000";"2;7609070000"
202200041566;10;1;2022;07:45;5;14;2;1;2;6;"49;1793921000";" -0;2221640000"
202200041567;13;5;2022;14:10;1;974;1;1;1;6;" -20;8894610000";"55;4451480000"
202200041568;13;5;2022;09:15;1;69;2;1;1;3;"45;7609364278";"4;8520161382"
202200041569;13;5;2022;21:05;3;69;2;1;1;3;"45;8147600000";"4;8514100000"
202200041570;1;4;2022;18:00;1;69;2;1;1;6;"45;7841600000";"4;7947400000"
202200041571;13;5;2022;08:25;1;69;2;1;1;3;"45;7515000000";"4;8161900000"
202200041572;13;5;2022;21:05;5;2A;2;1;1;3;"41;9139800000";"8;7288800000"
202200041573;13;5;2022;08:50;1;2A;2;1;1;6;"41;9295300000";"8;7391200000"
202200041574;13;5;2022;17:10;1;95;2;1;1;6;"48;9737900000";"2;3058300000"
202200041575;13;5;2022;10:04;1;91;1;1;1;7;"48;4208700000";"2;1321600000"
202200041576;12;5;2022;13:26;1;87;2;1;1;6;"45;8774000000";"1;2394700000"
202200041577;13;5;2022;15:00;1;86;2;2;1;3;"46;5821770000";"0;3678910000"
202200041578;13;5;2022;23:27;5;82;2;9;1;6;"44;0566900000";"1;0992900000"
202200041579;11;5;2022;12:20;1;80;2;1;1;3;"49;9015500000";"2;2841800000"
202200041580;11;5;2022;14:40;1;80;2;1;1;4;"49;8766000000";"2;3441600000"
202200041581;14;5;2022;00:50;5;77;2;6;1;6;"48;7770700000";"2;5955300000"
202200041582;13;5;2022;17:56;1;77;2;1;1;6;"48;8413900000";"2;6186000000"
202200041583;14;5;2022;12:30;1;77;2;3;7;3;"48;6209000000";"2;5818600000"
202200041584;11;5;2022;11:15;1;77;2;2;1;3;"48;8263900000";"3;0353500000"
202200041585;13;5;2022;19:50;1;76;2;1;1;6;"49;2902400000";"1;0128400000"
202200041586;13;5;2022;14:25;1;76;2;2;1;3;"49;4690100000";"1;0442100000"
202200041587;13;5;2022;16:00;1;76;2;1;1;6;"49;2808850271";"1;0262399912"
202200041588;13;5;2022;14:00;1;76;1;1;1;2;"49;4189200000";"1;0491600000"
202200041589;13;5;2022;13:00;1;76;2;3;1;6;"49;4206513924";"1;0966844559"
202200041590;7;5;2022;04:05;5;76;2;1;1;6;"49;4069700000";"1;0692400000"
202200041591;13;5;2022;00:00;5;76;2;1;1;7;"49;5031800000";"0;1276500000"
202200041592;11;5;2022;19:30;1;74;2;4;7;5;"46;1835700000";"6;2313400000"
202200041593;13;5;2022;19:35;1;72;1;1;1;5;"48;0280800000";"0;1756100000"
202200041594;13;5;2022;12:36;1;72;2;9;1;3;"47;9830500000";"0;2107500000"
202200041595;13;5;2022;11:10;1;72;2;9;1;3;"47;9975800000";"0;2156200000"
202200041596;13;5;2022;01:30;5;72;2;1;1;6;"47;9728400000";"0;2163100000"
202200041597;9;5;2022;17:20;1;71;2;1;1;6;"46;3211900000";"4;8390500000"
202200041598;12;5;2022;11:40;1;71;2;2;1;3;"46;7923600000";"4;4161200000"
202200041599;7;5;2022;08:20;2;71;2;1;7;6;"46;7942100000";"4;8204600000"
202200041600;13;5;2022;19:50;1;69;2;1;1;6;"45;7727800000";"4;9338900000"
202200041601;13;5;2022;00:55;5;66;2;9;1;1;"42;7332017152";"2;8897556663"
202200041602;13;5;2022;17:00;1;64;2;2;1;3;"43;3951000000";" -1;6591000000"
202200041603;13;5;2022;13:05;1;64;1;1;1;4;"43;2997800000";" -0;3090300000"
202200041604;12;5;2022;17:50;1;64;2;1;1;3;"43;2981500000";" -0;3388500000"
202200041605;12;5;2022;07:50;1;64;2;1;1;3;"43;3112700000";" -0;3633400000"
202200041606;13;5;2022;18:00;1;59;2;1;1;1;"50;6724119234";"3;0856347084"
202200041607;13;5;2022;01:45;5;59;2;2;1;3;"50;6341500000";"3;0115100000"
202200041608;12;5;2022;09:00;1;59;1;1;1;1;"50;5626497523";"3;0495429039"
202200041609;12;5;2022;08:10;1;59;2;2;1;1;"50;6151400000";"3;0171200000"
202200041610;13;5;2022;07:15;1;59;1;1;1;5;"50;6971320000";"2;9259010000"
202200041611;11;5;2022;19:00;1;58;2;1;1;2;"46;9862300000";"3;1601800000"
202200041612;13;5;2022;16:05;1;57;2;9;1;6;"49;1094900000";"6;1699900000"
202200041613;12;5;2022;16:55;1;57;2;1;1;3;"49;2463100000";"6;0397200000"
202200041614;13;5;2022;11:50;1;54;2;1;1;6;"48;9030600000";"6;0550100000"
202200041615;13;5;2022;14:55;1;51;2;1;1;2;"49;2371200000";"4;0278000000"
202200041616;13;5;2022;08:26;1;51;2;6;1;2;"49;2135900000";"4;0154900000"
202200041617;12;5;2022;04:44;3;49;2;1;1;6;"47;4739005408";" -0;4835915565"
202200041618;13;5;2022;12:15;1;44;2;1;1;6;"47;1862700000";" -1;5558000000"
202200041619;10;5;2022;10:00;1;42;2;3;1;6;"45;4556600000";"4;3825300000"
202200041620;9;5;2022;10:34;1;42;2;2;1;6;"45;4335502865";"4;3945888281"
202200041621;13;5;2022;15:50;1;37;2;6;1;3;"47;4320863884";"0;6977283955"
202200041622;13;5;2022;12:37;1;37;2;1;1;2;"47;3742200701";"0;7034656405"
202200041623;13;5;2022;11:10;1;37;2;2;1;3;"47;3853200000";"0;6766900000"
202200041624;13;5;2022;13:50;1;35;1;1;1;3;"48;0810703523";" -1;6674193740"
202200041625;13;5;2022;12:55;1;35;2;3;1;3;"48;1320000000";" -1;7070400000"
202200041626;13;5;2022;10:35;1;35;2;1;1;6;"48;1093346864";" -1;7083398253"
202200041627;13;5;2022;10:20;1;33;2;1;1;6;"44;8270800000";" -0;6142100000"
202200041628;13;5;2022;10:15;1;33;2;1;1;6;"44;8489828901";" -0;5732846260"
202200041629;13;5;2022;06:30;2;33;2;1;1;3;"44;8762986068";" -0;6213068962"
202200041630;12;5;2022;08:25;1;33;2;3;1;3;"44;8419100000";" -0;5994900000"
202200041631;20;4;2022;23:30;5;32;2;6;1;3;"43;6638300000";"0;5981900000"
202200041632;13;5;2022;20:40;1;31;2;2;1;3;"43;6481900000";"1;4554300000"
202200041633;13;5;2022;03:50;3;31;1;1;1;6;"43;6070482751";"1;3909935951"
202200041634;9;5;2022;04:30;3;31;2;1;1;2;"43;5691255072";"1;4790558815"
202200041635;13;5;2022;08:00;1;31;2;1;1;7;"43;0958300000";"0;7500600000"
202200041636;13;5;2022;09:00;1;29;2;6;1;3;"47;9919130000";" -4;1195950000"
202200041637;13;5;2022;12:30;1;28;2;6;1;6;"48;4273300000";"1;4632000000"
202200041638;13;5;2022;09:20;1;27;2;6;1;2;"49;0096044208";"1;1666160822"
202200041639;12;5;2022;22:15;2;22;2;1;1;1;"48;5031200000";" -2;7661500000"
202200041640;11;5;2022;09:15;1;22;2;1;7;6;"48;5110100000";" -2;7601800000"
202200041641;13;5;2022;18:50;1;17;2;9;1;7;"46;1672710000";" -1;1779010000"
202200041642;13;5;2022;19:50;1;13;2;1;1;2;"43;4133056819";"5;2211680261"
202200041643;13;5;2022;14:15;1;13;2;1;1;3;"43;3754224761";"5;3579645981"
202200041644;12;5;2022;13:35;1;13;2;1;1;3;"43;2808400000";"5;4124800000"
202200041645;13;5;2022;08:45;1;13;2;1;1;3;"43;5064600000";"4;9868900000"
202200041646;13;5;2022;20:50;1;12;1;1;1;6;"44;3358600000";"2;5884400000"
202200041647;13;5;2022;14:40;1;10;2;2;7;1;"48;2976000000";"4;0665290000"
202200041648;13;5;2022;10:40;1;06;2;1;1;6;"43;6503670000";"6;9225260000"
202200041649;13;5;2022;09:30;1;06;2;6;1;4;"43;5993790000";"7;0863780000"
202200041650;12;5;2022;08:15;1;03;2;2;1;3;"46;1327600000";"3;4318500000"
202200041651;13;5;2022;19:25;1;75;2;4;1;2;"48;8248305620";"2;3044983298"
202200041652;13;5;2022;17:30;1;75;2;1;1;2;"48;8301710000";"2;4021880000"
202200041653;13;5;2022;16:35;1;75;2;1;1;2;"48;8599300000";"2;4139820000"
202200041654;13;5;2022;00:02;5;75;2;1;1;2;"48;8839810000";"2;2852790000"
202200041655;12;5;2022;09:20;1;75;2;1;1;4;"48;8287680000";"2;3987160000"
202200041656;13;5;2022;18:00;1;75;2;3;1;6;"48;8688087349";"2;4083011597"
202200041657;13;5;2022;19:00;1;75;2;5;1;6;"48;8629514449";"2;3874865472"
202200041658;13;5;2022;19:15;1;75;2;5;1;6;"48;8725965820";"2;3961199075"
202200041659;13;5;2022;00:15;5;75;2;3;1;6;"48;8623530000";"2;4063060000"
202200041660;13;5;2022;12:20;1;75;2;1;1;6;"48;8878826674";"2;3731514812"
202200041661;13;5;2022;02:20;5;75;2;4;1;3;"48;8891371913";"2;3968125880"
202200041662;13;5;2022;15:20;1;75;2;3;1;2;"48;8558469654";"2;2852407396"
202200041663;12;5;2022;09:35;1;75;2;1;1;3;"48;8432620000";"2;2695150000"
202200041664;13;5;2022;10:15;1;75;2;1;1;2;"48;8315340000";"2;2829620000"
202200041665;13;5;2022;12:41;1;75;2;2;1;3;"48;8396242918";"2;3367391527"
202200041666;12;5;2022;11:50;1;75;2;1;1;6;"48;8242289634";"2;3268756671"
202200041667;12;5;2022;01:24;5;75;2;1;1;6;"48;8182301956";"2;3325911164"
202200041668;13;5;2022;19:20;1;75;2;3;1;6;"48;8226090000";"2;3626980000"
202200041669;13;5;2022;15:50;1;75;2;2;1;3;"48;8225820000";"2;3440470000"
202200041670;12;5;2022;10:20;1;75;2;5;1;3;"48;8327372009";"2;3469610512"
202200041671;13;5;2022;15:45;1;75;2;1;1;4;"48;8375350000";"2;4253490000"
202200041672;13;5;2022;10:15;1;75;2;4;1;3;"48;8459220000";"2;3744050000"
202200041673;13;5;2022;02:00;3;75;2;5;1;2;"48;8773490688";"2;2792795300"
202200041674;13;5;2022;15:15;1;75;2;7;1;3;"48;8629126253";"2;3365111649"
202200041675;13;5;2022;00:40;5;75;2;3;1;2;"48;8612930585";"2;3398672789"
202200041676;12;5;2022;09:25;1;75;2;3;1;3;"48;8612233574";"2;3497250676"
202200041677;13;5;2022;11:45;1;94;2;9;1;3;"48;7394700000";"2;4437300000"
202200041678;13;5;2022;18:45;1;94;2;2;1;2;"48;7886400000";"2;5141800000"
202200041679;13;5;2022;08:33;1;94;2;2;1;3;"48;7995400000";"2;3439900000"
202200041680;13;5;2022;19:50;1;94;2;1;1;2;"48;7984617495";"2;4545645712"
202200041681;12;5;2022;06:55;1;94;2;2;1;5;"48;7819600000";"2;5699900000"
202200041682;13;5;2022;17:35;1;94;2;2;1;6;"48;8246500000";"2;4088500000"
202200041683;12;5;2022;18:55;1;94;2;3;1;3;"48;8176685633";"2;5377620012"
202200041684;13;5;2022;10:35;1;93;2;3;1;3;"48;9555149578";"2;5390675664"
202200041685;13;5;2022;10:20;1;93;2;3;1;3;"48;9317035743";"2;5384429240"
202200041686;13;5;2022;10:00;1;93;2;6;1;3;"48;9351190000";"2;6016640000"
202200041687;13;5;2022;00:00;5;93;2;3;1;3;"48;9124000000";"2;5223300000"
202200041688;13;5;2022;04:50;5;93;2;1;1;6;"48;9433600000";"2;4432900000"
202200041689;13;5;2022;20:30;1;93;2;1;1;6;"48;9088000000";"2;3870220000"
202200041690;15;1;2022;20:35;5;974;2;6;2;2;" -21;0344640000";"55;7075070000"
202200041691;14;1;2022;07:52;2;26;2;1;5;6;"45;2593630000";"4;8232340000"
202200041692;15;1;2022;12:00;1;74;2;1;1;1;"46;0488250000";"6;1403660000"
202200041693;15;1;2022;15:30;1;79;2;1;5;3;"46;8248740000";" -0;1264810000"
202200041694;14;1;2022;13:30;1;79;1;1;5;7;"46;6390360000";" -0;2990340000"
202200041695;14;1;2022;15:50;1;80;1;1;1;6;"49;7279120000";"2;3949280000"
202200041696;15;1;2022;13:33;1;71;1;1;5;1;"46;8400130000";"4;8821140000"
202200041697;14;1;2022;10:15;1;71;1;2;5;3;"46;8652010000";"4;7524560000"
202200041698;15;1;2022;12:00;1;63;1;1;1;7;"45;7760840000";"3;2842040000"
202200041699;14;1;2022;14:05;1;39;2;1;7;6;"46;8338300000";"5;7086700000"
202200041700;14;1;2022;02:50;3;40;1;1;5;6;"43;8748650000";" -0;3083900000"
202200041701;15;1;2022;19:00;2;88;1;1;1;1;"48;0183840000";"6;7068740000"
202200041702;15;1;2022;07:52;3;60;1;1;5;6;"49;4255179194";"2;1274316310"
202200041703;14;1;2022;13:55;1;987;2;1;3;1;" -17;6201750000";" -149;6139330000"
202200041704;12;1;2022;17:20;2;13;1;1;1;3;"43;6293210000";"5;1346260000"
202200041705;14;1;2022;22:20;5;987;1;1;3;-1;" -17;5613310000";" -149;6103570000"
202200041706;14;1;2022;17:35;2;06;1;1;1;2;"43;5358640000";"6;9041450000"
202200041707;13;1;2022;22:40;3;976;2;1;1;7;" -12;8794350000";"45;2140000000"
202200041708;15;1;2022;03:30;3;49;1;1;5;1;"47;4926320000";" -0;5294470000"
202200041709;15;1;2022;19:30;5;13;1;1;1;3;"43;5464800000";"5;3270230000"
202200041710;14;1;2022;15:10;1;972;2;2;1;3;"14;6754970000";" -61;0370620000"
202200041711;14;1;2022;20:33;5;91;2;1;1;6;"48;6919820000";"2;2101800000"
202200041712;14;1;2022;17:30;1;11;2;1;1;6;"43;2824150000";"2;5847720000"
202200041713;14;1;2022;17:10;1;83;2;1;1;6;"43;4639574197";"6;6344014406"
202200041714;14;1;2022;17:50;2;05;2;1;1;6;"44;3130690000";"5;8277720000"
202200041715;14;1;2022;23:00;5;08;2;1;9;6;"49;8578650000";"4;7462120000"
202200041716;15;1;2022;00:00;3;54;1;1;5;2;"48;6030310897";"6;3821822414"
202200041717;15;1;2022;14:20;1;03;2;1;7;1;"46;3272800000";"3;0292870000"
202200041718;14;1;2022;16:00;1;69;2;2;1;3;"45;7776570000";"4;5573630000"
202200041719;14;1;2022;09:45;1;50;1;1;7;2;"48;6828010000";" -1;4163570000"
202200041720;14;1;2022;14:45;1;27;2;1;7;6;"49;2478970000";"1;4134680000"
202200041721;11;1;2022;12:35;1;13;2;1;1;4;"43;2943770000";"5;4243150000"
202200041722;6;1;2022;13:46;1;13;1;1;1;2;"43;4127640000";"5;2817470000"
202200041723;14;1;2022;06:45;5;13;1;1;1;2;"43;4109200000";"5;2839800000"
202200041724;14;1;2022;13:30;1;69;1;1;1;5;"45;7765500000";"4;7823800000"
202200041725;6;1;2022;01:20;5;69;1;1;1;2;"45;7179900000";"4;8650900000"
202200041726;14;1;2022;13:40;1;94;1;1;1;2;"48;7595000000";"2;3223000000"
202200041727;14;1;2022;13:55;1;78;1;1;7;2;"48;7776290000";"2;2223640000"
202200041728;14;1;2022;02:25;3;92;1;1;1;6;"48;8260258853";"2;2226260108"
202200041729;13;1;2022;05:00;5;78;1;1;5;5;"48;8594680000";"2;0495210000"
202200041730;14;1;2022;15:50;1;60;1;1;1;7;"49;2062200000";"2;6116300000"
202200041731;14;1;2022;17:30;2;93;1;1;1;3;"48;9685112128";"2;4803831289"
202200041732;14;1;2022;19:15;3;94;1;1;1;2;"48;8160000000";"2;4520000000"
202200041733;14;1;2022;08:30;1;77;1;1;1;6;"48;8366856383";"2;6648136628"
202200041734;13;1;2022;08:24;2;60;2;1;5;6;"49;4414100000";"2;0765500000"
202200041735;12;1;2022;07:25;5;76;2;3;1;6;"49;5084400000";"0;1278400000"
202200041736;3;1;2022;18:30;5;64;2;1;8;6;"43;4815000000";" -1;5424000000"
202200041737;12;1;2022;16:00;1;34;2;1;7;6;"43;3077900000";"3;4748500000"
202200041738;12;1;2022;17:10;1;974;2;1;1;6;" -21;3460370000";"55;4876550000"
202200041739;12;1;2022;17:00;1;974;2;9;2;3;" -20;8877700000";"55;4464400000"
202200041740;13;1;2022;10:50;1;973;2;2;1;3;"4;9367867576";" -52;3312329501"
202200041741;13;1;2022;09:00;1;69;2;2;1;3;"45;7424400000";"4;8401400000"
202200041742;13;1;2022;16:15;1;69;2;1;1;3;"45;7841500000";"4;8352500000"
202200041743;13;1;2022;00:30;5;69;2;1;1;4;"45;7878884689";"4;8600178957"
202200041744;13;1;2022;21:38;5;95;2;6;1;6;"48;9934650651";"2;2342962027"
202200041745;5;1;2022;18:15;5;95;2;2;1;3;"49;0007800000";"2;1822800000"
202200041746;13;1;2022;18:06;5;91;2;1;1;2;"48;7207350000";"2;2895630000"
202200041747;13;1;2022;14:00;1;91;2;2;1;5;"48;7036840000";"2;4324820000"
202200041748;12;1;2022;11:40;1;85;2;3;1;3;"46;6720500000";" -1;4274300000"
202200041749;13;1;2022;16:50;2;83;1;1;1;1;"43;1463400000";"6;0100500000"
202200041750;13;1;2022;10:15;1;83;2;1;1;6;"43;1258750000";"5;9275810000"
202200041751;12;1;2022;17:00;1;83;2;1;1;6;"43;1305101081";"5;9265482425"
202200041752;13;1;2022;21:22;5;81;2;1;5;6;"43;9203552549";"2;1458852291"
202200041753;13;1;2022;08:50;2;81;2;1;1;6;"43;9409200000";"2;1389500000"
202200041754;10;1;2022;16:35;1;80;2;3;5;5;"49;9116800000";"2;3016900000"
202200041755;10;1;2022;19:10;5;80;2;1;1;6;"49;9105800000";"2;3117400000"
202200041756;13;1;2022;13:45;1;79;2;2;1;3;"46;3481700000";" -0;4774300000"
202200041757;12;1;2022;17:50;2;79;2;2;1;3;"46;3367000000";" -0;4500100000"
202200041758;13;1;2022;16:35;1;78;2;1;8;3;"48;9079600000";"2;0437300000"
202200041759;13;1;2022;14:40;1;76;2;3;6;3;"49;4754902548";"1;0483324885"
202200041760;12;1;2022;18:10;5;72;2;1;1;2;"48;0243200000";"0;1822100000"
202200041761;13;1;2022;03:30;5;69;2;1;1;6;"45;9978700000";"4;7192200000"
202200041762;12;1;2022;15:45;1;67;2;3;1;6;"48;5826500000";"7;7435800000"
202200041763;12;1;2022;15:20;1;67;2;1;1;6;"48;5764900000";"7;7569100000"
202200041764;13;1;2022;09:25;1;64;2;1;1;7;"43;2970600000";" -0;3788000000"
202200041765;12;1;2022;17:00;1;64;2;3;1;3;"43;3100531138";" -0;3260117769"
202200041766;12;1;2022;16:00;1;64;1;2;1;3;"43;2980900000";" -0;3027400000"
202200041767;12;1;2022;08:00;5;64;2;2;1;6;"43;4850600000";" -1;5542300000"
202200041768;13;1;2022;07:44;5;63;2;2;1;6;"45;7849900000";"3;0779500000"
202200041769;12;1;2022;19:53;5;63;2;1;1;2;"45;7844900000";"3;0787800000"
202200041770;12;1;2022;08:35;1;59;2;1;2;6;"50;6087200000";"3;0400800000"
202200041771;12;1;2022;16:42;1;57;2;1;1;6;"49;2606200000";"6;0942700000"