Accident_Id;jour;mois;an;hrmn;lum;dep;agg;int;atm;col;lat;long
202200041772;12;1;2022;12:30;1;56;2;1;1;7;"47;7564400000";" -3;3748700000"
202200041773;12;1;2022;19:00;5;49;2;1;1;2;"47;4566200000";" -0;5713800000"
202200041774;12;1;2022;17:51;4;49;2;3;1;3;"47;4686100000";" -0;5227700000"
202200041775;12;1;2022;18:00;5;42;2;1;1;6;"46;0437000000";"4;0669000000"
202200041776;12;1;2022;14:10;1;38;2;2;1;6;"45;3690000000";"5;5820000000"
202200041777;13;1;2022;20:20;5;38;2;3;1;3;"45;1854760224";"5;7229101643"
202200041778;13;1;2022;09:20;1;38;2;5;1;6;"45;1594800000";"5;7288900000"
202200041779;13;1;2022;17:23;1;35;2;1;1;3;"48;0880400000";" -1;6941000000"
202200041780;13;1;2022;08:00;5;35;2;1;1;3;"48;1172000000";" -1;6946400000"
202200041781;13;1;2022;18:00;5;33;2;1;1;3;"44;8670000000";" -0;5129700000"
202200041782;13;1;2022;09:10;1;33;2;2;1;3;"44;8582200000";" -0;6667300000"
202200041783;13;1;2022;08:23;1;33;2;9;1;2;"44;7818185040";" -0;5660292506"
202200041784;13;1;2022;07:30;2;33;2;3;9;3;"44;8128700000";" -0;6359300000"
202200041785;13;1;2022;06:17;5;33;2;3;1;3;"44;7902000000";" -0;5668000000"
202200041786;13;1;2022;02:58;5;33;2;3;1;3;"44;8111500000";" -0;5336300000"
202200041787;13;1;2022;01:10;5;30;2;6;1;6;"44;1129763823";"4;1064813137"
202200041788;6;1;2022;12:00;1;18;1;1;5;1;"47;0471250000";"2;3303800000"
202200041789;13;1;2022;19:04;5;13;2;1;1;1;"43;3599800000";"5;3645300000"
202200041790;13;1;2022;16:50;2;13;2;1;1;3;"43;2744721600";"5;4150276987"
202200041791;13;1;2022;16:45;1;13;2;1;1;1;"43;3336100000";"5;4312300000"
202200041792;12;1;2022;16:30;2;13;1;9;1;5;"43;3449436764";"5;3466323018"
202200041793;13;1;2022;12:20;1;11;2;1;1;1;"43;2218580000";"2;3901320000"
202200041794;13;1;2022;07:55;1;11;2;1;9;6;"43;2201200000";"2;3516200000"
202200041795;13;1;2022;07:55;1;11;2;1;9;6;"43;2201200000";"2;3516200000"
202200041796;13;1;2022;21:35;5;10;2;1;5;6;"48;2676500000";"4;0821800000"
202200041797;12;1;2022;06:30;3;10;1;9;5;7;"48;3082300000";"4;0208500000"
202200041798;13;1;2022;09:06;1;09;2;1;7;2;"42;9589910000";"1;6171980000"
202200041799;13;1;2022;16:50;1;07;2;3;1;3;"44;6222800000";"4;3839200000"
202200041800;13;1;2022;09:50;1;06;2;1;1;6;"43;6453640000";"6;9398980000"
202200041801;13;1;2022;19:53;5;06;2;1;1;3;"43;5987230000";"7;1204790000"
202200041802;12;1;2022;13:00;1;75;2;4;1;3;"48;8362480000";"2;4121760000"
202200041803;13;1;2022;17:30;5;75;2;4;1;3;"48;8862970000";"2;3261140000"
202200041804;13;1;2022;11:50;1;75;2;7;1;3;"48;8826290000";"2;3103760000"
202200041805;13;1;2022;16:40;1;75;2;4;1;3;"48;8435810000";"2;3705360000"
202200041806;13;1;2022;12:03;1;75;2;1;1;2;"48;8457970000";"2;3784520000"
202200041807;13;1;2022;06:10;5;75;2;4;1;3;"48;8292770000";"2;3903840000"
202200041808;13;1;2022;07:40;5;75;2;5;1;6;"48;8446750000";"2;4057510000"
202200041809;13;1;2022;18:10;5;75;2;2;1;3;"48;8578460000";"2;2629630000"
202200041810;13;1;2022;12:00;1;75;2;1;1;6;"48;8679310000";"2;3080660000"
202200041811;13;1;2022;19:45;5;75;2;1;1;6;"48;8613010000";"2;3289710000"
202200041812;13;1;2022;07:30;2;94;2;1;1;6;"48;7760300000";"2;4065800000"
202200041813;13;1;2022;20:36;5;94;2;3;1;6;"48;7382000000";"2;4467870000"
202200041814;13;1;2022;09:20;1;94;2;2;1;3;"48;8432170000";"2;5033650000"
202200041815;13;1;2022;00:20;5;94;2;1;1;6;"48;7873800000";"2;4679400000"
202200041816;12;1;2022;19:23;5;94;2;1;1;3;"48;7912000000";"2;4622000000"
202200041817;12;1;2022;17:15;2;94;2;9;1;6;"48;7997000000";"2;4525000000"
202200041818;13;1;2022;17:00;1;95;1;6;1;2;"48;9958983862";"2;5204288960"
202200041819;12;1;2022;23:37;5;93;2;1;2;1;"48;9454662706";"2;3427703324"
202200041820;13;1;2022;12:50;1;93;2;3;5;6;"48;8621091714";"2;4470007420"
202200041821;13;1;2022;03:25;5;93;2;1;1;6;"48;8945700000";"2;5648000000"
202200041822;13;1;2022;18:45;5;93;2;1;1;6;"48;9050000000";"2;4759600000"
202200041823;13;1;2022;16:00;1;93;2;3;1;6;"48;9388600000";"2;4610600000"
202200041824;13;1;2022;01:50;5;92;2;2;1;3;"48;8106851294";"2;3079215325"
202200041825;13;1;2022;11:40;1;92;2;1;5;7;"48;8939281953";"2;2432397604"
202200041826;12;1;2022;23:25;5;92;2;4;1;1;"48;7895621484";"2;2617567927"
202200041827;12;1;2022;15:15;1;35;1;1;1;7;"48;2313340000";" -1;8765160000"
202200041828;14;1;2022;14:50;1;25;1;1;1;5;"47;2193350000";"6;0697320000"
202200041829;12;1;2022;20:00;5;06;2;6;1;3;"43;7548640000";"7;3203570000"
202200041830;11;1;2022;10:00;1;76;1;1;1;2;"49;6967000000";"1;3591500000"
202200041831;12;1;2022;12:15;1;06;2;1;1;6;"43;7648140000";"7;2004010000"
202200041832;12;1;2022;15:10;1;57;1;1;1;7;"49;1218040000";"6;4449410000"
202200041833;12;1;2022;17:15;3;57;1;1;1;2;"49;0709888990";"6;2408566475"
202200041834;13;1;2022;16:45;1;76;2;1;7;6;"49;5733110000";"1;0615750000"
202200041835;14;1;2022;17:40;2;71;1;1;1;7;"47;0546570000";"4;3223050000"
202200041836;14;1;2022;13:50;1;63;1;1;9;6;"45;8595770000";"2;6168490000"
202200041837;12;1;2022;08:50;1;63;1;1;1;3;"45;3926880776";"3;2692312449"
202200041838;13;1;2022;09:00;1;49;1;1;9;6;"47;1290130000";" -0;3552640000"
202200041839;13;1;2022;20:30;5;42;2;1;9;6;"45;6596660000";"4;3504250000"
202200041840;8;1;2022;12:15;1;34;1;1;1;1;"43;6880930000";"3;6857410000"
202200041841;13;1;2022;08:30;1;44;2;1;1;6;"47;3793960000";" -1;1839050000"
202200041842;14;1;2022;14:15;1;29;1;1;1;7;"48;1613270000";" -4;0148860000"
202200041843;13;1;2022;17:25;2;29;1;1;1;2;"47;8884710000";" -4;2088691000"
202200041844;14;1;2022;01:00;5;29;2;1;1;6;"47;9925610000";" -4;4353150000"
202200041845;14;1;2022;15:45;1;31;1;1;9;6;"43;1945550000";"1;0425000000"
202200041846;12;1;2022;07:45;2;31;2;1;1;7;"43;1640700000";"1;1188840000"
202200041847;13;1;2022;09:12;1;31;1;1;5;7;"43;4347140000";"1;4705910000"
202200041848;13;1;2022;08:00;2;72;1;2;1;3;"48;0439330000";"0;3342700000"
202200041849;13;1;2022;08:25;2;06;2;6;1;1;"43;5674490000";"6;9477350000"
202200041850;10;1;2022;13:05;1;05;1;1;1;6;"44;5033920000";"6;1575790000"
202200041851;14;1;2022;09:00;1;05;1;1;1;1;"44;6358950000";"6;1336330000"
202200041852;13;1;2022;17:37;1;50;2;3;1;1;"48;9123750000";" -1;3520910000"
202200041853;14;1;2022;12:55;1;60;2;1;1;1;"49;2943030000";"2;8828170000"
202200041854;11;1;2022;19:15;3;60;1;1;1;2;"49;5275220000";"2;9462290000"
202200041855;13;1;2022;12:15;1;18;1;1;1;6;"46;7912820000";"2;1426670000"
202200041856;9;9;2022;17:11;1;66;2;1;1;5;"42;7299548395";"2;8902840614"
202200041857;9;9;2022;10:50;1;66;2;4;1;7;"42;6965200000";"2;9086300000"
202200041858;12;9;2022;09:50;1;64;2;1;1;6;"43;2962000000";" -0;3687500000"
202200041859;14;1;2022;08:57;1;10;1;1;1;1;"48;1497436244";"4;0141510963"
202200041860;12;9;2022;07:15;1;64;2;6;1;3;"43;3087300000";" -0;3849600000"
202200041861;25;9;2022;19:16;1;64;2;1;1;6;"43;5182500000";" -1;5238000000"
202200041862;13;1;2022;16:39;1;40;2;1;1;7;"43;5394230000";" -1;4702820000"
202200041863;11;9;2022;16:20;1;64;2;3;1;3;"43;4948900000";" -1;5317000000"
202200041864;13;1;2022;19:25;5;37;1;6;1;3;"47;3815780000";"0;7838860000"
202200041865;23;9;2022;13:40;1;62;2;2;2;3;"50;4813120000";"2;6612550000"
202200041866;2;9;2022;08:30;1;62;2;4;1;6;"50;9459550000";"1;8672870000"
202200041867;23;9;2022;13:00;1;60;2;1;1;6;"49;2542900000";"2;4275500000"
202200041868;13;1;2022;19:00;3;49;1;1;1;5;"47;2451830000";" -0;7126090000"
202200041869;12;9;2022;08:45;1;59;2;2;1;3;"50;7107370000";"3;1595120000"
202200041870;26;9;2022;21:35;5;59;2;6;2;2;"50;7060590000";"3;2235850000"
202200041871;12;1;2022;19:10;3;38;1;1;1;1;"45;6108550000";"5;0823350000"
202200041872;26;9;2022;12:30;1;59;2;1;2;6;"50;6849665364";"3;1609189510"
202200041873;26;9;2022;10:45;1;59;2;1;2;6;"50;6392257496";"3;1303900480"
202200041874;13;1;2022;01:55;3;01;1;1;1;2;"46;2562020000";"5;2488040000"
202200041875;30;8;2022;19:25;1;59;2;3;1;3;"50;6236323764";"3;0658534169"
202200041876;13;1;2022;17:30;2;44;1;1;7;2;"47;3093540000";" -1;4160560000"
202200041877;8;1;2022;01:00;5;987;1;1;1;6;" -17;5481660000";" -149;3371580000"
202200041878;24;9;2022;10:45;1;57;2;1;1;2;"49;3568200000";"6;1630500000"
202200041879;23;9;2022;23:30;5;57;2;1;1;3;"49;3601800000";"6;1712000000"
202200041880;9;9;2022;13:09;1;56;2;1;1;7;"47;7588600000";" -3;3376200000"
202200041881;8;1;2022;22:00;3;974;2;1;1;1;" -21;3711290000";"55;6751810000"
202200041882;9;9;2022;17:15;1;52;1;1;3;1;"48;6611400000";"4;9442900000"
202200041883;13;1;2022;17:30;2;971;2;1;7;6;"16;2241797332";" -61;3818812370"
202200041884;24;9;2022;19:55;2;51;2;2;1;3;"49;2533000000";"4;0540900000"
202200041885;1;1;2022;15:55;1;44;2;6;1;3;"47;1706440000";" -1;5749410000"
202200041886;24;9;2022;19:55;5;51;2;5;1;3;"48;9479000000";"4;3414700000"
202200041887;12;1;2022;18:45;2;95;1;1;1;6;"49;0488622735";"2;4415934086"
202200041888;24;9;2022;18:00;1;50;2;2;1;3;"49;6399400000";" -1;6340800000"
202200041889;13;1;2022;13:30;1;71;2;1;1;6;"46;4790020000";"3;9858220000"
202200041890;25;9;2022;21:17;3;49;2;1;1;7;"47;4381100000";" -0;5468100000"
202200041891;14;1;2022;16:22;1;10;2;9;1;7;"48;6644870000";"4;2041370000"
202200041892;13;1;2022;20:05;3;67;1;1;1;6;"48;9287730000";"7;8721440000"
202200041893;13;1;2022;18:10;3;88;1;1;1;3;"48;3098660000";"5;6679150000"
202200041894;25;9;2022;16:15;1;49;2;2;1;3;"47;4570900000";" -0;5540700000"
202200041895;12;1;2022;02:30;5;38;2;1;1;7;"45;7909850000";"5;1316450000"
202200041896;25;9;2022;06:25;5;49;2;1;8;6;"47;4887900000";" -0;5746500000"
202200041897;14;1;2022;08:20;1;81;1;1;5;6;"43;7999380000";"2;0118710000"
202200041898;25;9;2022;03:00;5;45;2;6;1;6;"47;9238700000";"1;9407500000"
202200041899;4;1;2022;12:30;1;31;1;1;1;3;"43;4407750000";"1;3402570000"
202200041900;12;9;2022;11:35;1;45;2;3;1;3;"47;9114400000";"1;9241300000"
202200041901;13;1;2022;07:15;3;72;1;2;1;3;"47;7087510000";" -0;0416920000"
202200041902;26;9;2022;17:05;1;45;2;3;3;6;"48;0156300000";"2;7387000000"
202200041903;25;9;2022;06:05;3;45;1;1;1;6;"48;0257600000";"2;7406100000"
202200041904;14;1;2022;17:15;1;50;1;4;1;3;"49;0667190000";" -1;5953110000"
202200041905;26;9;2022;09:00;1;37;2;1;1;2;"47;3550500000";"0;6967700000"
202200041906;13;1;2022;16:40;2;76;1;1;1;6;"49;5641210000";"0;3063810000"
202200041907;13;9;2022;01:22;5;37;2;6;1;6;"47;4258305121";"0;6970122457"
202200041908;12;9;2022;16:45;1;37;2;1;1;7;"47;3480499955";"0;6577929854"
202200041909;14;1;2022;16:30;1;60;2;1;1;6;"49;2975180000";"2;1893160000"
202200041910;13;1;2022;18:00;5;62;2;1;8;6;"50;3273890000";"2;9803960000"
202200041911;12;9;2022;08:30;1;37;2;2;1;6;"47;3556294605";"0;6986993551"
202200041912;10;9;2022;17:35;1;37;2;2;1;6;"47;3918100000";"0;6858800000"
202200041913;26;9;2022;13:35;1;35;1;1;3;6;"48;1729500000";" -1;6796000000"
202200041914;26;9;2022;07:05;1;35;2;3;1;3;"48;0946600000";" -1;6341200000"
202200041915;26;9;2022;22:30;5;33;2;6;2;6;"44;8659500000";" -0;5756900000"
202200041916;13;1;2022;01:20;5;59;2;1;1;6;"50;2866780000";"3;3170300000"
202200041917;26;9;2022;17:52;1;33;2;3;1;3;"44;8661000000";" -0;6057400000"
202200041918;26;9;2022;07:20;2;33;2;2;1;3;"44;8795423737";" -0;6269529462"
202200041919;26;9;2022;07:10;5;33;1;6;1;3;"44;8846100000";" -0;6642100000"
202200041920;12;9;2022;14:30;1;33;2;2;1;3;"44;8645800000";" -0;5638600000"
202200041921;25;9;2022;08:25;1;31;2;1;1;1;"43;5732900000";"1;4191300000"
202200041922;26;9;2022;07:40;2;29;1;6;2;6;"47;9794100000";" -4;0952200000"
202200041923;25;9;2022;11:35;1;29;2;4;1;1;"48;5879110000";" -3;8370840000"
202200041924;26;9;2022;06:40;5;27;2;1;1;6;"49;0967635255";"1;4753222466"
202200041925;24;9;2022;21:30;5;27;2;2;8;4;"49;0217541690";"1;1374711990"
202200041926;26;9;2022;19:55;5;26;2;1;1;6;"45;0455700000";"5;0479630000"
202200041927;26;9;2022;03:25;3;25;1;1;8;6;"47;2256600000";"6;0489400000"
202200041928;12;9;2022;16:50;1;25;2;7;7;2;"47;2525800000";"6;0365100000"
202200041929;20;9;2022;18:05;1;22;2;1;1;2;"48;7296700000";" -3;4471030000"
202200041930;26;9;2022;14:10;1;21;2;1;1;6;"47;0216500000";"4;8407300000"
202200041931;22;9;2022;15:50;1;15;1;1;1;7;"44;9423940000";"2;4477440000"
202200041932;25;9;2022;13:21;1;14;1;1;3;6;"49;2105900000";" -0;3218300000"
202200041933;25;9;2022;20:50;3;13;1;1;1;6;"43;4301900000";"5;2345300000"
202200041934;24;9;2022;05:00;3;13;1;1;2;5;"43;4275400000";"5;2552500000"
202200041935;12;9;2022;19:30;1;13;1;1;1;3;"43;4182800000";"5;3669500000"
202200041936;12;9;2022;18:30;1;13;1;1;1;3;"43;4201100000";"5;2701200000"
202200041937;14;5;2022;21:40;5;13;2;1;1;2;"43;4116500000";"5;0436700000"
202200041938;26;9;2022;08:30;1;13;2;1;1;3;"43;3059309179";"5;3733182527"
202200041939;25;9;2022;04:15;5;13;2;1;2;1;"43;3150800000";"5;3722800000"
202200041940;12;9;2022;20:45;5;13;2;9;1;3;"43;2461267082";"5;4178280816"
202200041941;26;9;2022;15:30;1;13;2;9;1;2;"43;2956547355";"5;5659359749"
202200041942;26;9;2022;09:17;1;13;2;1;1;1;"43;5453300000";"5;4524300000"
202200041943;25;9;2022;19:51;2;10;2;2;1;1;"48;2690190280";"4;0880405903"
202200041944;8;9;2022;07:35;1;10;2;9;1;3;"48;2820362839";"4;0235602856"
202200041945;24;9;2022;15:30;1;07;1;1;1;2;"44;9285300000";"4;8066500000"
202200041946;26;9;2022;20:39;5;06;2;3;1;3;"43;7362400000";"7;2959600000"
202200041947;25;9;2022;12:00;1;06;2;1;1;1;"43;6802900000";"6;9666400000"
202200041948;24;9;2022;10:15;1;05;2;1;2;3;"44;5595630000";"6;0832740000"
202200041949;25;9;2022;05:51;5;75;2;4;1;3;"48;8244390000";"2;3578220000"
202200041950;25;9;2022;13:40;1;75;2;2;1;3;"48;8384620000";"2;3506990000"
202200041951;25;9;2022;12:25;1;75;2;3;1;6;"48;8830110000";"2;3855460000"
202200041952;25;9;2022;08:55;1;75;2;3;1;3;"48;8886710000";"2;3733290000"
202200041953;24;9;2022;06:10;5;75;2;7;1;3;"48;9001560000";"2;3830200000"
202200041954;26;9;2022;18:20;1;75;2;1;8;3;"48;8977400000";"2;3375110000"
202200041955;25;9;2022;14:15;1;75;2;6;1;3;"48;8950930000";"2;3594820000"
202200041956;25;9;2022;20:35;5;75;2;3;1;3;"48;8924100000";"2;3170940000"
202200041957;14;8;2022;19:40;2;75;2;4;2;3;"48;8800830000";"2;3021950000"
202200041958;26;9;2022;20:10;5;75;2;2;2;2;"48;8725180000";"2;2644240000"
202200041959;26;9;2022;13:55;1;75;2;2;3;2;"48;8671220000";"2;2954960000"
202200041960;25;9;2022;19:00;1;75;2;1;8;6;"48;8608630000";"2;2679620000"
202200041961;25;9;2022;16:00;1;75;2;4;1;7;"48;8522660000";"2;2540560000"
202200041962;26;9;2022;14:35;1;75;2;2;3;3;"48;8404580000";"2;3150950000"
202200041963;25;9;2022;00:30;5;75;2;3;1;6;"48;8480920000";"2;3058380000"
202200041964;25;9;2022;16:05;1;75;2;4;1;6;"48;8367740000";"2;3517740000"
202200041965;25;9;2022;14:15;1;75;2;2;1;3;"48;8349500000";"2;3449920000"
202200041966;25;9;2022;10:00;1;75;2;3;1;3;"48;8480920000";"2;3991790000"
202200041967;25;9;2022;13:30;1;75;2;2;1;3;"48;8754880000";"2;3578490000"
202200041968;25;9;2022;05:20;5;75;2;2;1;3;"48;8717640000";"2;3141760000"
202200041969;25;9;2022;04:54;5;75;2;2;1;2;"48;8628770000";"2;3625680000"
202200041970;26;9;2022;09:20;1;94;2;2;1;6;"48;8107300000";"2;3799200000"
202200041971;26;9;2022;09:10;1;94;2;3;1;3;"48;8538560100";"2;4532092874"
202200041972;25;9;2022;12:20;1;94;2;2;1;6;"48;7658000000";"2;4055000000"
202200041973;26;9;2022;10:05;1;93;2;2;1;3;"48;9755200000";"2;5065600000"
202200041974;25;9;2022;09:05;1;93;2;1;1;3;"48;9482491453";"2;5659174944"
202200041975;26;9;2022;17:30;1;93;2;2;1;3;"48;9518900000";"2;3580100000"
202200041976;26;9;2022;16:43;1;93;2;1;2;6;"48;8478400000";"2;5544100000"
202200041977;26;9;2022;15:55;1;93;2;1;2;6;"48;8476500000";"2;5323500000"
202200041978;26;9;2022;00:30;5;93;2;2;1;3;"48;9067266207";"2;4456284098"
202200041979;25;9;2022;12:15;1;93;1;6;1;3;"48;9500000000";"2;4600000000"
202200041980;26;9;2022;07:55;1;92;2;3;1;3;"48;8276500000";"2;1844500000"
202200041981;25;9;2022;01:27;5;92;2;1;8;7;"48;8444028575";"2;2096896172"
202200041982;25;9;2022;15:00;1;92;2;2;1;3;"48;8871009549";"2;1795646548"
202200041983;25;9;2022;16:10;1;92;2;1;1;7;"48;8859259822";"2;2557962537"
202200041984;26;9;2022;18:50;1;92;2;1;2;6;"48;8037800000";"2;2882700000"
202200041985;26;9;2022;20:45;5;92;2;2;2;2;"48;8883610000";"2;2815590000"
202200041986;26;9;2022;17:31;1;92;2;1;1;6;"48;9053731457";"2;3018926978"
202200041987;25;9;2022;21:45;5;92;2;2;1;3;"48;9000100000";"2;3062300000"
202200041988;25;9;2022;17:20;1;92;2;1;2;6;"48;8506656418";"2;2360447347"
202200041989;25;9;2022;18:53;1;92;2;3;2;3;"48;7990000000";"2;3001600000"
202200041990;25;9;2022;14:10;1;92;2;1;1;1;"48;7893900000";"2;3128700000"
202200041991;25;9;2022;16:17;1;57;1;3;1;2;"49;1592360000";"6;2186910000"
202200041992;26;9;2022;08:00;1;974;1;1;1;2;" -20;9969620000";"55;2859070000"
202200041993;25;9;2022;17:28;1;14;1;1;1;6;"49;0309190000";" -0;4307040000"
202200041994;25;9;2022;12:00;1;18;1;9;1;3;"47;1460300000";"2;6737040000"
202200041995;22;9;2022;17:12;1;31;2;1;1;3;"43;6730480000";"1;4261140000"
202200041996;27;9;2022;07:03;4;71;1;1;8;6;"46;6923350000";"4;8433510000"
202200041997;12;9;2022;07:45;1;46;1;1;1;1;"44;3252990000";"1;2868700000"
202200041998;26;9;2022;08:45;1;86;1;1;1;7;"46;6099590000";"0;6212880000"
202200041999;26;9;2022;16:15;1;67;1;1;1;1;"48;6202386669";"7;6068735123"
202200042000;25;9;2022;18:45;2;35;1;1;1;4;"47;8158640000";" -1;6893630000"
202200042001;25;9;2022;10:15;1;14;1;1;2;3;"49;0472896873";" -0;5969008883"
202200042002;26;9;2022;19:20;2;14;1;1;2;6;"49;0359765704";" -0;7643206716"
202200042003;26;9;2022;19:15;4;60;2;1;2;6;"49;1045700000";"3;0436100000"
202200042004;2;12;2022;18:00;3;59;1;1;1;2;"50;6182000000";"2;9996600000"
202200042005;26;9;2022;09:35;1;72;1;1;8;3;"47;8407390000";"0;2622130000"
202200042006;5;12;2022;17:40;3;91;1;1;1;2;"48;6266200000";"2;3461500000"
202200042007;27;9;2022;16:15;1;44;2;1;1;1;"47;6676940000";" -1;6645200000"
202200042008;5;12;2022;07:45;5;91;1;1;2;2;"48;6660000000";"2;3610000000"
202200042009;27;9;2022;04:55;3;63;1;1;1;3;"45;4968960000";"3;2545630000"
202200042010;5;12;2022;18:06;3;92;1;1;1;4;"48;7877617862";"2;2219915291"
202200042011;23;9;2022;15:00;1;15;1;1;1;6;"45;1091650000";"3;1343920000"
202200042012;5;12;2022;17:15;3;95;1;1;1;7;"48;9799824543";"2;4966357228"
202200042013;24;9;2022;09:15;1;62;2;2;1;6;"50;6174680000";"2;4688390000"
202200042014;5;12;2022;13:35;1;93;1;1;1;7;"48;9647743991";"2;5191569122"
202200042015;27;9;2022;15:00;1;51;1;1;1;5;"48;7230470000";"3;5590980000"
202200042016;5;12;2022;00:15;3;94;1;1;2;4;"48;8172046066";"2;4285178250"
202200042017;17;11;2022;20:40;5;59;2;1;2;6;"50;3855790000";"3;5968910000"
202200042018;28;8;2022;12:25;1;19;1;2;1;3;"45;1396760000";"1;3116970000"
202200042019;26;9;2022;21:00;5;76;2;4;1;3;"49;6434950000";"0;2659730000"
202200042020;4;12;2022;06:21;5;75;2;2;1;3;"48;8627500000";"2;3352680000"
202200042021;26;9;2022;10:25;1;80;1;1;2;6;"49;8399540000";"2;8828700000"
202200042022;25;9;2022;19:25;2;80;2;1;1;3;"50;0563850000";"1;5988270000"
202200042023;23;9;2022;03:20;3;65;1;1;1;6;"43;0895668557";"0;3796532750"
202200042024;3;12;2022;06:35;5;75;2;1;2;6;"48;8790320000";"2;4081160000"
202200042025;25;9;2022;20:35;2;33;1;1;1;2;"45;0248730000";" -0;1539910000"
202200042026;3;12;2022;18:00;5;75;2;3;1;2;"48;8461050000";"2;3236520000"
202200042027;27;9;2022;17:15;1;11;1;1;2;1;"42;8946190000";"2;2288240000"
202200042028;27;9;2022;14:30;1;89;1;1;2;7;"47;4569510000";"4;0605290000"
202200042029;4;12;2022;13:10;1;75;2;7;1;2;"48;8698810000";"2;2854020000"
202200042030;26;9;2022;17:10;1;89;1;4;3;3;"47;4746790000";"4;0181640000"
202200042031;4;12;2022;06:00;5;75;2;7;1;3;"48;8781280000";"2;2808750000"
202200042032;25;9;2022;10:45;1;63;1;2;2;1;"45;5858010000";"2;6468040000"
202200042033;4;12;2022;08:55;1;75;2;3;8;6;"48;8205480000";"2;3374190000"
202200042034;27;9;2022;08:45;1;63;1;1;1;3;"45;7442500000";"3;2728100000"
202200042035;4;12;2022;19:55;5;75;2;4;1;3;"48;8528170000";"2;3884980000"
202200042036;4;12;2022;14:15;1;75;2;2;8;6;"48;8655930000";"2;3777023000"
202200042037;25;9;2022;15:30;1;61;1;2;1;5;"48;7901570000";" -0;2452910000"
202200042038;4;12;2022;04:06;5;75;2;2;1;6;"48;8755410000";"2;3266680000"
202200042039;26;9;2022;07:40;2;49;2;1;1;3;"47;6142420000";" -0;7086100000"
202200042040;24;9;2022;17:45;1;49;1;1;8;6;"47;1284019930";" -0;2713065071"
202200042041;4;12;2022;20:25;5;75;2;3;2;6;"48;8580820000";"2;3496850000"
202200042042;26;9;2022;17:45;1;12;1;1;1;1;"44;3194190000";"2;4351020000"
202200042043;4;12;2022;03:10;5;94;2;1;1;1;"48;7993000000";"2;3908200000"
202200042044;4;12;2022;15:45;2;94;2;1;1;2;"48;7873700000";"2;3677400000"
202200042045;26;9;2022;14:00;1;46;1;1;1;1;"44;8831320000";"1;6188260000"
202200042046;3;12;2022;18:25;5;94;2;2;8;3;"48;8245460000";"2;4054720000"
202200042047;25;9;2022;17:55;1;47;1;2;1;3;"44;4991300000";"0;5666490000"
202200042048;4;12;2022;20:40;5;94;2;3;2;3;"48;7640700000";"2;5254800000"
202200042049;4;12;2022;00:30;5;94;2;2;1;3;"48;7807100000";"2;3827300000"
202200042050;26;9;2022;08:29;2;47;2;9;7;6;"44;2372000000";"0;6468520000"
202200042051;26;9;2022;17:10;1;86;1;1;2;7;"46;8246090000";"0;6243690000"
202200042052;4;12;2022;22:30;3;93;2;2;2;7;"48;9043100000";"2;4706000000"
202200042053;4;12;2022;19:45;5;93;1;9;2;3;"48;9081720000";"2;4455400000"
202200042054;25;9;2022;17:30;1;86;1;1;1;1;"46;3152470000";"0;3885920000"
202200042055;4;12;2022;03:14;5;93;2;6;1;2;"48;9510000000";"2;4850000000"
202200042056;25;9;2022;14:50;1;39;1;1;1;7;"46;7721510000";"5;5236660000"
202200042057;1;12;2022;21:00;5;93;2;1;2;6;"48;9103000000";"2;3967200000"
202200042058;25;9;2022;18:30;1;29;2;1;1;6;"48;5555811100";" -4;0863420300"
202200042059;4;12;2022;14:03;1;92;2;2;8;7;"48;9040800000";"2;2191300000"
202200042060;26;9;2022;13:55;1;38;2;1;1;5;"45;2671940000";"5;9177790000"
202200042061;4;12;2022;13:20;1;92;2;1;1;7;"48;8038279905";"2;2343224883"
202200042062;12;9;2022;06:30;2;38;2;2;1;3;"45;3084880000";"5;9580150000"
202200042063;5;12;2022;17:15;5;95;2;1;2;1;"49;1523840000";"2;2735740000"
202200042064;27;9;2022;05:20;3;02;1;2;1;3;"49;8335640000";"3;8736680000"
202200042065;5;12;2022;17:50;3;95;2;1;2;6;"49;1494492826";"2;2793921828"
202200042066;26;9;2022;06:50;2;03;2;1;1;6;"46;3098520000";"3;2886080000"
202200042067;3;12;2022;15:55;1;972;1;9;1;3;"14;4574960000";" -60;8915520000"
202200042068;5;12;2022;11:00;1;35;2;9;1;6;"48;4083340000";" -1;7501310000"
202200042069;26;9;2022;09:30;1;26;1;5;1;3;"45;3000280000";"5;0301850000"
202200042070;1;9;2022;18:00;1;26;1;1;1;1;"44;3878220000";"5;2345670000"
202200042071;3;12;2022;13:10;1;29;1;1;1;3;"48;3503948773";" -4;2357953910"
202200042072;24;9;2022;16:00;1;58;1;9;1;7;"47;3535180000";"3;0398630000"
202200042073;3;12;2022;20:15;5;84;1;1;2;3;"44;0790150000";"4;8809390000"
202200042074;26;9;2022;17:35;1;58;2;1;8;7;"46;7978820000";"3;9658230000"
202200042075;5;12;2022;09:10;1;83;1;1;1;1;"43;2821340000";"6;0737070000"
202200042076;25;9;2022;20:35;3;60;1;1;1;1;"49;4026028622";"2;9677593193"
202200042077;27;9;2022;12:15;1;60;2;1;1;6;"49;6313170000";"2;2985430000"
202200042078;1;12;2022;12:20;1;77;1;1;1;1;"48;7553460000";"3;2351510000"
202200042079;5;12;2022;08:30;2;34;2;1;7;3;"43;5771030000";"3;8484660000"