Accident_Id;jour;mois;an;hrmn;lum;dep;agg;int;atm;col;lat;long
202200042386;23;2;2022;22:00;5;75;2;4;1;3;"48;8720379205";"2;3598678410"
202200042387;16;8;2022;10:30;1;79;1;1;1;7;"46;6851000000";" -0;3025750000"
202200042388;12;7;2022;16:55;1;93;2;3;1;1;"48;9930686782";"2;5284750416"
202200042389;21;8;2022;06:25;2;2B;2;1;1;6;"42;4894330000";"9;4788680000"
202200042390;23;2;2022;18:00;5;75;2;1;1;3;"48;8761492290";"2;3157330975"
202200042391;20;8;2022;14:20;1;32;1;9;1;7;"43;9251920000";"0;6240700000"
202200042392;20;8;2022;09:45;1;32;2;1;1;6;"43;6119435950";"1;0804340243"
202200042393;23;2;2022;05:15;5;75;2;1;1;6;"48;8700990227";"2;3113895953"
202200042394;12;7;2022;08:15;1;93;2;1;7;2;"48;9169554718";"2;3267787695"
202200042395;20;8;2022;18:45;1;49;2;1;1;6;"47;5216170000";" -0;4437610000"
202200042396;22;2;2022;13:40;1;94;2;3;1;6;"48;7739000000";"2;4865300000"
202200042397;12;7;2022;18:45;1;93;2;1;1;2;"48;8832158737";"2;4748511911"
202200042398;19;8;2022;20:15;2;47;1;1;1;2;"44;6806890000";"0;1530980000"
202200042399;23;2;2022;08:20;2;93;2;1;1;6;"48;9484224893";"2;5227409601"
202200042400;12;7;2022;21:25;5;93;2;2;1;2;"48;9013100000";"2;5194300000"
202200042401;21;8;2022;12:20;1;47;1;1;8;3;"44;3676200000";"0;5086430000"
202200042402;23;2;2022;19:30;5;93;2;1;1;3;"48;8561100000";"2;5827200000"
202200042403;12;7;2022;17:00;1;93;2;1;1;3;"48;8995770000";"2;4089560000"
202200042404;21;8;2022;11:20;1;86;1;1;1;1;"46;4158580000";"0;4502140000"
202200042405;23;2;2022;12:50;1;93;2;1;1;3;"48;9079100000";"2;3787000000"
202200042406;21;8;2022;03:35;3;25;1;1;5;6;"46;7817690000";"6;3443470000"
202200042407;12;7;2022;08:15;1;93;2;1;1;3;"48;9024200000";"2;4148400000"
202200042408;15;8;2022;15:30;1;44;2;1;1;2;"47;2209090000";" -2;1658620000"
202200042409;12;7;2022;10:25;1;93;2;1;1;6;"48;8678400000";"2;5325700000"
202200042410;23;2;2022;00:20;5;92;2;1;8;3;"48;8258214543";"2;2806154042"
202200042411;20;8;2022;20:45;2;29;1;1;1;6;"48;4940095900";" -4;0819358824"
202200042412;12;7;2022;06:35;1;93;2;5;1;6;"48;9043430000";"2;4706390000"
202200042413;21;8;2022;10:20;1;38;2;1;1;1;"45;2130270000";"5;7522860000"
202200042414;23;2;2022;13:00;1;92;2;3;1;6;"48;8898810000";"2;2195440000"
202200042415;20;8;2022;19:00;1;38;2;2;1;6;"45;6102740000";"5;5464010000"
202200042416;12;7;2022;10:00;1;93;2;9;1;3;"48;8987749295";"2;4440583587"
202200042417;23;2;2022;18:41;5;92;2;6;1;2;"48;8007053253";"2;2837665975"
202200042418;20;8;2022;04:10;5;06;2;1;1;5;"43;7203850000";"7;3765040000"
202200042419;23;2;2022;21:05;5;92;1;1;1;6;"48;8938521913";"2;2606124282"
202200042420;11;7;2022;09:15;1;92;2;1;1;3;"48;8182719933";"2;2851444482"
202200042421;23;2;2022;08:40;1;92;2;9;5;3;"48;9305140000";"2;2551440000"
202200042422;19;8;2022;21:05;5;14;2;4;1;3;"48;9724740000";" -0;2488130000"
202200042423;12;7;2022;09:05;1;92;2;1;1;3;"48;9066869371";"2;2459622025"
202200042424;21;8;2022;16:50;1;05;2;1;1;6;"44;5480522346";"6;6202819347"
202200042425;17;6;2022;02:32;5;92;2;1;1;6;"48;9066390000";"2;2464500000"
202200042426;23;2;2022;20:56;5;92;2;2;1;6;"48;8450311833";"2;2372305393"
202200042427;21;8;2022;14:00;1;64;1;1;1;6;"43;3052870000";" -1;2660240000"
202200042428;17;8;2022;00:27;3;64;1;1;1;7;"43;4034420000";" -1;5687270000"
202200042429;12;7;2022;22:02;5;92;2;2;1;3;"48;8373200000";"2;2457800000"
202200042430;23;2;2022;12:30;1;92;2;6;1;2;"48;8479119235";"2;2418247610"
202200042431;20;8;2022;04:00;3;43;1;1;1;6;"45;3158728782";"3;9841961861"
202200042432;12;7;2022;18:00;1;57;1;1;1;7;"48;7542271066";"7;0357936621"
202200042433;21;8;2022;07:50;1;16;2;1;1;6;"45;4730050000";"0;0293760000"
202200042434;20;8;2022;12:45;1;07;2;3;1;6;"45;2607960000";"4;7032430000"
202200042435;12;7;2022;19:00;1;01;1;1;1;1;"46;0070740000";"4;7951950000"
202200042436;19;8;2022;17:10;1;21;2;1;1;7;"47;2662930000";"4;5384800000"
202200042437;21;8;2022;06:50;2;24;1;1;9;6;"44;8429080000";"1;3216640000"
202200042438;24;2;2022;16:20;1;12;1;1;8;1;"44;4233694900";"1;9566455484"
202200042439;12;7;2022;16:00;1;64;1;3;1;3;"43;5114962775";" -0;6170850992"
202200042440;20;8;2022;18:05;1;04;1;9;1;3;"44;2441690000";"6;6151640000"
202200042441;23;2;2022;17:15;1;972;2;3;1;3;"14;5233350000";" -60;9769560000"
202200042442;19;8;2022;15:40;1;85;2;1;1;3;"46;8346400000";" -1;8665600000"
202200042443;13;7;2022;05:25;3;87;1;1;1;3;"45;6589841259";"1;3987950677"
202200042444;20;8;2022;02:20;3;85;1;1;1;7;"46;7541871148";" -0;7806148504"
202200042445;18;2;2022;21:05;3;36;1;1;1;6;"46;9015608668";"1;7335653305"
202200042446;12;7;2022;13:30;1;26;2;1;7;2;"45;1955180000";"4;8144990000"
202200042447;21;8;2022;05:55;2;13;1;1;1;1;"43;6076610000";"5;3330420000"
202200042448;21;2;2022;18:25;5;74;2;1;2;6;"45;8349370000";"6;1618550000"
202200042449;20;8;2022;06:40;1;34;1;1;1;1;"43;7021020000";"4;1147230000"
202200042450;12;7;2022;22:30;3;83;1;1;1;1;"43;1387730000";"6;0797630000"
202200042451;24;2;2022;10:48;1;79;1;3;1;2;"46;8654250000";" -0;7225550000"
202200042452;10;7;2022;19:05;1;62;1;2;1;2;"50;3879320000";"2;4587380000"
202200042453;21;8;2022;16:45;1;27;1;1;1;2;"49;2742316334";"1;1318429729"
202200042454;23;2;2022;20:30;3;11;1;2;1;3;"43;2346120000";"2;2626690000"
202200042455;8;7;2022;19:45;1;62;2;1;1;6;"50;1754140000";"2;6205740000"
202200042456;23;2;2022;20:16;2;71;1;1;1;6;"46;7062560000";"5;2583470000"
202200042457;19;8;2022;19:00;5;987;2;1;2;1;" -16;8210000000";" -151;4040000000"
202200042458;12;7;2022;17:25;1;30;1;1;1;4;"43;7127500000";"4;6063960000"
202200042459;12;7;2022;19:15;1;44;2;1;1;1;"47;1934490000";" -1;4635950000"
202200042460;21;2;2022;07:40;2;49;1;2;2;6;"47;7035160000";" -0;8676090000"
202200042461;12;7;2022;20:40;1;44;2;1;1;1;"47;1859280000";" -1;4610540000"
202200042462;23;2;2022;16:35;1;12;1;1;1;1;"44;3698440403";"2;4791191667"
202200042463;23;2;2022;17:56;1;35;1;1;1;7;"47;9899500000";" -2;0330930000"
202200042464;13;7;2022;15:17;1;62;2;4;1;3;"50;6687610000";"1;8225940000"
202200042465;20;8;2022;14:30;1;2B;1;1;1;1;"42;3825960000";"9;1403920000"
202200042466;12;7;2022;22:35;5;51;1;6;1;7;"48;7807270000";"4;2215180000"
202200042467;23;2;2022;15:50;1;29;1;1;1;6;"48;5466640000";" -4;5053280000"
202200042468;12;7;2022;20:19;1;56;1;2;1;3;"47;9163350000";" -2;5243610000"
202200042469;23;2;2022;15:30;1;31;2;9;1;2;"43;7964220000";"1;4066260000"
202200042470;1;7;2022;20:25;2;56;2;2;7;3;"47;8109210000";" -2;3838510000"
202200042471;23;2;2022;16:45;1;26;1;2;1;3;"44;6013971107";"4;8300147057"
202200042472;21;8;2022;06:50;2;05;1;1;1;1;"44;4173220000";"5;6528090000"
202200042473;12;7;2022;19:00;1;76;2;9;7;3;"49;4998220000";"0;9622380000"
202200042474;21;8;2022;05:45;2;13;1;1;1;1;"43;6936240000";"5;3879030000"
202200042475;24;2;2022;16:45;1;72;1;1;1;1;"47;9970080000";"0;1398560000"
202200042476;12;7;2022;15:30;1;79;2;2;7;3;"46;9674910000";" -0;8929260000"
202200042477;21;8;2022;00:30;3;26;1;1;1;6;"44;8835610000";"4;8680590000"
202200042478;13;7;2022;10:30;1;2B;1;1;1;2;"42;4651560000";"9;4943710000"
202200042479;21;8;2022;11:00;1;89;1;1;1;6;"48;2422130000";"3;4871320000"
202200042480;13;7;2022;01:45;5;80;2;1;1;1;"50;0114920000";"2;0836230000"
202200042481;24;2;2022;11:30;1;60;2;1;1;2;"49;6497770000";"2;2704720000"
202200042482;20;8;2022;17:00;1;74;2;6;1;6;"46;0790540000";"6;4066280000"
202200042483;12;7;2022;17:10;1;80;2;1;7;6;"50;0666090000";"1;8317560000"
202200042484;28;4;2022;20:50;3;82;1;1;1;6;"43;8820460000";"0;9136090000"
202200042485;23;2;2022;23:35;5;987;1;1;1;3;" -16;5137420000";" -151;7451380000"
202200042486;19;8;2022;20:00;2;73;2;1;1;6;"45;4046100000";"6;5632190000"
202200042487;13;7;2022;10:00;1;65;1;1;9;7;"42;8103020000";"0;4219970000"
202200042488;13;7;2022;18:11;1;81;1;1;1;6;"43;8654440000";"1;8970730000"
202200042489;17;2;2022;07:30;1;988;1;1;1;3;" -22;2309110000";"166;5123130000"
202200042490;20;8;2022;17:40;1;73;1;4;1;2;"45;6270640000";"6;8303130000"
202200042491;12;7;2022;16:15;1;32;1;1;1;1;"43;6192400258";" -0;0508678981"
202200042492;20;8;2022;20:57;5;42;2;1;1;6;"45;7411280000";"4;2184280000"
202200042493;22;2;2022;19:15;3;973;1;1;1;2;"5;6145340000";" -53;8821030000"
202200042494;23;2;2022;08:55;1;91;1;6;2;7;"48;5403280000";"2;3533700000"
202200042495;21;8;2022;11:00;1;07;2;1;1;6;"45;0691280000";"4;8291750000"
202200042496;11;7;2022;08:25;1;49;2;1;1;6;"47;5389450000";" -0;6163230000"
202200042497;21;8;2022;06:45;2;07;2;1;1;6;"44;2823580000";"4;6166340000"
202200042498;22;2;2022;17:00;1;84;2;1;1;4;"44;2962830000";"4;7519840000"
202200042499;11;7;2022;17:15;1;49;1;2;9;1;"47;6315000000";" -0;6263230000"
202200042500;21;8;2022;01:20;3;01;2;1;1;6;"46;2307930000";"4;9918030000"
202200042501;23;2;2022;08:30;1;06;2;1;1;1;"43;8155890000";"7;3105020000"
202200042502;12;7;2022;08:45;1;49;1;1;1;5;"47;1460070000";" -0;6400180000"
202200042503;13;7;2022;11:00;1;12;1;1;1;6;"44;2692730000";"2;0485640000"
202200042504;23;2;2022;11:00;1;13;1;1;1;1;"43;6170020000";"5;5052660000"
202200042505;21;8;2022;11:20;1;65;1;1;1;1;"42;9113340000";"0;1393610000"
202200042506;22;2;2022;12:20;1;07;1;1;1;1;"44;8200280000";"4;0190760000"
202200042507;13;7;2022;07:35;1;12;1;1;1;6;"44;0268590000";"3;1476470000"
202200042508;13;6;2022;13:57;1;54;1;1;1;2;"48;6010365245";"6;8437213986"
202200042509;10;8;2022;18:30;1;79;2;1;7;1;"46;4282310000";" -0;2363190000"
202200042510;10;7;2022;19:46;1;46;1;1;1;7;"44;4223330000";"1;2983070000"
202200042511;24;2;2022;09:45;1;64;2;1;1;6;"43;1909290000";" -0;6109270000"
202200042512;9;6;2022;13:55;1;72;1;2;1;2;"48;0127070000";"0;3177880000"
202200042513;21;8;2022;18:25;1;50;1;1;1;3;"49;2881730000";" -1;2623440000"
202200042514;11;7;2022;15:05;1;86;2;3;1;1;"46;7335106441";"0;7630951703"
202200042515;19;2;2022;10:55;1;60;1;1;1;4;"49;2098910000";"2;2822860000"
202200042516;20;8;2022;13:25;1;83;1;1;1;7;"43;1158337046";"6;1121320724"
202200042517;6;7;2022;14:58;1;25;1;1;1;2;"47;1720940000";"5;9791370000"
202200042518;5;6;2022;18:00;1;05;1;1;1;5;"44;6211740000";"6;5351060000"
202200042519;20;8;2022;05:30;5;94;1;1;1;6;"48;7610139168";"2;3181271677"
202200042520;10;7;2022;10:00;1;29;2;6;1;3;"47;8324378803";" -4;1797403097"
202200042521;10;6;2022;14:45;1;50;1;1;1;6;"49;3762820000";" -1;2270680000"
202200042522;23;2;2022;09:00;1;13;1;1;1;2;"43;4888330000";"5;2403560000"
202200042523;12;7;2022;13:50;1;03;1;2;1;3;"46;3663870000";"3;1322190000"
202200042524;14;6;2022;11:20;1;18;2;2;1;3;"46;7274000000";"2;5120710000"
202200042525;12;7;2022;15:45;1;15;1;1;1;7;"45;1152230000";"2;9133830000"
202200042526;22;2;2022;23:35;3;01;1;1;1;6;"45;8081320000";"4;9299990000"
202200042527;19;8;2022;16:35;1;91;1;1;1;4;"48;7381400000";"2;1798200000"
202200042528;13;7;2022;07:20;1;01;1;1;7;2;"45;6270190000";"5;6375260000"
202200042529;19;8;2022;21:55;3;95;1;1;1;6;"48;9747600000";"2;4911900000"
202200042530;13;6;2022;16:45;1;21;1;1;1;5;"47;0051840000";"5;0477830000"
202200042531;23;2;2022;12:20;1;33;1;1;1;4;"44;7784420000";" -0;5544830000"
202200042532;8;7;2022;14:50;1;70;2;3;1;3;"47;5027642328";"5;6716074049"
202200042533;19;8;2022;22:10;5;06;2;1;1;6;"43;5506000000";"7;0292700000"
202200042534;12;6;2022;19:50;1;17;1;3;1;3;"46;0605410000";" -1;0127220000"
202200042535;23;2;2022;18:00;1;93;1;1;1;2;"48;8978300000";"2;4694200000"
202200042536;4;7;2022;08:50;1;72;2;9;1;1;"47;9135460000";"0;7454640000"
202200042537;23;2;2022;10:00;1;93;1;1;1;2;"48;9027800000";"2;3586400000"
202200042538;11;7;2022;14:30;1;14;1;6;1;7;"49;1572272196";" -0;2854835988"
202200042539;13;6;2022;18:10;1;37;1;1;1;1;"47;2690669312";"0;3935337067"
202200042540;19;8;2022;15:00;1;976;2;1;1;6;" -12;7625400000";"45;2259800000"
202200042541;23;2;2022;08:35;1;93;1;1;1;2;"48;9404100000";"2;4237200000"
202200042542;12;7;2022;22:50;5;60;2;1;1;3;"49;3005840000";"2;6206240000"
202200042543;12;6;2022;11:30;1;37;1;1;1;7;"47;3384430000";"0;8266170000"
202200042544;19;8;2022;07:10;1;972;2;1;1;2;"14;6132800000";" -61;0646800000"
202200042545;13;6;2022;16:30;1;973;2;1;1;3;"4;9216000000";" -52;2805940000"
202200042546;23;2;2022;09:30;1;95;1;1;5;4;"49;0632285949";"2;3654723167"
202200042547;12;7;2022;10:05;1;64;1;2;1;2;"43;2474930000";" -0;1660930000"
202200042548;13;7;2022;11:15;1;10;1;1;1;7;"48;3899200000";"4;6327380000"
202200042549;22;2;2022;14:55;1;64;2;1;7;6;"43;2982400000";" -0;3583800000"
202200042550;13;6;2022;17:58;1;49;1;2;1;2;"47;6981910000";" -0;7091220000"
202200042551;13;7;2022;10:00;1;16;1;1;1;6;"45;7039752409";"0;3246867657"
202200042552;19;8;2022;18:08;1;2B;2;6;7;1;"42;6760000000";"9;4375600000"
202200042553;22;2;2022;08:00;1;76;1;1;2;6;"49;5039467791";"0;1939318209"
202200042554;12;7;2022;19:45;1;40;1;2;1;3;"43;6162730000";" -0;5565200000"
202200042555;22;2;2022;19:45;5;80;2;1;1;6;"50;1073501481";"1;8423342707"
202200042556;19;8;2022;16:16;1;2A;2;2;1;3;"41;9120737678";"8;7227931620"
202200042557;14;6;2022;07:00;1;95;2;1;1;3;"49;1004726211";"2;5242161751"
202200042558;22;2;2022;17:10;1;64;2;1;7;6;"43;3014200000";" -0;3580800000"
202200042559;12;7;2022;18:20;1;24;2;3;7;6;"45;2482100000";"0;4182720000"
202200042560;21;2;2022;20:20;5;76;2;1;1;6;"49;5091600000";"0;1490600000"
202200042561;13;6;2022;15:50;1;38;1;1;1;3;"45;5604710000";"5;2852040000"
202200042562;7;7;2022;19:00;1;85;2;6;1;6;"46;6525370000";" -0;7466730000"
202200042563;4;6;2022;23:00;5;988;2;1;1;7;" -22;2891780000";"166;6530810000"
202200042564;22;2;2022;08:05;1;973;2;1;3;2;"4;9144100000";" -52;3258500000"
202200042565;18;8;2022;12:34;1;2A;2;9;1;6;"41;9276900000";"8;7386000000"
202200042566;12;7;2022;06:45;1;85;1;2;7;2;"46;5204100000";" -1;2325200000"
202200042567;14;6;2022;07:50;1;37;2;1;1;6;"47;1709750000";"0;2572390000"
202200042568;22;2;2022;13:45;1;69;2;2;1;3;"45;7388400000";"4;8791700000"
202200042569;13;7;2022;15:20;1;27;1;2;1;3;"49;1230680000";"0;8468910000"
202200042570;14;6;2022;13:45;1;28;2;3;1;3;"48;8562180000";"1;4453350000"
202200042571;22;2;2022;13:25;1;69;2;3;1;3;"45;7496200000";"4;8685100000"
202200042572;13;7;2022;08:20;1;27;1;2;1;3;"49;1596420000";"0;5372570000"
202200042573;22;2;2022;10:30;1;69;2;2;1;1;"45;7559700000";"4;8402500000"
202200042574;14;6;2022;08:00;1;45;1;2;1;2;"48;1660210000";"2;2101290000"
202200042575;25;6;2022;01:30;5;95;2;2;1;3;"48;9705600000";"2;3068500000"
202200042576;12;7;2022;15:35;1;28;1;1;1;1;"48;5200850000";"1;6606480000"
202200042577;14;6;2022;02:57;5;78;2;4;1;6;"48;8317790000";"1;8401350000"
202200042578;12;7;2022;20:15;1;17;1;1;1;6;"46;0976920000";" -0;7611080000"
202200042579;22;2;2022;15:40;1;972;1;1;1;4;"14;6163800000";" -61;0154100000"
202200042580;13;7;2022;08:45;1;30;1;1;1;6;"43;5620900000";"4;1405150000"
202200042581;14;6;2022;15:19;1;2B;1;1;1;4;"42;5632270000";"9;4342090000"
202200042582;22;2;2022;14:05;1;69;2;2;1;1;"45;7446000000";"4;8195500000"
202200042583;12;7;2022;17:15;1;08;1;1;1;7;"49;5009720000";"4;9895870000"
202200042584;18;8;2022;16:27;1;87;2;1;1;3;"45;8454000000";"1;2757200000"
202200042585;21;2;2022;15:35;1;69;2;1;3;1;"45;7932800000";"4;8718700000"
202200042586;12;7;2022;04:08;3;31;1;1;1;5;"43;7053360000";"1;4055320000"
202200042587;12;6;2022;22:45;5;83;2;1;1;1;"43;1473060000";"6;3992480000"
202200042588;22;2;2022;11:55;1;2B;2;3;1;6;"42;7013600000";"9;4497400000"
202200042589;19;8;2022;09:35;1;83;2;9;1;6;"43;1210030000";"5;9472970000"
202200042590;12;7;2022;10:20;1;09;2;1;1;1;"42;7306850000";"2;0711960000"
202200042591;13;6;2022;13:50;1;67;1;1;1;1;"48;3996550000";"7;6980040000"
202200042592;19;2;2022;18:37;3;2B;2;1;1;2;"42;6236000000";"9;4366000000"
202200042593;21;2;2022;08:14;1;971;1;1;1;7;"16;2804182596";" -61;4957785606"
202200042594;14;6;2022;10:20;1;57;2;1;1;3;"49;3059210000";"6;1041220000"
202200042595;28;6;2022;16:00;1;06;1;1;8;2;"43;6023040000";"7;0592740000"
202200042596;22;2;2022;22:25;5;91;2;1;2;6;"48;6769750000";"2;1971670000"
202200042597;19;8;2022;06:35;2;83;1;1;9;1;"43;5186000000";"6;4301600000"
202200042598;12;7;2022;14:40;1;976;2;1;1;7;" -12;9277900000";"45;1039890000"
202200042599;14;6;2022;16:30;1;42;1;3;7;1;"45;7377730000";"4;1785060000"
202200042600;22;2;2022;08:10;1;91;2;2;1;3;"48;6989400000";"2;2030000000"
202200042601;13;7;2022;14:35;1;72;1;1;1;6;"47;9141850000";"0;0692221000"
202200042602;19;8;2022;17:30;1;76;2;1;1;7;"49;4350700000";"1;0942800000"
202200042603;14;6;2022;10:55;1;01;2;1;1;1;"45;8256740000";"4;9826220000"
202200042604;22;2;2022;17:40;2;91;2;1;1;3;"48;6883000000";"2;4349000000"
202200042605;11;7;2022;00:00;3;987;2;1;1;7;" -15;1200000000";" -147;7470000000"
202200042606;5;6;2022;02:00;5;69;2;6;3;6;"45;8699200000";"4;7000670000"
202200042607;7;7;2022;22:30;5;971;2;1;1;1;"16;2512380000";" -61;2789760000"
202200042608;22;2;2022;05:30;5;91;2;1;1;3;"48;6922300000";"2;4990800000"
202200042609;13;6;2022;17:35;1;69;2;1;1;6;"45;8646570000";"4;7423170000"
202200042610;16;2;2022;11:50;1;91;2;1;2;6;"48;6342860000";"2;4539150000"
202200042611;13;6;2022;23:50;3;65;2;1;1;7;"43;0923930000";"0;1319490000"
202200042612;18;8;2022;18:50;1;76;2;4;1;1;"49;5124600000";"0;1718600000"
202200042613;13;7;2022;06:00;2;34;1;1;1;4;"43;3876590000";"3;3908830000"
202200042614;13;7;2022;01:55;3;34;1;1;1;7;"43;6704120000";"4;1027090000"
202200042615;13;6;2022;12:10;1;16;2;1;1;4;"45;6865920000";" -0;2866510000"
202200042616;13;7;2022;14:10;1;34;1;1;1;6;"43;7327440000";"4;0064900000"
202200042617;18;8;2022;20:18;1;72;2;9;1;3;"47;9911200000";"0;2266000000"
202200042618;26;6;2022;10:45;1;83;1;1;1;6;"43;4488220000";"6;0945580000"
202200042619;13;6;2022;18:00;1;22;1;1;1;6;"48;1585950000";" -2;7503550000"
202200042620;19;2;2022;10:36;1;87;2;3;1;3;"45;8516800000";"1;2725800000"
202200042621;18;8;2022;20:10;2;71;2;9;2;6;"46;2947800000";"4;8193500000"
202200042622;13;7;2022;00:15;3;83;1;1;1;7;"43;4523814854";"6;1052119732"
202200042623;10;6;2022;11:15;1;35;2;1;1;1;"48;5810761068";" -2;0689883083"
202200042624;13;7;2022;19:20;1;05;1;1;1;6;"44;3688550000";"5;9225210000"
202200042625;21;2;2022;09:05;1;84;2;1;1;5;"44;0323340000";"4;9985700000"
202200042626;14;6;2022;10:10;1;35;2;1;1;6;"48;0724120780";" -1;8507188559"
202200042627;13;7;2022;17:48;1;13;1;1;1;1;"43;7875160000";"4;9484610000"
202200042628;21;2;2022;08:55;1;80;2;1;6;1;"49;8969900000";"2;3113400000"
202200042629;19;8;2022;19:00;1;69;2;2;1;3;"45;7646300000";"4;9191200000"
202200042630;14;6;2022;18:30;1;57;1;1;1;2;"49;4318910000";"6;1169200000"
202200042631;13;7;2022;00:50;3;13;1;3;1;2;"43;4584020000";"5;6539250000"
202200042632;13;6;2022;16:37;1;59;2;1;1;6;"50;3300848344";"3;0722880363"
202200042633;19;2;2022;03:15;5;80;2;1;6;7;"49;8895000000";"2;2928400000"
202200042634;12;7;2022;13:15;1;89;1;1;1;7;"47;9595500000";"3;4885640000"
202200042635;19;8;2022;11:40;1;69;2;1;2;6;"45;7835500000";"4;9359600000"
202200042636;9;6;2022;11:45;1;13;1;1;1;2;"43;3300000000";"5;4120100000"
202200042637;22;2;2022;18:00;2;77;1;2;1;3;"48;8537700000";"2;6907200000"
202200042638;26;6;2022;08:10;1;55;2;3;1;1;"49;5153290000";"5;3715630000"
202200042639;12;6;2022;10:50;1;59;1;1;1;1;"50;4854371384";"3;2163119316"
202200042640;22;2;2022;16:00;1;76;2;1;1;2;"49;9250800000";"1;1086500000"
202200042641;12;7;2022;18:00;1;57;2;1;1;2;"49;3042040000";"6;1526720000"
202200042642;20;2;2022;03:10;5;72;2;1;1;6;"48;0087810000";"0;1993840000"
202200042643;13;6;2022;16:50;1;78;1;1;1;2;"48;7912290000";"2;0717980000"
202200042644;20;8;2022;02:30;5;64;2;3;1;3;"43;3014600000";" -0;3693700000"
202200042645;11;7;2022;06:20;1;57;1;1;1;6;"49;0319840000";"7;1369130000"
202200042646;21;2;2022;12:05;1;71;2;1;1;2;"46;7873300000";"4;8495200000"
202200042647;12;7;2022;08:15;1;07;2;3;1;1;"44;6511822177";"3;9619302750"
202200042648;13;6;2022;15:00;1;78;1;1;1;1;"48;7882100000";"2;1413710000"
202200042649;18;8;2022;11:30;1;64;2;1;2;6;"43;4995800000";" -1;4808000000"
202200042650;22;2;2022;10:10;1;69;2;1;1;2;"45;7380000000";"4;9350000000"
202200042651;11;7;2022;15:45;1;01;2;1;1;6;"45;8246390000";"4;9969930000"
202200042652;13;6;2022;12:50;1;78;1;1;1;6;"48;7826010000";"2;1609320000"
202200042653;21;2;2022;12:15;1;65;2;3;1;3;"43;1051000000";" -0;0415100000"
202200042654;7;7;2022;18:40;1;17;1;2;1;3;"45;6054630000";" -0;5215340000"
202200042655;13;6;2022;08:30;1;78;1;1;1;3;"48;9656750000";"1;8106850000"
202200042656;12;7;2022;21:50;3;40;1;1;1;6;"43;8000310000";" -1;1557530000"
202200042657;22;2;2022;15:30;1;64;2;1;1;2;"43;3964376040";" -1;6459604711"
202200042658;17;8;2022;16:55;1;60;2;1;1;3;"49;3923000000";"2;7893700000"
202200042659;22;2;2022;21:24;5;64;2;1;1;7;"43;2735200000";" -0;3210700000"
202200042660;13;7;2022;17:15;1;85;1;1;1;6;"46;9628140000";" -1;0550420000"
202200042661;13;6;2022;07:40;1;92;1;1;1;4;"48;9151866286";"2;2202750559"
202200042662;22;2;2022;13:55;1;64;2;1;7;2;"43;2665780000";" -0;3894630000"
202200042663;24;6;2022;16:50;1;44;1;2;1;3;"47;2661900000";" -1;4873100000"
202200042664;11;6;2022;18:36;1;92;1;1;1;2;"48;8934770765";"2;1888457004"
202200042665;19;8;2022;11:20;1;59;2;8;1;6;"50;6967120000";"3;1364290000"
202200042666;21;2;2022;13:55;1;64;2;1;8;4;"43;2965300000";" -0;3586700000"
202200042667;13;7;2022;16:50;1;14;2;3;1;3;"49;2845220000";" -0;1576040000"
202200042668;13;6;2022;11:15;1;93;1;1;1;4;"48;9559829274";"2;4734293654"
202200042669;13;7;2022;10:05;1;56;2;1;1;7;"47;6670770000";" -2;9827300000"
202200042670;21;2;2022;08:15;2;64;2;6;2;2;"43;4842200000";" -1;4473800000"
202200042671;19;8;2022;09:45;1;59;2;3;8;3;"50;7393023891";"3;1628099084"
202200042672;13;6;2022;07:10;1;95;1;1;1;4;"48;9535300000";"2;2792400000"
202200042673;13;7;2022;09:00;1;29;2;6;1;3;"48;2717180000";" -4;5874250000"
202200042674;21;2;2022;17:45;1;62;2;6;1;6;"50;7389630000";"2;2721110000"
202200042675;13;7;2022;06:45;2;22;2;1;1;6;"48;6193780000";" -2;2499230000"
202200042676;28;3;2022;18:42;1;42;1;1;1;4;"45;4923700000";"4;5223900000"
202200042677;18;2;2022;23:53;3;55;2;6;1;3;"49;1549738402";"5;3897809982"
202200042678;12;7;2022;17:45;1;27;2;5;1;3;"49;1686920000";"1;1820390000"
202200042679;12;6;2022;18:15;1;13;2;1;1;1;"43;2618208201";"5;3748627209"
202200042680;8;7;2022;11:40;1;80;2;1;1;6;"50;1803920000";"1;6337930000"
202200042681;22;2;2022;14:20;1;54;2;1;2;4;"48;6870696117";"6;1620908976"
202200042682;21;7;2022;18:05;1;59;2;3;1;5;"50;5914402342";"3;0727189778"
202200042683;12;6;2022;20:35;3;974;2;1;1;6;" -21;3425900000";"55;5139800000"
202200042684;28;1;2022;12:15;1;54;2;1;1;7;"48;7048600000";"6;1707800000"
202200042685;12;7;2022;16:25;1;13;1;1;1;4;"43;4033800000";"5;3052200000"
202200042686;12;6;2022;13:35;1;69;1;1;1;6;"45;7316760824";"4;8248686059"
202200042687;11;6;2022;02:40;5;972;1;1;2;6;"14;6239400000";" -60;9511100000"
202200042688;22;2;2022;05:45;5;54;2;3;1;3;"48;7010539001";"6;1477410793"
202200042689;16;8;2022;17:20;1;59;2;1;1;6;"50;6844521802";"2;8807193041"
202200042690;11;7;2022;17:30;1;83;1;1;1;4;"43;1206400000";"5;8407700000"
202200042691;12;6;2022;05:30;1;972;2;1;1;2;"14;6113000000";" -61;0733700000"