Accident_Id;jour;mois;an;hrmn;lum;dep;agg;int;atm;col;lat;long
202200042692;21;2;2022;15:00;1;54;2;2;2;1;"48;6885500000";"6;1548400000"
202200042693;10;7;2022;04:40;3;69;1;1;1;3;"45;8376400000";"4;7557900000"
202200042694;18;8;2022;18:30;1;54;2;1;1;6;"48;6954300000";"6;1819400000"
202200042695;12;6;2022;00:25;5;972;1;9;1;3;"14;6163500000";" -61;0710200000"
202200042696;11;7;2022;18:45;1;69;1;1;1;7;"45;6942901515";"4;8425352573"
202200042697;22;2;2022;13:35;1;51;2;3;2;3;"49;2595800000";"4;0404900000"
202200042698;12;6;2022;22:43;5;2A;2;6;1;7;"41;9299500000";"8;7574800000"
202200042699;13;8;2022;10:25;1;53;2;1;1;7;"48;0766800000";" -0;7702500000"
202200042700;12;7;2022;09:00;1;69;1;1;1;4;"45;7943800000";"4;9242300000"
202200042701;19;2;2022;00:15;5;50;2;2;2;3;"49;6448500000";" -1;6262500000"
202200042702;12;6;2022;17:00;1;95;2;9;1;6;"49;0125900000";"2;4719400000"
202200042703;11;7;2022;08:40;1;69;1;1;1;2;"45;7834514921";"4;8916734750"
202200042704;20;2;2022;19:50;5;49;2;4;8;6;"47;0407700000";" -0;8932800000"
202200042705;12;7;2022;19:00;1;33;1;1;1;6;"44;8812060000";" -0;5239390000"
202200042706;12;6;2022;09:15;1;91;2;9;1;3;"48;5929200000";"2;2615880000"
202200042707;18;8;2022;11:30;1;51;2;3;1;3;"49;2137900000";"4;0344900000"
202200042708;20;2;2022;21:35;5;44;2;1;2;6;"47;2593000000";" -2;2680400000"
202200042709;12;7;2022;16:55;1;33;1;1;1;2;"44;7606120000";" -0;6791520000"
202200042710;22;2;2022;08:25;1;44;2;1;1;6;"47;2069230000";" -1;5401120000"
202200042711;12;7;2022;10:30;1;33;1;1;1;2;"44;8643010000";" -0;5037970000"
202200042712;18;2;2022;15:25;1;42;2;1;9;6;"46;0721200000";"4;0659300000"
202200042713;18;8;2022;20:55;1;50;2;6;1;3;"49;5996800000";" -1;5978200000"
202200042714;8;7;2022;21:20;1;59;1;1;1;1;"50;3871840131";"3;4578824043"
202200042715;20;2;2022;04:30;3;38;1;1;1;3;"45;2008966783";"5;7588083323"
202200042716;12;7;2022;22:07;2;91;1;1;1;7;"48;7460800000";"2;3254100000"
202200042717;19;8;2022;20:30;1;47;2;7;1;3;"44;2033900000";"0;6245500000"
202200042718;11;6;2022;02:00;5;69;2;1;1;2;"45;7725300000";"4;8636900000"
202200042719;22;2;2022;12:40;1;37;2;1;1;6;"47;3923400000";"0;6691000000"
202200042720;19;8;2022;18:55;1;45;2;6;2;7;"47;9245060000";"1;9397900000"
202200042721;12;7;2022;18:25;1;77;1;1;1;6;"48;6319000000";"2;5267500000"
202200042722;22;2;2022;07:45;1;37;1;1;1;7;"47;3330936690";"0;6728629768"
202200042723;19;8;2022;06:55;1;45;2;1;1;6;"47;9208000000";"1;9146000000"
202200042724;12;6;2022;23:55;5;69;2;2;1;3;"45;7740400000";"4;9210400000"
202200042725;22;2;2022;18:25;2;31;2;3;1;3;"43;5895400000";"1;4142000000"
202200042726;12;7;2022;11:00;1;91;1;1;1;5;"48;6683800000";"2;1923400000"
202200042727;11;6;2022;09:30;1;60;2;3;1;2;"49;4487200000";"2;0850400000"
202200042728;19;8;2022;19:52;1;45;2;1;2;3;"47;9980300000";"2;7416530000"
202200042729;21;2;2022;16:30;1;31;2;1;1;3;"43;1114210000";"0;7411400000"
202200042730;11;7;2022;09:30;1;92;1;1;1;2;"48;8033612505";"2;2143421769"
202200042731;12;6;2022;00:40;5;59;1;1;1;6;"50;7154300000";"2;5119300000"
202200042732;22;2;2022;12:15;1;29;2;1;1;3;"48;4141770000";" -4;5085560000"
202200042733;12;7;2022;18:30;1;95;1;1;1;3;"49;0591800000";"2;2105900000"
202200042734;19;8;2022;22:55;5;37;2;1;8;6;"47;3623593892";"0;6958803535"
202200042735;12;6;2022;01:55;3;54;1;1;1;7;"49;4365200000";"5;9257500000"
202200042736;12;7;2022;07:00;1;93;1;1;1;3;"48;9602419884";"2;4733228737"
202200042737;22;2;2022;17:05;1;26;1;3;1;6;"44;9259300000";"4;9205400000"
202200042738;12;6;2022;12:35;1;51;2;2;1;7;"49;2514400000";"4;0419600000"
202200042739;9;8;2022;16:15;1;35;2;2;1;6;"48;6329000000";" -2;0549900000"
202200042740;12;7;2022;00:40;3;93;1;1;1;2;"48;9227978068";"2;3512841912"
202200042741;11;7;2022;15:00;1;95;1;1;1;2;"49;0503500000";"2;4313200000"
202200042742;19;8;2022;16:10;1;35;1;1;2;1;"48;1608200000";" -1;6931000000"
202200042743;11;6;2022;19:38;1;51;2;2;1;3;"49;2408400000";"4;0134900000"
202200042744;22;2;2022;21:48;5;14;2;2;8;1;"49;1833200000";" -0;3871000000"
202200042745;11;7;2022;11:30;1;93;1;1;1;3;"48;9712600000";"2;4980500000"
202200042746;16;4;2022;11:50;1;50;2;6;1;3;"48;8538500000";" -1;5650500000"
202200042747;22;2;2022;21:45;5;13;2;2;1;3;"43;3078300000";"5;3816800000"
202200042748;18;8;2022;15:10;1;35;2;1;1;6;"48;0874220000";" -1;6743590000"
202200042749;11;7;2022;23:00;4;95;2;2;1;1;"49;0051706661";"2;3870547116"
202200042750;22;2;2022;14:40;1;13;2;2;1;3;"43;2888000000";"5;3830000000"
202200042751;9;7;2022;20:35;1;92;2;1;1;3;"48;9220768090";"2;2424055934"
202200042752;12;6;2022;23:00;4;37;2;1;1;2;"47;3965771648";"0;6856021285"
202200042753;18;8;2022;08:20;1;31;2;2;1;3;"43;5988630000";"1;4324180000"
202200042754;21;2;2022;08:45;1;13;2;2;1;3;"43;2677050842";"5;4204565816"
202200042755;10;7;2022;23:55;5;92;2;1;1;3;"48;9351520410";"2;3276837468"
202200042756;12;6;2022;18:30;1;37;2;1;1;6;"47;3676251777";"0;7053505629"
202200042757;9;7;2022;19:20;1;69;2;2;1;3;"45;7424677875";"4;8507560678"
202200042758;12;6;2022;03:50;3;35;1;1;1;2;"48;0975964223";" -1;6170796752"
202200042759;17;8;2022;18:00;1;25;2;2;2;3;"46;9109180000";"6;3522850000"
202200042760;22;2;2022;12:50;1;06;2;1;1;2;"43;5663600000";"6;9920000000"
202200042761;9;7;2022;20:00;1;93;2;2;1;6;"48;9087287039";"2;3905496299"
202200042762;12;6;2022;15:15;1;31;2;1;1;2;"43;5727900000";"1;4945300000"
202200042763;22;2;2022;09:00;1;06;2;2;1;3;"43;6595800000";"7;1696100000"
202200042764;9;7;2022;04:15;3;77;1;1;1;6;"48;8816268717";"2;6677850530"
202200042765;12;6;2022;03:45;5;31;2;3;1;3;"43;6086000000";"1;4457400000"
202200042766;8;7;2022;10:00;1;57;2;1;7;6;"49;1896251464";"6;8818670511"
202200042767;17;8;2022;04:35;5;13;2;9;3;5;"43;3180600000";"5;3902500000"
202200042768;21;2;2022;15:23;1;05;2;1;4;4;"44;5389200000";"6;0551200000"
202200042769;7;7;2022;11:30;1;75;2;1;1;6;"48;8745130000";"2;3865770000"
202200042770;17;2;2022;17:42;1;03;2;1;1;6;"46;1314800000";"3;4234800000"
202200042771;12;6;2022;05:20;3;31;1;1;1;7;"43;1365300000";"0;6986100000"
202200042772;19;8;2022;07:10;2;13;2;2;1;3;"43;2879800000";"5;3790700000"
202200042773;7;7;2022;13:18;1;2B;2;9;1;3;"42;6821995451";"9;4441701835"
202200042774;22;2;2022;16:55;1;75;2;1;1;3;"48;8465750000";"2;2548750000"
202200042775;12;6;2022;10:30;1;25;2;1;1;1;"47;2206200000";"5;9568900000"
202200042776;12;6;2022;07:00;1;22;1;1;1;7;"48;4859940000";" -2;7156410000"
202200042777;7;7;2022;18:43;1;81;2;7;1;2;"43;9254200000";"2;1473700000"
202200042778;19;8;2022;12:50;1;10;1;1;1;2;"48;2908000000";"4;1396000000"
202200042779;22;2;2022;07:30;1;75;2;1;1;2;"48;8422540000";"2;4136320000"
202200042780;7;7;2022;17:13;1;77;1;9;1;6;"48;6287580000";"2;5676680000"
202200042781;12;6;2022;18:50;1;13;2;2;1;3;"43;4232270819";"5;2410753071"
202200042782;19;8;2022;10:35;1;07;1;1;2;7;"44;9361180000";"4;8269300000"
202200042783;21;2;2022;20:15;5;75;2;1;2;2;"48;8210860000";"2;3779980000"
202200042784;7;7;2022;13:40;1;69;2;6;1;6;"45;9960500000";"4;7252600000"
202200042785;12;6;2022;15:45;1;13;1;1;1;1;"43;2496877683";"5;4453619259"
202200042786;19;8;2022;18:32;1;06;2;1;1;3;"43;6662400000";"7;2110900000"
202200042787;21;2;2022;19:55;3;75;2;1;2;2;"48;8704830000";"2;2725290000"
202200042788;7;7;2022;08:15;1;42;2;9;7;6;"45;3951200000";"4;3236000000"
202200042789;16;8;2022;14:18;1;06;2;1;1;6;"43;6765000000";"7;2003100000"
202200042790;11;6;2022;11:40;1;13;2;2;1;3;"43;3091298639";"5;3717649355"
202200042791;22;2;2022;10:30;1;75;2;1;1;3;"48;8769068867";"2;4093908072"
202200042792;7;6;2022;09:45;1;13;2;1;1;7;"43;2945700000";"5;5820100000"
202200042793;22;2;2022;14:00;1;75;2;3;2;6;"48;8846690000";"2;3397680000"
202200042794;7;7;2022;11:30;1;75;2;5;1;6;"48;8729490000";"2;3332440000"
202200042795;18;8;2022;00:55;5;75;2;1;1;4;"48;8858090000";"2;2883020000"
202200042796;11;6;2022;23:45;3;09;1;1;1;1;"42;9775400000";"1;6224100000"
202200042797;22;2;2022;10:30;1;75;2;1;2;3;"48;8888038696";"2;3495815694"
202200042798;19;8;2022;19:15;2;75;2;1;2;3;"48;8468130000";"2;3763580000"
202200042799;22;2;2022;15:20;1;75;2;1;1;3;"48;8448829836";"2;2585433722"
202200042800;6;7;2022;15:15;1;81;2;3;1;3;"43;6014370000";"2;2520880000"
202200042801;12;6;2022;01:05;5;08;2;6;1;6;"49;7018860000";"4;9442330000"
202200042802;22;2;2022;05:00;5;75;2;4;1;6;"48;8194370166";"2;3734706640"
202200042803;19;8;2022;10:02;1;75;2;2;1;3;"48;8658560000";"2;3198820000"
202200042804;6;7;2022;08:50;1;33;2;2;1;6;"44;6618100000";" -1;1853400000"
202200042805;12;6;2022;19:15;1;07;2;3;8;3;"44;6434670000";"4;3690300000"
202200042806;21;2;2022;06:10;5;75;2;3;2;3;"48;8258700000";"2;3525900000"
202200042807;6;7;2022;09:30;1;92;2;1;1;3;"48;8041650140";"2;2579778284"
202200042808;19;8;2022;22:32;5;75;2;5;1;3;"48;8624570000";"2;3019440000"
202200042809;11;6;2022;11:27;1;04;2;1;1;7;"43;8325042447";"5;7814411819"
202200042810;22;2;2022;17:10;1;75;2;5;1;1;"48;8804960000";"2;3523130000"
202200042811;18;8;2022;18:50;1;75;2;1;1;6;"48;8631280000";"2;3141210000"
202200042812;3;6;2022;16:20;1;04;1;1;1;1;"44;0680489599";"6;2085333467"
202200042813;22;2;2022;09:55;1;75;2;1;2;2;"48;8800979193";"2;3639233410"
202200042814;18;8;2022;16:00;1;75;2;1;1;7;"48;8626560000";"2;3034490000"
202200042815;19;8;2022;18:15;1;75;2;1;1;7;"48;8666240000";"2;3633560000"
202200042816;12;6;2022;08:10;1;01;1;2;1;2;"46;2357360000";"5;1834970000"
202200042817;21;2;2022;13:00;1;75;2;7;1;3;"48;8697590000";"2;3234560000"
202200042818;19;8;2022;11:00;1;75;2;3;1;3;"48;8535370000";"2;3665410000"
202200042819;22;2;2022;21:05;5;94;2;2;2;3;"48;7901400000";"2;3971900000"
202200042820;12;6;2022;15:10;1;75;2;1;1;3;"48;8635580000";"2;2657610000"
202200042821;22;2;2022;17:25;1;94;2;3;1;3;"48;7826500000";"2;3938900000"
202200042822;19;8;2022;01:55;5;75;2;2;1;3;"48;8508190000";"2;3614310000"
202200042823;11;6;2022;05:45;2;75;2;1;1;3;"48;8162240000";"2;3639410000"
202200042824;22;2;2022;21:00;5;94;2;1;2;1;"48;8103710000";"2;3290750000"
202200042825;23;7;2022;20:15;1;94;2;2;1;3;"48;7778600000";"2;4603300000"
202200042826;17;2;2022;18:30;5;94;2;9;2;3;"48;8071000000";"2;3629200000"
202200042827;11;6;2022;04:25;5;75;2;4;1;4;"48;9008180000";"2;3402900000"
202200042828;19;8;2022;17:20;1;94;2;9;1;6;"48;8159347826";"2;5384654105"
202200042829;22;2;2022;07:30;2;94;2;2;8;3;"48;7728300000";"2;4000800000"
202200042830;10;6;2022;08:00;1;75;2;1;1;7;"48;8807490000";"2;4051640000"
202200042831;19;8;2022;20:35;5;93;2;1;2;3;"48;9525700000";"2;5300300000"
202200042832;12;6;2022;21:35;1;75;2;1;1;6;"48;8805800000";"2;3747740000"
202200042833;22;2;2022;08:05;1;94;2;2;1;2;"48;7679600000";"2;5083900000"
202200042834;12;6;2022;20:30;1;75;2;1;1;3;"48;8961940000";"2;3750620000"
202200042835;22;2;2022;17:45;1;93;2;9;8;3;"48;9088308380";"2;3395227608"
202200042836;19;8;2022;12:20;1;93;2;2;1;3;"48;8828500000";"2;5142900000"
202200042837;12;6;2022;17:00;1;75;2;1;1;2;"48;8237410000";"2;3648990000"
202200042838;23;2;2022;00:05;3;93;2;1;2;6;"48;9394393769";"2;3565034002"
202200042839;11;2;2022;18:45;5;93;2;1;1;6;"48;9421559352";"2;3359352490"
202200042840;12;6;2022;10:40;1;75;2;7;1;3;"48;8730411545";"2;3310783505"
202200042841;19;8;2022;14:35;1;93;2;3;8;6;"48;9109000000";"2;4136700000"
202200042842;22;2;2022;10:00;1;93;2;1;1;3;"48;8943929456";"2;4194614292"
202200042843;22;2;2022;12:50;1;93;2;1;2;6;"48;8903957135";"2;3994354305"
202200042844;12;6;2022;00:01;5;75;2;2;1;3;"48;8722420000";"2;3383130000"
202200042845;19;8;2022;17:20;1;93;2;1;1;6;"48;8640500000";"2;5755200000"
202200042846;14;2;2022;06:20;5;92;2;1;8;3;"48;9351970000";"2;3293110000"
202200042847;12;6;2022;18:10;1;75;2;2;1;6;"48;8736850000";"2;3145320000"
202200042848;19;8;2022;16:25;1;93;2;1;2;3;"48;9231803542";"2;4059256072"
202200042849;21;2;2022;23:45;5;92;2;1;1;6;"48;8196263964";"2;3065887093"
202200042850;12;6;2022;01:45;5;94;2;3;1;3;"48;7793180000";"2;3963730000"
202200042851;22;2;2022;07:14;2;92;2;2;1;6;"48;8756800000";"2;2271900000"
202200042852;18;8;2022;22:03;5;93;2;2;1;3;"48;9140475465";"2;4917678533"
202200042853;22;2;2022;08:45;1;92;2;1;8;3;"48;8136136463";"2;3212594539"
202200042854;12;6;2022;19:45;1;94;2;1;1;3;"48;8555300000";"2;4710100000"
202200042855;19;8;2022;01:00;5;93;2;3;8;6;"48;9488945440";"2;4782139904"
202200042856;22;2;2022;12:45;1;92;2;1;1;3;"48;8250400000";"2;2578300000"
202200042857;12;6;2022;21:21;1;94;2;2;1;2;"48;7800000000";"2;5780600000"
202200042858;19;8;2022;20:05;1;92;2;2;2;3;"48;8229100000";"2;2923300000"
202200042859;22;2;2022;13:45;1;92;2;1;8;3;"48;8994320000";"2;3048990000"
202200042860;12;6;2022;06:35;1;94;2;3;1;6;"48;7178900000";"2;5699400000"
202200042861;22;2;2022;08:30;1;92;2;6;1;2;"48;8078320000";"2;2503160000"
202200042862;12;6;2022;06:28;1;94;2;1;1;6;"48;7816500000";"2;5125900000"
202200042863;19;8;2022;09:30;1;92;1;1;1;2;"48;9130502795";"2;3109835088"
202200042864;22;2;2022;14:55;1;92;2;2;1;3;"48;8390644457";"2;2468272820"
202200042865;12;6;2022;17:50;1;94;2;3;1;3;"48;8076400000";"2;4113800000"
202200042866;19;8;2022;12:40;1;92;2;1;1;3;"48;8387000066";"2;2514489293"
202200042867;19;2;2022;14:45;1;33;1;1;1;1;"44;6001730000";" -0;0869550000"
202200042868;12;6;2022;19:30;1;93;2;1;7;6;"48;9394900000";"2;5250900000"
202200042869;23;2;2022;10:33;1;31;1;1;1;6;"43;4310290000";"1;1532000000"
202200042870;12;6;2022;01:36;5;93;2;9;1;2;"48;9080260802";"2;3774188758"
202200042871;9;2;2022;04:00;3;76;1;1;1;2;"49;6348550000";"0;6701230000"
202200042872;19;8;2022;16:44;1;92;2;3;8;6;"48;7905713793";"2;3114435077"
202200042873;23;2;2022;14:00;1;62;1;1;1;6;"50;2883660000";"2;2912820000"
202200042874;12;6;2022;19:40;1;93;2;1;1;3;"48;8829140000";"2;4815870000"
202200042875;16;8;2022;19:38;1;92;2;1;8;2;"48;7411628094";"2;3025380373"
202200042876;22;2;2022;10:00;1;56;2;1;1;6;"47;8059530000";" -2;3797740000"
202200042877;12;6;2022;05:57;1;93;2;1;1;6;"48;8700000000";"2;5401800000"
202200042878;19;2;2022;11:00;1;59;2;6;1;3;"50;8009957441";"2;5014393925"
202200042879;9;8;2022;16:12;1;41;2;1;1;1;"47;5428020000";"1;3099480000"
202200042880;23;2;2022;01:15;3;79;1;1;1;7;"46;9326820000";" -0;5778300000"
202200042881;11;6;2022;22:15;5;93;2;1;1;6;"48;9061894432";"2;5531652570"
202200042882;19;8;2022;14:05;1;43;1;1;8;5;"45;2950340000";"3;2447650000"
202200042883;22;2;2022;15:00;1;79;1;3;1;3;"46;3909650000";" -0;4518500000"
202200042884;12;6;2022;14:20;1;93;2;2;1;6;"48;9040860000";"2;4708830000"
202200042885;20;8;2022;14:55;1;41;1;1;1;7;"47;3404220000";"2;0476630000"
202200042886;23;2;2022;07:45;2;80;1;2;1;2;"50;0618290000";"1;6218670000"
202200042887;12;6;2022;21:50;2;93;2;1;1;2;"48;9068100000";"2;4307280000"
202200042888;20;8;2022;14:25;1;67;1;1;1;2;"48;7759970000";"7;4449060000"
202200042889;22;2;2022;17:15;1;33;1;9;1;1;"45;1453330000";" -0;8136530000"
202200042890;11;6;2022;22:50;5;93;2;5;1;3;"48;9070000000";"2;4886400000"
202200042891;22;2;2022;16:25;1;71;1;1;1;7;"46;1585730000";"4;2698680000"
202200042892;12;6;2022;09:50;1;93;1;1;1;3;"48;9269050000";"2;5695920000"
202200042893;19;8;2022;13:25;1;71;1;1;8;2;"46;7157200000";"4;8397670000"
202200042894;16;2;2022;18:00;1;63;1;1;1;2;"45;5312750000";"3;3587480000"
202200042895;12;6;2022;09:00;1;92;2;9;1;3;"48;8733702884";"2;2214618325"
202200042896;20;8;2022;20:30;1;72;2;1;1;6;"47;7620120000";"0;2750930000"
202200042897;23;2;2022;11:40;1;55;1;1;1;7;"49;0894590000";"5;3948070000"
202200042898;20;8;2022;16:00;1;56;1;1;1;6;"47;9202018000";" -2;7183916000"
202200042899;11;6;2022;23:25;5;92;2;3;1;2;"48;8385914798";"2;1718060970"
202200042900;23;2;2022;08:45;1;45;1;1;1;3;"47;8023240000";"1;7914470000"
202200042901;19;8;2022;19:30;2;74;2;9;1;2;"46;1084770000";"5;9693740000"
202200042902;12;6;2022;13:25;1;92;2;1;1;2;"48;8874730444";"2;2335230559"
202200042903;22;2;2022;12:30;1;73;2;1;1;6;"45;5951239453";"5;7707820833"
202200042904;19;8;2022;18:30;1;79;1;1;1;7;"46;6349210000";" -0;6067500000"
202200042905;22;2;2022;22:50;3;16;1;1;1;6;"45;4282520000";" -0;0355020000"
202200042906;12;6;2022;02:05;5;92;2;2;1;2;"48;9004106800";"2;2608152032"
202200042907;20;8;2022;04:15;3;80;1;1;2;1;"49;7494420000";"2;5170710000"
202200042908;22;2;2022;11:25;1;07;1;1;1;6;"45;3146230000";"4;6358980000"
202200042909;20;8;2022;03:00;3;80;1;6;1;1;"49;9361200000";"2;2436950000"
202200042910;12;6;2022;18:20;1;92;2;2;1;3;"48;7803719351";"2;2390852868"
202200042911;19;8;2022;22:05;3;63;1;1;1;6;"46;1892465909";"2;7926744521"
202200042912;23;2;2022;07:40;1;40;1;3;5;3;"43;5403750000";" -1;3668860000"
202200042913;19;8;2022;20:35;2;63;1;9;8;3;"45;7011550000";"3;1706070000"
202200042914;23;2;2022;18:40;3;30;1;1;1;3;"43;9869000000";"4;1955000000"
202200042915;20;8;2022;15:20;1;29;1;2;1;1;"48;4910560000";" -4;4213690000"
202200042916;8;6;2022;20:00;1;60;2;3;1;4;"49;4777100000";"2;0478450000"
202200042917;22;2;2022;16:45;2;973;1;1;1;2;"4;8924170000";" -52;2895570000"
202200042918;20;8;2022;14:40;1;38;1;1;1;3;"45;6407780000";"5;0387550000"
202200042919;23;2;2022;12:45;1;68;1;1;1;6;"47;7837390000";"7;4024250000"
202200042920;1;6;2022;16:20;1;37;2;1;1;3;"47;0513160000";"0;5517950000"
202200042921;19;8;2022;18:45;1;02;1;1;2;1;"49;9542180000";"3;7949040000"
202200042922;23;2;2022;07:00;1;976;1;1;1;6;" -12;7788970000";"45;2810470000"
202200042923;12;6;2022;21:00;1;62;1;1;1;1;"50;3613830000";"1;8641140000"
202200042924;20;8;2022;10:40;1;15;2;1;1;-1;"45;0384600000";"3;0889500000"
202200042925;22;2;2022;12:30;1;971;1;1;1;3;"16;2181770000";" -61;4084030000"
202200042926;23;2;2022;11:15;1;28;1;1;1;7;"48;8240010000";"1;3838870000"
202200042927;12;6;2022;20:00;1;24;2;2;1;3;"45;0359010000";"0;3664000000"
202200042928;23;2;2022;09:30;1;95;1;1;5;6;"49;1755140000";"2;0479150000"
202200042929;19;8;2022;19:40;1;50;1;3;7;1;"48;5509280000";" -1;4074160000"
202200042930;23;2;2022;14:10;1;84;1;1;7;2;"43;9917720000";"4;8637780000"
202200042931;12;6;2022;12:05;1;91;1;6;1;7;"48;5889850000";"2;4302740000"
202200042932;11;6;2022;12:35;1;49;1;1;1;7;"47;1539630000";" -0;7022290000"
202200042933;22;2;2022;19:25;5;89;2;1;1;3;"47;7348430000";"3;6033120000"
202200042934;19;8;2022;15:40;1;09;1;1;1;1;"42;7246640000";"1;8269280000"
202200042935;13;6;2022;10:28;1;69;2;1;1;6;"45;6931866987";"5;0091792855"
202200042936;23;2;2022;17:50;1;71;1;2;1;3;"46;2238640000";"4;7455140000"
202200042937;12;6;2022;19:00;1;46;1;1;1;7;"44;2935070000";"1;5280440000"
202200042938;20;8;2022;03:15;5;45;2;1;8;6;"48;2443960000";"1;9730010000"
202200042939;19;8;2022;11:00;1;45;2;1;1;6;"48;0961300000";"2;8005190000"
202200042940;13;6;2022;08:25;1;52;1;1;1;2;"47;9377048354";"5;2009040481"
202200042941;22;2;2022;09:25;1;57;1;1;1;4;"49;0869930000";"6;0385750000"
202200042942;20;8;2022;16:25;1;21;1;1;1;1;"47;7200840000";"4;9305440000"
202200042943;13;6;2022;08:25;1;52;1;1;1;2;"47;9378984158";"5;2002418935"
202200042944;11;2;2022;09:30;1;57;2;6;1;6;"49;1932740000";"6;0007080000"
202200042945;11;6;2022;15:55;1;01;2;6;1;3;"46;2500790000";"6;0300400000"
202200042946;20;8;2022;10:50;1;40;1;1;1;6;"43;7377710000";" -0;2681780000"
202200042947;22;2;2022;10:15;1;73;1;1;1;7;"45;7472970000";"6;4502350000"
202200042948;13;6;2022;19:15;1;62;1;1;1;3;"50;9227720000";"1;7155840000"
202200042949;11;2;2022;18:35;3;42;1;1;1;4;"45;5764380000";"4;1162150000"
202200042950;19;8;2022;16:30;1;24;1;1;1;1;"45;2854550000";"0;7422850000"
202200042951;13;6;2022;09:20;1;91;2;1;1;6;"48;6299250000";"2;4694420000"
202200042952;20;8;2022;10:00;1;30;2;1;1;6;"43;5376840000";"4;1372700000"
202200042953;21;2;2022;19:00;5;14;2;6;2;7;"49;2717490000";" -0;2652870000"
202200042954;12;6;2022;19:30;1;62;2;1;1;6;"50;6692350000";"1;8308280000"
202200042955;19;8;2022;22:05;5;24;2;2;1;3;"44;8423260000";"0;1897340000"
202200042956;11;6;2022;15:45;1;51;1;1;1;7;"49;2348900000";"3;8794180000"
202200042957;15;5;2022;18:40;1;56;1;1;1;6;"47;8157300000";" -2;6502550000"
202200042958;19;8;2022;10:45;1;67;1;1;1;6;"48;5201290000";"7;5079970000"
202200042959;12;6;2022;20:00;1;59;2;7;1;6;"50;8823999261";"2;4683672190"
202200042960;18;8;2022;08:05;1;06;1;1;8;6;"43;7430650000";"7;3426220000"
202200042961;13;6;2022;14:25;1;80;2;1;1;3;"49;7361510000";"3;0682270000"
202200042962;2;4;2022;17:25;1;77;2;1;1;4;"48;8382500000";"2;7057600000"
202200042963;3;4;2022;02:15;5;76;2;9;1;6;"49;4493279208";"1;0642649978"
202200042964;20;8;2022;10:00;1;30;1;1;1;4;"43;7961350000";"4;3083820000"
202200042965;13;6;2022;11:10;1;80;1;1;1;3;"50;0327830000";"1;6725400000"
202200042966;19;8;2022;20:45;3;973;1;1;1;2;"4;9458050000";" -52;4195370000"
202200042967;13;6;2022;10:05;1;80;1;9;1;7;"50;0275040000";"1;7191140000"
202200042968;3;4;2022;18:15;1;74;2;9;1;5;"46;1900000000";"6;2480000000"
202200042969;11;6;2022;20:40;1;82;2;1;1;6;"44;1036430000";"1;0925440000"
202200042970;19;8;2022;11:35;1;45;1;2;1;3;"47;8035180000";"2;2380430000"
202200042971;3;4;2022;17:30;1;59;2;3;1;3;"50;7015300000";"3;2389600000"
202200042972;20;8;2022;14:55;1;77;1;1;1;2;"48;8023410000";"2;7447800000"
202200042973;12;6;2022;17:01;1;82;1;1;1;5;"44;3087370000";"1;7966190000"
202200042974;3;4;2022;11:40;1;59;2;1;1;6;"50;6914741234";"2;8731236457"
202200042975;13;6;2022;12:50;1;82;1;1;1;1;"44;0947136207";"1;5337458543"
202200042976;20;8;2022;19:15;2;34;1;1;1;1;"43;9391460000";"3;6889920000"
202200042977;3;4;2022;20:55;5;37;2;1;1;6;"47;3815560438";"0;7078671455"
202200042978;19;8;2022;18:15;1;21;2;1;1;2;"47;1937530000";"5;3893630000"
202200042979;3;4;2022;02:45;5;33;2;1;1;6;"44;8448500000";" -0;5988900000"
202200042980;3;4;2022;06:50;2;27;1;1;8;6;"49;0743200000";"1;4747600000"
202200042981;19;8;2022;02:00;5;88;2;1;1;1;"48;2355320000";"6;7313740000"
202200042982;3;4;2022;22:18;5;17;2;2;1;3;"45;9372010000";" -0;9621050000"
202200042983;19;8;2022;20:40;2;57;2;3;1;1;"49;2993820000";"6;1496432000"
202200042984;8;6;2022;15:45;1;33;1;1;1;1;"45;1743980000";" -0;8386300000"
202200042985;2;4;2022;20:10;2;15;1;1;4;7;"44;9330190000";"2;4238290000"
202200042986;2;4;2022;16:30;1;13;2;1;1;3;"43;3267681326";"5;4227472901"
202200042987;12;6;2022;12:15;1;71;1;1;1;5;"46;7056900000";"4;6832760000"
202200042988;3;4;2022;19:20;2;06;2;1;1;2;"43;5506500000";"6;9957200000"
202200042989;1;4;2022;08:19;1;75;2;2;4;6;"48;8677370000";"2;2884030000"
202200042990;11;6;2022;19:50;1;63;2;1;1;7;"45;6938230000";"3;3150390000"
202200042991;13;6;2022;09:15;1;61;1;1;1;7;"48;6497670000";"0;7714250000"
202200042992;3;4;2022;03:30;5;75;2;7;1;6;"48;8437532676";"2;3644798994"
202200042993;9;6;2022;14:15;1;49;1;1;1;6;"47;4318610000";"0;0781490000"
202200042994;3;4;2022;17:05;1;75;2;3;1;3;"48;8827860000";"2;3232410000"
202200042995;13;6;2022;11:45;1;12;2;1;1;6;"44;4102380000";"2;2885040000"
202200042996;3;4;2022;02:20;5;75;2;7;1;3;"48;8784070000";"2;2983950000"
202200042997;12;6;2022;16:50;1;42;1;1;1;7;"45;9183754419";"3;9722950906"
202200042998;3;4;2022;13:30;1;75;2;7;1;6;"48;8329420089";"2;2872215509"
202200042999;7;6;2022;14:16;1;46;1;3;1;3;"44;8318520000";"1;7708240000"
202200043000;3;4;2022;22:30;5;75;2;1;1;7;"48;8333730000";"2;3629130000"