Accident_Id;jour;mois;an;hrmn;lum;dep;agg;int;atm;col;lat;long
202200043001;3;4;2022;03:50;5;75;2;1;1;2;"48;8463240000";"2;3680040000"
202200043002;12;6;2022;18:30;1;47;1;1;1;1;"44;6583500000";"0;1900650000"
202200043003;3;4;2022;02:55;5;75;2;3;1;2;"48;8515220000";"2;3637170000"
202200043004;12;6;2022;15:00;1;25;2;3;1;3;"47;2129040000";"5;9628240000"
202200043005;2;4;2022;23:50;5;94;2;1;1;3;"48;7704800000";"2;4404100000"
202200043006;12;6;2022;15:00;1;29;1;1;1;7;"48;6056130000";" -3;9906820000"
202200043007;3;4;2022;16:00;1;94;2;1;1;6;"48;7994500000";"2;4668900000"
202200043008;3;4;2022;10:04;1;94;2;3;1;3;"48;7994500000";"2;4668900000"
202200043009;13;6;2022;16:40;1;38;2;3;1;3;"45;2682760000";"5;9189920000"
202200043010;13;6;2022;06:10;1;13;1;1;1;2;"43;8332691537";"4;8325207829"
202200043011;3;4;2022;20:40;5;93;2;2;1;3;"48;9088608669";"2;4537867308"
202200043012;3;4;2022;16:45;1;93;2;1;1;6;"48;9571160000";"2;4625020000"
202200043013;12;6;2022;17:35;1;72;1;1;1;1;"47;6518880000";"0;4733030000"
202200043014;3;4;2022;13:50;1;92;2;3;1;3;"48;8853178058";"2;2243979126"
202200043015;11;6;2022;07:51;1;72;2;1;1;6;"48;1013950000";"0;5780430000"
202200043016;3;4;2022;12:00;1;92;2;1;1;3;"48;8792262413";"2;2776959538"
202200043017;1;4;2022;18:00;1;92;2;2;1;3;"48;9021065883";"2;3142740428"
202200043018;12;6;2022;16:50;1;90;1;1;1;5;"47;7256120000";"6;7576750000"
202200043019;13;6;2022;10:45;1;64;1;1;1;6;"43;2532010000";" -1;3197650000"
202200043020;3;4;2022;17:00;1;92;2;1;1;3;"48;8045764967";"2;3245729208"
202200043021;4;4;2022;08:50;1;95;1;1;1;3;"49;1089390000";"2;2565750000"
202200043022;12;6;2022;03:50;3;64;2;4;1;6;"43;3305320000";" -1;3198830000"
202200043023;3;4;2022;13:00;1;35;1;1;1;6;"48;2427530000";" -1;8117680000"
202200043024;3;4;2022;18:43;1;62;2;2;1;3;"50;3928300000";"1;9717400000"
202200043025;12;6;2022;17:00;1;10;2;9;1;3;"48;3428640000";"3;5943720000"
202200043026;12;6;2022;18:30;1;07;1;1;1;2;"44;7547030000";"4;4482080000"
202200043027;3;4;2022;15:00;1;81;2;1;1;6;"43;5467010000";"2;3449160000"
202200043028;12;6;2022;15:30;1;07;1;1;1;1;"44;8821740000";"4;5095390000"
202200043029;31;3;2022;16:50;1;35;1;2;1;3;"48;4031380000";" -1;7597010000"
202200043030;11;6;2022;22:30;5;28;2;1;1;6;"48;4450500000";"1;2414150000"
202200043031;1;4;2022;08:40;1;23;1;1;1;6;"46;2302510000";"1;9160570000"
202200043032;12;6;2022;10:20;1;37;2;2;1;5;"47;4086010000";"0;7577510000"
202200043033;4;4;2022;09:50;1;01;2;1;1;6;"45;9046880000";"4;8201710000"
202200043034;4;4;2022;09:20;1;59;1;1;2;1;"50;5188230000";"2;9913280000"
202200043035;29;10;2022;14:00;1;44;2;1;1;3;"47;2318000000";" -1;5924000000"
202200043036;13;6;2022;19:50;1;76;1;1;1;2;"49;4803240000";"0;2641870000"
202200043037;1;4;2022;18:30;2;36;1;1;4;6;"46;7388900000";"1;6131626000"
202200043038;3;4;2022;19:25;1;30;2;1;8;6;"44;0136740000";"4;6965190000"
202200043039;29;10;2022;20:55;3;35;1;1;1;5;"48;1409100000";" -1;6396250000"
202200043040;29;10;2022;15:20;1;35;2;1;1;3;"48;0912224030";" -1;6523775458"
202200043041;13;6;2022;12:20;1;67;1;1;1;2;"48;4736610000";"7;5409980000"
202200043042;29;10;2022;16:51;1;35;2;7;1;2;"48;1213600000";" -1;7044800000"
202200043043;3;4;2022;15:27;1;91;1;1;1;7;"48;6547710000";"2;5248810000"
202200043044;13;6;2022;08:00;1;59;1;1;7;3;"50;2085055052";"3;2284408808"
202200043045;1;4;2022;03:30;3;2B;1;1;1;3;"42;4695960000";"9;4878210000"
202200043046;29;10;2022;16:00;1;35;2;1;1;2;"48;0917562887";" -1;6543355584"
202200043047;12;6;2022;19:30;1;60;1;1;1;6;"49;2038040000";"2;6097680000"
202200043048;4;4;2022;11:45;1;41;2;9;7;6;"47;2689840000";"1;8657520000"
202200043049;29;10;2022;20:30;5;33;2;1;1;6;"44;8390400000";" -0;5817600000"
202200043050;29;10;2022;19:15;2;33;2;1;1;2;"44;8639257879";" -0;5669969916"
202200043051;4;4;2022;14:00;1;39;1;1;1;5;"46;6330930000";"5;4925450000"
202200043052;11;6;2022;10:00;1;77;1;1;1;3;"48;5289370000";"2;5019520000"
202200043053;29;10;2022;11:50;1;33;2;3;1;3;"44;7973400000";" -0;5921000000"
202200043054;4;4;2022;09:00;1;29;2;6;1;3;"48;6348050000";" -4;4055740000"
202200043055;29;10;2022;04:20;5;33;2;3;1;2;"44;8641800000";" -0;5585800000"
202200043056;3;4;2022;17:30;1;31;1;4;1;1;"43;4009320000";"1;5460150000"
202200043057;12;6;2022;00:30;3;987;1;1;1;6;" -16;3879110000";" -151;7650980000"
202200043058;29;10;2022;19:20;5;31;2;1;8;3;"43;5940900000";"1;4899900000"
202200043059;3;4;2022;16:20;1;02;2;3;1;3;"49;7699330000";"4;1808400000"
202200043060;12;6;2022;18:15;3;987;1;1;1;6;" -17;5770000000";" -150;2020000000"
202200043061;28;10;2022;18:00;1;31;2;1;1;6;"43;5998900000";"1;3227000000"
202200043062;3;4;2022;15:30;1;03;1;1;1;6;"46;1439830000";"2;6591310000"
202200043063;29;10;2022;04:50;2;30;2;1;1;6;"44;0712000000";"4;0713000000"
202200043064;4;4;2022;17:15;1;14;1;2;2;2;"49;2584020000";" -0;0948400000"
202200043065;31;10;2022;20:30;5;29;2;2;2;3;"48;4100897400";" -4;5146204530"
202200043066;11;6;2022;14:30;1;29;1;1;1;3;"47;8866904304";" -3;4645299911"
202200043067;29;10;2022;21:30;3;27;2;1;1;6;"49;1085000000";"1;4548900000"
202200043068;4;4;2022;07:25;2;14;1;1;1;2;"49;3290310000";"0;2451650000"
202200043069;28;10;2022;23:40;5;27;2;1;8;6;"49;0295799000";"1;1530445000"
202200043070;12;6;2022;22:45;3;28;1;1;1;6;"48;7752250000";"1;5611390000"
202200043071;28;10;2022;20:05;5;14;2;1;1;3;"49;1968800000";" -0;3601200000"
202200043072;3;4;2022;18:30;1;07;1;1;1;1;"45;2781890000";"4;8002420000"
202200043073;12;6;2022;18:23;1;05;1;1;1;7;"44;4209027845";"5;6988143921"
202200043074;30;10;2022;01:00;5;13;2;6;1;1;"43;2547952997";"5;3761780248"
202200043075;2;4;2022;12:20;1;53;1;1;1;7;"48;1513280000";" -0;3232010000"
202200043076;3;4;2022;22:20;3;17;1;1;1;7;"45;1983090000";" -0;0896070000"
202200043077;28;10;2022;17:15;1;13;1;1;1;3;"43;3600000000";"5;5200000000"
202200043078;31;3;2022;20:05;5;37;2;3;2;1;"47;3600386546";"0;8068728447"
202200043079;29;10;2022;01:20;5;13;2;1;1;1;"43;2874699024";"5;4477802937"
202200043080;13;6;2022;08:58;1;13;1;1;1;1;"43;4321510000";"5;6254080000"
202200043081;28;10;2022;16:40;1;13;2;1;1;2;"43;4993400000";"4;9889100000"
202200043082;24;3;2022;17:55;1;30;2;1;1;6;"43;9401270000";"4;5746150000"
202200043083;29;10;2022;11:30;1;13;2;9;1;1;"43;3003211082";"5;5715807281"
202200043084;4;4;2022;09:40;1;10;1;1;7;6;"48;1662710000";"4;5293930000"
202200043085;12;6;2022;20:30;2;74;1;1;2;7;"45;9387990000";"6;4020570000"
202200043086;28;10;2022;18:15;1;11;1;1;1;1;"43;1938800000";"2;3456000000"
202200043087;2;4;2022;07:15;2;31;1;1;4;1;"42;8561630000";"0;7367490000"
202200043088;4;4;2022;01:00;5;13;2;1;1;1;"43;6187650000";"5;3057210000"
202200043089;12;6;2022;05:30;2;42;1;1;1;6;"45;5485400000";"4;1574990000"
202200043090;29;10;2022;12:30;1;09;1;1;1;2;"42;9751110000";"1;6225130000"
202200043091;1;4;2022;07:30;2;18;1;1;1;6;"47;2360920000";"2;0372450000"
202200043092;28;10;2022;17:30;1;06;2;1;1;2;"43;6541080000";"6;9435410000"
202200043093;4;4;2022;08:30;1;53;1;1;1;1;"48;0900340000";" -0;5310340000"
202200043094;28;10;2022;21:10;3;03;2;1;1;6;"46;1300100000";"3;4018700000"
202200043095;28;10;2022;14:46;1;03;2;1;1;3;"46;3385400000";"2;5727100000"
202200043096;3;4;2022;19:50;2;13;1;1;1;2;"43;5670210000";"5;2239560000"
202200043097;13;6;2022;08:10;1;01;2;3;1;3;"46;1172920000";"5;1945270000"
202200043098;2;4;2022;06:00;2;987;1;1;1;3;" -17;5429770000";" -149;5036460000"
202200043099;29;10;2022;18:46;5;75;2;1;1;3;"48;8311550000";"2;3853280000"
202200043100;29;10;2022;20:24;5;92;2;1;1;6;"48;9002985401";"2;2564238906"
202200043101;1;4;2022;23:00;5;987;2;1;1;3;" -17;5625910000";" -149;4760510000"
202200043102;26;10;2022;10:30;1;75;2;1;1;5;"48;8166390000";"2;3416680000"
202200043103;12;6;2022;17:45;1;69;2;2;1;3;"45;6669450000";"4;6725150000"
202200043104;29;10;2022;10:17;1;75;2;5;1;6;"48;8560440000";"2;3404590000"
202200043105;3;4;2022;11:00;1;973;1;3;2;5;"5;1379260000";" -52;7170590000"
202200043106;29;10;2022;13:40;1;75;2;1;1;7;"48;8651670000";"2;3988450000"
202200043107;12;6;2022;04:25;4;62;1;1;1;6;"50;3657220000";"1;6920660000"
202200043108;29;10;2022;05:50;5;75;2;1;1;6;"48;8720500000";"2;3981490000"
202200043109;3;4;2022;18:15;1;11;1;1;1;6;"43;2707060000";"2;5249670000"
202200043110;29;10;2022;17:00;1;75;2;1;1;6;"48;8953800000";"2;3607340000"
202200043111;3;4;2022;15:40;1;13;1;1;1;7;"43;2689090000";"5;7243700000"
202200043112;29;10;2022;15:30;1;75;2;2;1;3;"48;8953100000";"2;3375660000"
202200043113;4;4;2022;08:30;1;32;1;1;1;6;"43;6145780000";"0;6778910000"
202200043114;29;10;2022;10:07;1;75;2;2;1;3;"48;8808540000";"2;3125420000"
202200043115;28;10;2022;11:00;1;75;2;1;1;6;"48;8840280000";"2;3209620000"
202200043116;17;3;2022;06:45;2;17;2;9;1;1;"45;2760110000";" -0;4059040000"
202200043117;29;10;2022;11:00;1;75;2;3;1;6;"48;8382900000";"2;2812890000"
202200043118;11;6;2022;16:00;1;13;1;1;1;4;"43;2974080000";"5;4249190000"
202200043119;2;4;2022;13:40;1;64;1;1;1;6;"43;4467790000";" -1;4202320000"
202200043120;3;4;2022;03:40;5;44;2;1;1;6;"47;3237300000";" -2;0835700000"
202200043121;29;10;2022;05:00;5;75;2;4;1;4;"48;8387220000";"2;3308180000"
202200043122;29;10;2022;04:00;5;75;2;1;1;3;"48;8428530000";"2;3662060000"
202200043123;3;4;2022;14:20;1;35;1;1;8;1;"48;1302231962";" -1;1671525240"
202200043124;3;4;2022;06:50;3;13;1;1;1;1;"43;3652700000";"5;3605400000"
202200043125;29;10;2022;08:05;2;75;2;2;1;3;"48;8310270000";"2;3776130000"
202200043126;10;6;2022;19:22;1;13;1;1;1;4;"43;2945270000";"5;4245720000"
202200043127;29;10;2022;00:55;5;75;2;4;1;3;"48;8197220000";"2;3729110000"
202200043128;2;4;2022;01:50;5;13;1;1;1;3;"43;3226641184";"5;4228575528"
202200043129;11;6;2022;13:00;1;13;1;1;1;2;"43;2540600000";"5;5946700000"
202200043130;29;10;2022;22:30;5;75;2;2;1;3;"48;8431940000";"2;3703220000"
202200043131;2;4;2022;19:45;1;91;1;1;1;3;"48;7420610000";"2;3218630000"
202200043132;3;4;2022;16:05;1;78;1;1;1;6;"48;8091770000";"2;0543730000"
202200043133;29;10;2022;20:30;4;75;2;2;1;3;"48;8753270000";"2;3509230000"
202200043134;3;4;2022;13:30;1;95;1;1;1;2;"48;9541300000";"2;2789400000"
202200043135;10;6;2022;23:35;3;57;1;9;1;6;"49;3407200000";"6;1820000000"
202200043136;29;10;2022;17:50;1;75;2;2;1;3;"48;8714960000";"2;3603500000"
202200043137;3;4;2022;10:15;1;93;1;1;1;6;"48;9601710192";"2;4735270436"
202200043138;2;4;2022;18:40;1;93;1;1;1;7;"48;9583100000";"2;5281200000"
202200043139;28;10;2022;16:00;1;75;2;2;1;3;"48;8752720000";"2;3322750000"
202200043140;29;10;2022;15:10;1;75;2;3;1;7;"48;8594920000";"2;3264080000"
202200043141;3;4;2022;18:30;1;94;1;1;1;4;"48;8189400000";"2;4078900000"
202200043142;3;4;2022;15:30;1;94;1;1;1;2;"48;8020023810";"2;4478423529"
202200043143;11;6;2022;05:35;2;54;1;1;1;2;"48;6892200000";"5;9809000000"
202200043144;3;4;2022;14:30;1;77;1;1;1;2;"48;9612356923";"2;6182310574"
202200043145;28;10;2022;22:40;5;94;2;1;1;3;"48;7826500000";"2;3939000000"
202200043146;3;4;2022;00:30;5;95;2;1;1;2;"48;9706400000";"2;3946900000"
202200043147;29;10;2022;15:07;1;94;2;2;1;3;"48;7734100000";"2;3995500000"
202200043148;12;6;2022;01:46;5;33;1;1;1;4;"44;9535830000";" -0;4575270000"
202200043149;2;4;2022;10:50;1;53;2;1;1;6;"48;0646690000";" -0;7771220000"
202200043150;29;10;2022;15:07;1;94;2;1;1;3;"48;7733900000";"2;3995300000"
202200043151;12;6;2022;05:45;1;91;1;1;1;7;"48;6418600000";"2;3928000000"
202200043152;28;10;2022;22:40;5;94;2;1;1;3;"48;7642270000";"2;3181320000"
202200043153;28;10;2022;13:30;1;94;2;1;1;6;"48;8081241197";"2;4191178381"
202200043154;2;4;2022;17:04;1;988;2;3;1;6;" -22;2690100000";"166;4600600000"
202200043155;28;10;2022;13:50;1;93;2;1;1;2;"48;9727000000";"2;3632000000"
202200043156;12;6;2022;19:42;1;78;1;1;1;5;"48;9645560000";"1;8456590000"
202200043157;2;4;2022;01:40;5;987;2;1;1;6;" -17;5304700000";" -149;5720500000"
202200043158;29;10;2022;21:00;5;93;2;1;1;3;"48;9339332746";"2;4908831916"
202200043159;2;4;2022;18:15;2;974;1;1;2;6;" -20;8869000000";"55;4404600000"
202200043160;28;10;2022;17:00;1;93;2;1;1;6;"48;8768219976";"2;4815996797"
202200043161;12;6;2022;14:40;1;93;1;1;1;6;"48;9549194064";"2;4572792150"
202200043162;2;4;2022;16:15;1;974;2;1;3;1;" -20;8724200000";"55;4511600000"
202200043163;29;10;2022;06:55;2;93;2;3;1;2;"48;8921100000";"2;5055900000"
202200043164;29;10;2022;17:10;1;93;2;1;1;1;"48;8964542335";"2;4158136845"
202200043165;12;6;2022;09:45;1;93;1;1;1;4;"48;9015400000";"2;4703400000"
202200043166;2;4;2022;12:00;1;974;1;1;3;1;" -20;8879100000";"55;4408900000"
202200043167;28;10;2022;06:40;5;93;2;2;1;3;"48;9405410736";"2;4493301542"
202200043168;12;6;2022;08:20;1;93;1;1;1;6;"48;9580300000";"2;5285100000"
202200043169;2;4;2022;11:30;1;973;2;1;2;7;"4;9343269389";" -52;3231440783"
202200043170;29;10;2022;11:40;1;92;2;2;1;6;"48;8040583556";"2;2886061072"
202200043171;2;4;2022;00:45;5;973;2;2;1;3;"4;9381242217";" -52;3315682262"
202200043172;29;10;2022;22:50;5;92;2;1;1;7;"48;8155600000";"2;2566300000"
202200043173;12;6;2022;07:00;1;94;1;1;1;2;"48;8172046066";"2;4285178250"
202200043174;2;4;2022;09:30;1;69;1;1;2;6;"45;6953000000";"4;8440000000"
202200043175;28;10;2022;09:25;1;92;2;1;1;6;"48;7861305235";"2;3018476367"
202200043176;12;6;2022;04:40;2;94;1;1;1;1;"48;7542436863";"2;3810453254"
202200043177;1;4;2022;07:14;1;69;2;1;2;6;"45;7495200000";"4;7957100000"
202200043178;30;10;2022;14:11;1;54;1;2;1;3;"48;4569146370";"6;1279249192"
202200043179;11;6;2022;18:10;1;77;1;1;1;3;"48;7910200000";"2;6186500000"
202200043180;2;4;2022;08:30;1;971;2;3;2;6;"16;2185700000";" -61;5130700000"
202200043181;30;3;2022;08:55;1;2A;2;1;1;6;"41;9248321604";"8;7379857301"
202200043182;11;6;2022;12:40;1;77;1;1;1;2;"48;7522440000";"2;6145390000"
202200043183;29;10;2022;18:54;3;54;2;1;1;1;"48;5370600000";"6;1387200000"
202200043184;10;6;2022;12:00;1;94;1;1;1;2;"48;8225379882";"2;3969069103"
202200043185;28;10;2022;13:10;1;69;1;1;1;3;"45;6752120000";"4;7715960000"
202200043186;1;4;2022;20:55;5;95;2;1;8;1;"49;0011729109";"2;4077278376"
202200043187;30;10;2022;02:14;5;06;1;1;1;1;"43;6566990000";"7;0899520000"
202200043188;22;1;2022;20:10;3;74;1;4;1;6;"45;8377510000";"5;9770080000"
202200043189;12;10;2022;21:00;5;31;2;1;1;3;"43;6611850000";"1;4466280000"
202200043190;2;4;2022;16:05;1;91;2;1;1;6;"48;6437550000";"2;2663350000"
202200043191;27;1;2022;14:25;1;64;2;1;1;5;"43;4503660000";" -1;5636400000"
202200043192;27;10;2022;19:10;2;31;2;3;1;3;"43;5164320000";"1;4983410000"
202200043193;2;4;2022;13:20;1;91;2;3;1;3;"48;6508030000";"2;3555990000"
202200043194;2;4;2022;09:30;1;91;1;1;1;2;"48;4467200000";"2;1756500000"
202200043195;29;10;2022;01:45;3;972;2;1;1;1;"14;8311044104";" -61;0455054045"
202200043196;30;10;2022;12:08;1;83;1;1;1;7;"43;4576850000";"6;4210800000"
202200043197;11;6;2022;00:35;5;83;2;2;1;1;"43;1245300000";"6;1546900000"
202200043198;1;4;2022;16:43;1;88;2;1;2;6;"48;2683400000";"6;9810900000"
202200043199;28;10;2022;16:00;1;63;1;1;1;1;"46;0246673319";"3;2176342607"
202200043200;2;4;2022;18:35;1;83;2;6;1;5;"43;1321320802";"5;9041191190"
202200043201;2;4;2022;16:00;1;83;2;1;1;6;"43;1283815164";"5;9817016125"
202200043202;30;10;2022;15:40;1;01;2;1;7;1;"46;3250760000";"6;0849340000"
202200043203;2;4;2022;14:30;1;77;2;1;1;6;"48;4027600000";"2;6955000000"
202200043204;30;10;2022;02:30;3;30;1;1;5;6;"44;1355140000";"4;4952540000"
202200043205;2;4;2022;11:15;1;76;1;1;1;6;"49;3737500000";"1;0840200000"
202200043206;2;4;2022;21:15;2;71;2;1;1;7;"46;6459000000";"4;3359330000"
202200043207;29;10;2022;16:50;1;87;1;2;1;5;"45;9577660000";"1;2345030000"
202200043208;2;4;2022;21:15;5;69;2;2;2;3;"45;7775500000";"4;8815000000"
202200043209;30;10;2022;02:10;3;41;1;1;1;6;"47;8362300000";"0;9938760000"
202200043210;1;4;2022;16:05;1;64;2;1;2;7;"43;4410285969";" -1;5774822235"
202200043211;30;10;2022;13:25;1;59;2;1;1;3;"50;4584230000";"3;5060600000"
202200043212;29;10;2022;12:00;1;34;1;6;1;3;"43;7068330000";"3;9403260000"
202200043213;1;4;2022;16:55;1;61;2;3;4;3;"48;4307100000";"0;1019400000"
202200043214;29;10;2022;14:30;1;59;1;1;1;7;"50;2085220000";"3;3849910000"
202200043215;2;4;2022;12:00;1;54;2;1;1;1;"48;7038367281";"6;1757513881"
202200043216;30;10;2022;00:50;3;2B;1;1;1;7;"42;4782260000";"9;4289300000"
202200043217;2;4;2022;17:00;1;51;2;2;1;3;"49;2522480000";"4;0493970000"
202200043218;29;10;2022;21:40;3;69;1;1;1;6;"46;1681370000";"4;7202270000"
202200043219;2;4;2022;18:45;1;37;2;1;1;3;"47;3752644961";"0;7075104117"
202200043220;29;10;2022;05:00;3;11;1;1;1;6;"43;1321840000";"2;8656080000"
202200043221;30;10;2022;18:48;3;63;1;1;1;6;"45;5823290000";"3;0854850000"
202200043222;2;4;2022;20:20;1;35;2;1;1;3;"48;1015306693";" -1;6707510129"
202200043223;2;4;2022;07:20;2;35;2;5;1;6;"48;1385041105";" -1;6586579382"
202200043224;29;10;2022;20:30;3;49;1;1;1;1;"47;5880129126";"0;1398153385"
202200043225;26;10;2022;05:45;3;42;1;1;1;6;"45;5467700000";"4;1709210000"
202200043226;2;4;2022;05:35;5;35;2;1;1;6;"48;1038323126";" -1;6959701478"
202200043227;30;10;2022;14:30;1;34;1;1;1;7;"43;4085590000";"3;0008660000"
202200043228;29;10;2022;23:30;3;39;1;1;1;6;"47;1500270000";"5;7009660000"
202200043229;1;4;2022;15:10;1;34;2;3;1;3;"43;5781000000";"3;8759700000"
202200043230;2;4;2022;18:55;1;33;1;1;1;6;"44;7936010144";" -0;5321120471"
202200043231;29;10;2022;19:10;3;25;1;1;1;3;"47;2045110000";"6;3947300000"
202200043232;2;4;2022;12:00;1;33;2;1;1;4;"44;8119200000";" -0;6169700000"
202200043233;30;10;2022;05:30;2;25;1;1;1;1;"47;1114370000";"5;9063100000"
202200043234;30;10;2022;14:45;1;29;2;3;1;3;"48;2529300000";" -3;8275070000"
202200043235;2;4;2022;08:55;1;33;1;3;1;3;"44;5873700000";" -1;2040100000"
202200043236;29;10;2022;17:45;2;29;2;1;1;6;"48;4306600000";" -4;4712420000"
202200043237;2;4;2022;09:15;1;27;2;7;1;3;"49;2744900000";"1;2065300000"
202200043238;30;10;2022;15:30;1;31;2;1;1;7;"43;0475570000";"0;7715540000"
202200043239;29;10;2022;22:50;3;31;1;1;6;6;"43;7219320000";"1;0455040000"
202200043240;29;10;2022;15:35;1;31;1;1;1;6;"43;6715670000";"1;5204490000"
202200043241;2;4;2022;13:00;1;13;2;1;1;3;"43;3750457351";"5;3557687583"
202200043242;1;4;2022;21:30;5;13;2;2;1;1;"43;2754400000";"5;3959600000"
202200043243;30;10;2022;05:40;3;02;1;1;1;1;"49;9624270000";"3;9953380000"
202200043244;2;4;2022;21:00;3;13;1;1;1;2;"43;6548900000";"4;6677700000"
202200043245;30;10;2022;13:30;1;84;1;1;1;1;"44;0515930000";"5;1645880000"
202200043246;2;4;2022;11:28;1;10;2;1;1;6;"48;2737107636";"4;0576887131"
202200043247;30;10;2022;12:10;1;84;1;1;1;2;"44;1356680000";"5;4151710000"
202200043248;2;4;2022;18:35;1;06;2;6;2;3;"43;6450400000";"6;9406970000"
202200043249;30;10;2022;12:40;1;01;1;1;1;6;"45;7092380000";"5;7262050000"
202200043250;1;4;2022;16:00;1;75;2;3;2;7;"48;8352490000";"2;2854710000"
202200043251;29;10;2022;17:45;1;26;1;1;1;1;"44;6924134641";"5;1850962639"
202200043252;29;10;2022;18:30;2;54;2;3;1;3;"48;6812700000";"5;7607300000"
202200043253;1;4;2022;23:20;5;75;2;2;1;3;"48;8347670000";"2;3168560000"
202200043254;29;10;2022;23:20;3;45;1;1;1;6;"47;9981400000";"2;9829800000"
202200043255;1;4;2022;23:50;5;75;2;3;8;6;"48;8259120000";"2;3223900000"
202200043256;30;10;2022;02:00;3;40;1;1;1;7;"43;7307860000";" -0;5722120000"
202200043257;2;4;2022;10:05;1;75;2;1;1;1;"48;8419050000";"2;3718440000"
202200043258;26;10;2022;08:00;2;85;1;2;1;3;"46;8246130000";" -0;8862560000"
202200043259;28;10;2022;12:10;1;85;1;1;1;4;"46;7091150000";" -1;0649380000"
202200043260;2;4;2022;02:40;5;75;2;1;1;5;"48;8290540000";"2;3873280000"
202200043261;27;10;2022;17:00;1;17;1;9;1;7;"45;3144444362";" -0;2304875851"
202200043262;2;4;2022;18:10;1;75;2;2;1;1;"48;8612320000";"2;3582090000"
202200043263;30;10;2022;16:05;1;88;1;1;1;7;"47;8411020000";"6;8326380000"
202200043264;29;10;2022;15:45;1;31;1;1;1;1;"43;1191230000";"0;9315630000"
202200043265;2;4;2022;01:45;5;75;2;2;2;3;"48;8695420000";"2;3367820000"
202200043266;2;4;2022;16:50;1;94;2;1;1;6;"48;7527300000";"2;4541500000"
202200043267;30;10;2022;11:10;1;976;1;1;7;5;" -12;7354190000";"45;1189160000"
202200043268;2;4;2022;15:10;1;94;2;1;1;3;"48;8050100000";"2;4390700000"
202200043269;29;10;2022;19:40;3;30;1;1;1;2;"43;8633100000";"4;4322320000"
202200043270;1;4;2022;21:40;5;94;2;1;1;2;"48;7912044020";"2;4550487274"
202200043271;30;10;2022;06:45;1;988;1;1;1;6;" -21;4862170000";"167;9170560000"
202200043272;30;10;2022;03:45;3;988;1;1;2;7;" -21;6519200000";"166;1747000000"
202200043273;2;4;2022;16:15;1;94;2;3;1;3;"48;8252300000";"2;4079100000"
202200043274;30;10;2022;09:15;1;986;2;1;1;7;" -13;3118710000";" -176;1886450000"
202200043275;2;4;2022;19:10;1;93;2;3;1;2;"48;9620100000";"2;3703400000"
202200043276;2;4;2022;14:30;1;93;2;1;1;2;"48;9049226311";"2;3933503926"
202200043277;17;10;2022;21:35;5;21;2;5;1;3;"47;3132250000";"5;0975690000"
202200043278;1;4;2022;14:00;1;93;2;3;2;1;"48;9315400000";"2;5747000000"
202200043279;30;10;2022;13:27;1;29;1;1;8;1;"47;8514490000";" -3;5709430000"
202200043280;2;4;2022;15:14;1;93;2;1;1;2;"48;9333100000";"2;3869800000"
202200043281;30;10;2022;15:30;1;2A;1;1;1;1;"41;6314740000";"9;3199840000"
202200043282;3;4;2022;10:15;2;22;1;3;1;1;"48;4669820000";" -2;1233870000"
202200043283;29;10;2022;21:15;3;34;1;1;1;1;"43;6859325368";"4;0199741901"
202200043284;2;4;2022;11:30;1;35;1;1;1;3;"48;0364786745";" -1;6873374581"
202200043285;29;10;2022;11:15;1;83;1;1;1;6;"43;6163410000";"6;7157580000"
202200043286;2;4;2022;09:50;1;63;1;1;4;6;"45;5668960000";"3;2496680000"
202200043287;2;4;2022;14:00;1;62;1;1;1;1;"50;5061880000";"1;7959410000"
202200043288;29;10;2022;14:40;1;13;2;3;1;1;"43;2734790000";"5;7114640000"
202200043289;2;4;2022;23:25;3;59;1;1;1;2;"50;1034290000";"3;4265540000"
202200043290;30;10;2022;12:10;1;68;1;1;1;7;"47;8237038355";"7;1629345413"
202200043291;1;4;2022;17:10;1;19;1;1;9;6;"45;4579480000";"1;9634520000"
202200043292;28;10;2022;16:40;1;68;2;1;1;2;"47;7688110000";"7;3898940000"
202200043293;2;4;2022;12:56;1;65;1;1;1;7;"43;2925520000";"0;5158300000"
202200043294;30;10;2022;15:00;1;88;1;1;1;6;"48;0306610000";"6;8699850000"
202200043295;2;4;2022;00:10;3;33;1;1;9;6;"44;4525430000";" -0;4112740000"
202200043296;3;4;2022;03:30;3;81;1;1;1;6;"43;8269880000";"1;8764730000"
202200043297;30;10;2022;04:00;3;03;1;1;1;7;"46;0615890000";"3;6282350000"
202200043298;3;4;2022;12:33;1;11;1;1;1;6;"42;9468110000";"2;8280350000"
202200043299;2;4;2022;20:11;2;89;1;1;4;7;"47;6970680000";"3;1692110000"
202200043300;29;10;2022;14:47;1;73;1;1;1;2;"45;6754220000";"5;8530520000"
202200043301;1;4;2022;19:45;2;76;2;1;1;6;"50;0591133422";"1;3788941503"
202200043302;29;10;2022;15:00;1;42;2;1;1;2;"45;4510070000";"4;7537810000"
202200043303;3;4;2022;17:27;1;61;1;1;1;7;"48;3701960000";"0;8580920000"
202200043304;3;4;2022;01:30;3;42;1;1;1;6;"45;6007680000";"4;2853890000"
202200043305;2;4;2022;14:25;1;86;1;1;1;6;"46;7407870000";"0;5235730000"
202200043306;26;10;2022;12:35;1;07;2;3;7;5;"44;8978280000";"4;8192210000"
202200043307;3;4;2022;14:05;1;44;1;2;1;2;"47;3677650000";" -1;7299030000"