Accident_Id;jour;mois;an;hrmn;lum;dep;agg;int;atm;col;lat;long
202200043308;1;4;2022;16:50;1;26;1;9;4;2;"44;7444170000";"5;3855320000"
202200043309;30;10;2022;17:00;2;69;2;2;1;1;"45;9260770000";"4;6862910000"
202200043310;3;4;2022;11:45;1;54;1;1;1;6;"48;5411737443";"6;8419933313"
202200043311;29;10;2022;22:50;3;60;1;1;1;7;"49;1166640000";"2;6472330000"
202200043312;3;4;2022;12:55;1;14;2;1;1;6;"49;2071640000";"0;0820700000"
202200043313;29;10;2022;18:45;3;59;1;1;1;6;"50;3180155400";"3;5687273741"
202200043314;2;4;2022;23:15;5;18;2;1;1;6;"47;2070810000";"2;0431780000"
202200043315;3;4;2022;11:28;1;53;2;1;1;7;"48;2933510000";" -0;1635180000"
202200043316;28;10;2022;03:50;3;13;1;1;1;5;"43;3832100000";"5;3512700000"
202200043317;3;4;2022;08:50;1;53;1;1;1;7;"48;3549120000";" -0;5862450000"
202200043318;2;4;2022;17:15;1;53;2;1;1;2;"48;1977330000";" -1;0440870000"
202200043319;29;10;2022;12:30;1;91;1;1;1;4;"48;6675800000";"2;3579100000"
202200043320;3;4;2022;17:45;1;28;1;2;1;3;"48;1920690000";"1;8013500000"
202200043321;29;10;2022;10:20;1;78;1;1;1;2;"48;8524120000";"2;0643620000"
202200043322;2;4;2022;17:36;1;17;1;1;1;7;"45;9915690000";" -1;0442280000"
202200043323;1;4;2022;19:35;1;17;2;1;1;7;"45;4840000000";" -0;7890900000"
202200043324;29;10;2022;10:45;1;78;1;1;1;4;"48;8572470000";"2;0541320000"
202200043325;2;4;2022;18:55;1;30;1;1;1;1;"44;2128920000";"4;3361250000"
202200043326;25;10;2022;08:15;1;78;1;1;1;3;"48;8000810000";"1;9682530000"
202200043327;2;4;2022;18:49;1;30;1;1;7;3;"43;9922590000";"4;3254160000"
202200043328;3;4;2022;02:40;3;76;1;1;1;6;"49;6038690000";"0;4801370000"
202200043329;28;10;2022;20:05;3;95;1;1;1;3;"49;0333436049";"2;1055538682"
202200043330;3;4;2022;16:30;1;18;1;1;1;6;"47;1250950000";"1;9304530000"
202200043331;2;4;2022;07:15;2;01;1;1;4;2;"46;0340670000";"5;3193350000"
202200043332;29;10;2022;10:45;1;93;1;1;1;5;"48;9084519447";"2;3581552505"
202200043333;29;10;2022;08:30;1;95;1;1;1;6;"49;0626121997";"2;3369510947"
202200043334;3;4;2022;06:00;1;988;2;1;1;7;" -22;2806600000";"166;5798800000"
202200043335;28;10;2022;20:10;3;95;1;1;1;5;"48;9656566710";"2;2585975521"
202200043336;2;4;2022;15:20;1;83;2;9;1;3;"43;4527370000";"6;6914870000"
202200043337;28;10;2022;08:30;1;95;1;1;1;5;"48;9596762311";"2;2718836052"
202200043338;2;4;2022;21:55;5;57;2;1;1;2;"49;1605060000";"6;8537420000"
202200043339;19;3;2022;16:05;1;65;2;1;1;7;"43;0690990000";"0;1518430000"
202200043340;28;10;2022;06:30;4;95;1;1;1;2;"48;9785899184";"2;2301079603"
202200043341;29;10;2022;03:40;3;94;1;1;1;6;"48;7538424491";"2;3542632476"
202200043342;3;4;2022;06:00;3;49;1;1;1;1;"47;2055020000";" -0;9336450000"
202200043343;27;10;2022;17:57;1;17;2;1;1;6;"45;6248660000";" -1;0223950000"
202200043344;3;4;2022;14:30;1;57;2;1;1;7;"49;4031359000";"6;1563451000"
202200043345;28;10;2022;19:50;5;988;2;1;1;6;" -22;2440400000";"166;4689800000"
202200043346;26;10;2022;19:10;5;974;2;1;1;6;" -20;8906000000";"55;4645000000"
202200043347;27;10;2022;16:15;3;974;1;1;1;3;" -20;9603800000";"55;3074400000"
202200043348;2;4;2022;15:30;1;33;1;1;1;5;"44;7928240000";" -0;5398660000"
202200043349;28;10;2022;19:00;5;2B;2;1;1;2;"42;6498726994";"9;4404391676"
202200043350;2;4;2022;05:35;3;91;1;1;1;7;"48;7494100000";"2;2094580000"
202200043351;28;10;2022;12:05;1;2A;2;1;1;3;"41;9350100000";"8;7521200000"
202200043352;2;4;2022;01:29;3;92;1;1;2;6;"48;7603064863";"2;2822194786"
202200043353;1;4;2022;08:37;5;94;1;1;1;2;"48;7577500000";"2;3281700000"
202200043354;2;4;2022;14:30;1;78;1;1;1;7;"48;7982040000";"2;0095850000"
202200043355;1;4;2022;22:30;5;92;1;1;2;2;"48;8485446228";"2;2283505179"
202200043356;28;10;2022;14:25;1;91;2;1;1;3;"48;7033870000";"2;3042760000"
202200043357;1;4;2022;15:45;1;92;1;1;4;2;"48;9376888497";"2;2967567326"
202200043358;2;4;2022;16:40;1;93;1;1;1;7;"48;9266789645";"2;3358397729"
202200043359;27;10;2022;17:40;1;91;1;9;1;4;"48;7113260000";"2;3048700000"
202200043360;2;4;2022;17:00;1;93;1;1;1;5;"48;9690300000";"2;5060000000"
202200043361;28;10;2022;16:35;1;91;2;1;1;1;"48;7017600000";"2;4255400000"
202200043362;28;10;2022;14:20;1;91;2;1;9;6;"48;7073900000";"2;3821700000"
202200043363;2;4;2022;13:20;1;93;1;1;1;4;"48;9208600000";"2;4795000000"
202200043364;22;10;2022;14:10;1;83;2;1;1;6;"43;4383100000";"6;7139600000"
202200043365;19;9;2022;18:50;1;77;2;6;1;3;"48;7612700000";"2;6787400000"
202200043366;1;4;2022;23:15;3;93;1;1;1;4;"48;8683800000";"2;4822300000"
202200043367;1;4;2022;23:45;3;92;1;1;9;2;"48;9378886633";"2;2976672190"
202200043368;28;10;2022;21:00;5;77;2;2;1;3;"48;8582800000";"2;7610600000"
202200043369;2;4;2022;00:15;3;94;1;1;8;6;"48;8539759121";"2;4889206292"
202200043370;27;10;2022;15:00;1;76;2;1;1;3;"49;2921800000";"1;0209400000"
202200043371;1;4;2022;17:30;1;94;1;1;2;4;"48;8250000000";"2;3932300000"
202200043372;28;10;2022;06:20;5;76;2;3;1;2;"49;4408000000";"1;0829700000"
202200043373;28;10;2022;21:15;5;72;2;9;1;6;"48;0104400000";"0;1935400000"
202200043374;29;3;2022;17:30;1;51;2;1;1;6;"49;2388639856";"4;0309926867"
202200043375;28;10;2022;14:40;1;72;2;1;1;6;"47;9692200000";"0;2040700000"
202200043376;28;10;2022;14:50;1;71;2;9;1;3;"46;7930800000";"4;4481500000"
202200043377;25;10;2022;08:00;1;69;2;1;7;6;"45;7776654901";"4;9171999097"
202200043378;28;10;2022;16:20;1;64;2;3;1;3;"43;4234800000";" -1;6050200000"
202200043379;28;10;2022;21:20;5;64;2;1;1;6;"43;4423100000";" -1;5865200000"
202200043380;1;4;2022;12:50;1;86;2;1;6;6;"46;5762830000";"0;3729820000"
202200043381;28;10;2022;10:50;1;64;2;1;1;3;"43;5034907145";" -1;4661843181"
202200043382;27;10;2022;20:10;4;64;2;1;1;3;"43;4879200000";" -1;4748350000"
202200043383;26;10;2022;15:55;1;64;2;1;1;3;"43;4799700000";" -1;5076800000"
202200043384;23;10;2022;03:40;5;62;2;1;1;6;"50;4273800000";"2;8099350000"
202200043385;28;10;2022;21:35;5;59;2;2;1;3;"50;7363962890";"3;1495893002"
202200043386;28;10;2022;15:45;1;59;1;1;1;6;"50;7361246817";"3;0581367016"
202200043387;28;10;2022;06:33;5;59;2;6;1;3;"50;6436426291";"3;0724033713"
202200043388;27;10;2022;17:15;1;56;2;9;1;3;"47;7775300000";" -3;3439500000"
202200043389;28;10;2022;10:30;1;54;2;1;1;1;"48;6832000000";"6;2211600000"
202200043390;27;10;2022;15:46;1;49;2;1;1;2;"47;4725500000";" -0;5629000000"
202200043391;25;10;2022;16:29;2;40;2;3;1;6;"43;8890600000";" -0;5008000000"
202200043392;28;10;2022;19:50;5;37;2;2;1;3;"47;3759365506";"0;6944721937"
202200043393;28;10;2022;10:25;1;37;2;1;1;6;"47;3840300000";"0;7039400000"
202200043394;28;10;2022;20:10;5;35;2;2;1;6;"48;0941682607";" -1;6489671171"
202200043395;28;10;2022;14:30;1;35;1;1;1;5;"48;1144395202";" -1;5758594871"
202200043396;28;10;2022;13:50;1;33;2;1;1;3;"44;8436600000";" -0;5993100000"
202200043397;28;10;2022;10:50;1;29;1;1;1;2;"47;9956500000";" -4;0730800000"
202200043398;27;10;2022;12:10;1;25;2;1;1;6;"47;2418900000";"6;0083200000"
202200043399;28;10;2022;10:10;1;13;2;9;1;2;"43;6445065872";"5;1026022122"
202200043400;28;10;2022;05:30;5;13;2;2;1;1;"43;2750000000";"5;4170000000"
202200043401;27;10;2022;23:26;5;13;2;1;1;3;"43;2728591257";"5;3992685178"
202200043402;27;10;2022;17:00;1;11;2;1;1;2;"43;2176000000";"2;3445000000"
202200043403;28;10;2022;20:31;5;10;1;6;1;3;"48;2674478788";"4;0613526106"
202200043404;21;10;2022;05:10;5;10;2;1;1;2;"48;2728700000";"4;0898900000"
202200043405;29;10;2022;23:15;3;09;2;8;1;1;"43;1145490000";"1;6202160000"
202200043406;27;10;2022;18:05;2;06;1;1;1;1;"43;7972900000";"7;4826560000"
202200043407;28;10;2022;21:00;3;06;1;1;1;6;"43;6427560000";"6;9064920000"
202200043408;21;10;2022;18:55;5;05;2;6;3;4;"44;9056770000";"6;6282090000"
202200043409;28;10;2022;18:35;5;75;2;1;1;3;"48;8266350000";"2;3889950000"
202200043410;28;10;2022;09:45;1;75;2;1;1;2;"48;8256230000";"2;3009650000"
202200043411;13;5;2022;19:09;1;93;2;1;1;6;"48;9115900000";"2;3677400000"
202200043412;13;5;2022;09:20;1;92;2;4;1;7;"48;8578000000";"2;2104000000"
202200043413;25;10;2022;20:00;5;75;2;4;1;3;"48;8772090000";"2;2791590000"
202200043414;13;5;2022;10:25;1;92;2;2;1;6;"48;8148529737";"2;3192688525"
202200043415;13;5;2022;20:00;1;92;2;1;1;7;"48;9065930000";"2;2468070000"
202200043416;13;5;2022;18:35;1;92;2;1;1;6;"48;8952968643";"2;2498323619"
202200043417;27;10;2022;22:40;5;75;2;1;1;4;"48;8275810000";"2;3921450000"
202200043418;13;5;2022;13:30;1;92;2;1;1;6;"48;8985100870";"2;2401391267"
202200043419;12;5;2022;23:20;5;92;2;1;1;7;"48;7921600000";"2;2525400000"
202200043420;13;5;2022;19:55;1;92;2;1;1;3;"48;8313250000";"2;2561780000"
202200043421;12;5;2022;14:06;1;92;2;1;1;6;"48;8278943450";"2;2362613901"
202200043422;18;4;2022;01:10;3;974;1;1;1;7;" -20;9858430000";"55;2914640000"
202200043423;13;5;2022;19:25;1;37;1;1;1;1;"47;5416150000";"0;9836380000"
202200043424;14;5;2022;01:30;3;08;1;1;1;6;"49;6984490000";"5;0784840000"
202200043425;13;5;2022;21:30;3;86;1;1;1;7;"46;2905910000";"0;5307770000"
202200043426;14;5;2022;12:00;1;38;1;1;1;7;"45;4995340000";"5;0183700000"
202200043427;14;5;2022;04:10;5;68;2;1;1;6;"47;9062270000";"7;2191670000"
202200043428;2;5;2022;15:45;1;06;2;1;1;3;"43;6416440000";"7;1424640000"
202200043429;14;5;2022;11:00;1;49;1;1;1;1;"47;1566190000";" -0;7342550000"
202200043430;14;5;2022;03:19;3;974;2;1;1;7;" -21;3738280000";"55;6317830000"
202200043431;13;5;2022;15:00;1;62;2;2;1;3;"50;6010710000";"2;5063960000"
202200043432;13;5;2022;20:30;1;56;1;1;1;7;"47;6882760000";" -2;4079910000"
202200043433;14;5;2022;11:30;1;79;1;1;1;7;"46;5046770000";" -0;3367890000"
202200043434;13;5;2022;17:50;1;2A;2;3;1;5;"41;6609300000";"9;3600190000"
202200043435;13;5;2022;19:45;1;33;1;2;1;3;"44;8457531677";" -0;0490843816"
202200043436;14;5;2022;18:00;1;63;1;2;1;3;"45;7597390000";"3;3879970000"
202200043437;13;5;2022;20:00;1;49;2;1;1;6;"47;2363180000";"0;0519330000"
202200043438;10;5;2022;18:25;1;42;1;1;1;1;"45;6142660000";"4;3731270000"
202200043439;14;5;2022;16:00;1;42;2;1;1;7;"45;2663740000";"4;4952300000"
202200043440;14;5;2022;04:15;3;47;1;1;1;6;"44;3207970000";"0;0502220000"
202200043441;14;5;2022;14:57;1;34;1;1;1;6;"43;8820420000";"3;3099100000"
202200043442;13;5;2022;22:45;3;34;1;1;1;6;"43;4894200000";"3;2927330000"
202200043443;13;5;2022;17:50;1;29;1;1;1;5;"48;3974470000";" -4;4338700000"
202200043444;13;5;2022;15:40;1;03;2;2;1;3;"46;3439500000";"3;2862640000"
202200043445;14;5;2022;04:45;2;01;1;1;1;6;"46;3371660000";"5;1338550000"
202200043446;14;5;2022;13:05;1;26;1;1;1;6;"44;8249060000";"5;3845190000"
202200043447;13;5;2022;21:30;3;26;1;3;1;1;"44;7620050000";"4;8810520000"
202200043448;13;5;2022;16:30;1;09;1;1;1;7;"42;9784200000";"1;6726470000"
202200043449;14;5;2022;19:50;1;60;2;3;1;3;"49;5753270703";"2;1187139153"
202200043450;14;5;2022;15:40;1;43;1;3;1;3;"45;0514732343";"4;3331408501"
202200043451;13;5;2022;17:10;1;07;1;1;1;6;"44;5003740000";"4;2769650000"
202200043452;13;5;2022;15:05;1;08;1;1;1;7;"50;0054500000";"4;7962620000"
202200043453;7;5;2022;16:45;1;06;2;1;1;6;"43;6056470000";"6;9593570000"
202200043454;13;5;2022;20:40;5;987;2;6;1;1;" -17;5461170000";" -149;5834270000"
202200043455;13;5;2022;18:15;1;27;1;1;1;6;"49;3255590000";"0;3327550000"
202200043456;13;5;2022;20:00;3;988;1;1;1;6;" -21;6423600000";"165;8238000000"
202200043457;13;5;2022;20:45;2;37;1;1;1;1;"47;3212400000";"1;0539360000"
202200043458;10;5;2022;12:55;1;91;2;-1;1;6;"48;5938530000";"2;1969870000"
202200043459;14;5;2022;03:00;3;73;1;1;1;3;"45;2662030000";"6;3840010000"
202200043460;14;5;2022;14:05;1;42;2;1;1;6;"45;6083300000";"4;0891940000"
202200043461;14;5;2022;01:11;3;81;1;1;1;1;"43;8758550000";"1;9086330000"
202200043462;14;5;2022;17:00;1;64;2;1;1;3;"43;3049480000";" -0;4435680000"
202200043463;14;5;2022;12:20;1;33;2;1;1;6;"44;7611830000";"0;2488820000"
202200043464;14;5;2022;07:00;1;56;1;1;1;1;"47;6319810000";" -2;9904480000"
202200043465;13;5;2022;18:29;1;27;1;3;1;1;"49;1511054100";"1;3763916492"
202200043466;14;5;2022;10:18;1;60;1;6;1;6;"49;1494198082";"2;8116846082"
202200043467;13;5;2022;18:10;1;60;2;1;1;7;"49;3729650000";"2;4575120000"
202200043468;6;5;2022;14:25;1;69;1;1;1;3;"45;5883500000";"4;7911600000"
202200043469;10;5;2022;06:35;1;33;1;1;1;6;"44;8106500000";" -0;5218900000"
202200043470;7;5;2022;04:55;5;33;1;1;1;2;"44;8831400000";" -0;5206800000"
202200043471;30;4;2022;00:45;3;59;1;1;1;6;"50;6531492479";"3;1051254272"
202200043472;11;5;2022;20:45;1;62;1;1;1;6;"50;4467200000";"2;8387300000"
202200043473;13;5;2022;16:55;1;91;1;1;1;4;"48;6248500000";"2;3112100000"
202200043474;13;5;2022;12:40;1;91;1;1;1;3;"48;6970000000";"2;2379000000"
202200043475;13;5;2022;10:05;1;94;1;1;1;3;"48;7629172813";"2;3443083828"
202200043476;13;5;2022;08:20;1;94;1;1;1;4;"48;7732714467";"2;3461107514"
202200043477;13;5;2022;09:20;1;91;1;1;1;3;"48;7409900000";"2;1844300000"
202200043478;13;5;2022;07:45;1;92;1;1;1;5;"48;7605324566";"2;2917869389"
202200043479;13;5;2022;06:10;1;78;1;1;1;7;"48;9322180000";"1;9760140000"
202200043480;12;5;2022;20:50;2;77;1;1;1;7;"48;8323110000";"2;6660870000"
202200043481;5;5;2022;20:10;1;94;1;1;1;3;"48;8267619877";"2;5125233880"
202200043482;12;4;2022;12:15;1;26;1;1;1;6;"44;5980270000";"4;9506770000"
202200043483;11;4;2022;16:10;1;68;1;1;1;7;"47;7543700000";"7;3082000000"
202200043484;28;3;2022;18:35;2;06;1;1;1;3;"43;7980030000";"7;4841690000"
202200043485;12;5;2022;08:30;1;988;2;2;1;3;" -22;2621100000";"166;4470200000"
202200043486;12;5;2022;21:30;5;976;2;1;1;3;" -12;8170600000";"45;1982300000"
202200043487;12;5;2022;09:20;1;974;2;1;1;6;" -20;9264200000";"55;4869400000"
202200043488;12;5;2022;07:30;1;974;2;6;1;3;" -20;9005400000";"55;4874200000"
202200043489;11;5;2022;22:50;5;973;2;2;1;3;"4;9393828518";" -52;3293158412"
202200043490;12;5;2022;20:50;2;69;2;3;1;3;"45;7246586208";"4;8540875316"
202200043491;11;5;2022;10:25;1;69;2;1;1;1;"45;7733000000";"4;8354200000"
202200043492;29;4;2022;13:00;1;971;1;1;2;3;"16;2730400000";" -61;5211400000"
202200043493;11;5;2022;13:45;1;91;2;2;1;3;"48;6255200000";"2;3140600000"
202200043494;12;5;2022;13:30;1;91;2;2;1;3;"48;7018500000";"2;3633400000"
202200043495;11;5;2022;17:55;1;88;2;1;1;3;"48;1843400000";"6;4613000000"
202200043496;11;5;2022;13:30;1;84;1;2;1;3;"43;9298000000";"4;8383400000"
202200043497;10;5;2022;09:50;1;84;1;3;1;6;"43;9402100000";"4;8296400000"
202200043498;10;5;2022;07:50;1;30;1;3;1;2;"43;9573700000";"4;7948100000"
202200043499;8;5;2022;03:30;5;84;2;1;1;3;"43;9528800000";"4;8154600000"
202200043500;12;5;2022;12:00;1;83;1;1;1;2;"43;1433953084";"6;0320949554"
202200043501;11;5;2022;11:47;1;79;2;1;1;3;"46;3164800000";" -0;4781800000"
202200043502;5;5;2022;17:30;1;78;2;4;1;3;"48;9958610000";"1;7332800000"
202200043503;11;5;2022;17:25;1;77;1;1;1;6;"48;8566200000";"2;6386500000"
202200043504;11;5;2022;13:32;1;77;1;1;1;5;"48;5571200000";"2;6004200000"
202200043505;12;5;2022;17:50;1;77;2;1;1;2;"48;4293488222";"2;7569958980"
202200043506;12;5;2022;06:15;1;77;2;6;1;6;"48;2620900000";"2;6926600000"
202200043507;11;5;2022;08:40;1;76;2;2;1;3;"49;5154100000";"0;1053200000"
202200043508;11;5;2022;14:00;1;71;2;1;1;3;"46;6797600000";"4;3673400000"
202200043509;12;5;2022;19:15;1;69;2;1;1;2;"45;7344906386";"4;8895061016"
202200043510;11;5;2022;18:30;1;69;2;1;1;6;"45;7652300000";"4;9011000000"
202200043511;12;5;2022;17:30;1;69;2;2;1;7;"45;9984200000";"4;7086100000"
202200043512;11;5;2022;15:50;1;68;2;2;1;3;"47;7562300000";"7;3547800000"
202200043513;7;5;2022;19:50;1;67;2;1;1;6;"48;6180200000";"7;7635500000"
202200043514;12;5;2022;18:35;1;64;2;1;1;3;"43;3051225543";" -0;3281521797"
202200043515;12;5;2022;14:20;1;64;2;1;1;3;"43;4753200000";" -1;5576000000"
202200043516;10;5;2022;17:55;1;64;2;1;1;7;"43;4382890000";" -1;5892390000"
202200043517;11;5;2022;17:00;1;64;2;6;1;6;"43;4644000000";" -1;5332900000"
202200043518;11;5;2022;19:54;1;63;2;1;1;2;"45;7709000000";"3;0945500000"
202200043519;12;5;2022;16:20;1;59;2;1;1;6;"50;7495368080";"3;1231293082"
202200043520;12;5;2022;10:30;1;59;2;2;1;3;"50;6823543653";"3;1835970282"
202200043521;12;5;2022;09:35;1;59;2;1;1;3;"50;6572700000";"3;0737500000"
202200043522;12;5;2022;08:05;1;59;2;2;7;1;"50;6234200000";"2;9598200000"
202200043523;12;5;2022;16:25;1;59;2;1;1;6;"50;7179267970";"2;5357523561"
202200043524;11;5;2022;18:44;1;57;2;2;1;3;"49;2561500000";"6;1389300000"
202200043525;12;5;2022;08:00;1;56;2;6;1;3;"47;7660100000";" -3;4007400000"
202200043526;11;5;2022;07:35;2;56;2;1;7;3;"47;7578900000";" -3;3500400000"
202200043527;12;5;2022;22:15;5;54;2;1;1;2;"48;9006510000";"6;0513140000"
202200043528;12;5;2022;10:05;1;54;2;1;1;6;"48;6990700000";"6;1732800000"
202200043529;11;5;2022;08:55;1;50;2;3;1;3;"48;8351400000";" -1;6084300000"
202200043530;12;5;2022;07:39;1;49;2;1;1;7;"47;4670000000";" -0;5563100000"
202200043531;12;5;2022;02:05;5;49;2;1;1;6;"47;5018500000";" -0;5963000000"
202200043532;11;5;2022;17:30;1;49;2;1;1;3;"47;4737500000";" -0;5766600000"
202200043533;11;5;2022;14:33;1;49;2;2;1;3;"47;4789100000";" -0;5450600000"
202200043534;11;5;2022;11:00;1;47;2;6;7;6;"44;1939100000";"0;5977300000"
202200043535;13;5;2022;01:50;5;45;2;3;1;1;"47;9142900000";"1;9052000000"
202200043536;12;5;2022;09:48;1;45;2;1;1;3;"47;8561000000";"1;9016200000"
202200043537;5;5;2022;12:00;1;44;2;1;1;1;"47;2732700000";" -2;2156900000"
202200043538;12;5;2022;17:15;1;44;2;1;1;3;"47;2184800000";" -1;6180100000"
202200043539;10;5;2022;14:40;1;44;2;1;1;2;"47;2052880000";" -1;5383460000"
202200043540;12;5;2022;07:00;1;44;1;1;1;3;"47;1865500000";" -1;5986200000"
202200043541;11;5;2022;16:30;1;42;2;1;1;6;"45;4613800000";"4;4973300000"
202200043542;8;5;2022;16:55;1;42;2;1;1;7;"45;4602500000";"4;4946700000"
202200043543;12;5;2022;10:10;1;42;2;6;1;3;"46;0337458797";"4;0775629878"
202200043544;12;5;2022;17:55;1;37;2;1;1;5;"47;4248600000";"0;6972300000"
202200043545;12;5;2022;07:10;1;37;2;1;1;6;"47;3442100000";"0;6584000000"
202200043546;12;5;2022;06:10;2;37;2;6;1;3;"47;3735607088";"0;6786954403"
202200043547;12;5;2022;19:41;1;35;2;1;1;6;"48;0970769187";" -1;6904709488"
202200043548;8;5;2022;13:30;1;34;2;9;1;1;"43;3078427854";"3;4938109893"
202200043549;10;5;2022;18:45;1;33;2;3;1;3;"44;8605100000";" -0;5148000000"
202200043550;4;5;2022;09:16;1;33;2;3;1;3;"44;8422400000";" -0;6037000000"
202200043551;11;5;2022;10:00;1;29;2;1;1;6;"47;9955000000";" -4;0872800000"
202200043552;11;5;2022;14:50;1;29;2;6;1;7;"47;8761000000";" -3;9247500000"
202200043553;12;5;2022;13:50;1;27;2;1;1;6;"49;0208200000";"1;1450400000"
202200043554;11;4;2022;07:30;2;22;2;6;1;3;"48;4981900000";" -2;7724300000"
202200043555;11;5;2022;08:00;1;22;2;6;1;2;"48;7313300000";" -3;4650100000"
202200043556;13;4;2022;12:15;1;16;2;2;1;3;"45;6996800000";" -0;3195000000"
202200043557;12;5;2022;18:40;1;14;2;1;1;6;"49;4075900000";"0;2697600000"
202200043558;12;5;2022;19:15;1;13;2;1;1;3;"43;3923579906";"5;2353146084"
202200043559;12;5;2022;11:00;1;13;1;2;1;1;"43;4135900000";"5;3665700000"
202200043560;11;5;2022;23:30;3;13;2;1;1;1;"43;3950400000";"5;0278000000"
202200043561;12;5;2022;19:40;2;13;1;1;1;7;"43;3807500000";"5;5440300000"
202200043562;12;5;2022;17:33;1;13;2;3;1;3;"43;3020900000";"5;3713600000"
202200043563;12;5;2022;12:30;1;13;2;1;1;3;"43;2932600000";"5;4454400000"
202200043564;11;5;2022;16:50;1;13;2;1;1;5;"43;2488133784";"5;4417564095"
202200043565;11;5;2022;14:25;1;11;1;1;1;2;"43;2315800000";"2;3228400000"
202200043566;12;5;2022;07:52;1;10;2;6;1;3;"48;2880000000";"4;0811000000"
202200043567;11;5;2022;13:30;1;10;1;1;1;4;"48;2930158985";"4;1460514069"
202200043568;11;5;2022;18:40;1;07;2;1;1;3;"44;6843300000";"4;3670700000"
202200043569;12;5;2022;21:15;5;06;2;1;1;7;"43;7660050000";"7;4877950000"
202200043570;12;5;2022;11:50;1;06;2;1;1;6;"43;5521400000";"7;0275400000"
202200043571;11;5;2022;07:30;1;06;2;1;1;2;"43;5506600000";"6;9986900000"
202200043572;11;5;2022;17:00;1;06;2;1;1;6;"43;6661000000";"7;1535100000"
202200043573;8;5;2022;21:00;2;02;2;1;1;3;"49;5655700000";"3;6275000000"
202200043574;11;5;2022;14:15;1;75;2;1;1;4;"48;8174460000";"2;3341620000"
202200043575;11;5;2022;09:24;1;75;2;2;1;7;"48;8489832855";"2;3254202306"
202200043576;12;5;2022;01:00;5;75;2;1;1;3;"48;8559740292";"2;4150878191"
202200043577;12;5;2022;18:20;1;75;2;2;1;3;"48;8883753287";"2;3741277469"
202200043578;12;5;2022;17:00;1;75;2;2;1;2;"48;8877755118";"2;3892779664"
202200043579;12;5;2022;16:50;1;75;2;1;1;4;"48;8784534736";"2;2999011407"
202200043580;10;5;2022;20:00;1;75;2;5;1;3;"48;8852220000";"2;3072160000"
202200043581;12;5;2022;19:30;1;75;2;2;1;3;"48;8668078280";"2;2899656471"
202200043582;12;5;2022;08:50;1;75;2;2;1;3;"48;8452380000";"2;2618930000"
202200043583;11;5;2022;11:00;1;75;2;1;1;6;"48;8425635078";"2;2533465922"
202200043584;4;5;2022;11:20;1;75;2;1;1;7;"48;8549040000";"2;2287640000"
202200043585;12;5;2022;01:30;5;75;2;2;1;3;"48;8461880000";"2;2951750000"
202200043586;12;5;2022;16:23;1;75;2;2;1;3;"48;8223870084";"2;3142100201"
202200043587;12;5;2022;11:40;1;75;2;1;1;6;"48;8278200959";"2;3312321392"
202200043588;12;5;2022;11:50;1;75;2;2;1;6;"48;8261850000";"2;3572650000"
202200043589;12;5;2022;10:49;1;75;2;2;1;7;"48;8306330000";"2;3459450000"
202200043590;12;5;2022;09:30;1;75;2;3;1;6;"48;8296667469";"2;3483102024"
202200043591;12;5;2022;07:35;1;75;2;1;1;6;"48;8387233685";"2;3608830571"
202200043592;12;5;2022;20:00;1;75;2;1;1;3;"48;8463610704";"2;3955402452"
202200043593;12;5;2022;13:42;1;75;2;2;1;6;"48;8466414492";"2;3720017168"
202200043594;11;5;2022;13:04;1;75;2;1;1;6;"48;8488732660";"2;3729690909"
202200043595;12;5;2022;14:20;1;75;2;3;1;3;"48;8631730000";"2;3855970000"
202200043596;12;5;2022;11:00;1;75;2;2;1;7;"48;8838600000";"2;3685890000"
202200043597;12;5;2022;17:28;1;75;2;7;8;6;"48;8622257801";"2;3370228874"
202200043598;12;5;2022;08:40;1;75;2;3;1;6;"48;8539674449";"2;3648701608"
202200043599;11;5;2022;08:50;1;75;2;7;1;4;"48;8670767329";"2;3290358484"
202200043600;12;5;2022;19:50;1;94;2;2;1;6;"48;8200500000";"2;4673600000"
202200043601;11;5;2022;15:20;1;94;2;1;1;2;"48;7894900000";"2;3689500000"
202200043602;11;5;2022;12:40;1;94;2;1;1;6;"48;7906800000";"2;3694100000"
202200043603;12;5;2022;08:25;1;94;2;3;1;6;"48;7676700000";"2;3874100000"
202200043604;9;1;2022;09:30;1;59;2;5;7;6;"50;3121740000";"3;5762830000"
202200043605;12;1;2022;09:10;1;13;1;1;1;2;"43;3050000000";"5;3750000000"
202200043606;12;1;2022;13:50;1;67;1;1;1;2;"48;5705471083";"7;7404019237"
202200043607;13;1;2022;14:10;1;91;1;1;1;3;"48;6212800000";"2;4639400000"
202200043608;13;1;2022;14:35;1;91;1;1;1;2;"48;7111200000";"2;3077800000"
202200043609;13;1;2022;08:15;3;91;1;1;1;2;"48;6239300000";"2;2975200000"
202200043610;13;1;2022;04:10;3;92;1;1;1;6;"48;7362710685";"2;3168528608"
202200043611;12;1;2022;17:55;3;78;1;1;1;4;"48;7880830000";"2;0665220000"
202200043612;13;1;2022;17:20;3;95;1;1;1;5;"48;9875584291";"2;2070932388"
202200043613;13;1;2022;18:40;3;95;1;1;1;4;"48;9712511186";"2;2489222884"