Accident_Id;jour;mois;an;hrmn;lum;dep;agg;int;atm;col;lat;long
202200043614;13;1;2022;13:10;1;93;1;1;1;3;"48;9034600000";"2;4666300000"
202200043615;13;1;2022;12:00;1;95;1;1;8;2;"49;0385300000";"2;4844800000"
202200043616;13;1;2022;03:00;4;95;1;1;5;2;"49;0040500000";"2;5253100000"
202200043617;13;1;2022;21:10;3;77;1;1;1;6;"48;8487201840";"2;6617549074"
202200043618;13;1;2022;18:15;5;93;1;1;1;2;"48;8349123599";"2;5763368607"
202200043619;13;1;2022;08:50;1;77;1;1;5;4;"48;8308000000";"2;7570000000"
202200043620;12;1;2022;22:00;3;94;1;9;1;2;"48;8352511054";"2;5387158104"
202200043621;12;1;2022;20:10;5;2B;2;1;1;7;"42;6271700000";"9;4372400000"
202200043622;12;1;2022;08:10;5;61;2;6;2;3;"48;4343200000";"0;0936400000"
202200043623;11;1;2022;17:25;2;56;2;2;1;6;"47;7433900000";" -3;3600400000"
202200043624;11;1;2022;13:20;1;49;2;1;1;6;"47;0684200000";" -0;8548500000"
202200043625;11;1;2022;17:35;1;29;2;2;2;6;"48;4131600000";" -4;4913870000"
202200043626;10;1;2022;21:30;5;91;2;1;1;6;"48;6026500000";"2;4815200000"
202200043627;12;1;2022;07:45;2;974;2;1;2;7;" -20;8857900000";"55;4958000000"
202200043628;9;1;2022;13:00;1;974;1;1;1;3;" -20;9031100000";"55;4780400000"
202200043629;11;1;2022;18:00;1;974;2;1;1;7;" -20;9340000000";"55;3010000000"
202200043630;3;1;2022;08:45;1;69;2;1;5;3;"45;6701568529";"4;8665302992"
202200043631;3;1;2022;13:20;1;972;1;2;1;3;"14;6215000000";" -60;9881900000"
202200043632;12;1;2022;08:14;1;972;2;1;1;3;"14;6350779375";" -60;9918880463"
202200043633;12;1;2022;06:35;2;971;2;1;1;6;"16;2542200000";" -61;5228700000"
202200043634;3;1;2022;17:30;5;95;2;1;3;6;"48;9897550192";"2;4183225632"
202200043635;2;1;2022;20:00;5;95;2;1;1;6;"48;9960954871";"2;4207150936"
202200043636;12;1;2022;06:10;5;95;2;1;5;6;"48;9790246029";"2;2707366943"
202200043637;3;1;2022;17:14;4;91;2;1;2;6;"48;6803900000";"2;4269200000"
202200043638;3;1;2022;16:00;1;91;2;1;2;2;"48;7100190000";"2;4029100000"
202200043639;3;1;2022;17:30;5;91;2;2;2;3;"48;6386700000";"2;4260000000"
202200043640;2;1;2022;18:45;5;87;2;3;1;3;"45;8320600000";"1;2638500000"
202200043641;7;1;2022;08:50;1;86;2;4;1;5;"46;6149470000";"0;3087270000"
202200043642;11;1;2022;13:40;1;86;2;3;1;1;"46;5977858869";"0;3532361984"
202200043643;2;1;2022;19:05;5;84;2;9;1;3;"43;9480200000";"4;8222400000"
202200043644;6;1;2022;13:58;1;83;2;9;1;1;"43;4147030000";"6;8071690000"
202200043645;12;1;2022;07:40;5;82;2;3;1;3;"44;0332900000";"1;1214000000"
202200043646;11;1;2022;14:00;1;81;2;2;1;3;"43;4895280223";"2;3727989942"
202200043647;3;1;2022;07:30;3;78;1;2;1;3;"48;9394100000";"2;0760400000"
202200043648;3;1;2022;08:35;1;77;2;9;1;3;"48;8373700000";"2;7080700000"
202200043649;11;1;2022;20:25;3;77;1;1;8;1;"48;2595800000";"2;7240200000"
202200043650;3;1;2022;17:40;5;77;2;1;2;6;"48;3362280000";"2;7377510000"
202200043651;3;1;2022;03:40;5;77;1;1;1;6;"48;2116580000";"2;7160090000"
202200043652;12;1;2022;11:05;1;76;1;1;2;7;"49;4454100000";"1;0415600000"
202200043653;11;1;2022;21:40;5;76;2;2;1;3;"49;4960300000";"0;1191400000"
202200043654;12;1;2022;07:20;2;69;2;3;1;6;"45;7666400000";"4;9025200000"
202200043655;12;1;2022;12:28;2;67;2;3;1;3;"48;5571800000";"7;7130300000"
202200043656;12;1;2022;10:15;1;67;1;1;1;2;"48;5950217377";"7;7470725775"
202200043657;11;1;2022;18:25;5;67;2;3;1;3;"48;5442837422";"7;7656522393"
202200043658;11;1;2022;13:00;1;67;2;1;1;3;"48;5996988000";"7;7429983000"
202200043659;10;1;2022;18:33;2;66;2;6;1;3;"42;7095100000";"2;9077900000"
202200043660;6;1;2022;08:48;1;66;2;1;1;6;"42;6981800000";"2;8883900000"
202200043661;1;1;2022;05:28;5;66;2;1;5;6;"42;6908732670";"2;9045359790"
202200043662;1;1;2022;04:00;3;66;1;1;5;6;"42;7111000000";"2;8706900000"
202200043663;12;1;2022;15:30;1;64;2;1;1;2;"43;3861000000";" -1;6614000000"
202200043664;12;1;2022;09:05;1;64;2;1;8;7;"43;3061326408";" -0;3668349981"
202200043665;11;1;2022;20:45;5;64;2;1;1;6;"43;4894210000";" -1;5347120000"
202200043666;11;1;2022;17:16;2;63;2;3;1;6;"45;7605300000";"3;0820000000"
202200043667;11;1;2022;18:15;5;59;2;5;2;3;"50;6225728194";"3;0910795927"
202200043668;2;1;2022;18:15;5;59;2;1;2;3;"50;6542550507";"3;0855086446"
202200043669;11;1;2022;15:35;1;59;1;1;1;3;"50;3617400000";"3;1517000000"
202200043670;10;1;2022;07:45;5;57;2;3;1;3;"49;3530702462";"6;1343447864"
202200043671;11;1;2022;16:25;1;56;1;6;8;3;"47;6651552000";" -2;7267860000"
202200043672;12;1;2022;10:00;1;56;1;6;1;3;"47;7981575000";" -3;2512403280"
202200043673;11;1;2022;08:35;5;56;2;4;2;6;"47;7477400000";" -3;3590200000"
202200043674;1;1;2022;16:10;1;56;2;6;2;7;"47;7642600000";" -3;3809300000"
202200043675;3;1;2022;14:50;1;54;1;1;1;2;"49;4580278000";"5;8638055500"
202200043676;8;1;2022;09:00;2;54;1;1;4;1;"49;4857650000";"5;8810940000"
202200043677;12;1;2022;16:10;1;51;2;1;1;7;"49;2232200000";"4;0490600000"
202200043678;11;1;2022;12:13;1;51;2;1;1;7;"49;2368200000";"4;0047900000"
202200043679;3;1;2022;08:30;5;50;2;2;2;6;"49;6291800000";" -1;6410600000"
202200043680;11;1;2022;17:28;1;49;2;1;1;2;"47;4381600000";" -0;4897000000"
202200043681;9;1;2022;18:50;5;49;2;3;2;1;"47;4621800000";" -0;5625800000"
202200043682;2;1;2022;21:45;5;44;2;1;1;5;"47;2575100000";" -2;2407400000"
202200043683;12;1;2022;19:30;5;37;2;1;1;4;"47;4247216087";"0;6993880123"
202200043684;12;1;2022;19:30;5;37;2;2;1;1;"47;3936843157";"0;6861338764"
202200043685;11;1;2022;12:35;1;37;2;1;1;6;"47;3846800000";"0;6964000000"
202200043686;11;1;2022;08:05;1;37;1;3;1;2;"47;3102300000";"0;6529700000"
202200043687;3;1;2022;22:00;5;37;2;6;3;3;"47;4107894453";"0;6957542896"
202200043688;3;1;2022;20:32;5;37;2;6;3;3;"47;4185700000";"0;6921900000"
202200043689;3;1;2022;18:00;5;37;1;1;2;6;"47;4043693187";"0;6428289413"
202200043690;3;1;2022;14:50;1;37;2;1;2;3;"47;3357998898";"0;6458464265"
202200043691;11;1;2022;03:45;3;35;2;1;1;7;"48;6210780000";" -1;9891880000"
202200043692;3;1;2022;19:00;5;35;2;3;3;6;"48;6448600000";" -2;0086000000"
202200043693;12;1;2022;08:50;2;35;2;6;1;2;"48;1135800000";" -1;6207800000"
202200043694;3;1;2022;15:30;1;35;1;1;2;3;"48;0750300000";" -1;7168300000"
202200043695;12;1;2022;08:10;1;33;2;2;1;6;"44;8832600000";" -0;6550900000"
202200043696;3;1;2022;18:40;5;33;2;2;1;1;"44;8541300000";" -0;6549900000"
202200043697;3;1;2022;11:30;1;33;2;3;1;1;"44;8137200000";" -0;6006800000"
202200043698;12;1;2022;21:05;5;31;2;2;1;3;"43;6050400000";"1;4566000000"
202200043699;12;1;2022;14:05;1;31;2;1;1;6;"43;5803765866";"1;3909520209"
202200043700;12;1;2022;14:30;1;31;2;1;1;2;"43;6068600000";"1;4281700000"
202200043701;12;1;2022;08:05;1;31;2;1;1;6;"43;6183000000";"1;4269100000"
202200043702;12;1;2022;15:55;1;31;1;1;1;1;"43;1026100000";"0;7444200000"
202200043703;12;1;2022;09:41;1;29;2;1;8;6;"48;0125200000";" -4;0765600000"
202200043704;3;1;2022;16:00;1;27;1;1;2;6;"49;1176900000";"1;4952700000"
202200043705;12;1;2022;07:40;4;27;2;1;1;6;"49;2100000000";"1;1670900000"
202200043706;11;1;2022;13:05;1;25;1;1;9;7;"46;9281100000";"6;3598100000"
202200043707;11;1;2022;14:55;1;17;2;1;1;6;"45;6328700000";" -1;0330000000"
202200043708;3;1;2022;19:00;5;17;2;1;2;2;"46;1814200000";" -1;1244800000"
202200043709;8;1;2022;15:00;1;16;2;3;2;3;"45;6938200000";" -0;3177500000"
202200043710;12;1;2022;15:00;1;15;2;1;1;6;"44;9125900000";"2;4245600000"
202200043711;10;1;2022;23:51;3;14;1;1;1;6;"49;2015300000";" -0;3508400000"
202200043712;12;1;2022;13:50;1;13;1;1;1;3;"43;3568900000";"5;2865400000"
202200043713;12;1;2022;08:45;1;13;2;9;1;6;"43;2761038135";"5;3969859754"
202200043714;11;1;2022;19:00;5;13;2;3;1;3;"43;2726936419";"5;4008900705"
202200043715;3;1;2022;17:45;2;13;2;1;1;1;"43;3409200000";"5;4426400000"
202200043716;3;1;2022;20:00;5;13;2;1;1;3;"43;2594362695";"5;3941460162"
202200043717;3;1;2022;08:20;1;13;2;7;1;5;"43;3331928854";"5;4381573905"
202200043718;12;1;2022;12:55;1;13;1;4;1;3;"43;4392311589";"5;0171106179"
202200043719;11;1;2022;14:45;1;10;2;1;1;2;"48;2947600000";"4;0823100000"
202200043720;12;1;2022;16:55;1;09;2;8;1;6;"43;1145700000";"1;6200100000"
202200043721;3;1;2022;18:15;5;06;2;1;1;6;"43;6550250000";"6;9215200000"
202200043722;11;1;2022;13:10;1;05;2;3;1;6;"44;5451785279";"6;0580131412"
202200043723;11;1;2022;11:55;1;05;2;3;1;3;"44;5487200000";"6;0669600000"
202200043724;12;1;2022;08:35;1;75;2;2;1;3;"48;8699980000";"2;3710400000"
202200043725;10;1;2022;21:40;5;75;2;2;1;2;"48;8523510000";"2;3482520000"
202200043726;10;1;2022;19:35;5;75;2;7;1;6;"48;8537770000";"2;3443260000"
202200043727;12;1;2022;20:15;5;75;2;3;1;2;"48;8933150000";"2;3596430000"
202200043728;12;1;2022;18:45;5;75;2;7;1;3;"48;8627470000";"2;2671430000"
202200043729;12;1;2022;14:05;1;75;2;2;1;3;"48;8537150000";"2;2774130000"
202200043730;12;1;2022;09:40;1;75;2;2;1;6;"48;8494280000";"2;3037880000"
202200043731;11;1;2022;16:30;1;75;2;1;1;2;"48;8375820000";"2;2685430000"
202200043732;12;1;2022;11:50;1;75;2;2;1;6;"48;8304890000";"2;3765810000"
202200043733;12;1;2022;17:00;5;75;2;2;1;6;"48;8458380000";"2;3676690000"
202200043734;12;1;2022;12:13;1;94;2;1;1;7;"48;8083700000";"2;3625200000"
202200043735;10;1;2022;09:40;1;94;2;1;2;1;"48;8013700000";"2;4493200000"
202200043736;12;1;2022;16:50;1;94;2;2;1;3;"48;7374100000";"2;4192100000"
202200043737;12;1;2022;09:30;1;94;2;5;1;3;"48;8099500000";"2;5497800000"
202200043738;12;1;2022;07:30;5;93;2;1;1;3;"48;9156770422";"2;3310488462"
202200043739;11;1;2022;13:45;1;93;2;1;1;6;"48;9175051809";"2;3610574264"
202200043740;12;1;2022;08:13;2;93;2;1;5;6;"48;9382610000";"2;5954680000"
202200043741;11;1;2022;14:30;1;93;2;3;1;6;"48;8842945707";"2;4056647397"
202200043742;12;1;2022;16:50;1;93;2;1;1;6;"48;9090934077";"2;4183554646"
202200043743;12;1;2022;20:51;5;93;2;3;1;3;"48;9505870000";"2;4400820000"
202200043744;12;1;2022;21:40;5;92;2;1;1;3;"48;8256318918";"2;2068035603"
202200043745;12;1;2022;18:45;5;92;2;1;1;2;"48;8261240731";"2;2181420624"
202200043746;12;1;2022;11:40;1;92;2;1;1;3;"48;8490501943";"2;1937759370"
202200043747;11;1;2022;15:40;1;92;2;1;1;3;"48;8736786621";"2;1828508973"
202200043748;12;1;2022;08:00;1;92;2;1;1;6;"48;9279270584";"2;2498803735"
202200043749;11;1;2022;20:20;5;92;2;2;1;3;"48;9146290000";"2;2290730000"
202200043750;12;1;2022;13:35;1;92;2;1;8;3;"48;8392070430";"2;2316730022"
202200043751;12;1;2022;13:35;1;66;1;1;1;4;"42;7743300000";"2;8934810000"
202200043752;13;1;2022;00:14;3;77;1;1;5;6;"48;9154490000";"2;9802990000"
202200043753;12;1;2022;12:30;1;79;1;1;1;1;"46;4205010000";" -0;3373310000"
202200043754;12;1;2022;17:10;3;71;1;1;1;1;"46;3143200000";"4;2908530000"
202200043755;8;1;2022;16:00;1;27;1;1;3;3;"49;3205420000";"0;3177160000"
202200043756;12;1;2022;08:25;2;76;1;1;5;1;"49;7658610000";"1;4881970000"
202200043757;12;1;2022;07:30;2;13;1;1;1;6;"43;3913689291";"5;2622759341"
202200043758;9;1;2022;17:55;3;13;1;1;1;2;"43;3815100000";"5;3520900000"
202200043759;1;1;2022;00:35;3;54;1;1;1;2;"48;6183600000";"6;2172200000"
202200043760;7;1;2022;13:30;1;54;1;1;8;6;"48;6403600000";"6;1704200000"
202200043761;11;1;2022;18:30;5;94;1;1;1;7;"48;8161900000";"2;3367100000"
202200043762;12;1;2022;10:45;1;91;1;1;1;7;"48;6218000000";"2;4628400000"
202200043763;12;1;2022;10:00;1;91;1;1;1;3;"48;6825500000";"2;3296800000"
202200043764;12;1;2022;02:51;3;78;1;1;5;6;"48;9639900000";"1;7914100000"
202200043765;12;1;2022;01:15;3;78;1;1;5;6;"48;7909770000";"2;0570350000"
202200043766;12;1;2022;18:45;4;93;1;1;1;3;"48;8822128144";"2;4736136198"
202200043767;11;1;2022;09:45;1;64;2;2;1;3;"43;3725900000";" -1;7710900000"
202200043768;11;1;2022;07:45;2;43;2;1;1;6;"45;0482000000";"3;8931870000"
202200043769;10;1;2022;07:45;2;24;2;1;2;6;"44;8532746420";"0;4913538694"
202200043770;10;1;2022;13:45;1;94;2;1;1;3;"48;7962200000";"2;4156000000"
202200043771;9;1;2022;18:30;5;59;2;1;1;6;"50;3810600000";"3;0662600000"
202200043772;11;1;2022;14:15;1;974;2;1;1;6;" -20;9370000000";"55;2950000000"
202200043773;11;1;2022;14:15;1;973;2;9;1;3;"4;9395663462";" -52;3306368291"
202200043774;11;1;2022;06:45;5;69;2;2;1;1;"45;7247300000";"4;8730500000"
202200043775;10;1;2022;12:45;1;972;2;1;1;1;"14;6391900000";" -61;0409100000"
202200043776;10;1;2022;11:40;1;91;2;1;1;6;"48;5800000000";"2;2400000000"
202200043777;11;1;2022;20:10;5;91;2;3;1;3;"48;6513100000";"2;3813930000"
202200043778;11;1;2022;15:47;1;91;2;3;1;6;"48;6545200000";"2;3735700000"
202200043779;10;1;2022;18:27;5;91;2;1;1;2;"48;4397300000";"2;1520100000"
202200043780;10;1;2022;08:45;1;87;2;1;2;2;"45;8293500000";"1;2697800000"
202200043781;11;1;2022;09:00;2;82;2;3;7;3;"44;0153170000";"1;3741630000"
202200043782;8;1;2022;21:50;5;80;2;2;1;3;"49;8899800000";"2;2905600000"
202200043783;8;1;2022;18:40;5;80;2;1;1;6;"49;8759700000";"2;3284800000"
202200043784;11;1;2022;07:58;2;79;2;2;1;3;"46;3503600000";" -0;4781200000"
202200043785;4;1;2022;17:35;2;77;2;1;1;6;"48;6605100000";"2;5633600000"
202200043786;11;1;2022;07:40;5;76;2;1;1;6;"49;5072000000";"0;1222500000"
202200043787;10;1;2022;19:20;5;76;1;1;1;6;"49;4617181021";"0;1812580973"
202200043788;7;1;2022;14:00;1;76;2;2;1;4;"49;5241600000";"0;1229400000"
202200043789;11;1;2022;13:00;1;76;2;2;1;6;"49;9136400000";"1;0724900000"
202200043790;10;1;2022;14:24;1;72;2;6;1;6;"48;0094000000";"0;1956000000"
202200043791;11;1;2022;18:30;5;71;2;1;9;6;"46;3069800000";"4;8047000000"
202200043792;10;1;2022;20:40;5;67;2;1;1;6;"48;5909620000";"7;7459990000"
202200043793;3;1;2022;17:14;1;65;2;1;1;6;"43;2548260000";"0;0521810000"
202200043794;10;1;2022;21:45;5;64;2;3;8;2;"43;4854300000";" -1;4827200000"
202200043795;7;1;2022;07:39;5;63;2;2;1;6;"45;7925400000";"3;0917900000"
202200043796;11;1;2022;16:30;1;62;1;1;8;1;"50;4628150000";"2;5363850000"
202200043797;23;9;2022;17:30;1;60;1;2;1;3;"49;3033420000";"1;8840270000"
202200043798;23;9;2022;13:45;1;80;2;1;1;6;"49;6478930000";"2;5813530000"
202200043799;26;9;2022;07:30;1;13;1;1;1;3;"43;4463202577";"5;2422015501"
202200043800;24;9;2022;22:20;5;13;1;1;1;2;"43;3032880000";"5;4253660000"
202200043801;26;9;2022;16:25;1;91;1;1;2;4;"48;7272400000";"2;2441200000"
202200043802;26;9;2022;17:45;1;94;1;1;2;2;"48;7606114652";"2;3193595264"
202200043803;26;9;2022;01:40;3;91;1;1;1;2;"48;6254600000";"2;3196900000"
202200043804;25;9;2022;18:40;1;91;1;9;1;3;"48;7189900000";"2;2988300000"
202200043805;25;9;2022;13:20;1;94;1;1;1;4;"48;7599957298";"2;3212385676"
202200043806;25;9;2022;17:50;1;78;1;1;2;5;"48;7776340000";"2;2190130000"
202200043807;25;9;2022;18:30;1;78;1;1;1;3;"48;8334000000";"2;1357120000"
202200043808;24;9;2022;22:24;5;92;1;1;2;6;"48;8325154834";"2;1556807078"
202200043809;26;9;2022;22:20;3;95;1;1;1;6;"49;0534421357";"2;4262672663"
202200043810;26;9;2022;17:45;1;93;1;1;2;5;"48;9104500000";"2;3582600000"
202200043811;25;9;2022;15:10;1;93;1;1;1;4;"48;8945800000";"2;4712500000"
202200043812;25;9;2022;05:55;5;95;1;1;1;6;"49;0275817117";"2;5373321772"
202200043813;25;9;2022;04:45;3;95;1;1;1;2;"49;0683100000";"2;3844500000"
202200043814;24;9;2022;20:30;4;69;2;1;3;6;"45;5919700000";"4;7729400000"
202200043815;24;9;2022;21:10;3;974;1;1;1;6;" -21;3278600000";"55;4591000000"
202200043816;24;9;2022;09:30;1;974;1;1;1;2;" -20;8990000000";"55;4790000000"
202200043817;23;9;2022;10:15;1;974;2;1;1;7;" -20;8940200000";"55;4440430000"
202200043818;24;9;2022;16:40;1;974;2;3;1;6;" -20;9422000000";"55;6475200000"
202200043819;24;9;2022;13:40;1;974;1;1;1;6;" -20;9688000000";"55;6560800000"
202200043820;24;9;2022;17:52;2;973;2;1;1;3;"4;9348818798";" -52;3250846565"
202200043821;19;9;2022;15:30;1;973;2;6;1;3;"4;9076500000";" -52;3226000000"
202200043822;24;9;2022;15:00;1;69;2;2;1;3;"45;7683600000";"4;8564300000"
202200043823;24;9;2022;12:20;1;69;2;2;1;3;"45;7341300000";"4;8763000000"
202200043824;24;9;2022;11:15;1;69;2;2;1;3;"45;7520900000";"4;8466300000"
202200043825;24;9;2022;20:45;3;69;2;1;2;3;"45;7981024884";"4;8510135881"
202200043826;24;9;2022;03:00;5;69;2;4;2;6;"45;7558400000";"4;8352100000"
202200043827;24;9;2022;06:57;1;971;2;9;1;6;"16;2078270291";" -61;4842718840"
202200043828;24;9;2022;12:30;1;971;2;1;1;2;"16;2640000000";" -61;5123700000"
202200043829;24;9;2022;11:28;1;2A;2;1;2;4;"41;9342000000";"8;7469200000"
202200043830;24;9;2022;14:20;1;91;2;1;1;1;"48;6804200000";"2;5357100000"
202200043831;23;9;2022;15:30;1;83;1;3;1;3;"43;1321265015";"5;9761954844"
202200043832;24;9;2022;05:40;3;83;2;1;2;6;"43;1196500000";"6;1520800000"
202200043833;24;9;2022;15:00;1;76;2;1;8;6;"49;4410452402";"1;1235746741"
202200043834;24;9;2022;18:30;1;69;2;3;3;1;"45;7570300000";"4;8806000000"
202200043835;24;9;2022;06:25;5;69;2;2;2;6;"45;7766500000";"4;8762300000"
202200043836;23;9;2022;12:10;1;69;2;1;1;6;"45;9901600000";"4;7238000000"
202200043837;24;9;2022;15:42;1;68;2;4;1;3;"47;7729500000";"7;3272700000"
202200043838;24;9;2022;21:51;4;65;2;6;8;3;"43;2456120000";"0;0898850000"
202200043839;24;9;2022;02:30;5;64;2;1;1;1;"43;3288400000";" -0;3477200000"
202200043840;23;9;2022;18:20;1;62;2;1;2;3;"50;5296520000";"2;6444610000"
202200043841;24;9;2022;00:50;5;59;2;1;1;6;"50;2553022899";"3;9479997754"
202200043842;19;9;2022;18:30;1;59;2;9;8;1;"50;6344360000";"3;1009610000"
202200043843;23;9;2022;17:00;1;59;2;2;2;3;"50;5648783096";"3;0415338278"
202200043844;24;9;2022;01:00;3;57;1;1;1;2;"49;1440451218";"6;7083106800"
202200043845;24;9;2022;16:40;1;56;2;1;1;2;"47;7773200000";" -3;3447600000"
202200043846;24;9;2022;15:05;1;54;2;1;2;2;"48;6815246378";"6;1747804284"
202200043847;22;9;2022;16:29;1;54;2;1;1;4;"48;6972300000";"6;1544100000"
202200043848;24;9;2022;11:57;1;49;2;1;8;7;"47;4696200000";" -0;5614600000"
202200043849;24;9;2022;08:23;2;45;2;1;1;6;"47;8850624961";"1;9080355950"
202200043850;24;9;2022;03:43;5;44;2;1;1;7;"47;2360500000";" -1;5683000000"
202200043851;24;9;2022;13:20;1;43;2;1;1;7;"45;0521920000";"3;8971740000"
202200043852;24;9;2022;22:21;5;38;2;1;2;2;"45;1801400000";"5;7132800000"
202200043853;24;9;2022;14:00;1;37;2;9;1;2;"47;3778218901";"0;7166594267"
202200043854;24;9;2022;01:20;5;37;2;1;1;6;"47;3815900000";"0;6823100000"
202200043855;24;9;2022;23:40;5;33;2;1;1;6;"44;8122500000";" -0;6427400000"
202200043856;23;9;2022;17:05;1;33;2;2;1;3;"44;8509700000";" -0;5829000000"
202200043857;24;9;2022;02:00;5;30;2;1;3;6;"44;1378000000";"4;1045000000"
202200043858;24;9;2022;17:10;1;13;2;9;1;3;"43;2901100000";"5;4379300000"
202200043859;24;9;2022;12:10;1;13;2;1;1;3;"43;3184988255";"5;3705299144"
202200043860;24;9;2022;01:40;5;13;2;1;2;2;"43;3370800000";"5;4210000000"
202200043861;23;9;2022;21:00;5;13;2;1;1;3;"43;2838600000";"5;3962200000"
202200043862;23;9;2022;17:40;1;11;1;2;1;3;"43;1928100000";"2;3395700000"
202200043863;20;9;2022;15:18;1;03;2;1;1;5;"46;3538410000";"2;5901770000"
202200043864;23;9;2022;10:27;1;03;2;2;1;7;"46;3535000000";"2;5895900000"
202200043865;24;9;2022;12:10;1;75;2;4;2;2;"48;9009660000";"2;3476870000"
202200043866;23;9;2022;13:55;1;75;2;1;1;2;"48;8891280000";"2;3962970000"
202200043867;23;9;2022;08:15;1;75;2;1;1;7;"48;8431580000";"2;4137070000"
202200043868;22;9;2022;19:15;2;75;2;1;1;4;"48;8260870000";"2;2983060000"
202200043869;22;9;2022;01:24;5;75;2;1;1;6;"48;8622740000";"2;3000070000"
202200043870;24;9;2022;02:50;3;75;2;4;2;2;"48;9000230000";"2;3586150000"
202200043871;30;11;2022;18:45;5;72;2;1;1;2;"47;9840700000";"0;2100800000"
202200043872;30;11;2022;17:28;3;71;2;2;1;7;"46;8058000000";"4;4341000000"
202200043873;24;9;2022;03:30;5;75;2;2;2;7;"48;8992200000";"2;3294710000"
202200043874;24;9;2022;03:00;5;75;2;1;2;6;"48;8317484612";"2;3591637611"
202200043875;24;9;2022;13:40;1;75;2;3;2;6;"48;8523470000";"2;3741410000"
202200043876;25;11;2022;06:20;5;71;2;2;3;1;"46;8097291750";"4;8431083560"
202200043877;24;9;2022;01:45;5;75;2;1;1;6;"48;8832740000";"2;3339960000"
202200043878;24;9;2022;07:20;2;75;2;2;2;6;"48;8610530000";"2;3132450000"
202200043879;2;12;2022;22:00;5;69;2;1;3;2;"45;7770250471";"4;8923528194"
202200043880;24;9;2022;19:30;5;94;2;1;1;5;"48;8114210000";"2;3620890000"
202200043881;24;9;2022;07:37;1;93;2;2;1;3;"48;9519900000";"2;5283800000"
202200043882;2;12;2022;18:10;5;69;2;2;2;6;"45;7667100000";"5;0034800000"
202200043883;24;9;2022;07:30;5;93;2;1;2;6;"48;9081069457";"2;3442151648"
202200043884;24;9;2022;01:00;5;93;2;2;2;6;"48;9318419483";"2;3575140116"
202200043885;24;9;2022;20:45;5;93;2;1;1;3;"48;9266931558";"2;4714058541"
202200043886;1;12;2022;09:55;1;69;2;1;8;3;"45;7704000000";"4;8748700000"
202200043887;2;12;2022;21:25;5;69;2;1;2;6;"45;9807900000";"4;7401900000"
202200043888;24;9;2022;12:21;1;93;2;6;1;3;"48;9561400000";"2;3443500000"
202200043889;24;9;2022;03:10;5;93;2;2;2;3;"48;9059945291";"2;4803346891"
202200043890;2;12;2022;19:55;5;69;2;9;2;3;"45;7267200000";"4;8598700000"
202200043891;20;9;2022;05:25;5;93;2;5;1;5;"48;9073500000";"2;4567300000"
202200043892;24;9;2022;12:30;1;93;2;5;1;1;"48;9358309021";"2;4939300716"
202200043893;1;12;2022;14:40;1;69;1;1;1;3;"45;6778900000";"4;8470400000"
202200043894;24;9;2022;15:00;1;92;2;1;1;4;"48;8200286130";"2;1509666741"
202200043895;24;9;2022;09:10;1;92;2;1;2;2;"48;7588900000";"2;3071200000"
202200043896;30;11;2022;19:20;5;67;2;3;1;3;"48;5343100000";"7;6987300000"
202200043897;25;9;2022;19:15;2;63;1;1;2;3;"45;7066290000";"3;0348010000"
202200043898;25;9;2022;14:00;1;25;1;1;2;2;"47;3132970000";"6;0727220000"
202200043899;30;11;2022;16:30;2;67;2;2;1;6;"48;6113200000";"7;7809700000"
202200043900;23;9;2022;16:20;1;17;2;1;1;3;"46;1154852820";" -1;0182832181"
202200043901;10;9;2022;22:03;3;22;1;1;1;7;"48;5305300000";" -2;1830870000"
202200043902;2;12;2022;04:20;5;66;2;1;1;6;"42;6920462891";"2;8908795118"
202200043903;22;9;2022;22:00;5;41;1;1;1;6;"47;6018480000";"1;4570400000"
202200043904;23;9;2022;13:00;1;49;1;1;1;6;"47;0691130618";" -0;7243795487"
202200043905;30;11;2022;20:30;3;66;1;1;1;2;"42;7194930000";"2;8740080000"
202200043906;25;9;2022;15:30;1;83;1;1;1;4;"43;1497320000";"6;0355870000"
202200043907;1;12;2022;18:35;1;64;2;3;1;1;"43;3618000000";" -1;7045400000"
202200043908;24;9;2022;19:20;1;28;1;1;8;1;"48;1590330000";"1;1514560000"
202200043909;3;12;2022;01:30;5;64;1;1;1;6;"43;3256340000";" -0;4424870000"
202200043910;24;9;2022;15:00;1;972;1;1;1;3;"14;6104020000";" -60;9263130000"
202200043911;25;9;2022;09:38;1;26;1;1;1;6;"44;5977560000";"4;7966370000"
202200043912;24;9;2022;06:50;3;57;2;1;1;7;"49;1090144734";"6;7348867995"
202200043913;24;9;2022;22:55;5;60;2;1;1;6;"49;2318280000";"2;8826800000"
202200043914;22;11;2022;12:50;1;63;2;2;1;3;"45;7815000000";"3;1153200000"
202200043915;24;9;2022;23:40;3;65;1;1;1;3;"43;1927440000";"0;2291520000"
202200043916;25;9;2022;15:19;1;48;1;1;1;6;"44;7236000000";"3;2794510000"
202200043917;23;9;2022;23:25;3;34;2;1;2;6;"43;5753200000";"3;8487960000"
202200043918;24;9;2022;21:45;3;59;1;1;2;6;"50;0566543062";"3;4481996298"
202200043919;24;9;2022;21:00;5;76;2;1;1;7;"49;4851630000";"0;8060800000"
202200043920;25;9;2022;01:30;3;2B;1;1;2;7;"42;4728290000";"9;4248370000"
202200043921;1;12;2022;21:20;5;62;2;2;1;3;"50;4288610000";"2;8765330000"