Accident_Id;jour;mois;an;hrmn;lum;dep;agg;int;atm;col;lat;long
202200043922;25;9;2022;18:30;1;32;1;1;1;6;"43;9578770000";"0;3520020000"
202200043923;1;12;2022;22:00;5;62;1;1;1;2;"50;6998200000";"1;6139500000"
202200043924;25;9;2022;08:29;1;71;1;1;1;6;"46;6482210000";"5;1670070000"
202200043925;25;9;2022;15:50;1;42;1;1;2;2;"45;8564980000";"3;8247330000"
202200043926;2;12;2022;19:10;5;60;2;1;1;6;"49;4131492027";"2;8136694431"
202200043927;20;9;2022;12:35;1;47;1;1;7;6;"44;3171716605";"0;7228704067"
202200043928;25;9;2022;01:40;3;25;1;1;1;6;"47;1664340000";"6;7998930000"
202200043929;25;9;2022;14:30;1;38;1;1;1;6;"45;2960000000";"5;3438510000"
202200043930;1;12;2022;16:15;1;59;2;1;1;6;"50;6998400000";"3;2156700000"
202200043931;25;9;2022;14:05;1;38;2;1;1;6;"45;2562650000";"5;2451030000"
202200043932;25;9;2022;16:05;1;02;1;2;7;3;"49;8724260000";"3;7535500000"
202200043933;24;9;2022;16:20;1;02;1;1;1;6;"49;1574880000";"3;2247660000"
202200043934;25;9;2022;07:00;3;72;1;1;1;6;"48;0181233361";"0;5047309396"
202200043935;2;12;2022;18:40;5;59;2;2;1;3;"50;6195233401";"3;0612319708"
202200043936;23;9;2022;17:57;1;43;2;1;1;3;"45;2848360000";"4;1583790000"
202200043937;24;9;2022;16:00;1;43;1;1;1;7;"44;9335220000";"3;8309780000"
202200043938;25;11;2022;08:15;1;59;2;9;3;6;"50;6643800000";"3;0756500000"
202200043939;25;9;2022;04:25;3;24;1;1;5;6;"45;5025400000";"0;6301290000"
202200043940;16;11;2022;18:45;5;59;2;1;1;6;"50;6140400000";"3;0626300000"
202200043941;24;9;2022;21:50;3;04;1;1;1;7;"44;3462180000";"6;0329800000"
202200043942;25;9;2022;10:25;1;45;1;1;1;7;"47;7546530000";"2;7198350000"
202200043943;24;9;2022;21:15;3;976;1;1;1;7;" -12;7582400000";"45;0847620000"
202200043944;1;12;2022;20:00;5;59;2;2;1;3;"50;1759400000";"3;2080500000"
202200043945;24;9;2022;18:45;3;976;1;1;1;1;" -12;7582400000";"45;0847620000"
202200043946;25;9;2022;03:15;3;55;1;1;2;6;"49;0889250000";"5;1926710000"
202200043947;30;11;2022;22:10;5;59;2;1;5;7;"50;1694800000";"3;2331000000"
202200043948;25;9;2022;18:45;3;988;1;1;1;1;" -21;2381100000";"164;9057800000"
202200043949;25;9;2022;16:13;1;974;2;1;1;3;" -21;3568750000";"55;7473030000"
202200043950;30;11;2022;21:50;5;57;2;1;1;5;"49;3270100000";"6;0554400000"
202200043951;23;9;2022;16:20;1;971;1;1;1;1;"16;3808380000";" -61;4558460000"
202200043952;30;11;2022;18:30;5;57;2;1;1;3;"49;2450000000";"6;1701900000"
202200043953;23;9;2022;17:20;1;78;1;1;1;1;"48;6036590000";"2;0081810000"
202200043954;8;9;2022;10:45;1;2B;1;1;1;1;"42;4257690000";"9;1444230000"
202200043955;1;12;2022;18:01;2;56;2;6;1;6;"47;6682530000";" -2;7954300000"
202200043956;24;9;2022;18:30;1;83;2;1;1;7;"43;1800520000";"5;6788050000"
202200043957;9;12;2022;00:50;3;56;2;1;1;7;"47;7582200000";" -3;3760900000"
202200043958;25;9;2022;06:00;5;06;2;1;5;-1;"43;9549480000";"6;8990530000"
202200043959;25;9;2022;08:40;1;68;1;1;5;6;"48;0112110000";"7;3055270000"
202200043960;1;12;2022;18:12;4;56;1;1;1;2;"47;7779700000";" -3;3557900000"
202200043961;25;9;2022;20:00;5;54;2;1;1;6;"48;6176200000";"6;1051800000"
202200043962;30;11;2022;16:30;1;56;2;1;1;6;"47;7537200000";" -3;3712400000"
202200043963;23;9;2022;14:30;1;03;2;1;1;1;"46;3392640000";"3;3826120000"
202200043964;1;12;2022;17:00;5;55;2;3;1;3;"49;1541100000";"5;3913200000"
202200043965;24;9;2022;18:10;1;26;1;9;1;3;"44;3712630000";"5;1518580000"
202200043966;24;9;2022;16:45;1;81;1;1;1;2;"43;8942010000";"1;8932210000"
202200043967;3;11;2022;18:10;3;55;2;6;3;7;"49;1676200000";"5;3942100000"
202200043968;24;9;2022;18:30;1;33;1;6;1;1;"44;7251757193";" -0;5250518024"
202200043969;2;12;2022;17:05;2;54;2;9;8;6;"48;9056700000";"6;0512800000"
202200043970;24;9;2022;19:45;2;85;1;1;1;6;"46;7158900000";" -1;4297940000"
202200043971;1;12;2022;17:35;3;52;1;1;1;1;"48;0792500000";"5;1547100000"
202200043972;24;9;2022;16:15;1;91;1;1;8;2;"48;6082400000";"2;4338000000"
202200043973;3;12;2022;01:00;5;51;2;1;1;7;"49;2523300000";"3;9945400000"
202200043974;24;9;2022;13:50;1;91;1;1;1;6;"48;7235100000";"2;3122400000"
202200043975;2;12;2022;17:28;5;51;2;3;2;3;"49;2230700000";"4;0309700000"
202200043976;24;9;2022;06:55;3;91;1;1;2;4;"48;6260700000";"2;3548500000"
202200043977;24;9;2022;08:45;1;91;1;1;2;6;"48;6104700000";"2;4446700000"
202200043978;2;12;2022;10:50;1;51;2;2;1;3;"49;2442469825";"4;0072819591"
202200043979;23;9;2022;16:40;1;91;1;1;1;4;"48;7443600000";"2;3228000000"
202200043980;24;9;2022;12:30;1;92;1;1;1;6;"48;8270146574";"2;2242258975"
202200043981;1;12;2022;11:55;1;51;2;2;1;1;"49;2593130000";"4;0205100000"
202200043982;1;12;2022;07:30;4;50;1;2;1;3;"49;6490500000";" -1;7184600000"
202200043983;24;9;2022;12:30;1;92;1;1;8;4;"48;8323157105";"2;1543841825"
202200043984;23;9;2022;18:00;1;78;1;1;1;3;"48;7967130000";"2;0262530000"
202200043985;29;11;2022;08:00;4;50;2;1;1;4;"49;6336800000";" -1;6064500000"
202200043986;23;9;2022;19:50;2;93;1;1;1;2;"48;8840189593";"2;4716019630"
202200043987;23;9;2022;17:55;1;92;1;1;1;3;"48;9441185317";"2;2863882231"
202200043988;30;11;2022;07:55;5;50;2;5;2;3;"49;6354900000";" -1;6304500000"
202200043989;23;9;2022;16:50;1;93;1;1;1;2;"48;8899192541";"2;4734257208"
202200043990;2;12;2022;18:15;3;49;1;1;1;6;"47;4570300000";" -0;5722500000"
202200043991;23;9;2022;16:40;1;95;1;1;1;3;"49;0355304583";"2;1172016859"
202200043992;1;12;2022;16:05;1;49;2;1;1;3;"47;4500000000";" -0;5110000000"
202200043993;23;9;2022;15:50;1;93;1;1;1;3;"48;9189934371";"2;3572939965"
202200043994;1;12;2022;07:35;5;49;2;1;1;7;"47;4144500000";" -0;5231200000"
202200043995;30;11;2022;20:14;5;49;2;1;1;7;"47;4650645676";" -0;5097457767"
202200043996;23;9;2022;08:50;1;95;1;1;1;4;"49;0603322284";"2;2114652395"
202200043997;30;11;2022;16:50;1;47;1;1;1;2;"44;3801280000";"0;7131159000"
202200043998;24;9;2022;19:40;2;94;1;1;1;4;"48;7715541339";"2;3934748629"
202200043999;1;12;2022;17:15;5;45;2;1;1;1;"47;9202000000";"1;8324000000"
202200044000;23;9;2022;09:13;1;92;2;1;1;2;"48;9210480000";"2;2448010000"
202200044001;1;12;2022;07:45;3;45;2;1;8;6;"47;9169000000";"1;9717000000"
202200044002;22;9;2022;11:40;1;29;2;3;1;6;"48;3955634723";" -4;4817173481"
202200044003;23;9;2022;19:35;1;27;2;2;1;6;"49;0177954000";"1;1671897287"
202200044004;1;12;2022;18:00;5;44;2;1;1;3;"47;2203870000";" -1;5976240000"
202200044005;21;9;2022;10:00;1;29;2;3;1;6;"48;3896200000";" -4;4754600000"
202200044006;1;12;2022;08:55;1;43;2;3;2;6;"45;0428890000";"3;8918910000"
202200044007;21;9;2022;18:36;5;987;2;3;1;3;" -17;5355600000";" -149;5577900000"
202200044008;2;12;2022;23:50;5;38;2;2;1;1;"45;5926800000";"5;2382600000"
202200044009;2;12;2022;08:20;1;37;2;1;1;2;"47;3860817160";"0;7095676661"
202200044010;17;9;2022;09:13;1;24;1;9;1;6;"45;1849600000";"0;6996300000"
202200044011;16;9;2022;07:45;1;976;2;1;2;6;" -12;7845400000";"45;2291800000"
202200044012;1;12;2022;13:00;1;37;2;6;1;2;"47;3510700000";"0;6791000000"
202200044013;2;12;2022;14:30;1;35;1;6;8;6;"48;1362200000";" -1;6921470000"
202200044014;2;12;2022;14:40;1;35;1;1;1;2;"48;1427329499";" -1;5862825513"
202200044015;22;9;2022;18:00;5;974;2;3;1;3;" -20;9017400000";"55;4921300000"
202200044016;1;12;2022;14:10;1;34;2;1;8;3;"43;5959300000";"3;8368200000"
202200044017;1;12;2022;18:54;3;34;1;1;1;7;"43;3568800000";"3;1376700000"
202200044018;22;9;2022;08:15;1;974;2;1;1;7;" -20;8872200000";"55;4656000000"
202200044019;30;11;2022;12:00;1;34;2;1;1;7;"43;3458700000";"3;2194000000"
202200044020;29;11;2022;16:20;1;34;2;1;1;6;"43;2895900000";"3;5231900000"
202200044021;22;9;2022;21:40;3;974;2;3;1;1;" -20;9469500000";"55;2955000000"
202200044022;2;12;2022;15:00;1;33;2;2;1;3;"44;8603700000";" -0;5537800000"
202200044023;23;9;2022;09:07;1;973;2;1;1;3;"4;9380400000";" -52;2952900000"
202200044024;1;12;2022;18:10;5;33;2;1;1;4;"44;8472800000";" -0;7159000000"
202200044025;2;12;2022;13:55;1;31;1;1;1;4;"43;5733250000";"1;4716000000"
202200044026;23;9;2022;08:00;1;973;2;3;1;3;"4;9297900000";" -52;2903300000"
202200044027;30;11;2022;18:07;5;31;2;9;1;6;"43;6417400000";"1;3800410000"
202200044028;30;11;2022;18:09;4;31;2;3;8;3;"43;5896640000";"1;4490640000"
202200044029;24;9;2022;01:50;5;69;2;2;2;1;"45;7482000000";"4;8436300000"
202200044030;23;9;2022;13:10;1;972;2;1;1;3;"14;6066800000";" -61;0715000000"
202200044031;1;12;2022;13:05;1;29;2;3;1;1;"47;9843400000";" -4;1052400000"
202200044032;23;9;2022;21:37;5;69;2;9;3;6;"45;7509900000";"4;8233100000"
202200044033;23;9;2022;09:57;1;2B;2;9;1;6;"42;7022400000";"9;4480900000"
202200044034;1;12;2022;08:50;1;29;1;1;1;2;"47;9798840000";" -4;1071450000"
202200044035;23;9;2022;13:11;1;2A;2;1;1;3;"41;9169700000";"8;7367100000"
202200044036;30;11;2022;08:00;3;29;1;2;1;3;"47;9161040000";" -3;9270520000"
202200044037;23;9;2022;10:45;1;2A;2;1;1;2;"41;9236810010";"8;7391286393"
202200044038;23;9;2022;13:35;1;91;2;1;1;6;"48;6314850000";"2;2669170000"
202200044039;1;12;2022;15:35;1;29;2;6;1;5;"48;3954780000";" -4;5383891000"
202200044040;23;9;2022;20:05;5;91;2;9;1;3;"48;6544600000";"2;3736700000"
202200044041;30;11;2022;17:25;1;29;2;3;1;3;"48;3970410920";" -4;4833185633"
202200044042;23;9;2022;07:25;1;91;2;2;1;3;"48;7065920000";"2;3675320000"
202200044043;1;12;2022;12:24;1;27;1;3;1;3;"49;0767300000";"1;4639700000"
202200044044;1;12;2022;16:55;5;27;2;1;1;6;"49;0169319513";"1;1234078373"
202200044045;28;11;2022;11:10;1;24;1;9;3;6;"45;1981000000";"0;7408200000"
202200044046;22;9;2022;10:30;1;87;2;1;1;4;"45;8614900000";"1;3214300000"
202200044047;22;9;2022;17:05;1;87;2;1;1;6;"45;8251300000";"1;2734200000"
202200044048;30;11;2022;11:10;1;21;2;9;1;3;"47;0154350000";"4;8380060000"
202200044049;1;12;2022;07:45;1;19;2;1;1;6;"45;1506700000";"1;5317900000"
202200044050;23;9;2022;10:05;1;86;2;2;1;2;"46;5855710000";"0;3662770000"
202200044051;22;9;2022;20:35;3;84;1;1;1;7;"43;8690228666";"5;0645685196"
202200044052;2;12;2022;08:15;2;17;1;1;1;4;"45;7241250000";" -0;6401690000"
202200044053;22;9;2022;18:15;2;83;2;6;7;3;"43;1240700000";"5;9981200000"
202200044054;1;12;2022;18:15;5;14;2;2;1;3;"49;1441400000";"0;2248600000"
202200044055;23;9;2022;07:50;1;82;2;1;1;3;"44;0374400000";"1;3632200000"
202200044056;2;12;2022;04:05;3;14;2;1;1;2;"49;1473700000";" -0;3729800000"
202200044057;22;9;2022;08:25;1;80;2;1;1;2;"49;8751600000";"2;2489100000"
202200044058;1;12;2022;09:15;1;14;2;3;5;1;"49;1881230000";" -0;3517440000"
202200044059;22;9;2022;07:50;1;80;2;1;1;3;"49;8752000000";"2;2778500000"
202200044060;2;12;2022;17:30;1;13;2;9;1;3;"43;3968426942";"5;3423589597"
202200044061;19;9;2022;17:55;1;80;2;1;1;6;"49;9103700000";"2;3092500000"
202200044062;4;7;2022;08:45;1;57;2;2;1;5;"49;3580000000";"6;1560000000"
202200044063;1;12;2022;09:50;1;13;2;1;8;3;"43;6404870380";"5;0788881801"
202200044064;21;9;2022;10:20;1;78;2;1;1;4;"48;9284460000";"2;1893240000"
202200044065;1;12;2022;18:50;5;13;2;1;1;3;"43;3154581389";"5;4149762749"
202200044066;2;7;2022;21:00;1;78;2;1;1;6;"48;9756610000";"1;6912030000"
202200044067;30;8;2022;05:50;3;78;2;1;8;6;"48;7508300000";"1;9299200000"
202200044068;1;12;2022;09:45;1;13;2;3;1;1;"43;2456779637";"5;4260754157"
202200044069;25;6;2022;10:20;1;30;2;3;1;7;"43;8317000000";"4;3609000000"
202200044070;2;5;2022;19:00;1;95;2;1;1;6;"48;9341428289";"2;2318366170"
202200044071;1;12;2022;17:25;5;13;2;1;2;1;"43;2984153120";"5;5691194773"
202200044072;29;3;2022;15:45;1;62;2;9;8;6;"50;4111950000";"1;5736780000"
202200044073;30;11;2022;16:55;2;12;2;4;1;3;"44;1035500000";"3;0798100000"
202200044074;25;1;2022;16:55;1;62;2;1;1;2;"50;4100300000";"1;5777500000"
202200044075;2;12;2022;08:30;1;11;2;1;1;6;"43;2284100000";"2;3313100000"
202200044076;24;4;2022;16:25;1;71;2;2;1;3;"46;7930000000";"4;8570000000"
202200044077;30;11;2022;15:30;1;11;2;6;7;7;"43;2050500000";"2;3332200000"
202200044078;30;11;2022;13:30;1;11;2;2;1;6;"43;2113420000";"2;3421840000"
202200044079;23;9;2022;19:45;2;71;2;1;1;3;"46;6633700000";"4;3762700000"
202200044080;23;9;2022;09:50;1;71;2;1;1;6;"46;3062324901";"4;8364628839"
202200044081;29;11;2022;18:45;4;11;2;3;1;6;"43;2095500000";"2;3496200000"
202200044082;28;4;2022;15:05;1;52;2;1;1;7;"48;6482900000";"4;9587800000"
202200044083;2;12;2022;13:50;1;10;2;2;8;3;"48;2968100000";"4;0678700000"
202200044084;23;9;2022;22:30;5;69;2;3;3;3;"45;7645700000";"4;9190900000"
202200044085;11;4;2022;16:40;1;33;1;1;1;6;"44;6120300000";" -1;1341700000"
202200044086;30;11;2022;13:42;1;10;2;6;8;3;"48;2649672692";"4;0411502123"
202200044087;23;9;2022;20:15;4;69;2;9;8;6;"45;7875000000";"4;8813600000"
202200044088;11;7;2022;18:20;5;974;2;9;1;6;" -20;8857270000";"55;4738490000"
202200044089;2;12;2022;19:30;3;09;1;1;9;7;"43;0032230000";"1;6132420000"
202200044090;23;9;2022;18:20;1;69;2;1;1;6;"45;7663400000";"4;9727600000"
202200044091;30;11;2022;09:42;1;06;2;2;1;6;"43;7004100000";"7;2613700000"
202200044092;1;12;2022;13:20;1;06;2;1;1;3;"43;5483000000";"7;0099300000"
202200044093;11;7;2022;17:15;1;973;2;1;1;5;"4;9384000000";" -52;2995900000"
202200044094;29;11;2022;17:15;5;03;2;1;9;6;"46;3854100000";"2;5536800000"
202200044095;11;7;2022;09:34;1;973;2;1;1;3;"4;9283468202";" -52;3136584461"
202200044096;3;12;2022;04:24;5;75;2;1;2;2;"48;8873610000";"2;3968070000"
202200044097;10;7;2022;09:25;1;972;2;1;1;6;"14;6077400000";" -61;0690600000"
202200044098;1;12;2022;22:30;5;75;2;1;1;4;"48;8194170000";"2;3282910000"
202200044099;11;7;2022;13:20;1;69;2;2;1;3;"45;7151900000";"4;8003100000"
202200044100;1;12;2022;18:00;5;75;2;1;1;4;"48;9007300000";"2;3725630000"
202200044101;11;7;2022;10:30;1;69;2;1;1;3;"45;8095400000";"4;8572100000"
202200044102;2;12;2022;13:30;1;75;2;2;2;3;"48;8473990000";"2;3281270000"
202200044103;3;12;2022;15:05;1;75;2;3;8;6;"48;8722960000";"2;3776350000"
202200044104;10;7;2022;17:35;1;971;1;1;1;6;"16;2422598732";" -61;5293276310"
202200044105;2;12;2022;08:00;1;75;2;3;1;6;"48;8509734495";"2;4158871174"
202200044106;11;7;2022;13:45;1;2A;2;1;1;2;"41;9524700000";"8;7827100000"
202200044107;2;12;2022;18:50;5;75;2;3;2;7;"48;8875740000";"2;3803600000"
202200044108;2;12;2022;15:53;1;75;2;1;2;7;"48;8904040000";"2;3718180000"
202200044109;11;7;2022;10:00;1;2A;2;1;1;6;"41;9307800000";"8;7396100000"
202200044110;2;12;2022;12:55;1;75;2;2;1;2;"48;8847550000";"2;3944820000"
202200044111;10;7;2022;20:50;1;95;2;1;1;3;"48;9912522122";"2;4336111546"
202200044112;2;12;2022;09:50;1;75;2;2;1;2;"48;8755740000";"2;3818740000"
202200044113;11;7;2022;10:30;1;95;2;3;1;6;"48;9887494340";"2;2413691878"
202200044114;2;12;2022;04:00;5;75;2;4;1;6;"48;8775650000";"2;3947910000"
202200044115;2;12;2022;10:02;1;75;2;1;1;6;"48;8899680000";"2;3386180000"
202200044116;11;7;2022;18:35;1;95;2;1;1;3;"49;0318094776";"2;1014839411"
202200044117;3;12;2022;18:00;5;75;2;1;1;3;"48;8682050000";"2;2818800000"
202200044118;10;7;2022;22:10;5;95;2;2;1;3;"48;9417200000";"2;2345000000"
202200044119;3;12;2022;07:55;2;75;2;2;1;2;"48;8842590000";"2;3026620000"
202200044120;3;12;2022;00:30;5;75;2;2;1;3;"48;8786750000";"2;2800710000"
202200044121;11;7;2022;13:10;1;91;2;1;1;4;"48;6835100000";"2;4899100000"
202200044122;2;12;2022;18:05;5;75;2;7;2;3;"48;8740380000";"2;2942480000"
202200044123;11;7;2022;20:45;1;91;2;1;1;4;"48;6862300000";"2;3505400000"
202200044124;2;12;2022;03:50;5;75;2;2;1;6;"48;8838180000";"2;3047620000"
202200044125;11;7;2022;08:30;1;87;2;1;1;6;"45;8308200000";"1;2662500000"
202200044126;2;12;2022;02:35;5;75;2;2;1;6;"48;8805930000";"2;2857860000"
202200044127;10;7;2022;16:30;1;87;2;2;1;3;"45;8526600000";"1;2592300000"
202200044128;2;12;2022;17:30;5;75;2;3;2;6;"48;8363040000";"2;2996720000"
202200044129;3;12;2022;18:05;5;75;2;1;1;6;"48;8397040000";"2;3295770000"
202200044130;3;12;2022;10:40;1;75;2;1;8;3;"48;8338020000";"2;3230210000"
202200044131;11;7;2022;11:30;1;83;2;6;1;6;"43;1242600000";"5;8789300000"
202200044132;2;12;2022;20:36;5;75;2;3;2;3;"48;8416660000";"2;3223370000"
202200044133;11;7;2022;07:40;1;83;2;3;1;2;"43;1531100000";"5;9170500000"
202200044134;1;12;2022;15:00;1;75;2;2;8;3;"48;8221360000";"2;3266910000"
202200044135;10;7;2022;13:15;1;81;1;3;1;1;"43;4555700000";"2;3476700000"
202200044136;10;7;2022;05:45;2;81;2;1;1;6;"43;4825200000";"2;3759700000"
202200044137;2;12;2022;21:00;5;75;2;2;2;3;"48;8189190000";"2;3444510000"
202200044138;8;7;2022;04:25;5;80;2;1;1;4;"49;8676905934";"2;2378563883"
202200044139;2;12;2022;15:00;1;75;2;1;8;3;"48;8290410000";"2;4517980000"
202200044140;3;12;2022;19:30;5;75;2;2;1;3;"48;8558260000";"2;3684970000"
202200044141;11;7;2022;15:50;1;76;2;3;1;3;"49;4279900000";"1;1176000000"
202200044142;2;12;2022;14:50;1;75;2;2;1;6;"48;8641860000";"2;3694140000"
202200044143;10;7;2022;01:30;3;76;1;1;1;4;"49;5292300000";"0;1479100000"
202200044144;3;12;2022;03:00;5;75;2;5;1;3;"48;8796850000";"2;3495300000"
202200044145;8;7;2022;13:50;1;76;2;2;1;3;"49;4938600000";"0;1183700000"
202200044146;2;12;2022;23:28;5;75;2;2;2;3;"48;8714900000";"2;3430660000"
202200044147;10;7;2022;20:45;1;72;2;6;1;2;"47;9726499282";"0;0994527338"
202200044148;10;7;2022;16:58;1;72;2;9;1;2;"47;9782200000";"0;2123200000"
202200044149;2;12;2022;17:30;5;75;2;2;2;3;"48;8710490000";"2;3341810000"
202200044150;3;12;2022;18:30;2;75;2;7;1;3;"48;8667870000";"2;3220940000"
202200044151;11;7;2022;18:52;1;71;2;2;1;3;"46;7710800000";"4;8296300000"
202200044152;9;7;2022;18:00;1;71;2;3;1;3;"46;7764777019";"4;8668287396"
202200044153;2;12;2022;10:55;1;75;2;2;8;3;"48;8719690000";"2;3400230000"
202200044154;29;4;2022;15:50;1;71;2;1;1;1;"46;7959000000";"4;8545000000"
202200044155;1;12;2022;18:20;5;94;2;2;1;3;"48;8451800000";"2;4202200000"
202200044156;11;7;2022;22:00;5;69;2;1;1;3;"45;7222459410";"4;8898975449"
202200044157;3;12;2022;20:30;3;94;2;1;1;6;"48;8094700000";"2;3623600000"
202200044158;11;7;2022;18:00;1;69;2;2;1;3;"45;7037081875";"4;8801560690"
202200044159;3;12;2022;18:50;5;94;2;1;1;3;"48;8191100000";"2;3961900000"
202200044160;10;7;2022;19:00;1;67;2;1;1;3;"48;5952600000";"7;7095200000"
202200044161;3;12;2022;15:57;1;94;2;1;8;4;"48;8058900000";"2;4000900000"
202200044162;10;7;2022;14:30;1;67;1;1;1;6;"48;5682200000";"7;7736700000"
202200044163;29;11;2022;12:50;1;94;2;2;1;3;"48;8558200000";"2;4574800000"
202200044164;9;7;2022;17:55;1;67;2;1;1;3;"48;5751797250";"7;7532000840"
202200044165;3;12;2022;17:00;5;94;2;1;1;6;"48;8006800000";"2;5528700000"
202200044166;3;12;2022;18:20;5;94;2;3;8;7;"48;8217952372";"2;4068936706"
202200044167;8;7;2022;20:10;1;67;2;3;1;3;"48;5971200000";"7;7035300000"
202200044168;8;7;2022;11:50;1;67;2;1;1;6;"48;5537300000";"7;7440700000"
202200044169;3;12;2022;21:30;3;93;2;1;1;1;"48;9359000000";"2;3418000000"
202200044170;3;12;2022;05:00;5;93;2;2;1;3;"48;8825500000";"2;5248100000"
202200044171;7;7;2022;20:05;1;67;2;3;1;3;"48;5407200000";"7;7038100000"
202200044172;2;12;2022;22:36;5;93;2;3;2;6;"48;9603600000";"2;3163100000"
202200044173;3;12;2022;21:00;5;92;2;9;1;1;"48;8893576996";"2;2729237676"
202200044174;9;7;2022;23:45;5;66;2;3;1;3;"42;6942600000";"2;9022600000"
202200044175;3;12;2022;01:22;5;92;2;2;1;2;"48;8955051195";"2;2968772352"
202200044176;4;12;2022;11:00;1;01;1;1;2;5;"45;9120560000";"4;9097570000"
202200044177;8;7;2022;18:15;1;66;2;1;1;2;"42;6598600000";"2;8830500000"
202200044178;3;12;2022;13:00;1;49;1;2;8;5;"47;3116240000";" -0;7444740000"
202200044179;11;7;2022;20:50;1;64;2;5;1;3;"43;4875300000";" -1;5353000000"
202200044180;4;12;2022;11:40;5;74;1;1;1;1;"46;2470810000";"6;6366250000"
202200044181;3;12;2022;13:15;1;10;1;1;1;6;"48;3363240000";"4;1592690000"
202200044182;11;7;2022;08:10;1;64;2;6;1;3;"43;4867600000";" -1;4829500000"
202200044183;4;12;2022;15:30;1;86;2;1;1;6;"46;4809140000";"0;6476650000"
202200044184;8;7;2022;19:43;1;63;2;2;1;3;"45;8091200000";"3;1092100000"
202200044185;4;12;2022;01:55;3;67;1;1;1;3;"48;7326080000";"7;3889390000"
202200044186;29;6;2022;00:00;5;62;2;6;1;3;"50;4018980000";"2;9065600000"
202200044187;3;12;2022;16:10;1;35;1;1;1;6;"48;3662029080";" -1;3046452403"
202200044188;11;7;2022;15:45;1;59;2;9;1;1;"50;6450951759";"3;0220842359"
202200044189;4;12;2022;18:50;3;22;1;1;1;2;"48;4745837490";" -2;5682709965"
202200044190;27;6;2022;09:20;1;59;2;2;1;3;"50;6393500000";"3;0679500000"
202200044191;2;12;2022;08:45;1;62;2;1;1;1;"50;4013240000";"1;6468360000"
202200044192;10;7;2022;15:54;1;56;1;2;7;3;"47;8106603000";" -3;2523661000"
202200044193;4;12;2022;15:15;1;30;1;1;1;3;"43;9748450000";"4;4185470000"
202200044194;8;7;2022;07:55;1;56;2;6;7;3;"47;7570800000";" -3;3880800000"
202200044195;3;12;2022;16:40;2;79;2;3;1;3;"46;1459790000";" -0;6023650000"
202200044196;11;7;2022;16:19;1;51;2;1;1;3;"49;2555072339";"4;0290695429"
202200044197;3;12;2022;19:20;3;80;1;1;1;3;"49;9946620000";"1;7112980000"
202200044198;11;7;2022;09:00;1;51;2;1;1;2;"49;2619200000";"4;0202700000"
202200044199;3;12;2022;16:15;1;46;2;1;1;6;"44;4659210000";"1;2993370000"
202200044200;10;7;2022;22:16;2;49;2;1;1;3;"47;4527700000";" -0;5167300000"
202200044201;3;12;2022;17:35;3;47;2;2;1;6;"44;2894290000";"0;3405760000"
202200044202;8;7;2022;23:54;5;49;2;3;1;3;"47;4689000000";" -0;5497000000"
202200044203;4;12;2022;17:00;1;22;2;1;1;6;"48;6681400000";" -3;3971570000"
202200044204;10;7;2022;07:20;1;44;1;9;1;6;"47;2185100000";" -1;6237100000"
202200044205;3;12;2022;20:10;3;39;1;1;5;6;"46;6580160000";"5;5719570000"
202200044206;3;12;2022;16:45;1;29;1;1;1;5;"48;5246770000";" -4;5042870000"
202200044207;11;7;2022;09:20;1;35;2;1;1;2;"48;1068843313";" -1;7292349041"
202200044208;4;12;2022;10:45;1;15;1;1;4;1;"45;0059530000";"3;2125190000"
202200044209;11;7;2022;21:40;1;33;2;1;1;6;"44;8383709810";" -0;5860573053"
202200044210;4;12;2022;18:50;3;18;1;1;3;1;"46;7334400000";"2;1782610000"
202200044211;4;12;2022;05:10;3;18;1;1;1;7;"46;6092380000";"2;2962710000"
202200044212;11;7;2022;08:51;1;33;2;6;1;3;"44;7999286142";" -0;6379660964"
202200044213;27;10;2022;00:30;3;18;1;1;5;-1;"47;1980410000";"2;3882270000"
202200044214;3;12;2022;04:30;3;10;1;1;1;7;"48;4131160000";"3;7758430000"
202200044215;10;7;2022;23:45;5;33;2;3;1;3;"44;8641600000";" -0;5586000000"
202200044216;3;12;2022;18:15;3;07;1;1;4;6;"45;0706110000";"4;3832550000"
202200044217;4;12;2022;05:55;3;24;1;1;2;6;"45;4273670000";"0;5171030000"
202200044218;11;7;2022;15:12;1;33;2;2;1;3;"44;6626200000";" -1;1741900000"
202200044219;3;12;2022;16:10;1;37;1;1;1;6;"47;4628610000";"0;4276030000"
202200044220;11;7;2022;18:05;1;31;2;1;1;6;"43;6156800000";"1;4415200000"
202200044221;3;12;2022;19:50;3;30;1;6;2;6;"43;8101740000";"4;2456580000"
202200044222;4;12;2022;11:46;1;60;1;1;1;7;"49;5762816773";"2;2030808926"
202200044223;11;7;2022;19:45;1;30;2;1;1;3;"44;1373000000";"4;1048300000"
202200044224;3;12;2022;14:00;1;63;1;1;2;6;"45;8067190000";"3;1533870000"
202200044225;29;11;2022;11:10;1;01;1;1;2;6;"46;1369910000";"5;5390300000"
202200044226;10;7;2022;22:30;5;29;2;1;1;6;"47;8749900000";" -3;9162800000"
202200044227;4;12;2022;00:15;3;45;1;1;8;3;"48;0050480000";"1;8483750000"
202200044228;11;7;2022;11:14;1;17;2;1;1;1;"46;1532900000";" -1;1290000000"