Accident_Id;jour;mois;an;hrmn;lum;dep;agg;int;atm;col;lat;long
202200044843;3;6;2022;15:30;1;63;2;9;1;1;"46;1625016493";"2;8363662958"
202200044844;22;2;2022;17:00;1;988;1;1;2;6;" -22;1720600000";"166;9560600000"
202200044845;28;10;2022;21:00;3;58;1;1;1;1;"47;2079110000";"4;1364160000"
202200044846;15;8;2022;07:00;2;11;1;1;2;6;"43;3898150000";"2;0209480000"
202200044847;20;2;2022;13:46;1;988;2;1;3;7;" -22;1471700000";"166;3683300000"
202200044848;1;4;2022;09:45;1;13;2;4;6;6;"43;3077900000";"5;4021900000"
202200044849;11;6;2022;10:40;1;63;2;1;1;6;"45;5524900016";"3;2691967291"
202200044850;17;8;2022;17:20;1;34;2;6;1;7;"43;3889810000";"3;4204550000"
202200044851;29;10;2022;10:35;1;06;2;1;1;3;"43;7231450000";"7;3965830000"
202200044852;1;4;2022;10:00;1;13;2;1;1;3;"43;3121900000";"5;3710500000"
202200044853;11;6;2022;22:00;5;80;2;1;1;2;"50;0649150000";"1;3813700000"
202200044854;19;8;2022;07:00;2;83;2;1;1;1;"43;6047110000";"6;6875840000"
202200044855;20;2;2022;18:30;1;973;1;1;1;5;"4;9292160000";" -52;3951720000"
202200044856;28;10;2022;16:15;1;05;1;1;1;6;"44;5149150000";"6;1581370000"
202200044857;16;8;2022;04:00;5;13;1;9;1;7;"43;7919464668";"4;7113732634"
202200044858;11;6;2022;16:08;1;12;1;1;1;6;"43;8934900000";"2;8161300000"
202200044859;1;4;2022;08:00;1;13;2;9;9;3;"43;2782110000";"5;3994320000"
202200044860;28;10;2022;20:05;3;50;1;1;1;6;"49;1327980000";" -1;2946380000"
202200044861;21;2;2022;20:00;4;978;2;1;1;1;"18;0666980000";" -63;0837320000"
202200044862;31;3;2022;12:45;1;13;2;1;1;3;"43;3016357053";"5;3704924387"
202200044863;12;6;2022;10:00;1;42;1;1;1;1;"46;1490870000";"4;2502590000"
202200044864;19;8;2022;16:35;1;71;1;2;1;5;"46;7082200000";"4;8664180000"
202200044865;10;8;2022;08:40;1;67;2;1;7;6;"48;5360680000";"7;4597080000"
202200044866;22;2;2022;12:13;1;77;1;1;8;6;"48;9163480000";"2;7362130000"
202200044867;1;4;2022;05:50;3;13;2;6;1;3;"43;1896400000";"5;6040800000"
202200044868;12;6;2022;05:15;2;34;1;3;1;3;"43;4032390000";"3;4920430000"
202200044869;15;8;2022;19:35;1;57;2;1;1;3;"49;2194370000";"6;1630560000"
202200044870;25;10;2022;12:04;1;18;1;1;1;3;"46;8414110000";"2;2911540000"
202200044871;29;3;2022;17:10;1;13;2;3;1;5;"43;4909781000";"5;3705275756"
202200044872;18;2;2022;18:55;5;34;2;2;1;3;"43;4934016857";"3;7080175690"
202200044873;19;8;2022;16:10;1;74;1;1;1;1;"46;1551620000";"6;3193270000"
202200044874;12;6;2022;10:15;1;39;1;1;1;6;"46;3202230000";"5;8878830000"
202200044875;28;10;2022;21:40;3;07;1;1;1;2;"44;6388420000";"4;4263740000"
202200044876;1;4;2022;21:45;5;09;2;1;1;3;"43;1069030000";"1;6183820000"
202200044877;12;6;2022;01:10;3;39;1;1;1;6;"46;3688090000";"5;6412200000"
202200044878;20;2;2022;08:50;1;83;1;1;1;1;"43;2929190000";"6;5570390000"
202200044879;1;4;2022;15:20;1;09;2;1;1;2;"43;1053350000";"1;6194890000"
202200044880;18;8;2022;20:14;2;73;2;2;1;3;"45;2763760000";"6;3594110000"
202200044881;22;10;2022;21:20;3;17;1;4;1;7;"46;0265470000";" -0;4483260000"
202200044882;21;2;2022;21:00;5;88;1;1;4;1;"48;1376830000";"6;6550540000"
202200044883;17;8;2022;16:30;1;38;1;9;2;6;"45;1166730000";"5;5317290000"
202200044884;1;4;2022;07:45;1;07;2;3;2;3;"44;9345900000";"4;8767890000"
202200044885;11;6;2022;15:53;1;39;1;1;1;3;"46;6668540000";"5;5716930000"
202200044886;28;10;2022;19:25;4;87;1;3;1;3;"45;6278693596";"1;4209535122"
202200044887;19;2;2022;16:00;1;54;1;1;1;6;"48;6157360648";"6;0922086247"
202200044888;17;8;2022;02:05;5;01;2;1;1;6;"45;8509870000";"5;0681950000"
202200044889;29;3;2022;16:25;1;02;2;1;1;3;"49;6497840000";"3;2776000000"
202200044890;11;6;2022;06:30;2;25;2;1;1;1;"47;0803950000";"6;6282270000"
202200044891;28;10;2022;15:35;1;30;1;4;1;2;"43;9508260000";"4;1000300000"
202200044892;31;3;2022;13:05;1;75;2;1;2;4;"48;8506490000";"2;2522180000"
202200044893;18;8;2022;15:50;1;01;2;3;2;3;"45;9781740000";"5;6018620000"
202200044894;21;2;2022;13:10;1;01;2;1;2;3;"45;8488910000";"5;0628840000"
202200044895;29;10;2022;11:30;1;48;2;3;1;6;"44;5531160000";"3;2936780000"
202200044896;11;6;2022;21:40;1;29;1;1;1;6;"47;9297000000";" -3;8543990000"
202200044897;1;4;2022;00:10;5;75;2;3;1;6;"48;8581100000";"2;4033710000"
202200044898;9;2;2022;11:00;1;60;1;1;1;6;"49;5993790000";"2;8277800000"
202200044899;29;10;2022;03:30;3;08;1;1;1;6;"49;6822136615";"5;1669350266"
202200044900;18;8;2022;18:30;2;87;1;2;1;3;"45;7811010000";"1;4916460000"
202200044901;11;6;2022;16:39;1;29;1;3;1;3;"48;5492250000";" -4;1985260000"
202200044902;25;10;2022;16:00;1;30;1;1;1;2;"43;9009230000";"4;5262810000"
202200044903;20;2;2022;21:00;3;59;1;1;6;2;"50;7279360000";"2;6144830000"
202200044904;19;8;2022;18:40;1;17;1;2;1;7;"45;2478130000";" -0;2889380000"
202200044905;1;4;2022;19:20;1;75;2;2;1;3;"48;8842980000";"2;3676180000"
202200044906;29;10;2022;10:30;1;29;2;1;2;2;"47;8709590000";" -3;5760410000"
202200044907;18;8;2022;00:50;3;24;1;1;1;6;"44;6987730000";"0;8496110000"
202200044908;11;6;2022;14:40;1;31;1;2;1;3;"43;3953190000";"1;8113490000"
202200044909;21;2;2022;16:40;1;59;2;2;1;1;"50;5333810000";"2;8069640000"
202200044910;28;10;2022;19:20;3;77;1;1;1;6;"49;0232120000";"3;0072540000"
202200044911;31;3;2022;17:30;1;75;2;2;2;1;"48;8821649661";"2;3396414290"
202200044912;30;6;2022;10:10;1;33;2;2;2;2;"44;6418490000";" -0;9687500000"
202200044913;11;6;2022;14:50;1;38;2;1;1;7;"45;4778200000";"5;5589960000"
202200044914;21;2;2022;07:40;1;83;1;1;1;3;"43;1265309606";"5;8945813177"
202200044915;1;4;2022;13:30;1;75;2;1;4;7;"48;8882190000";"2;2890930000"
202200044916;12;6;2022;06:20;1;38;1;1;1;6;"45;4187570000";"5;4553770000"
202200044917;18;8;2022;14:15;1;27;2;1;1;5;"49;0582080000";"1;1691160000"
202200044918;29;10;2022;16:00;1;77;1;3;1;6;"49;0018580000";"3;1584410000"
202200044919;1;4;2022;08:15;1;75;2;4;4;6;"48;8857280000";"2;2891180000"
202200044920;18;2;2022;18:40;1;69;1;1;1;2;"45;5882400000";"4;7817600000"
202200044921;18;8;2022;17:00;1;60;2;2;1;3;"49;4102190000";"2;3023870000"
202200044922;28;10;2022;21:15;5;95;2;1;1;7;"49;0845423531";"1;8963318890"
202200044923;11;6;2022;11:30;1;15;1;2;1;1;"44;8688940000";"2;3019920000"
202200044924;1;4;2022;07:33;1;75;2;3;4;2;"48;8783440000";"2;2955610000"
202200044925;21;2;2022;15:35;1;91;1;1;2;4;"48;6856900000";"2;3270400000"
202200044926;18;8;2022;07:00;1;60;1;1;1;4;"49;4474120000";"2;1525050000"
202200044927;28;10;2022;22:45;3;66;1;1;1;7;"42;7872860405";"3;0191320181"
202200044928;12;6;2022;12:00;1;01;1;8;1;7;"46;2373370000";"5;0663040000"
202200044929;1;4;2022;18:35;1;75;2;1;8;3;"48;8272240000";"2;3224730000"
202200044930;19;8;2022;02:48;5;59;2;1;1;6;"50;4516783689";"3;0756582320"
202200044931;28;10;2022;19:35;5;83;2;1;1;3;"43;6027170000";"6;7763190000"
202200044932;17;2;2022;22:00;3;78;1;1;1;2;"48;9655100000";"1;7526600000"
202200044933;1;4;2022;08:44;1;75;2;3;4;6;"48;8395030000";"2;3234390000"
202200044934;28;10;2022;18:25;2;89;2;4;1;3;"47;9567230000";"3;5050460000"
202200044935;17;8;2022;21:00;3;83;1;1;2;7;"43;1331864352";"5;8117246628"
202200044936;11;6;2022;18:10;1;54;1;1;7;6;"48;6578892622";"5;8390617372"
202200044937;21;2;2022;07:30;2;93;1;1;1;6;"48;9469503739";"2;4759894608"
202200044938;1;4;2022;10:50;1;75;2;3;2;3;"48;8339470000";"2;3538410000"
202200044939;31;3;2022;23:30;5;75;2;1;6;6;"48;8251480000";"2;3797430000"
202200044940;17;8;2022;15:05;1;83;1;1;2;2;"43;1228192404";"5;8289337158"
202200044941;11;6;2022;17:25;1;54;1;3;1;3;"49;3592205225";"5;7655155667"
202200044942;20;2;2022;21:30;5;974;2;2;6;3;" -20;9334100000";"55;6542500000"
202200044943;1;4;2022;20:51;1;75;2;2;4;3;"48;8766390000";"2;3177100000"
202200044944;9;6;2022;07:30;1;14;2;1;1;2;"49;3133660000";"0;1410090000"
202200044945;16;8;2022;23:14;3;38;1;1;1;2;"45;6554000000";"5;0910600000"
202200044946;28;10;2022;18:40;2;52;1;3;1;3;"47;8316030000";"5;3375960000"
202200044947;19;2;2022;20:00;3;974;1;1;2;7;" -20;9425880000";"55;6472790000"
202200044948;1;4;2022;00:43;3;75;2;7;1;6;"48;8640890000";"2;3201210000"
202200044949;18;8;2022;13:31;1;91;1;1;1;2;"48;5649720000";"2;4759090000"
202200044950;20;2;2022;22:45;5;69;2;9;1;7;"45;7570753681";"4;8566021025"
202200044951;12;6;2022;14:20;1;05;1;9;1;5;"44;5630470000";"6;5071250000"
202200044952;29;10;2022;06:00;3;68;1;1;1;7;"48;2465980000";"7;1433420000"
202200044953;1;4;2022;13:40;1;75;2;2;2;3;"48;8588000000";"2;3287500000"
202200044954;18;8;2022;16:00;1;93;1;1;1;3;"48;8645671382";"2;4823039923"
202200044955;20;2;2022;11:50;1;69;2;1;8;7;"45;7641400000";"4;7893800000"
202200044956;12;6;2022;00:26;3;50;2;1;1;6;"49;0469020000";" -1;5913140000"
202200044957;22;10;2022;20:30;5;88;2;3;1;7;"48;1941300000";"6;7039270000"
202200044958;1;4;2022;13:45;1;75;2;1;4;6;"48;8640690000";"2;3605650000"
202200044959;18;8;2022;05:20;3;93;1;1;1;2;"48;8730079962";"2;4352838986"
202200044960;12;6;2022;17:30;1;18;2;1;1;1;"47;4745850000";"2;5079620000"
202200044961;1;4;2022;15:10;1;94;2;3;4;3;"48;7627400000";"2;4483700000"
202200044962;20;2;2022;01:59;5;69;2;2;1;3;"45;7592500000";"4;8296100000"
202200044963;29;10;2022;10:30;1;01;2;3;7;3;"45;8197551666";"4;9419862032"
202200044964;17;8;2022;17:25;1;77;1;1;3;4;"48;8320393099";"2;6005324287"
202200044965;1;4;2022;09:10;1;94;2;5;4;6;"48;8024800000";"2;4860700000"
202200044966;12;6;2022;17:55;1;18;1;1;1;3;"46;8403270000";"2;8168760000"
202200044967;29;10;2022;01:30;3;69;1;1;1;3;"45;9018902965";"4;6261775494"
202200044968;20;2;2022;17:20;1;95;2;1;1;2;"48;9915600000";"2;3607200000"
202200044969;29;10;2022;16:25;1;85;1;1;1;7;"46;6821340000";" -1;7003380000"
202200044970;1;4;2022;15:35;1;94;2;1;2;6;"48;8454600000";"2;4972900000"
202200044971;19;2;2022;18:30;4;95;2;1;1;6;"49;0062449788";"2;3585736752"
202200044972;11;6;2022;22:50;3;43;1;1;1;7;"45;1251850000";"3;5520170000"
202200044973;27;4;2022;15:10;1;67;1;1;1;4;"48;5870700000";"7;7146300000"
202200044974;28;10;2022;22:40;3;60;1;1;1;7;"49;5127788588";"2;4013323783"
202200044975;30;3;2022;14:15;1;94;2;1;1;6;"48;7879000000";"2;4690800000"
202200044976;19;2;2022;19:30;5;91;1;1;2;2;"48;7201000000";"2;4431300000"
202200044977;17;8;2022;16:56;1;2A;1;1;1;2;"41;9350000000";"8;8030500000"
202200044978;31;3;2022;18:20;1;94;2;1;2;3;"48;8278550899";"2;5438807905"
202200044979;11;6;2022;11:40;1;10;2;2;1;3;"48;1805994870";"4;2294568642"
202200044980;29;10;2022;09:50;1;80;2;2;1;3;"50;1475090000";"1;5989080000"
202200044981;20;2;2022;11:10;1;83;2;1;1;3;"43;1263400000";"5;9254500000"
202200044982;14;8;2022;11:04;1;66;2;1;1;6;"42;7078700000";"2;9028200000"
202200044983;1;4;2022;20:34;5;94;2;4;1;1;"48;8185300000";"2;4004400000"
202200044984;20;2;2022;21:25;5;78;2;1;2;6;"48;9947400000";"2;0985400000"
202200044985;29;10;2022;09:20;1;59;1;1;1;6;"50;7658540000";"2;7280590000"
202200044986;28;4;2022;18:00;1;75;1;1;1;3;"48;8483567007";"2;2485119104"
202200044987;12;6;2022;19:30;1;53;1;3;1;3;"47;7772900000";" -0;7783340000"
202200044988;31;3;2022;15:05;1;94;2;6;2;2;"48;7953300000";"2;4291800000"
202200044989;17;8;2022;19:40;3;974;2;1;1;1;" -21;3309800000";"55;4673600000"
202200044990;29;10;2022;09:15;1;59;1;2;1;3;"50;4790430000";"3;0705930000"
202200044991;1;4;2022;17:00;1;93;2;2;2;6;"48;9387900000";"2;3506600000"
202200044992;11;6;2022;20:30;1;53;1;1;1;1;"47;8123440000";" -0;8233980000"
202200044993;16;8;2022;10:15;1;973;2;1;1;2;"4;9450200000";" -52;3123000000"
202200044994;11;6;2022;18:00;1;24;1;1;1;7;"45;3952860000";"0;3155990000"
202200044995;28;10;2022;18:20;1;13;1;1;1;2;"43;3757968472";"5;3599177301"
202200044996;1;4;2022;15:55;1;93;2;1;2;1;"48;8850900000";"2;5050900000"
202200044997;20;2;2022;17:50;2;69;1;1;1;6;"45;7449958652";"4;9385690689"
202200044998;17;8;2022;09:00;1;973;2;3;1;3;"4;9354056438";" -52;3126807809"
202200044999;12;6;2022;11:30;1;24;1;1;1;7;"45;3119999057";"0;7331771851"
202200045000;28;10;2022;13:00;1;13;1;1;1;3;"43;3025200000";"5;4255400000"
202200045001;1;4;2022;05:00;5;93;2;7;2;6;"48;9225920000";"2;5334780000"
202200045002;11;6;2022;18:00;1;04;1;1;1;6;"43;8145560000";"6;2484530000"
202200045003;17;8;2022;08:20;1;69;2;1;1;6;"45;7366900000";"4;8425200000"
202200045004;20;2;2022;13:30;1;69;2;1;1;2;"45;9908246623";"4;7150927782"
202200045005;22;10;2022;15:50;1;13;1;1;1;6;"43;2845400000";"5;4146700000"
202200045006;1;4;2022;20:40;5;93;2;2;2;3;"48;8710652098";"2;4308565259"
202200045007;12;6;2022;05:30;2;28;1;1;1;2;"48;7512940000";"1;2608310000"
202200045008;20;2;2022;07:00;5;59;2;3;2;3;"50;6662659633";"3;0501088500"
202200045009;16;8;2022;17:50;1;972;1;1;1;5;"14;6182100000";" -61;0347900000"
202200045010;27;10;2022;18:20;1;13;1;1;1;3;"43;3178800000";"5;3773200000"
202200045011;1;4;2022;07:55;1;93;2;6;4;6;"48;9322584476";"2;3993431059"
202200045012;17;8;2022;09:45;1;95;2;1;2;1;"48;9624679589";"2;2804328799"
202200045013;27;10;2022;18:45;3;69;1;1;1;6;"45;7491900000";"4;9888200000"
202200045014;11;6;2022;16:15;1;23;1;1;1;5;"46;0006580000";"2;5444610000"
202200045015;20;2;2022;03:15;5;59;2;4;8;3;"50;6299310000";"3;0649530000"
202200045016;31;3;2022;23:15;5;93;2;3;1;5;"48;8994259212";"2;5048747659"
202200045017;17;8;2022;08:17;1;87;2;3;1;3;"45;9153400000";"1;2982100000"
202200045018;22;10;2022;06:45;5;01;1;1;2;3;"45;8118580000";"4;9412080000"
202200045019;11;6;2022;10:55;1;30;1;1;1;3;"44;0957450000";"4;1513410000"
202200045020;22;1;2022;04:00;3;42;2;9;9;6;"45;4228500000";"4;3752400000"
202200045021;1;4;2022;15:39;1;92;2;1;2;3;"48;9314630000";"2;3322980000"
202200045022;28;10;2022;07:20;5;33;1;1;1;2;"44;7777960000";" -0;5584330000"
202200045023;10;8;2022;22:35;5;86;2;1;1;3;"46;5674200000";"0;3660030000"
202200045024;10;6;2022;20:25;3;987;2;1;8;7;" -17;7120000000";" -149;5080000000"
202200045025;31;3;2022;11:52;1;92;2;1;2;6;"48;8209300000";"2;2017200000"
202200045026;26;9;2022;12:40;1;59;1;1;1;2;"50;6013375092";"3;2478459924"
202200045027;20;2;2022;21:05;5;37;2;2;1;3;"47;3925971299";"0;6789690256"
202200045028;12;6;2022;11:10;1;10;1;1;1;6;"48;3937067448";"4;1524887085"
202200045029;16;8;2022;18:15;1;80;2;6;1;1;"49;9144500000";"2;3103200000"
202200045030;1;4;2022;21:20;5;92;2;1;4;6;"48;8697501072";"2;1947749257"
202200045031;28;10;2022;16:25;1;94;1;1;1;2;"48;7597943467";"2;3218478062"
202200045032;11;6;2022;21:30;5;973;2;1;1;2;"4;8944770000";" -52;2761270000"
202200045033;13;8;2022;14:57;1;80;2;1;1;3;"49;8880000000";"2;2899700000"
202200045034;20;2;2022;15:00;1;33;2;2;2;3;"44;8024400000";" -0;6454000000"
202200045035;1;4;2022;20:30;5;92;2;1;4;2;"48;8801443251";"2;2446880192"
202200045036;27;10;2022;10:02;1;92;1;1;1;2;"48;8890363081";"2;2473751306"
202200045037;11;6;2022;12:50;1;74;1;1;1;7;"45;8201860000";"6;1030770000"
202200045038;28;10;2022;15:14;1;93;1;1;1;2;"48;9142120519";"2;4771938545"
202200045039;19;2;2022;16:35;1;29;2;7;1;1;"48;5744800000";" -3;8318100000"
202200045040;14;8;2022;06:35;1;76;2;4;1;7;"49;4986900000";"0;1070900000"
202200045041;1;4;2022;14:10;1;92;2;1;4;4;"48;8798762088";"2;2443776876"
202200045042;20;2;2022;07:00;3;29;1;1;1;6;"47;9096000000";" -3;9042900000"
202200045043;27;10;2022;22:45;3;95;1;1;1;2;"48;9797000000";"2;2409800000"
202200045044;17;8;2022;19:09;1;76;2;9;1;3;"49;5683164873";"0;4854100943"
202200045045;26;3;2022;13:19;1;92;2;1;1;7;"48;8963681966";"2;2960991263"
202200045046;10;6;2022;18:25;1;33;1;1;1;3;"44;5632000000";" -0;8325150000"
202200045047;17;8;2022;09:35;1;74;2;9;1;6;"46;1878690000";"6;2436160000"
202200045048;10;6;2022;11:50;1;89;1;1;1;6;"47;6928830000";"3;8360390000"
202200045049;28;10;2022;14:20;1;94;1;1;1;3;"48;7706496736";"2;3853272779"
202200045050;1;4;2022;12:50;2;92;2;1;2;6;"48;8354278134";"2;2424232960"
202200045051;16;8;2022;18:50;1;72;2;1;1;6;"48;0094845339";"0;1891279218"
202200045052;20;2;2022;19:43;5;27;1;1;6;6;"49;0962400000";"1;4328800000"
202200045053;27;10;2022;07:38;5;03;2;3;1;6;"46;3526300000";"2;5993400000"
202200045054;12;6;2022;06:15;2;06;1;1;1;6;"43;6042310000";"7;0878770000"
202200045055;17;8;2022;21:10;5;69;1;1;1;6;"45;7566200000";"4;9711200000"
202200045056;2;4;2022;01:45;3;80;1;1;1;1;"50;0773580000";"2;4538990000"
202200045057;19;2;2022;12:45;1;25;2;1;1;6;"47;2257800000";"5;9653200000"
202200045058;11;6;2022;19:20;1;51;1;1;1;7;"49;0750890000";"4;8404000000"
202200045059;11;8;2022;19:47;1;67;2;9;1;1;"48;5977700000";"7;6983600000"
202200045060;27;10;2022;07:10;1;976;2;1;1;1;" -12;7598600000";"45;2272700000"
202200045061;2;4;2022;16:30;1;2B;1;9;2;7;"42;4086280000";"9;4307210000"
202200045062;20;2;2022;10:00;1;22;2;6;8;3;"48;7333300000";" -3;4666700000"
202200045063;27;10;2022;18:40;2;973;2;1;1;6;"4;9265600000";" -52;3244700000"
202200045064;11;8;2022;18:20;1;67;2;1;1;3;"48;5922000000";"7;7440700000"
202200045065;19;2;2022;19:45;2;17;2;1;1;7;"45;7456900000";" -0;6857700000"
202200045066;30;3;2022;18:15;1;51;2;2;1;3;"48;7329730000";"4;5928160000"
202200045067;10;8;2022;13:15;1;67;2;1;1;3;"48;5922000000";"7;7440700000"
202200045068;27;10;2022;16:30;1;973;2;2;1;3;"4;9335524259";" -52;3133111000"
202200045069;27;3;2022;11:15;1;38;1;1;1;2;"45;4424060000";"5;0169430000"
202200045070;23;10;2022;22:40;5;973;2;9;1;7;"4;9299902782";" -52;3088908195"
202200045071;20;2;2022;20:46;4;13;2;1;1;1;"43;2939701489";"5;3737986087"
202200045072;13;8;2022;15:56;1;66;1;1;1;4;"42;6692740000";"2;8968110000"
202200045073;1;4;2022;20:00;2;22;2;1;1;7;"48;4379280000";" -2;2241310000"
202200045074;17;8;2022;12:15;1;64;2;1;3;7;"43;4988900000";" -1;4815800000"
202200045075;27;10;2022;19:15;5;69;2;3;1;1;"45;7282200000";"4;8377700000"
202200045076;28;3;2022;00:00;3;67;1;1;1;6;"48;7404143595";"7;5880980492"
202200045077;27;10;2022;19:40;5;972;1;1;1;2;"14;6148165718";" -61;0126333240"
202200045078;2;4;2022;03:15;3;38;1;1;4;6;"45;3382590000";"5;5605090000"
202200045079;10;6;2022;20:15;5;974;2;1;1;2;" -20;9996160000";"55;6857220000"
202200045080;20;2;2022;11:15;1;13;2;1;1;3;"43;2920300000";"5;3593700000"
202200045081;27;10;2022;17:45;1;972;2;1;1;3;"14;6303600000";" -61;0387300000"
202200045082;2;4;2022;04:40;3;08;1;1;1;7;"49;5173240000";"4;3478290000"
202200045083;27;10;2022;20:35;5;69;2;3;1;1;"45;7601800000";"4;8377200000"
202200045084;6;6;2022;18:15;1;37;2;3;1;3;"47;4062830000";"0;9798650000"
202200045085;20;2;2022;10:45;1;13;2;6;1;5;"43;2850590000";"5;4252280000"
202200045086;27;10;2022;16:05;1;69;2;1;1;6;"45;7358500000";"4;7997600000"
202200045087;17;8;2022;05:00;5;64;2;1;1;6;"43;4890600000";" -1;5226900000"
202200045088;11;6;2022;20:42;1;91;1;1;1;1;"48;5276160000";"2;2067250000"
202200045089;20;2;2022;02:20;5;13;2;2;1;3;"43;3739500000";"5;3558100000"
202200045090;27;10;2022;10:33;1;2A;2;2;1;3;"41;9249500000";"8;7380600000"
202200045091;16;8;2022;11:10;1;63;2;1;1;3;"45;7644400000";"3;0925300000"
202200045092;11;6;2022;07:00;1;66;1;1;1;7;"42;8121590000";"2;9135680000"
202200045093;1;4;2022;18:00;1;19;1;1;4;6;"45;3860560000";"2;0247240000"
202200045094;17;8;2022;19:15;1;59;2;3;2;1;"50;6669200000";"3;0440300000"
202200045095;26;10;2022;18:25;2;2A;2;2;1;3;"41;9249500000";"8;7380600000"
202200045096;20;2;2022;19:00;5;06;2;1;1;5;"43;5490840000";"7;0316440000"
202200045097;31;3;2022;01:33;3;95;1;1;1;2;"48;9986020017";"2;4828337133"
202200045098;11;6;2022;15:52;1;11;1;4;1;3;"43;3428810000";"1;8629550000"
202200045099;20;2;2022;17:30;1;06;2;1;1;6;"43;6663870000";"7;1533430000"
202200045100;26;10;2022;06:45;5;91;2;6;2;3;"48;6506800000";"2;3874600000"
202200045101;15;8;2022;00:30;5;57;2;2;1;3;"49;3576073357";"6;1876418011"
202200045102;26;10;2022;05:45;5;87;2;1;1;7;"45;8213200000";"1;2396500000"
202200045103;2;4;2022;01:00;3;56;1;1;1;6;"48;0314398000";" -3;2605680000"
202200045104;20;2;2022;18:40;3;04;2;1;1;6;"43;8440100000";"5;8324800000"
202200045105;14;8;2022;13:00;1;56;2;1;2;3;"47;6654800000";" -2;7700500000"
202200045106;26;10;2022;12:10;1;87;2;2;1;3;"45;8331300000";"1;2484800000"
202200045107;1;4;2022;09:30;1;2A;1;1;2;3;"42;0531880000";"8;9455640000"
202200045108;20;2;2022;07:25;2;75;2;4;1;6;"48;8330510000";"2;2791970000"
202200045109;17;8;2022;09:30;1;56;2;1;1;1;"47;7619200000";" -3;3858900000"
202200045110;26;10;2022;12:13;1;86;2;1;1;2;"46;5908360000";"0;3527650000"
202200045111;10;6;2022;19:00;1;11;1;4;1;2;"43;3020470000";"2;0334260000"
202200045112;31;3;2022;21:25;3;33;1;1;2;6;"44;7795200000";" -0;3607250000"
202200045113;19;2;2022;17:00;1;75;2;4;1;6;"48;9004410000";"2;3763690000"
202200045114;17;8;2022;16:55;1;49;2;1;1;6;"47;4722600000";" -0;6100800000"
202200045115;11;6;2022;18:55;1;83;1;1;1;1;"43;2642380000";"6;6227920000"
202200045116;1;4;2022;20:00;3;12;1;1;4;6;"44;6269420000";"2;2478590000"
202200045117;27;10;2022;21:25;5;85;2;2;1;3;"46;5069700000";" -1;7773600000"
202200045118;20;2;2022;15:30;1;75;2;4;1;7;"48;8346580000";"2;3533400000"
202200045119;17;8;2022;16:15;1;49;2;2;1;3;"47;5010300000";" -0;5887500000"
202200045120;31;3;2022;17:30;1;46;1;1;1;1;"44;7409660000";"1;4138990000"
202200045121;20;2;2022;10:15;1;75;2;4;1;6;"48;8913300000";"2;3722440000"
202200045122;12;6;2022;09:00;1;13;1;1;1;1;"43;6950750000";"5;3440980000"
202200045123;20;2;2022;21:40;5;75;2;1;2;6;"48;8249260000";"2;3790280000"
202200045124;16;8;2022;16:07;1;49;2;4;1;2;"47;4540500000";" -0;5685000000"
202200045125;2;4;2022;05:18;3;34;1;1;1;6;"43;7463750000";"3;3311100000"
202200045126;26;10;2022;23:05;5;83;2;2;1;3;"43;1234500000";"5;9480900000"
202200045127;12;6;2022;12:40;1;13;1;3;1;3;"43;6624510000";"5;3465600000"
202200045128;14;8;2022;18:25;1;49;2;1;1;7;"47;4900300000";" -0;5232800000"
202200045129;26;10;2022;18:30;1;81;2;1;1;6;"43;5099000000";"2;3638400000"
202200045130;19;2;2022;22:45;5;75;2;2;1;3;"48;8215700000";"2;3724980000"
202200045131;13;8;2022;05:27;3;49;1;1;1;2;"47;5109400000";" -0;6181500000"
202200045132;12;6;2022;15:40;1;38;1;1;1;6;"45;3786335398";"4;8047736664"
202200045133;12;8;2022;16:55;1;49;2;1;1;7;"47;4696000000";" -0;5195600000"
202200045134;2;4;2022;11:10;1;50;1;1;1;2;"48;9853290000";" -1;2762190000"
202200045135;8;10;2022;11:00;1;77;2;9;1;6;"48;7411200000";"2;7363100000"
202200045136;20;2;2022;17:10;1;75;2;2;1;3;"48;8687940000";"2;3676320000"
202200045137;26;10;2022;18:25;1;76;2;1;1;6;"49;5023600000";"0;1866800000"
202200045138;16;8;2022;09:16;1;49;1;1;2;7;"47;4807600000";" -0;4883200000"
202200045139;2;4;2022;19:15;1;64;1;1;8;7;"43;3527380000";" -1;3670360000"
202200045140;11;6;2022;17:30;1;89;1;1;1;7;"48;2535690000";"3;2773810000"
202200045141;27;10;2022;18:15;1;76;2;1;1;3;"49;9217300000";"1;0732400000"
202200045142;20;2;2022;02:20;5;75;2;2;1;1;"48;8681020000";"2;3724340000"
202200045143;29;3;2022;23:55;3;16;1;1;1;7;"45;4452960000";"0;2176560000"
202200045144;12;6;2022;14:00;1;21;1;1;1;6;"47;2639628359";"5;1358551978"
202200045145;17;8;2022;18:40;1;43;2;3;3;3;"45;0555400000";"3;9026100000"
202200045146;2;4;2022;01:30;3;85;1;1;1;7;"46;5917800000";" -1;1215600000"
202200045147;27;10;2022;15:45;1;76;2;2;1;3;"49;9181800000";"1;0872000000"
202200045148;12;6;2022;02:00;3;68;1;1;1;6;"47;9406410000";"7;0064020000"
202200045149;20;2;2022;11:10;1;75;2;2;1;3;"48;8698670000";"2;3607240000"