Accident_Id;jour;mois;an;hrmn;lum;dep;agg;int;atm;col;lat;long
202200045150;17;8;2022;14:00;1;43;2;1;1;3;"45;0490300000";"3;9146500000"
202200045151;27;10;2022;08:00;2;76;2;6;2;3;"49;9264200000";"1;0800500000"
202200045152;2;4;2022;14:55;1;37;2;1;1;2;"47;4098950000";"0;7974640000"
202200045153;11;6;2022;19:45;2;57;1;1;7;2;"49;2186480000";"6;6411070000"
202200045154;20;2;2022;05:38;5;75;2;2;1;3;"48;8774260000";"2;3490920000"
202200045155;20;7;2022;23:30;5;42;2;2;1;3;"45;4351400000";"4;3840900000"
202200045156;26;10;2022;14:50;1;71;2;2;1;1;"46;3394032668";"4;8367449045"
202200045157;28;10;2022;00:30;3;69;1;1;1;6;"45;7152600000";"4;8423500000"
202200045158;12;6;2022;07:10;1;03;2;1;1;6;"46;3251640000";"3;4294620000"
202200045159;19;2;2022;20:30;5;75;2;1;1;6;"48;8793800000";"2;3363960000"
202200045160;1;4;2022;11:15;1;978;2;9;1;6;"18;0820740000";" -63;0678910000"
202200045161;10;6;2022;19:44;1;03;1;1;1;7;"46;1256190000";"3;7051280000"
202200045162;17;8;2022;09:45;1;38;2;1;1;6;"45;1760500000";"5;7152700000"
202200045163;27;10;2022;18:15;1;69;2;6;1;5;"45;6973300000";"4;8908600000"
202200045164;20;2;2022;05:40;5;94;2;1;1;3;"48;8139200000";"2;5092400000"
202200045165;1;4;2022;16:00;1;987;1;1;2;3;" -16;5153770000";" -151;7324780000"
202200045166;16;8;2022;10:50;1;38;2;1;1;6;"45;1815300000";"5;7316000000"
202200045167;2;4;2022;02:00;3;988;1;1;5;6;" -21;5962700000";"165;5636000000"
202200045168;27;10;2022;08:20;1;69;2;6;1;3;"45;7168800000";"4;9581000000"
202200045169;17;8;2022;16:00;1;37;2;1;1;7;"47;3811492228";"0;7433983684"
202200045170;1;4;2022;17:00;1;988;1;1;2;7;" -22;1542700000";"166;8230800000"
202200045171;19;2;2022;14:15;1;94;2;3;1;3;"48;8218500000";"2;4901300000"
202200045172;11;6;2022;20:08;2;26;1;1;1;6;"44;9021230000";"5;1118450000"
202200045173;27;10;2022;07:30;2;69;2;2;1;3;"45;7031200000";"4;8874900000"
202200045174;1;4;2022;00:30;5;30;2;1;1;6;"44;0338900000";"4;0991770000"
202200045175;20;2;2022;03:30;3;93;2;1;1;6;"48;9317800000";"2;5305000000"
202200045176;17;8;2022;19:20;1;35;2;3;2;3;"48;1080400000";" -1;7006000000"
202200045177;11;6;2022;16:00;1;81;2;1;1;1;"43;5659600000";"2;0030900000"
202200045178;1;4;2022;09:15;1;83;2;1;1;6;"43;4558160000";"6;6833030000"
202200045179;17;8;2022;16:50;1;31;2;1;1;3;"43;6249400000";"1;3989200000"
202200045180;26;10;2022;13:10;1;69;2;1;1;1;"45;7177300000";"4;8545700000"
202200045181;20;2;2022;16:36;1;93;2;2;1;6;"48;9033800000";"2;3922500000"
202200045182;26;10;2022;19:15;5;67;2;1;1;1;"48;5213845654";"7;7284580469"
202200045183;14;8;2022;19:00;1;30;2;3;1;3;"44;1612800000";"4;6244400000"
202200045184;31;3;2022;18:25;1;67;2;3;2;3;"48;8983290000";"7;9196750000"
202200045185;11;6;2022;12:15;1;65;1;1;1;3;"42;9870240000";"0;2270680000"
202200045186;20;2;2022;16:45;1;93;2;1;8;3;"48;9155900000";"2;4166900000"
202200045187;2;4;2022;01:45;5;69;1;1;4;6;"45;8834530000";"4;7063800000"
202200045188;27;10;2022;21:25;3;67;1;1;8;2;"48;8627200000";"7;7018490000"
202200045189;12;6;2022;08:45;1;31;2;6;1;1;"43;4863420000";"1;3401770000"
202200045190;20;2;2022;10:00;1;93;2;1;1;3;"48;8532300000";"2;5327200000"
202200045191;17;8;2022;10:20;1;13;2;1;1;3;"43;2963300000";"5;5957700000"
202200045192;31;3;2022;17:25;1;69;2;6;1;3;"45;6310820000";"4;9335800000"
202200045193;27;10;2022;08:03;2;66;2;1;1;3;"42;6902700000";"2;8800400000"
202200045194;11;6;2022;17:25;1;23;1;1;1;3;"45;7829230000";"2;1551230000"
202200045195;20;2;2022;02:10;5;93;2;3;1;6;"48;9119901923";"2;5207708732"
202200045196;2;4;2022;20:10;3;69;1;1;4;6;"45;9006640000";"4;8650340000"
202200045197;27;10;2022;14:56;1;60;2;2;1;6;"49;4369500000";"2;0845900000"
202200045198;12;6;2022;16:20;1;17;1;1;1;7;"46;1723420000";" -1;3345810000"
202200045199;2;4;2022;12:30;1;81;2;1;2;2;"43;6972620000";"1;8154750000"
202200045200;19;2;2022;11:30;1;92;2;3;1;2;"48;8900301092";"2;2717346102"
202200045201;26;10;2022;08:10;1;60;2;2;1;3;"49;4370300000";"2;0753300000"
202200045202;12;6;2022;01:35;3;85;1;1;1;6;"46;7763200000";" -1;8216980000"
202200045203;1;4;2022;17:30;1;46;2;1;1;6;"44;6064790000";"2;0244880000"
202200045204;27;10;2022;23:15;5;59;2;2;1;6;"50;7824210000";"3;1341910000"
202200045205;12;6;2022;14:45;1;61;1;1;1;6;"48;4032020000";" -0;0041740000"
202200045206;19;2;2022;10:27;1;37;2;3;1;1;"47;3234821697";"0;4077135399"
202200045207;1;4;2022;18:50;1;47;2;1;1;2;"44;5043560000";"0;1827940000"
202200045208;27;10;2022;21:10;5;59;2;3;1;3;"50;6350400000";"3;0299600000"
202200045209;11;6;2022;02:20;3;60;1;6;1;7;"49;0905080000";"2;7522380000"
202200045210;2;4;2022;01:55;3;14;1;1;4;6;"48;8941200000";" -0;2179880000"
202200045211;27;10;2022;10:00;1;59;2;1;1;6;"50;6226590369";"2;9880961776"
202200045212;28;3;2022;18:20;1;60;2;2;1;3;"49;5913720000";"2;7748950000"
202200045213;10;6;2022;17:50;1;13;1;1;1;2;"43;2949280367";"5;4244083166"
202200045214;20;2;2022;11:00;1;83;1;1;1;4;"43;4643510000";"6;2762620000"
202200045215;26;10;2022;23:05;5;59;2;1;1;2;"50;5781248079";"3;0328756571"
202200045216;1;4;2022;16:30;1;33;1;1;1;4;"44;8891500000";" -0;5980500000"
202200045217;27;10;2022;07:30;5;59;2;1;1;6;"50;6706400000";"2;9027300000"
202200045218;10;6;2022;15:20;1;42;1;1;1;6;"45;4669900000";"4;4981400000"
202200045219;31;3;2022;16:10;1;33;1;1;1;4;"44;8433900000";" -0;5014500000"
202200045220;27;10;2022;07:55;2;54;2;4;1;6;"48;6945815401";"6;1280858517"
202200045221;11;6;2022;17:00;1;91;1;1;1;3;"48;6234900000";"2;3833500000"
202200045222;31;3;2022;18:10;1;59;1;1;1;3;"50;6198500000";"3;0077800000"
202200045223;1;4;2022;11:03;1;78;1;1;8;6;"48;7936200000";"2;0515400000"
202200045224;11;6;2022;14:50;1;94;1;1;1;7;"48;8009709861";"2;3420251782"
202200045225;26;10;2022;17:05;1;54;2;2;1;3;"48;6702567242";"6;1582338810"
202200045226;31;3;2022;18:00;1;78;1;1;1;2;"48;7785170000";"2;2068820000"
202200045227;26;10;2022;12:25;1;54;2;3;1;3;"48;6813015023";"6;1661437154"
202200045228;1;4;2022;09:00;1;93;1;1;4;4;"48;9023200000";"2;4704700000"
202200045229;11;6;2022;13:30;1;94;1;1;1;3;"48;7915034874";"2;3446894229"
202200045230;26;10;2022;13:00;1;52;2;9;1;3;"48;1018200000";"5;1245400000"
202200045231;14;3;2022;17:45;1;93;1;1;1;4;"48;9020759840";"2;4704122732"
202200045232;27;10;2022;08:45;1;51;2;1;1;2;"49;2299300000";"4;0700000000"
202200045233;11;6;2022;05:20;3;93;1;1;1;7;"48;8349002767";"2;5774733817"
202200045234;31;3;2022;22:30;3;95;1;1;1;2;"49;0702200000";"2;2471200000"
202200045235;26;10;2022;16:37;1;49;2;1;1;1;"47;4884200000";" -0;5346900000"
202200045236;27;10;2022;17:10;1;37;2;1;1;6;"47;3796454107";"0;6699889898"
202200045237;10;6;2022;18:00;1;59;2;1;1;6;"50;7363930000";"3;1921340000"
202200045238;1;4;2022;13:00;1;94;1;1;1;4;"48;7740034256";"2;4056004171"
202200045239;27;10;2022;21:35;3;34;2;1;1;6;"43;6068600000";"3;8379700000"
202200045240;31;3;2022;07:00;1;976;2;1;1;6;" -12;8199200000";"45;1958500000"
202200045241;30;3;2022;18:45;1;38;2;1;8;3;"45;1569600000";"5;7057500000"
202200045242;26;10;2022;16:45;1;33;2;2;1;3;"44;7999723247";" -0;6243635416"
202200045243;4;6;2022;20:10;1;94;2;1;3;6;"48;7700800000";"2;4837500000"
202200045244;30;3;2022;16:40;2;976;2;1;1;3;" -12;7876300000";"45;2253500000"
202200045245;26;10;2022;11:45;1;31;2;1;1;3;"43;5898380000";"1;4517560000"
202200045246;31;3;2022;07:30;1;974;1;9;1;2;" -21;3456000000";"55;4985200000"
202200045247;26;9;2022;15:55;1;30;2;3;1;3;"43;8517000000";"4;3992600000"
202200045248;30;3;2022;13:45;1;974;2;1;1;6;" -20;8896800000";"55;4772900000"
202200045249;27;10;2022;04:40;5;29;1;6;2;6;"47;9799120000";" -4;0807071000"
202200045250;11;4;2022;22:20;5;42;2;1;1;6;"45;4467500000";"4;3982900000"
202200045251;27;10;2022;13:35;1;29;2;1;2;6;"47;9815800000";" -4;0968300000"
202200045252;30;3;2022;11:55;1;974;2;1;1;3;" -20;8935700000";"55;4736100000"
202200045253;26;10;2022;17:15;1;29;2;1;1;6;"47;8765700000";" -3;9162600000"
202200045254;30;3;2022;06:45;1;974;2;1;1;3;" -20;9324800000";"55;2944700000"
202200045255;14;3;2022;15:58;1;32;2;1;1;2;"43;6661230000";"0;6188650000"
202200045256;9;4;2022;20:25;5;30;2;1;1;6;"44;0996000000";"4;0846900000"
202200045257;27;10;2022;12:25;1;28;2;3;1;1;"48;7434300000";"1;3553700000"
202200045258;31;3;2022;16:30;1;973;2;2;1;3;"4;9333332996";" -52;3317204416"
202200045259;27;10;2022;12:30;1;28;2;6;1;2;"48;7325000000";"1;3417800000"
202200045260;10;6;2022;12:10;1;976;2;9;1;7;" -12;7706300000";"45;2236900000"
202200045261;31;3;2022;08:30;1;973;2;1;1;1;"4;9150500000";" -52;3209700000"
202200045262;27;10;2022;12:30;1;27;2;1;1;6;"49;0942900000";"1;4819200000"
202200045263;30;3;2022;13:00;1;973;2;1;1;1;"4;9178000000";" -52;3213600000"
202200045264;8;6;2022;12:00;1;974;2;1;1;2;" -20;9042900000";"55;4945500000"
202200045265;27;10;2022;17:25;1;26;2;6;1;3;"44;9223300000";"4;8908100000"
202200045266;31;3;2022;18:10;1;69;2;2;1;3;"45;7521700000";"4;8867300000"
202200045267;31;3;2022;16:35;1;69;2;1;1;6;"45;7597300000";"4;8618100000"
202200045268;31;3;2022;09:40;1;69;2;2;1;3;"45;7670700000";"4;8476500000"
202200045269;26;10;2022;15:40;1;21;2;3;1;6;"47;3288890000";"5;0633950000"
202200045270;27;10;2022;08:00;1;17;2;1;1;7;"45;7379900000";" -0;6434600000"
202200045271;31;3;2022;07:55;1;972;2;1;1;5;"14;6182000000";" -61;0194200000"
202200045272;26;10;2022;09:00;1;17;2;4;1;1;"45;6230500000";" -1;0103500000"
202200045273;31;3;2022;07:04;1;972;2;9;8;4;"14;6165300000";" -61;0714900000"
202200045274;27;10;2022;13:10;1;14;2;1;1;2;"49;1702350000";" -0;3730650000"
202200045275;31;3;2022;09:05;1;69;2;1;2;2;"45;7844300000";"4;7997900000"
202200045276;27;10;2022;20:30;5;13;2;1;1;2;"43;2764000000";"5;3978600000"
202200045277;27;9;2022;19:00;2;13;2;1;1;3;"43;2887500000";"5;4305100000"
202200045278;31;3;2022;16:55;1;91;2;2;1;4;"48;6508600000";"2;3825300000"
202200045279;27;10;2022;16:50;1;13;2;1;1;6;"43;3297100000";"5;4138600000"
202200045280;27;10;2022;11:30;1;13;2;1;1;3;"43;2812685295";"5;4055509285"
202200045281;31;3;2022;11:49;1;87;2;2;2;7;"45;8065000000";"1;2266700000"
202200045282;18;3;2022;07:45;1;84;2;1;1;2;"44;1214200000";"4;8407500000"
202200045283;31;3;2022;17:05;1;76;2;2;2;6;"49;4464130000";"1;0707940000"
202200045284;31;3;2022;07:05;2;74;2;1;2;6;"46;1749800000";"6;2475000000"
202200045285;11;5;2022;09:25;1;94;2;1;1;3;"48;7680353496";"2;4868454932"
202200045286;26;3;2022;15:48;1;71;2;1;1;6;"46;2982500000";"4;8286800000"
202200045287;27;10;2022;07:58;3;11;1;9;1;3;"43;2059800000";"2;3893100000"
202200045288;11;5;2022;07:40;2;94;2;1;1;3;"48;8022100000";"2;4655300000"
202200045289;31;3;2022;10:00;1;69;2;1;8;6;"45;7711300000";"4;9636300000"
202200045290;27;10;2022;15:00;1;09;2;1;1;2;"42;9635400000";"1;6070000000"
202200045291;12;5;2022;21:25;2;94;2;2;1;3;"48;7350100000";"2;4207500000"
202200045292;30;3;2022;14:00;1;69;2;3;1;3;"45;7301100000";"4;8913200000"
202200045293;11;5;2022;21:00;1;94;2;1;1;6;"48;7731300000";"2;4980000000"
202200045294;27;10;2022;10:25;1;06;2;1;1;6;"43;6575100000";"6;9220800000"
202200045295;30;3;2022;15:20;1;67;1;3;2;3;"48;6299700000";"7;7766300000"
202200045296;21;10;2022;19:55;5;04;2;1;1;1;"43;8298600000";"5;8075800000"
202200045297;12;5;2022;09:00;1;94;2;3;1;2;"48;8144900000";"2;4116900000"
202200045298;1;3;2022;09:10;1;64;1;1;2;4;"43;2970446770";" -0;2989772448"
202200045299;12;5;2022;15:25;1;93;2;1;1;3;"48;9446749949";"2;5083455443"
202200045300;27;10;2022;19:15;5;75;2;3;1;6;"48;8527030000";"2;3339250000"
202200045301;30;3;2022;13:35;1;64;2;1;8;6;"43;4805000000";" -1;5096600000"
202200045302;12;5;2022;08:00;1;93;2;1;1;3;"48;9471224051";"2;3730307817"
202200045303;27;10;2022;20:00;2;75;2;2;1;6;"48;8708170000";"2;3784380000"
202200045304;16;2;2022;19:35;3;62;1;9;6;3;"50;4372400000";"2;7502300000"
202200045305;12;5;2022;19:17;1;93;2;1;1;3;"48;9005016833";"2;5266006589"
202200045306;27;10;2022;16:20;1;75;2;3;1;6;"48;8376680000";"2;3355890000"
202200045307;31;3;2022;11:45;1;59;2;9;8;3;"50;7435200000";"3;1448400000"
202200045308;12;5;2022;09:00;1;93;2;3;1;6;"48;8957231825";"2;5143268704"
202200045309;31;3;2022;18:15;1;59;2;9;2;3;"50;6727500000";"3;1277300000"
202200045310;12;5;2022;09:05;1;93;2;1;7;6;"48;8636300000";"2;4253100000"
202200045311;31;3;2022;15:00;1;59;2;2;1;6;"50;6640150000";"3;1302160000"
202200045312;27;10;2022;17:15;1;94;2;1;1;6;"48;7783300000";"2;4551900000"
202200045313;31;3;2022;04:20;5;59;2;2;1;3;"50;6875379336";"3;1667546108"
202200045314;31;3;2022;16:30;1;59;2;1;1;6;"50;6178383271";"3;0635864138"
202200045315;11;5;2022;17:41;1;93;2;3;1;3;"48;9195730000";"2;4597410000"
202200045316;27;10;2022;15:51;1;92;2;1;1;6;"48;8141800000";"2;3203200000"
202200045317;29;3;2022;17:50;1;59;1;2;1;3;"50;3796400000";"3;2837400000"
202200045318;12;5;2022;10:40;1;93;2;5;9;3;"48;9295700000";"2;3859600000"
202200045319;26;10;2022;22:48;5;75;2;4;1;3;"48;8378520000";"2;3553110000"
202200045320;31;3;2022;14:30;1;54;1;1;2;1;"49;4779600000";"5;8564400000"
202200045321;12;5;2022;17:20;1;93;2;1;1;3;"48;9083902240";"2;4516718090"
202200045322;31;3;2022;09:50;1;51;2;1;1;6;"49;2313800000";"4;0072300000"
202200045323;27;10;2022;07:20;5;75;2;3;1;6;"48;8805000000";"2;3765360000"
202200045324;14;4;2022;12:50;1;92;1;1;1;2;"48;9355330000";"2;3342200000"
202200045325;31;3;2022;16:30;1;50;2;1;1;3;"48;8309000000";" -1;5750900000"
202200045326;10;5;2022;18:25;1;92;2;9;1;3;"48;9390330000";"2;3239790000"
202200045327;27;10;2022;16:45;1;75;2;3;1;3;"48;8920230000";"2;3598380000"
202200045328;29;3;2022;11:05;1;50;2;1;2;4;"49;6334400000";" -1;5920900000"
202200045329;12;5;2022;13:50;1;92;2;1;1;3;"48;8140500000";"2;1926400000"
202200045330;30;3;2022;17:50;1;49;2;1;1;2;"47;4714800000";" -0;6020400000"
202200045331;12;5;2022;09:25;1;92;2;9;1;3;"48;8809400000";"2;2453680000"
202200045332;27;10;2022;08:50;1;75;2;3;1;6;"48;8846710000";"2;3294110000"
202200045333;12;5;2022;11:40;1;92;2;1;1;1;"48;7931192599";"2;2209602594"
202200045334;26;10;2022;14:30;1;75;2;7;1;3;"48;8341200000";"2;3333170000"
202200045335;12;5;2022;17:45;1;92;2;1;1;6;"48;8926584200";"2;2959411442"
202200045336;12;5;2022;09:20;1;92;2;1;1;3;"48;9098100000";"2;2550300000"
202200045337;25;10;2022;14:05;1;75;2;2;1;3;"48;8333440000";"2;4022730000"
202200045338;31;3;2022;10:00;1;38;2;3;8;3;"45;1545400000";"5;7122100000"
202200045339;12;5;2022;19:40;1;92;1;1;1;7;"48;8944404697";"2;2397126555"
202200045340;26;10;2022;22:13;5;75;2;2;1;7;"48;8791470000";"2;3031300000"
202200045341;12;5;2022;09:00;1;92;2;1;1;2;"48;9029914141";"2;2709158659"
202200045342;11;5;2022;19:50;1;92;2;2;1;1;"48;9302689663";"2;2616859823"
202200045343;26;10;2022;01:29;5;75;2;1;1;4;"48;8685820000";"2;3144260000"
202200045344;10;5;2022;06:00;2;92;2;1;1;6;"48;9312970000";"2;2670040000"
202200045345;27;10;2022;02:30;5;75;2;3;1;6;"48;8603240000";"2;3530100000"
202200045346;12;5;2022;12:40;1;92;2;2;7;3;"48;8999117791";"2;3144666254"
202200045347;26;10;2022;13:50;1;75;2;3;1;6;"48;8630750000";"2;3667460000"
202200045348;12;5;2022;13:00;1;92;2;1;1;6;"48;8023137196";"2;2660034001"
202200045349;26;10;2022;08:10;1;75;2;2;1;3;"48;8593630000";"2;3561420000"
202200045350;12;5;2022;12:00;1;92;2;4;1;7;"48;7920560094";"2;2897998244"
202200045351;27;10;2022;11:27;1;94;2;1;1;2;"48;8452800000";"2;4330300000"
202200045352;12;5;2022;13:05;1;92;2;3;1;1;"48;7959164740";"2;2937978581"
202200045353;27;10;2022;19:15;5;94;2;1;1;3;"48;8122900000";"2;4287900000"
202200045354;12;5;2022;14:20;1;92;2;1;1;2;"48;7452367100";"2;3151646703"
202200045355;27;10;2022;10:50;1;94;2;6;1;3;"48;8057000000";"2;5335000000"
202200045356;12;5;2022;09:40;1;92;2;1;1;3;"48;7519844440";"2;3045203239"
202200045357;13;5;2022;06:20;2;39;1;1;1;1;"46;7809900000";"6;0144500000"
202200045358;26;10;2022;08:20;1;94;2;2;1;3;"48;7815000000";"2;5305000000"
202200045359;13;5;2022;10:20;1;37;2;1;1;6;"47;2390716232";"0;1277858019"
202200045360;27;10;2022;17:50;2;93;2;1;1;2;"48;9072516668";"2;3322548335"
202200045361;12;5;2022;22:50;5;02;2;1;1;6;"49;7394580000";"3;2517920000"
202200045362;11;5;2022;19:45;1;31;1;1;1;6;"43;5153620000";"1;4791100000"
202200045363;26;10;2022;21:00;5;93;2;2;1;3;"48;8541400000";"2;4277100000"
202200045364;12;5;2022;15:25;1;28;1;1;1;2;"48;2100390000";"0;9322390000"
202200045365;26;10;2022;05:58;5;93;2;1;1;3;"48;8745018910";"2;4315522078"
202200045366;29;4;2022;23:30;3;84;1;1;1;5;"43;8995200000";"5;1062820000"
202200045367;25;10;2022;08:30;1;93;2;1;1;3;"48;9170901993";"2;4456202846"
202200045368;12;5;2022;18:50;2;50;1;1;7;7;"48;8802610000";" -1;0793850000"
202200045369;12;5;2022;18:30;2;62;1;2;1;3;"50;1094670000";"2;4416660000"
202200045370;13;5;2022;08:40;1;83;1;4;1;6;"43;4709231986";"5;9568214417"
202200045371;12;5;2022;15:15;1;59;2;1;1;3;"50;0590815108";"4;0925882847"
202200045372;12;5;2022;17:30;1;19;1;1;2;1;"45;5059619222";"2;3076095581"
202200045373;13;5;2022;07:41;1;65;2;1;1;7;"42;8985070000";" -0;1108100000"
202200045374;13;5;2022;16:00;1;71;1;1;1;6;"46;6061200000";"5;1033000000"
202200045375;12;5;2022;22:40;3;71;2;6;3;6;"46;4435790000";"4;8835460000"
202200045376;12;5;2022;00:00;3;61;2;1;1;7;"48;2977090000";"0;7539100000"
202200045377;13;5;2022;07:35;1;61;2;3;1;3;"48;3689410000";"0;3952990000"
202200045378;13;5;2022;12:40;1;34;1;3;1;1;"43;4796430000";"2;6803210000"
202200045379;13;5;2022;07:00;1;29;1;1;1;6;"48;1252670000";" -4;1289280000"
202200045380;10;5;2022;18:35;1;38;2;1;1;3;"45;2763590000";"5;8739130000"
202200045381;30;4;2022;22:15;5;01;1;2;1;3;"46;1778540000";"5;0731300000"
202200045382;13;5;2022;04:00;3;72;2;1;1;6;"47;6685460000";"0;3962810000"
202200045383;11;5;2022;03:20;3;72;1;1;1;6;"48;0225800000";"0;0365600000"
202200045384;11;5;2022;17:15;1;72;1;9;1;3;"48;0044110000";"0;0781430000"
202200045385;12;5;2022;22:45;3;60;1;1;1;6;"49;5458460000";"2;2032310000"
202200045386;13;5;2022;17:45;1;60;1;3;1;2;"49;3803890000";"2;1025300000"
202200045387;13;5;2022;07:15;1;45;1;1;1;1;"47;6205200000";"2;7602930000"
202200045388;13;5;2022;08:30;1;43;1;1;1;7;"45;1047734866";"3;8463735580"
202200045389;13;5;2022;17:00;1;04;1;1;1;1;"43;8752520000";"5;6711660000"
202200045390;18;3;2022;18:50;2;27;1;2;1;3;"49;2962830000";"0;9356190000"
202200045391;13;5;2022;15:30;1;87;1;1;1;7;"45;7966060000";"1;8415730000"
202200045392;11;5;2022;14:35;1;987;1;1;1;2;" -17;7233790000";" -149;5057300000"
202200045393;12;5;2022;13:40;1;978;2;4;1;6;"18;0995800000";" -63;0550220000"
202200045394;12;5;2022;22:20;3;89;1;1;1;2;"47;5045160000";"4;0451440000"
202200045395;13;5;2022;17:30;1;25;1;1;1;5;"47;1428830000";"6;3733790000"
202200045396;12;5;2022;17:30;2;974;2;1;1;7;" -20;9455290000";"55;5232980000"
202200045397;12;5;2022;01:30;4;971;2;1;2;6;"16;1474110000";" -61;7703240000"
202200045398;13;5;2022;10:30;1;18;2;1;1;7;"46;9939020000";"2;2485360000"
202200045399;13;5;2022;11:00;1;83;2;1;1;6;"43;1804590000";"5;6800710000"
202200045400;11;5;2022;16:45;1;83;2;6;1;3;"43;4556530000";"6;6902820000"
202200045401;11;5;2022;17:00;1;83;2;1;1;3;"43;3422186339";"6;6974115372"
202200045402;12;5;2022;11:57;1;83;1;1;1;6;"43;4160920000";"6;0157710000"
202200045403;13;5;2022;15:50;1;06;2;1;1;7;"43;7201560000";"7;1483660000"
202200045404;11;5;2022;16:35;1;13;2;1;1;3;"43;4833780000";"5;2301760000"
202200045405;12;5;2022;08:15;1;13;1;1;1;2;"43;4928300000";"5;2063930000"
202200045406;12;5;2022;07:48;1;57;2;1;1;6;"49;0443490000";"6;5989300000"
202200045407;11;5;2022;09:30;1;38;1;1;1;2;"45;5523960000";"4;9399020000"
202200045408;12;5;2022;15:40;1;81;1;1;1;3;"43;5296180000";"2;0985170000"
202200045409;13;5;2022;10:30;1;86;1;1;1;1;"46;6936270000";"0;3448460000"
202200045410;1;5;2022;11:30;1;33;2;1;1;1;"44;6978690000";" -0;4380800000"
202200045411;29;4;2022;16:57;1;61;2;3;1;3;"48;4768940000";" -0;1502730000"
202200045412;13;5;2022;08:45;1;60;1;6;1;2;"49;2058920000";"2;4616030000"
202200045413;12;5;2022;17:30;1;13;1;1;1;2;"43;3698600000";"5;3609500000"
202200045414;12;5;2022;07:50;1;13;1;1;1;3;"43;3501120123";"5;3687160532"
202200045415;11;5;2022;23:45;3;13;1;1;1;3;"43;2843100000";"5;4047200000"
202200045416;12;5;2022;00:45;4;83;1;1;1;6;"43;1271417286";"5;8226251602"
202200045417;11;5;2022;09:53;1;69;1;1;1;2;"45;6291400000";"4;8934000000"
202200045418;9;5;2022;07:35;1;54;1;1;1;4;"48;6414300000";"6;1689000000"
202200045419;12;5;2022;09:05;1;94;1;1;1;5;"48;7704400000";"2;3455100000"
202200045420;12;5;2022;07:55;1;91;1;1;1;4;"48;6413700000";"2;3933000000"
202200045421;11;5;2022;15:10;1;91;1;1;1;2;"48;6258300000";"2;3396500000"
202200045422;11;5;2022;09:05;1;78;1;1;1;3;"48;8316010000";"2;1433150000"
202200045423;12;5;2022;17:05;1;93;1;1;8;6;"48;9342794840";"2;3940796890"
202200045424;12;5;2022;17:30;1;93;1;1;1;2;"48;8816854527";"2;4736058678"
202200045425;12;5;2022;08:25;1;93;1;9;1;3;"48;9266789645";"2;3358397729"
202200045426;11;5;2022;09:15;1;95;1;1;1;2;"48;9601120000";"2;2711210000"
202200045427;11;5;2022;05:45;2;93;1;1;1;3;"48;8952000000";"2;4708000000"
202200045428;12;5;2022;19:30;1;94;1;1;1;3;"48;7580900000";"2;4799800000"
202200045429;12;5;2022;13:40;1;94;1;1;1;3;"48;8331000000";"2;5339900000"
202200045430;12;5;2022;12:20;1;94;1;1;1;3;"48;7538424491";"2;3542632476"
202200045431;11;5;2022;22:25;3;94;1;1;1;7;"48;8302741187";"2;4916889276"
202200045432;7;5;2022;16:10;1;94;1;1;1;6;"48;8302008945";"2;4957669959"
202200045433;9;2;2022;12:00;1;07;2;2;1;7;"44;3758610000";"4;6461710000"
202200045434;12;5;2022;07:55;1;988;2;1;1;6;" -22;2363100000";"166;4473200000"
202200045435;11;5;2022;13:25;1;976;2;9;1;7;" -12;7796700000";"45;2309200000"
202200045436;11;5;2022;07:20;1;976;2;1;1;6;" -12;8059100000";"45;2101900000"
202200045437;11;5;2022;14:15;1;974;1;9;2;7;" -20;9502000000";"55;3017500000"
202200045438;11;5;2022;13:50;1;973;2;9;1;1;"4;9367097074";" -52;3233009875"
202200045439;11;5;2022;08:35;1;973;2;1;1;6;"4;9373038394";" -52;2908905149"
202200045440;11;5;2022;23:30;5;69;2;3;1;3;"45;7241300000";"4;8646500000"
202200045441;11;5;2022;16:30;1;69;2;1;1;6;"45;7050100000";"4;8875000000"
202200045442;22;4;2022;16:00;1;69;2;1;1;2;"45;7316400000";"4;8249000000"
202200045443;11;5;2022;12:24;1;972;1;1;1;6;"14;6049900000";" -61;0868400000"
202200045444;11;5;2022;08:45;1;972;1;1;1;2;"14;6181080232";" -61;0354578495"
202200045445;11;5;2022;19:00;1;69;2;1;1;2;"45;7442486660";"4;7837707400"
202200045446;11;5;2022;08:30;1;69;2;1;1;6;"45;8111300000";"4;8948700000"
202200045447;11;5;2022;09:15;1;2B;2;1;1;4;"42;6971200000";"9;4527200000"
202200045448;11;5;2022;19:45;1;95;2;3;1;3;"49;0378300000";"2;4549300000"
202200045449;11;5;2022;14:55;1;91;2;9;1;6;"48;6469300000";"2;2745100000"
202200045450;11;5;2022;18:36;1;88;1;1;1;4;"48;0217300000";"6;6768300000"
202200045451;10;5;2022;08:59;1;87;1;1;1;4;"45;8204940000";"1;1929350000"
202200045452;29;4;2022;13:00;1;84;2;3;1;3;"44;0329888186";"5;0427675247"
202200045453;10;3;2022;16:45;1;84;1;1;1;3;"44;0410400000";"5;0779600000"
202200045454;11;5;2022;11:20;1;83;2;9;1;6;"43;1421322745";"5;7477644384"
202200045455;26;4;2022;18:49;1;83;2;1;1;6;"43;1242300000";"6;1461000000"