Accident_Id;jour;mois;an;hrmn;lum;dep;agg;int;atm;col;lat;long
202200046378;10;6;2022;16:10;1;44;1;1;7;3;"47;2487600000";" -1;6343800000"
202200046379;8;7;2022;19:15;1;69;2;1;1;7;"45;5728900000";"4;7956700000"
202200046380;2;12;2022;09:25;1;80;2;1;8;6;"49;7513830000";"3;0665640000"
202200046381;18;2;2022;22:00;3;35;1;4;1;6;"47;9377640000";" -1;5887980000"
202200046382;13;8;2022;13:50;1;76;2;1;1;6;"49;4904100000";"0;0973800000"
202200046383;12;2;2022;11:50;1;60;1;1;1;7;"49;2260620000";"1;8299530000"
202200046384;9;6;2022;08:13;1;41;2;1;1;5;"47;6046860000";"1;3121810000"
202200046385;7;7;2022;14:15;1;69;2;3;7;3;"45;5975500000";"4;7820700000"
202200046386;20;2;2022;17:00;1;59;1;1;6;7;"50;1812430000";"3;4800400000"
202200046387;30;11;2022;13:40;1;89;2;2;1;3;"48;2249050000";"3;0306390000"
202200046388;16;8;2022;18:35;1;73;1;1;1;3;"45;5836771494";"5;9107736275"
202200046389;8;7;2022;11:30;1;68;2;2;1;2;"47;8031800000";"7;3373000000"
202200046390;1;12;2022;18:15;3;89;1;1;1;1;"48;3606400000";"3;2325550000"
202200046391;20;2;2022;12:20;1;13;1;1;1;2;"43;3402600000";"5;3777600000"
202200046392;2;12;2022;13:15;1;89;2;1;8;6;"47;4695280000";"4;0304080000"
202200046393;10;6;2022;18:00;1;37;2;1;1;5;"47;3373988656";"0;6692808867"
202200046394;16;8;2022;22:53;5;69;2;1;1;6;"45;7665700000";"4;8780500000"
202200046395;6;7;2022;19:15;1;67;2;3;1;3;"48;5743100000";"7;7711800000"
202200046396;19;2;2022;23:33;3;13;1;1;1;3;"43;4029480928";"5;1094794273"
202200046397;2;12;2022;18:10;3;61;1;1;1;3;"48;3628430000";"0;6583110000"
202200046398;10;6;2022;08:45;1;37;2;3;1;3;"47;3733699829";"0;6912079453"
202200046399;6;7;2022;01:37;3;67;1;1;1;6;"48;6306600000";"7;7786000000"
202200046400;15;8;2022;16:00;1;67;2;1;2;3;"48;8080500000";"7;7700700000"
202200046401;20;2;2022;17:45;5;69;1;1;1;3;"45;7494900000";"4;8273000000"
202200046402;20;2;2022;00:50;3;93;1;1;1;6;"48;9258700000";"2;3994400000"
202200046403;10;6;2022;16:40;1;35;2;2;1;3;"48;1018400000";" -1;6841300000"
202200046404;30;11;2022;18:09;3;25;1;1;1;5;"47;1784980000";"6;2038850000"
202200046405;14;8;2022;22:40;3;65;2;1;1;2;"43;2222000000";"0;0544000000"
202200046406;5;7;2022;16:30;1;67;2;3;1;3;"48;5900200000";"7;7155700000"
202200046407;10;6;2022;01:45;3;35;2;6;1;6;"48;0741509434";" -1;7119748890"
202200046408;1;12;2022;18:10;3;44;1;1;1;1;"47;0595960000";" -1;4460070000"
202200046409;5;7;2022;14:00;1;67;2;1;1;3;"48;5637900000";"7;7045800000"
202200046410;20;2;2022;00:30;5;93;1;1;1;5;"48;9218000000";"2;3573600000"
202200046411;14;8;2022;01:40;5;63;2;2;1;3;"45;7645000000";"3;1256400000"
202200046412;1;11;2022;06:45;3;31;1;1;3;6;"43;5474140000";"1;7589590000"
202200046413;10;6;2022;10:00;1;33;2;3;1;3;"44;7740100000";" -0;6213200000"
202200046414;19;2;2022;15:20;1;95;1;1;1;6;"48;9623760000";"2;2669930000"
202200046415;5;7;2022;11:55;1;67;2;1;1;2;"48;5818400000";"7;7012400000"
202200046416;12;8;2022;10:40;1;63;2;1;1;2;"45;7565775196";"3;1280511618"
202200046417;8;7;2022;08:14;1;66;2;1;1;6;"42;7021688446";"2;8968138993"
202200046418;29;11;2022;11:40;1;02;1;3;5;1;"49;4601190000";"3;4446000000"
202200046419;18;2;2022;17:30;1;93;1;1;1;2;"48;9308600000";"2;3677500000"
202200046420;9;6;2022;14:50;1;33;2;3;1;3;"44;7674100000";" -0;5706600000"
202200046421;1;12;2022;14:00;1;03;1;1;1;7;"46;1521040000";"3;0610280000"
202200046422;10;8;2022;09:00;1;63;2;1;1;1;"45;7585500000";"3;1332700000"
202200046423;6;7;2022;17:09;1;66;2;3;1;3;"42;7361400000";"2;8905800000"
202200046424;20;2;2022;09:20;1;94;1;1;1;2;"48;8175900000";"2;4202400000"
202200046425;9;6;2022;07:30;1;29;2;1;1;6;"47;9957300000";" -4;1142100000"
202200046426;1;12;2022;17:55;3;14;1;2;1;3;"49;0851100000";" -0;4798330000"
202200046427;10;8;2022;22:30;4;63;2;2;1;1;"45;7758097328";"3;0853933096"
202200046428;5;7;2022;18:25;1;66;2;1;1;6;"42;6848400000";"2;9022800000"
202200046429;19;2;2022;20:20;3;77;1;1;1;2;"48;8290000000";"2;7199000000"
202200046430;10;6;2022;19:45;1;29;2;1;1;3;"48;3850720000";" -4;4941040000"
202200046431;1;12;2022;18:00;5;14;2;3;1;7;"49;0984010000";" -0;5058670000"
202200046432;19;2;2022;16:00;1;92;2;1;1;6;"48;8791134366";"2;2495335638"
202200046433;16;8;2022;18:52;1;62;2;3;1;3;"50;4685760000";"2;5113520000"
202200046434;10;6;2022;13:20;1;29;2;1;1;6;"48;4049680000";" -4;4846110000"
202200046435;12;6;2022;20:55;2;66;2;3;1;3;"42;6942424422";"2;9019664228"
202200046436;1;12;2022;19:15;5;64;1;1;1;6;"43;3181700000";" -0;4632150000"
202200046437;19;2;2022;06:00;2;974;2;9;1;6;" -20;9022900000";"55;5031000000"
202200046438;8;6;2022;12:30;1;28;2;1;1;1;"48;7346200000";"1;3727000000"
202200046439;15;8;2022;22:59;3;62;1;1;1;6;"50;2903070000";"2;7157070000"
202200046440;8;7;2022;17:47;1;65;1;1;1;6;"43;2594440000";"0;0718970000"
202200046441;1;12;2022;19:00;3;10;1;1;8;6;"48;2163270000";"4;6806850000"
202200046442;12;8;2022;20:35;1;57;2;1;1;6;"49;2565936492";"6;1303264531"
202200046443;19;2;2022;12:00;1;973;2;1;1;3;"4;9343000000";" -52;3110000000"
202200046444;27;11;2022;18:20;5;85;2;1;2;7;"46;7833630000";" -2;0668460000"
202200046445;13;6;2022;08:40;1;65;2;1;1;6;"43;2385000000";"0;0810920000"
202200046446;3;6;2022;17:55;1;19;2;1;1;6;"45;1531291973";"1;5075184106"
202200046447;15;8;2022;20:40;1;56;2;1;1;6;"47;7470200000";" -3;3866800000"
202200046448;30;11;2022;12:25;1;85;2;1;1;6;"46;8045601428";" -1;8896082044"
202200046449;19;2;2022;09:20;1;973;2;1;1;6;"4;9385255049";" -52;3327115178"
202200046450;9;7;2022;09:58;1;64;2;6;1;6;"43;3715300000";" -1;7735300000"
202200046451;10;6;2022;23:10;5;14;2;1;1;1;"49;1719600000";" -0;3860000000"
202200046452;1;12;2022;18:00;3;38;1;1;1;2;"45;1364330000";"5;3263250000"
202200046453;13;8;2022;01:16;3;56;2;1;1;2;"47;7601600000";" -3;3833300000"
202200046454;18;2;2022;14:00;1;69;2;2;1;1;"45;7031100000";"4;8874600000"
202200046455;10;6;2022;16:35;1;13;2;2;1;3;"43;2887800000";"5;3606700000"
202200046456;9;7;2022;04:20;3;64;2;1;1;6;"43;2840800000";" -0;3984200000"
202200046457;24;11;2022;04:55;3;67;1;1;2;2;"48;6354470000";"7;7791300000"
202200046458;18;2;2022;23:40;5;972;2;1;2;7;"14;6494200000";" -61;0778400000"
202200046459;6;7;2022;09:05;1;64;2;1;1;6;"43;3068200000";" -0;3346700000"
202200046460;18;11;2022;04:30;5;69;2;1;1;6;"45;7646190000";"4;7859890000"
202200046461;14;8;2022;15:55;1;55;2;1;1;1;"49;1585000000";"5;3659900000"
202200046462;10;6;2022;10:00;1;13;2;3;1;2;"43;2904700000";"5;3756600000"
202200046463;18;2;2022;19:30;5;69;2;1;6;1;"45;7748568141";"4;8093511322"
202200046464;1;12;2022;19:25;3;986;2;9;1;5;" -13;3193620000";" -176;1899540000"
202200046465;4;7;2022;16:45;1;64;2;3;2;3;"43;4840800000";" -1;5490900000"
202200046466;15;8;2022;16:20;1;54;2;2;1;3;"48;6899295928";"6;2028669119"
202200046467;28;11;2022;04:05;3;977;1;1;1;7;"17;9025260000";" -62;8324410000"
202200046468;10;6;2022;13:10;1;13;1;1;1;5;"43;5497811605";"4;9570588503"
202200046469;9;7;2022;20:10;1;64;2;1;1;6;"43;4842000000";" -1;4987600000"
202200046470;19;2;2022;14:10;1;2A;2;1;1;6;"41;9372580631";"8;7507924808"
202200046471;2;12;2022;07:00;3;77;1;1;2;1;"48;6532400000";"2;7720250000"
202200046472;16;8;2022;15:05;1;51;2;2;1;3;"49;2569700000";"4;0381100000"
202200046473;10;6;2022;20:35;1;13;2;2;1;3;"43;2954400000";"5;5697000000"
202200046474;19;2;2022;19:10;5;91;2;1;1;3;"48;7056800000";"2;3932800000"
202200046475;9;7;2022;22:58;3;64;2;1;1;1;"43;5236000000";" -1;4923000000"
202200046476;2;12;2022;12:00;1;78;1;9;1;1;"48;8003090000";"1;7824780000"
202200046477;14;8;2022;15:15;1;50;2;1;1;3;"49;6418600000";" -1;5900700000"
202200046478;10;6;2022;08:15;1;13;2;1;1;1;"43;2841500000";"5;5444100000"
202200046479;16;8;2022;09:10;1;45;1;1;1;1;"48;0049660000";"2;8033810000"
202200046480;19;2;2022;05:00;5;83;2;1;1;1;"43;0931200000";"6;0763520000"
202200046481;19;11;2022;09:45;1;2B;2;1;1;6;"42;5515070000";"9;4412360000"
202200046482;8;7;2022;22:50;5;64;2;3;1;3;"43;4801900000";" -1;5225600000"
202200046483;9;6;2022;12:45;1;11;2;1;1;3;"43;2213000000";"2;3445000000"
202200046484;30;11;2022;16:20;1;66;2;1;1;6;"42;7718910729";"3;0050477386"
202200046485;16;8;2022;11:35;1;38;2;3;1;1;"45;1572100000";"5;7338300000"
202200046486;17;11;2022;21:15;3;06;1;1;1;1;"43;6826850000";"7;1317150000"
202200046487;19;2;2022;19:50;3;78;1;1;1;5;"48;9398800000";"2;1006800000"
202200046488;10;6;2022;08:30;1;10;2;6;1;3;"48;3084700000";"4;0685790000"
202200046489;1;12;2022;22:40;3;05;1;1;1;6;"45;0458020000";"6;3283930000"
202200046490;8;7;2022;21:40;1;64;2;1;1;2;"43;5105700000";" -1;4998400000"
202200046491;19;2;2022;19:05;5;78;2;1;1;6;"48;9814000000";"1;9125000000"
202200046492;1;12;2022;09:02;1;38;2;9;1;6;"45;1194570000";"5;6913700000"
202200046493;6;7;2022;15:20;1;64;2;1;1;7;"43;4854970000";" -1;4925650000"
202200046494;16;8;2022;11:00;1;37;1;6;1;2;"47;3231887636";"0;6622481346"
202200046495;2;12;2022;07:45;2;26;2;6;2;3;"45;0703000000";"4;8647550000"
202200046496;10;6;2022;23:25;5;10;2;2;1;2;"48;2929873460";"4;0472468734"
202200046497;14;8;2022;20:42;1;34;2;1;1;7;"43;3388300000";"3;2099300000"
202200046498;1;12;2022;13:45;1;69;1;1;1;1;"45;6105780000";"4;6981730000"
202200046499;10;6;2022;05:05;5;07;2;1;1;7;"44;9383200000";"4;8689400000"
202200046500;15;8;2022;02:30;5;29;2;1;1;7;"47;8787700000";" -3;9200000000"
202200046501;6;7;2022;13:50;1;64;2;1;1;4;"43;4874800000";" -1;4615900000"
202200046502;19;2;2022;13:30;1;77;1;1;1;6;"48;4203200000";"2;8795400000"
202200046503;1;12;2022;18:00;3;33;1;1;1;2;"45;3359930000";" -0;9765440000"
202200046504;10;6;2022;18:55;1;06;2;1;1;6;"43;7753100000";"7;4952800000"
202200046505;16;8;2022;15:00;1;27;2;1;1;2;"49;0183926442";"1;1427186727"
202200046506;6;7;2022;11:00;1;63;2;1;1;6;"45;7681000000";"3;0881700000"
202200046507;13;8;2022;11:00;1;19;2;1;1;6;"45;1635496429";"1;5332453549"
202200046508;8;6;2022;11:20;1;06;2;1;1;3;"43;7768500000";"7;4876500000"
202200046509;1;12;2022;14:30;1;33;1;2;1;3;"45;0610480000";" -0;6092480000"
202200046510;18;2;2022;17:35;1;77;1;1;1;4;"48;4289400000";"2;7492800000"
202200046511;19;2;2022;13:25;1;74;2;1;1;6;"46;1970100000";"6;2510600000"
202200046512;6;7;2022;06:04;5;63;2;5;1;3;"45;7645900000";"3;1258300000"
202200046513;9;6;2022;18:50;1;06;2;1;1;3;"43;7626070000";"7;4710380000"
202200046514;2;12;2022;17:15;2;50;2;2;1;6;"48;6853760000";" -1;3605130000"
202200046515;16;8;2022;21:25;5;13;2;1;1;7;"43;2835409625";"5;5016040514"
202200046516;18;2;2022;17:30;1;72;2;1;1;3;"47;9929400000";"0;2045800000"
202200046517;9;6;2022;16:10;1;06;2;1;1;6;"43;6504670000";"6;9183790000"
202200046518;2;7;2022;23:05;5;62;2;3;1;3;"50;4751670000";"2;5441710000"
202200046519;19;2;2022;17:30;1;69;2;1;1;2;"45;7592253615";"4;8895038656"
202200046520;16;8;2022;11:10;1;13;2;1;1;2;"43;2829272522";"5;4271987806"
202200046521;10;6;2022;16:45;1;06;2;2;1;5;"43;6734100000";"7;1898100000"
202200046522;19;2;2022;09:20;2;69;2;1;1;6;"45;9882965067";"4;7101534848"
202200046523;16;8;2022;11:40;1;13;2;1;1;1;"43;5198803540";"5;4561199709"
202200046524;18;2;2022;20:10;5;64;2;1;2;3;"43;4940122412";" -1;4528607577"
202200046525;9;6;2022;17:35;1;05;2;6;1;2;"44;5574500000";"6;0549400000"
202200046526;19;2;2022;14:50;1;45;2;1;1;1;"47;9266030000";"1;8315130000"
202200046527;15;8;2022;15:55;1;07;1;1;1;2;"44;7289700000";"4;5632000000"
202200046528;10;6;2022;14:20;1;75;2;1;1;4;"48;8211650000";"2;3205140000"
202200046529;18;2;2022;15:45;1;38;2;1;1;3;"45;5855300000";"5;2642400000"
202200046530;16;8;2022;13:35;1;06;2;1;1;-1;"43;7765470000";"7;5054120000"
202200046531;9;6;2022;21:20;2;75;2;4;1;7;"48;8687420000";"2;4132520000"
202200046532;19;2;2022;02:20;5;35;1;1;1;6;"48;0905045748";" -1;7039161921"
202200046533;9;6;2022;13:35;1;75;2;4;1;3;"48;8899037640";"2;2979637980"
202200046534;19;2;2022;12:00;1;33;2;1;1;3;"44;8380400000";" -0;6703600000"
202200046535;16;8;2022;12:51;1;75;2;3;1;6;"48;8710880000";"2;3034950000"
202200046536;10;6;2022;17:10;1;75;2;1;1;6;"48;8495230000";"2;3427550000"
202200046537;19;2;2022;18:25;2;33;2;6;2;3;"44;6349000000";" -1;1518900000"
202200046538;10;6;2022;18:50;1;75;2;4;1;6;"48;8834210000";"2;3343450000"
202200046539;14;8;2022;19:30;1;75;2;3;3;6;"48;8536930000";"2;3426160000"
202200046540;19;2;2022;19:25;5;31;2;2;1;3;"43;5916100000";"1;3471200000"
202200046541;10;6;2022;03:24;5;75;2;4;1;2;"48;8894960000";"2;3496520000"
202200046542;18;2;2022;17:10;1;31;2;1;1;6;"43;5785700000";"1;4211800000"
202200046543;10;6;2022;13:30;1;75;2;1;1;3;"48;8387000000";"2;2598890000"
202200046544;16;8;2022;13:24;1;75;2;2;1;3;"48;8428850000";"2;3123950000"
202200046545;18;2;2022;17:30;1;30;2;6;1;3;"44;1380300000";"4;0803700000"
202200046546;10;6;2022;08:45;1;75;2;2;1;3;"48;8686010000";"2;2741900000"
202200046547;10;6;2022;15:00;1;75;2;1;1;3;"48;8391180000";"2;2830010000"
202200046548;19;2;2022;19:30;1;26;2;3;1;3;"44;9458200000";"4;8958900000"
202200046549;19;2;2022;16:00;1;17;2;1;1;1;"45;6244100000";" -1;0164300000"
202200046550;9;6;2022;06:50;1;75;2;3;1;6;"48;8369000000";"2;2958370000"
202200046551;16;8;2022;16:50;1;75;2;7;8;3;"48;8308230000";"2;3560630000"
202200046552;10;6;2022;01:00;5;75;2;1;1;6;"48;8291520000";"2;3876700000"
202200046553;19;2;2022;16:37;1;17;2;6;1;3;"45;6281300000";" -1;0525600000"
202200046554;10;6;2022;01:35;5;75;2;2;1;6;"48;8458700000";"2;3734080000"
202200046555;19;2;2022;20:50;5;14;2;2;2;6;"49;1852000000";" -0;3450000000"
202200046556;16;8;2022;15:00;1;75;2;7;1;3;"48;8291750000";"2;3651470000"
202200046557;10;6;2022;18:15;1;75;2;1;1;3;"48;8543380000";"2;3922270000"
202200046558;9;6;2022;12:10;1;75;2;1;1;3;"48;8511030000";"2;3972430000"
202200046559;18;2;2022;12:54;1;14;2;2;6;3;"49;1729000000";" -0;3389000000"
202200046560;10;6;2022;18:45;1;75;2;1;1;3;"48;8768650000";"2;3703160000"
202200046561;19;2;2022;19:15;5;13;2;1;1;1;"43;4373900000";"5;2417100000"
202200046562;10;6;2022;13:28;1;75;2;5;1;2;"48;8761360000";"2;3583660000"
202200046563;16;8;2022;10:25;1;75;2;2;1;6;"48;8261800000";"2;3572670000"
202200046564;18;2;2022;05:00;5;13;2;1;1;3;"43;2804417930";"5;3898581545"
202200046565;10;6;2022;18:35;1;94;2;1;1;6;"48;8447400000";"2;4384200000"
202200046566;19;2;2022;14:30;1;13;2;1;1;2;"43;3050000000";"5;3985000000"
202200046567;16;8;2022;12:30;1;75;2;1;1;3;"48;8596460000";"2;3791170000"
202200046568;10;6;2022;07:41;1;94;2;1;1;6;"48;7334260000";"2;4728320000"
202200046569;10;6;2022;08:10;1;94;2;9;1;3;"48;8147700000";"2;3518600000"
202200046570;19;2;2022;10:45;1;13;2;1;1;1;"43;3196145608";"5;4705538479"
202200046571;16;8;2022;18:45;1;75;2;2;3;6;"48;8728970000";"2;3637400000"
202200046572;10;6;2022;17:20;1;94;2;2;1;3;"48;7658660000";"2;3550250000"
202200046573;19;2;2022;09:30;1;06;2;1;1;2;"43;6491500000";"6;9341700000"
202200046574;14;8;2022;23:00;5;94;2;2;2;3;"48;7937700000";"2;4921200000"
202200046575;19;2;2022;16:05;1;75;2;1;1;4;"48;8202740000";"2;3243970000"
202200046576;9;6;2022;18:45;1;94;2;1;1;2;"48;8100053608";"2;5216640532"
202200046577;15;8;2022;20:15;2;94;2;2;8;1;"48;7994500000";"2;3442300000"
202200046578;18;2;2022;19:58;5;75;2;1;1;3;"48;8283530000";"2;3975960000"
202200046579;16;8;2022;12:00;1;94;2;2;1;6;"48;7800455000";"2;5781245530"
202200046580;17;2;2022;19:31;5;75;2;3;1;6;"48;8552110000";"2;3611540000"
202200046581;10;6;2022;17:30;1;93;2;3;1;3;"48;8651370000";"2;5583170000"
202200046582;19;2;2022;19:00;1;75;2;1;1;3;"48;8632820000";"2;3890370000"
202200046583;16;8;2022;14:10;1;93;2;2;1;3;"48;8574145725";"2;4400732467"
202200046584;10;6;2022;09:00;1;93;2;2;1;7;"48;8693180000";"2;4326940000"
202200046585;18;2;2022;22:30;5;75;2;5;1;3;"48;8917200000";"2;3487230000"
202200046586;16;8;2022;18:08;2;92;2;1;3;6;"48;8099300000";"2;3167500000"
202200046587;19;2;2022;13:55;1;75;2;7;1;3;"48;8805280000";"2;3098330000"
202200046588;12;8;2022;02:00;4;50;2;3;1;3;"48;7769970000";" -1;5675690000"
202200046589;26;10;2022;17:30;1;93;2;1;1;6;"48;9478044340";"2;4137872712"
202200046590;10;6;2022;16:15;1;93;2;1;1;3;"48;8609821785";"2;4183990061"
202200046591;19;2;2022;04:10;5;75;2;1;1;6;"48;8977050000";"2;3275520000"
202200046592;17;8;2022;09:40;1;08;1;1;2;3;"49;6146860000";"4;9135920000"
202200046593;26;10;2022;12:53;1;92;2;1;1;2;"48;8837000000";"2;2542800000"
202200046594;31;3;2022;16:05;1;37;2;1;1;6;"47;4017800000";"0;6840200000"
202200046595;19;2;2022;09:45;1;75;2;1;1;2;"48;8627210000";"2;2309420000"
202200046596;16;8;2022;21:20;5;10;2;3;1;3;"48;2328150000";"4;1220590000"
202200046597;9;6;2022;17:20;1;93;2;3;1;2;"48;8854100000";"2;5351200000"
202200046598;27;10;2022;19:20;5;92;2;2;1;3;"48;8866913402";"2;2205319106"
202200046599;10;6;2022;16:00;1;93;2;1;1;6;"48;9560257202";"2;3294046521"
202200046600;17;2;2022;13:00;1;75;2;2;1;6;"48;8647530000";"2;2813610000"
202200046601;30;3;2022;08:52;1;37;2;9;8;2;"47;3647000000";"0;7077100000"
202200046602;8;8;2022;01:00;3;01;1;2;1;3;"46;0513180000";"4;8218820000"
202200046603;26;10;2022;21:47;3;92;2;1;1;7;"48;9064001872";"2;2418484986"
202200046604;27;10;2022;19:20;5;92;2;1;1;1;"48;8999690000";"2;2685640000"
202200046605;10;6;2022;17:00;1;93;2;5;1;3;"48;9339980000";"2;4249500000"
202200046606;31;3;2022;22:00;5;35;2;3;1;3;"48;0914517237";" -1;6649195552"
202200046607;17;8;2022;06:10;2;54;1;1;2;6;"49;4913500000";"5;6137990000"
202200046608;19;2;2022;19:10;2;75;2;3;1;3;"48;8473830000";"2;3030280000"
202200046609;26;10;2022;12:00;1;92;2;3;1;2;"48;7971245903";"2;3173961341"
202200046610;31;3;2022;08:30;1;35;2;1;1;6;"48;0928800000";" -1;6819000000"
202200046611;10;6;2022;13:20;1;93;2;3;1;3;"48;9158360000";"2;4991140000"
202200046612;17;8;2022;14:45;1;62;2;1;1;1;"50;1491550000";"2;7207420000"
202200046613;18;2;2022;16:25;1;75;2;1;6;3;"48;8392300000";"2;3164320000"
202200046614;31;3;2022;01:10;5;35;2;1;1;6;"48;1084700000";" -1;6885300000"
202200046615;27;10;2022;15:00;1;09;2;1;1;4;"42;9204460000";"1;0314200000"
202200046616;10;6;2022;08:30;1;93;2;3;1;6;"48;9450000000";"2;4474000000"
202200046617;15;8;2022;05:29;3;57;1;1;2;1;"48;9920520000";"6;7912670000"
202200046618;27;10;2022;07:33;5;51;2;9;1;7;"48;7287250000";"4;5875750000"
202200046619;29;7;2022;07:51;1;59;2;7;7;6;"50;8094150372";"2;5822699070"
202200046620;30;3;2022;18:15;1;33;2;1;1;3;"44;8440800000";" -0;5436900000"
202200046621;18;2;2022;15:25;1;75;2;2;1;5;"48;8379280000";"2;2977430000"
202200046622;10;6;2022;14:50;1;92;2;2;1;2;"48;8787710000";"2;1773360000"
202200046623;16;8;2022;15:45;1;59;1;1;2;7;"50;9395333614";"2;3042830825"
202200046624;19;2;2022;13:24;1;75;2;1;1;2;"48;8415040000";"2;3220610000"
202200046625;16;8;2022;20:25;1;76;2;1;1;7;"49;7415520000";"0;5108210000"
202200046626;30;3;2022;15:55;1;33;2;1;1;3;"44;8326000000";" -0;6021000000"
202200046627;10;6;2022;17:00;1;92;2;1;1;6;"48;8833100000";"2;2326500000"
202200046628;27;10;2022;16:20;1;01;1;1;1;1;"46;1605500000";"5;7798650000"
202200046629;16;8;2022;22:20;5;76;1;1;1;6;"49;3761000000";"0;9289240000"
202200046630;19;2;2022;13:15;1;75;2;1;1;2;"48;8269020000";"2;3593720000"
202200046631;16;8;2022;01:28;3;80;2;1;1;6;"49;9351220000";"2;9403180000"
202200046632;28;3;2022;17:30;1;33;2;3;1;6;"44;8394000000";" -0;6364200000"
202200046633;26;10;2022;12:20;1;59;2;3;1;3;"50;9562601952";"2;4330948293"
202200046634;17;8;2022;11:00;1;65;1;1;1;7;"42;9903580000";" -0;0971500000"
202200046635;10;6;2022;08:30;1;92;2;1;1;6;"48;8829033256";"2;2350244224"
202200046636;28;10;2022;08:55;1;87;1;1;1;6;"45;9348700146";"1;3040259584"
202200046637;1;4;2022;00:05;3;31;2;1;3;2;"43;5740070717";"1;4096617699"
202200046638;19;2;2022;11:05;1;75;2;7;1;6;"48;8492720000";"2;3779910000"
202200046639;16;8;2022;17:25;1;33;1;1;1;3;"44;7344870000";" -0;4082160000"
202200046640;27;10;2022;11:10;1;58;1;1;1;7;"47;2621494680";"2;9843932278"
202200046641;10;6;2022;14:08;1;92;2;2;1;3;"48;8930551125";"2;2868540883"
202200046642;16;8;2022;16:52;1;61;2;1;2;6;"48;7184920000";" -0;5412830000"
202200046643;26;3;2022;11:30;1;30;1;3;1;3;"43;8027000000";"4;3739000000"
202200046644;27;10;2022;16:00;1;83;1;1;1;6;"43;3300170000";"6;1794230000"
202200046645;19;2;2022;16:15;1;75;2;2;1;3;"48;8512980000";"2;3761360000"
202200046646;31;3;2022;17:57;1;29;1;1;1;7;"47;8823067261";" -3;8787474631"
202200046647;9;6;2022;20:23;2;92;2;1;1;3;"48;8209000000";"2;2620000000"
202200046648;16;8;2022;10:30;1;12;2;1;1;1;"44;4067350000";"2;5974360000"
202200046649;27;10;2022;09:47;1;57;2;2;1;7;"49;1837770000";"6;4935070000"
202200046650;19;2;2022;10:30;1;75;2;3;1;3;"48;8598220000";"2;3887650000"
202200046651;17;8;2022;14:35;1;47;1;1;1;6;"44;1822230000";"0;7426450000"
202200046652;15;10;2022;21:20;3;56;1;1;1;1;"47;9235500000";" -2;8365800000"
202200046653;9;6;2022;18:15;1;92;2;2;1;3;"48;9267600000";"2;2944000000"
202200046654;16;8;2022;18:45;1;44;2;1;1;1;"47;4426520000";" -2;2361580000"
202200046655;28;10;2022;07:30;5;56;2;1;1;6;"47;7687400000";" -2;1415400000"
202200046656;19;2;2022;16:50;1;75;2;1;1;3;"48;8712240000";"2;3030670000"
202200046657;10;6;2022;01:40;5;92;2;3;1;3;"48;9260832666";"2;2530077621"
202200046658;31;3;2022;20:55;5;14;2;9;1;6;"49;1498700000";" -0;3233700000"
202200046659;28;10;2022;07:45;2;77;1;1;1;1;"48;5985790000";"3;2147030000"
202200046660;17;8;2022;11:15;1;66;1;3;1;3;"42;4868567760";"2;8372507542"
202200046661;19;2;2022;17:50;2;75;2;3;2;7;"48;8611270000";"2;3241760000"
202200046662;3;5;2022;15:45;1;92;1;1;1;3;"48;9093430632";"2;2937631905"
202200046663;10;8;2022;13:10;1;06;1;1;1;7;"43;5177930000";"6;9366220000"
202200046664;28;10;2022;09:50;1;76;1;1;1;3;"49;5321720000";"1;3613820000"
202200046665;31;3;2022;18:20;1;13;2;3;1;1;"43;2501500000";"5;3959300000"
202200046666;19;2;2022;15:17;1;75;2;1;1;6;"48;8548070000";"2;3453780000"
202200046667;8;6;2022;14:15;1;47;1;1;2;7;"44;4298420000";"0;6778050000"
202200046668;16;8;2022;17:00;1;43;1;9;1;7;"45;2359470000";"4;1680000000"
202200046669;28;10;2022;16:30;1;65;1;1;1;1;"42;9126080000";"0;3590080000"
202200046670;31;3;2022;08:43;1;13;2;1;1;2;"43;2891800000";"5;3700000000"
202200046671;27;10;2022;20:39;3;65;1;1;1;6;"43;1966980000";"0;4509330000"
202200046672;19;2;2022;13:00;1;94;2;9;1;7;"48;8021000000";"2;3243900000"
202200046673;11;6;2022;13:40;1;08;1;2;1;3;"49;5634130000";"4;4756840000"
202200046674;14;8;2022;16:30;1;04;2;-1;1;2;"43;8434780000";"6;2194930000"
202200046675;24;10;2022;17:50;1;33;1;1;1;2;"44;8417715688";" -0;1845520735"
202200046676;31;3;2022;06:45;5;13;2;9;8;3;"43;2888700000";"5;3947500000"
202200046677;19;2;2022;11:52;1;94;2;1;1;6;"48;7008963794";"2;5472016333"
202200046678;11;6;2022;11:00;1;26;1;1;1;1;"44;6373490000";"4;9826380000"
202200046679;22;10;2022;19:10;2;42;2;1;9;6;"45;5875660000";"4;3237640000"
202200046680;19;2;2022;13:50;1;93;2;1;1;6;"48;9597200000";"2;5745900000"
202200046681;12;8;2022;12:45;1;27;2;3;1;2;"48;9519410000";"1;1197420000"
202200046682;28;10;2022;10:55;1;03;1;1;1;7;"46;1049290000";"3;3108890000"
202200046683;10;6;2022;12:00;1;38;1;2;1;3;"45;5072000000";"4;9518890000"
202200046684;30;3;2022;17:15;1;13;2;9;2;3;"43;2704725551";"5;3877927048"