Accident_Id;jour;mois;an;hrmn;lum;dep;agg;int;atm;col;lat;long
202200046991;31;3;2022;15:30;1;47;1;1;1;6;"44;3380460000";"0;3776870000"
202200046992;18;2;2022;19:30;2;93;1;1;1;2;"48;9137300000";"2;4330900000"
202200046993;9;6;2022;09:45;1;78;1;1;1;2;"48;8883620000";"2;0109660000"
202200046994;24;10;2022;17:00;1;83;2;1;1;6;"43;1150000000";"6;1370000000"
202200046995;19;2;2022;00:13;3;93;1;1;1;6;"48;9616003594";"2;5447726250"
202200046996;1;4;2022;11:45;1;34;1;1;1;1;"43;5854190000";"3;0710010000"
202200046997;9;6;2022;08:15;1;92;1;1;1;2;"48;9171651259";"2;2221217125"
202200046998;25;10;2022;17:15;1;82;2;3;1;3;"44;0411300000";"1;4214300000"
202200046999;18;2;2022;12:25;1;93;1;1;1;7;"48;9257200000";"2;4004200000"
202200047000;30;3;2022;10:40;1;68;1;1;8;2;"47;5904280000";"7;5492380000"
202200047001;10;6;2022;16:40;1;93;1;1;1;4;"48;9258800000";"2;3994500000"
202200047002;26;10;2022;07:50;1;78;2;6;1;6;"48;8942990000";"2;0986570000"
202200047003;1;4;2022;07:40;1;15;1;1;4;3;"45;1017220000";"2;9023000000"
202200047004;18;2;2022;07:45;2;95;1;1;1;2;"48;9825000000";"2;2208900000"
202200047005;26;10;2022;15:00;1;77;2;1;1;6;"48;8837600000";"2;6599000000"
202200047006;10;6;2022;13:58;1;93;1;1;1;2;"48;9121800000";"2;4384900000"
202200047007;18;2;2022;05:10;3;93;1;1;2;6;"48;9281200000";"2;4180100000"
202200047008;30;3;2022;06:13;2;26;1;1;2;6;"44;4341550000";"5;2975770000"
202200047009;26;10;2022;10:20;1;76;2;7;6;6;"49;4437300000";"1;0953300000"
202200047010;18;2;2022;17:10;2;94;1;1;1;2;"48;7543063896";"2;3502602337"
202200047011;30;3;2022;15:15;1;66;2;1;1;1;"42;5546210000";"2;2688860000"
202200047012;25;10;2022;20:05;3;76;2;1;2;2;"49;5326600000";"0;1863500000"
202200047013;10;6;2022;00:30;4;95;1;1;1;4;"49;0261536164";"2;5367474556"
202200047014;25;10;2022;17:00;1;76;2;1;1;7;"49;4875700000";"0;2081100000"
202200047015;26;10;2022;07:15;3;71;1;1;1;7;"46;7775409494";"4;4438049648"
202200047016;25;10;2022;10:20;1;71;2;1;7;7;"46;8115000000";"4;4271600000"
202200047017;1;4;2022;08:05;1;06;2;2;1;1;"43;7384140000";"7;4080570000"
202200047018;26;10;2022;09:00;1;69;2;1;1;6;"45;7671592791";"4;8923975229"
202200047019;26;10;2022;16:00;1;69;2;9;1;6;"45;7495634544";"4;9131638557"
202200047020;18;2;2022;07:00;1;988;2;2;1;2;" -22;2696800000";"166;4415700000"
202200047021;10;6;2022;19:15;1;94;1;1;1;2;"48;7761089655";"2;4141714752"
202200047022;25;3;2022;16:05;1;06;2;3;1;1;"43;6771580000";"7;0172780000"
202200047023;18;2;2022;06:00;1;974;1;1;1;7;" -21;3108700000";"55;4352500000"
202200047024;22;10;2022;10:45;1;69;2;3;1;3;"45;7217900000";"4;9144600000"
202200047025;1;4;2022;11:53;1;06;2;1;1;6;"43;5400170000";"6;9420640000"
202200047026;25;10;2022;16:10;1;67;2;1;1;1;"48;6093000000";"7;7327200000"
202200047027;18;2;2022;14:15;1;974;2;2;1;3;" -20;8805600000";"55;4574000000"
202200047028;1;4;2022;15:40;1;06;1;1;1;1;"43;6078200000";"6;9341860000"
202200047029;9;6;2022;12:00;1;82;2;1;1;6;"44;0098100000";"1;3748100000"
202200047030;17;2;2022;07:35;1;973;2;3;3;3;"4;9224500000";" -52;3125700000"
202200047031;25;10;2022;15:55;2;67;2;8;1;3;"48;5726100000";"7;7929500000"
202200047032;1;4;2022;03:15;3;60;1;6;2;6;"49;3241917214";"2;6043959856"
202200047033;19;2;2022;00:25;5;69;2;2;1;3;"45;6970200000";"4;8878000000"
202200047034;21;10;2022;17:55;2;66;2;3;1;6;"42;7117700000";"2;8896500000"
202200047035;18;2;2022;23:45;5;69;2;1;1;2;"45;7304500000";"4;8573500000"
202200047036;26;10;2022;15:05;1;64;2;3;1;3;"43;3755100000";" -1;6776400000"
202200047037;30;3;2022;17:50;1;73;1;3;1;5;"45;4901660000";"5;9971800000"
202200047038;26;10;2022;13:55;1;64;2;1;1;2;"43;3294690000";" -0;4468560000"
202200047039;25;10;2022;17:40;1;64;2;1;1;3;"43;3213000000";" -0;3791300000"
202200047040;18;2;2022;07:20;1;972;2;1;2;3;"14;6157862233";" -61;0536485910"
202200047041;1;4;2022;11:30;1;10;1;1;4;5;"48;2744534037";"3;8499784470"
202200047042;26;10;2022;05:55;5;61;2;6;1;3;"48;4344000000";"0;0936700000"
202200047043;15;3;2022;20:30;5;67;2;3;1;3;"48;6337200000";"7;7540790000"
202200047044;19;2;2022;01:20;5;69;2;3;1;3;"45;7588300000";"4;8309300000"
202200047045;31;3;2022;11:45;1;13;1;1;1;7;"43;7245600000";"4;9053960000"
202200047046;25;10;2022;16:08;1;59;2;7;1;2;"50;6317900000";"3;0615400000"
202200047047;18;2;2022;08:30;1;69;1;1;1;1;"45;8267300000";"4;8827900000"
202200047048;26;10;2022;20:50;5;59;2;3;1;1;"51;0410200000";"2;3856500000"
202200047049;18;2;2022;02:10;5;69;2;1;1;3;"45;7521200000";"4;8208900000"
202200047050;25;10;2022;16:00;1;59;2;1;1;6;"50;3814454864";"3;0681172013"
202200047051;18;2;2022;17:33;1;2A;2;1;1;6;"41;9233600000";"8;7376700000"
202200047052;21;10;2022;17:45;1;59;2;1;1;6;"50;6898100000";"2;8790500000"
202200047053;1;4;2022;14:50;1;38;1;1;4;2;"45;6273340000";"5;1710840000"
202200047054;26;10;2022;13:00;1;51;2;2;1;3;"49;2510055424";"4;0407881141"
202200047055;31;3;2022;00:20;5;973;1;1;2;7;"5;0647973124";" -52;5566196442"
202200047056;18;2;2022;16:50;1;91;1;1;8;4;"48;6789020000";"2;1911580000"
202200047057;25;10;2022;22:04;5;50;2;1;1;6;"49;1153570000";" -1;0981020000"
202200047058;26;3;2022;12:44;1;45;1;2;1;3;"47;8113660000";"2;3806880000"
202200047059;18;2;2022;13:30;1;91;2;1;8;6;"48;6851970000";"2;1698490000"
202200047060;31;3;2022;17:00;1;77;2;1;8;6;"48;7899300000";"2;9158940000"
202200047061;17;2;2022;19:48;5;91;2;9;1;6;"48;7003920000";"2;2962700000"
202200047062;24;10;2022;11:30;1;49;2;3;1;7;"47;2428131648";" -0;0774192810"
202200047063;18;2;2022;12:10;1;91;2;1;8;6;"48;6744100000";"2;5341100000"
202200047064;27;2;2022;10:45;1;77;2;3;1;3;"48;8156560000";"2;7927750000"
202200047065;18;2;2022;11:55;1;91;2;1;2;6;"48;7011240000";"2;4657730000"
202200047066;26;10;2022;11:20;1;49;2;2;1;3;"47;0525500000";" -0;8693500000"
202200047067;23;10;2022;17:57;1;48;1;1;8;7;"44;5284200000";"3;4360800000"
202200047068;18;2;2022;13:08;1;90;2;6;7;3;"47;6240000000";"6;8410000000"
202200047069;26;3;2022;18:42;1;78;2;1;7;6;"48;7941150000";"1;6074910000"
202200047070;16;2;2022;04:44;3;88;1;1;2;3;"48;0220200000";"6;6775200000"
202200047071;26;10;2022;20:30;5;44;2;1;1;3;"47;2086200000";" -1;5871700000"
202200047072;28;3;2022;14:15;1;21;2;3;7;1;"47;2454627050";"5;2284651252"
202200047073;17;2;2022;14:45;1;85;2;6;2;3;"46;4992760000";" -1;7841670000"
202200047074;1;4;2022;11:45;1;64;2;9;1;6;"43;1925710000";" -0;6100120000"
202200047075;11;2;2022;16:15;1;30;2;1;1;3;"43;9597800000";"4;7457200000"
202200047076;26;10;2022;15:17;1;42;2;1;1;6;"46;0349168741";"4;0736487847"
202200047077;31;3;2022;17:05;1;22;1;1;4;1;"48;4236300000";" -2;5676140000"
202200047078;17;2;2022;16:30;1;30;2;1;1;6;"43;9563600000";"4;7700300000"
202200047079;25;10;2022;09:30;1;42;2;6;1;3;"46;0533934364";"4;0731779337"
202200047080;31;3;2022;15:45;1;60;1;2;1;3;"49;1878167408";"2;2848032713"
202200047081;1;4;2022;16:45;1;60;2;1;2;7;"49;2219910000";"2;1686950000"
202200047082;26;10;2022;13:55;1;35;2;2;2;3;"48;1004000000";" -1;6499800000"
202200047083;17;2;2022;15:10;1;83;2;1;1;6;"43;0933829656";"6;0246337652"
202200047084;31;3;2022;14:30;1;13;1;1;1;2;"43;3300074720";"5;3949428873"
202200047085;30;3;2022;18:32;1;13;1;1;8;2;"43;3104800000";"5;3670500000"
202200047086;25;10;2022;23:15;3;35;1;1;1;1;"48;3363817957";" -1;1936017871"
202200047087;31;3;2022;07:15;1;13;1;1;1;6;"43;4036400000";"5;3076000000"
202200047088;26;10;2022;18:40;2;33;2;3;1;6;"44;8596232633";" -0;5548685789"
202200047089;26;10;2022;22:30;5;33;2;1;1;6;"44;6365000000";" -1;1582700000"
202200047090;31;3;2022;07:45;1;13;1;1;1;2;"43;3828000000";"5;3513000000"
202200047091;11;5;2022;10:15;1;75;2;1;1;3;"48;8812444540";"2;2907365859"
202200047092;30;3;2022;07:15;2;13;1;1;1;2;"43;3517560873";"5;3667940991"
202200047093;26;10;2022;06:45;5;31;2;3;5;3;"43;5750000000";"1;4529600000"
202200047094;30;3;2022;22:08;3;33;1;1;1;6;"44;7702060000";" -0;6626460000"
202200047095;26;10;2022;08:35;2;29;1;6;2;2;"47;9816900000";" -4;0348800000"
202200047096;11;5;2022;08:10;1;75;2;3;1;3;"48;8906330000";"2;3031290000"
202200047097;31;3;2022;19:45;1;91;1;1;1;3;"48;7130000000";"2;3080000000"
202200047098;26;10;2022;17:10;1;29;2;1;1;6;"48;3972134790";" -4;4753066610"
202200047099;10;5;2022;16:40;1;75;2;1;1;6;"48;8827184475";"2;2868111730"
202200047100;31;3;2022;09:14;1;91;1;1;1;2;"48;6250200000";"2;3210000000"
202200047101;26;10;2022;15:50;1;26;2;2;1;3;"44;9517300000";"4;9029200000"
202200047102;11;5;2022;14:25;1;75;2;2;1;3;"48;8363170000";"2;2563310000"
202200047103;30;3;2022;14:10;1;78;1;1;8;2;"48;7770460771";"2;2243153906"
202200047104;26;10;2022;21:00;5;25;2;2;1;6;"47;2446700000";"6;0218400000"
202200047105;30;3;2022;07:55;2;78;1;1;2;2;"48;9702290000";"1;9080340000"
202200047106;26;10;2022;17:50;1;18;2;3;1;3;"47;1988400000";"2;0862900000"
202200047107;11;5;2022;20:30;2;75;2;2;1;3;"48;8404070000";"2;3042720000"
202200047108;31;3;2022;17:20;1;95;1;1;1;2;"49;0574200000";"2;2076900000"
202200047109;26;10;2022;21:08;5;17;2;2;1;3;"46;1695300000";" -1;1869800000"
202200047110;11;5;2022;07:45;1;75;2;3;1;3;"48;8234020000";"2;3750210000"
202200047111;31;3;2022;10:15;1;92;1;1;2;4;"48;9294615368";"2;3279731880"
202200047112;25;10;2022;09:30;1;13;2;1;1;3;"43;3949000000";"5;1960200000"
202200047113;31;3;2022;01:30;4;95;1;1;9;6;"48;9954200000";"2;5151100000"
202200047114;10;5;2022;19:20;1;75;2;1;1;3;"48;8395240000";"2;3848170000"
202200047115;26;10;2022;08:15;1;13;2;1;1;2;"43;3333959942";"5;3585129208"
202200047116;26;10;2022;09:20;1;13;2;1;1;1;"43;5310800000";"5;4564900000"
202200047117;11;5;2022;04:45;5;75;2;1;1;6;"48;8571770000";"2;3904560000"
202200047118;30;3;2022;13:05;1;93;1;1;8;2;"48;9684638479";"2;4797080457"
202200047119;26;10;2022;08:05;1;07;1;1;1;6;"44;9096900000";"4;8645000000"
202200047120;30;3;2022;13:20;1;94;1;1;1;2;"48;7757800000";"2;4138700000"
202200047121;11;5;2022;13:07;1;75;2;3;1;6;"48;8801061509";"2;3134716600"
202200047122;20;10;2022;21:10;5;05;2;4;2;7;"44;5594200000";"6;0857100000"
202200047123;29;3;2022;23:50;3;94;1;1;2;4;"48;8173704442";"2;4286139539"
202200047124;25;10;2022;15:10;1;75;2;1;1;2;"48;8413530000";"2;4137880000"
202200047125;11;5;2022;09:10;1;75;2;4;1;3;"48;8728035792";"2;3264984787"
202200047126;25;10;2022;12:45;1;75;2;1;1;2;"48;8318970000";"2;2816900000"
202200047127;30;3;2022;17:45;1;06;2;1;2;6;"43;5481500000";"6;9734500000"
202200047128;10;5;2022;20:50;2;75;2;2;1;6;"48;8599370000";"2;3101750000"
202200047129;25;10;2022;08:05;1;75;2;1;1;3;"48;8777530000";"2;2801840000"
202200047130;29;3;2022;08:20;1;974;1;9;1;7;" -20;9573000000";"55;3095200000"
202200047131;26;10;2022;17:25;2;75;2;1;1;2;"48;8207980000";"2;3766640000"
202200047132;10;5;2022;12:15;1;75;2;2;1;3;"48;8687042253";"2;3331435926"
202200047133;30;3;2022;12:30;1;973;2;2;1;3;"4;9321040532";" -52;2971789539"
202200047134;26;10;2022;16:00;1;75;2;3;1;3;"48;8881620000";"2;3907120000"
202200047135;11;5;2022;13:40;1;94;2;1;1;3;"48;7910000000";"2;3880000000"
202200047136;30;3;2022;09:30;1;69;2;1;1;2;"45;7753700000";"4;8432000000"
202200047137;26;10;2022;00:30;5;75;2;7;2;3;"48;9001030000";"2;3883440000"
202200047138;30;3;2022;18:00;1;972;1;1;1;7;"14;6252900000";" -61;0184600000"
202200047139;11;5;2022;18:30;1;94;2;1;1;6;"48;8455400000";"2;4224100000"
202200047140;26;10;2022;17:30;1;75;2;5;1;3;"48;8917210000";"2;3487340000"
202200047141;30;3;2022;18:55;3;972;2;1;1;6;"14;6048900000";" -61;0422200000"
202200047142;11;5;2022;12:20;1;94;2;2;1;7;"48;7392600000";"2;4527300000"
202200047143;26;10;2022;00:40;5;75;2;5;1;3;"48;8930110000";"2;3274390000"
202200047144;26;3;2022;12:38;1;69;2;1;1;2;"45;7334047870";"4;8204660416"
202200047145;25;10;2022;17:00;1;75;2;2;1;3;"48;8497130000";"2;2656060000"
202200047146;11;5;2022;08:10;1;94;2;6;1;6;"48;7939000000";"2;4957100000"
202200047147;30;3;2022;06:40;5;69;2;1;2;1;"45;7928700000";"4;8254100000"
202200047148;25;10;2022;13:30;1;75;2;1;1;2;"48;8276470000";"2;3337300000"
202200047149;11;5;2022;16:20;1;94;2;3;1;3;"48;7689600000";"2;3371900000"
202200047150;29;3;2022;21:15;5;69;2;1;2;3;"45;7757000000";"4;7951000000"
202200047151;26;10;2022;10:40;1;75;2;2;1;6;"48;8497620000";"2;3770130000"
202200047152;11;5;2022;13:40;1;94;2;1;1;1;"48;7614600000";"2;3936200000"
202200047153;31;3;2022;01:30;5;2A;2;1;2;6;"41;9341200000";"8;7451800000"
202200047154;26;10;2022;08:05;1;75;2;2;1;3;"48;8389040000";"2;3761560000"
202200047155;11;3;2022;19:30;5;95;2;1;1;6;"48;9729850000";"2;3486910000"
202200047156;11;5;2022;12:03;1;94;2;9;7;7;"48;7607100000";"2;3190000000"
202200047157;26;10;2022;09:40;1;75;2;2;1;3;"48;8551130000";"2;3871360000"
202200047158;30;3;2022;01:05;5;91;2;1;1;7;"48;6857330000";"2;3572900000"
202200047159;25;10;2022;17:00;1;75;2;7;1;7;"48;8615120000";"2;3345550000"
202200047160;30;3;2022;18:05;1;90;2;1;1;1;"47;6408230000";"6;8370400000"
202200047161;11;5;2022;18:00;1;94;2;2;1;3;"48;7665474898";"2;4050402640"
202200047162;25;10;2022;16:00;1;94;2;1;1;3;"48;7951700000";"2;4545200000"
202200047163;11;5;2022;16:20;1;94;2;1;1;6;"48;7526300000";"2;5035400000"
202200047164;26;10;2022;02:50;3;93;1;1;8;6;"48;9861600000";"2;5206200000"
202200047165;23;2;2022;11:05;1;89;2;2;1;3;"48;2043300000";"3;2718000000"
202200047166;25;10;2022;10:15;1;93;2;7;1;6;"48;8962240104";"2;4605736903"
202200047167;11;5;2022;19:27;1;93;2;3;1;3;"48;9622900000";"2;3797100000"
202200047168;29;3;2022;18:20;1;87;2;3;1;6;"45;8533123218";"1;2594487667"
202200047169;26;10;2022;00:15;5;93;2;1;2;6;"48;9067461519";"2;4598608494"
202200047170;11;5;2022;18:40;1;93;2;3;1;3;"48;9483500000";"2;3794700000"
202200047171;25;3;2022;15:24;1;87;2;1;1;2;"45;8197600000";"1;2493000000"
202200047172;25;10;2022;12:35;1;93;2;2;1;4;"48;9144600000";"2;4325100000"
202200047173;10;5;2022;09:45;1;93;2;1;1;3;"48;9218250000";"2;3458900000"
202200047174;26;10;2022;11:50;1;92;2;1;1;6;"48;8601976229";"2;2134025991"
202200047175;29;3;2022;22:10;5;86;2;9;1;6;"46;6054250000";"0;3358180000"
202200047176;10;5;2022;08:00;1;93;2;1;1;3;"48;9283983267";"2;3412459344"
202200047177;26;10;2022;15:15;1;92;2;1;1;2;"48;8874200000";"2;2348400000"
202200047178;11;5;2022;20:12;1;93;2;2;1;6;"48;9168532948";"2;5204570591"
202200047179;26;10;2022;09:10;1;92;2;1;1;6;"48;8276680000";"2;2823600000"
202200047180;11;5;2022;20:40;2;93;2;1;7;6;"48;8898191417";"2;4628960491"
202200047181;26;10;2022;20:30;5;92;2;1;1;2;"48;8911000000";"2;2576400000"
202200047182;24;3;2022;13:50;1;83;2;7;1;6;"43;5363890000";"6;4609900000"
202200047183;25;10;2022;18:10;1;92;2;1;1;2;"48;9124681255";"2;3032552600"
202200047184;11;5;2022;14:50;1;93;2;1;1;5;"48;8484100000";"2;5526100000"
202200047185;28;2;2022;16:30;1;83;1;9;1;3;"43;5033000000";"6;4303400000"
202200047186;25;10;2022;23:30;5;92;2;3;2;3;"48;7617800000";"2;3083900000"
202200047187;11;5;2022;17:10;1;93;2;1;1;6;"48;8704095153";"2;4467794597"
202200047188;30;3;2022;21:50;5;81;2;2;1;3;"43;9432000000";"2;1500000000"
202200047189;25;10;2022;19:50;5;92;2;2;1;3;"48;7586360987";"2;3069553673"
202200047190;11;5;2022;16:15;1;93;2;1;1;6;"48;8710863806";"2;4703654647"
202200047191;24;10;2022;12:33;1;22;1;1;8;6;"48;4673720000";" -2;0428820000"
202200047192;30;3;2022;13:25;1;79;2;6;1;7;"46;3177000000";" -0;4934900000"
202200047193;11;5;2022;16:25;1;93;2;1;1;3;"48;9066430000";"2;4562320000"
202200047194;30;3;2022;16:50;1;77;2;1;1;6;"48;2639365711";"2;7119890000"
202200047195;26;10;2022;16:15;1;12;1;3;1;7;"44;3781760000";"2;0421750000"
202200047196;29;3;2022;22:05;5;76;2;1;1;7;"49;4953400000";"0;0961400000"
202200047197;11;5;2022;16:40;1;92;2;2;1;3;"48;8938826106";"2;2019892633"
202200047198;27;10;2022;17:20;1;01;2;3;1;1;"45;9662790000";"5;3479390000"
202200047199;26;10;2022;21:40;3;973;2;1;1;7;"3;6494810000";" -54;0277630000"
202200047200;29;3;2022;17:07;1;76;2;9;1;3;"49;5067600000";"0;1200500000"
202200047201;11;5;2022;22:00;5;92;2;2;1;2;"48;8119953698";"2;3007453829"
202200047202;26;10;2022;17:30;1;49;1;1;1;2;"47;5502170000";" -0;3887490000"
202200047203;30;3;2022;21:00;5;76;2;1;1;6;"49;8805500000";"1;1299900000"
202200047204;11;5;2022;18:30;1;92;2;9;1;3;"48;8024847984";"2;2804289237"
202200047205;27;10;2022;11:00;1;68;1;2;1;1;"47;7869000000";"7;4331630000"
202200047206;29;3;2022;20:10;1;72;2;6;1;3;"48;0077600000";"0;1984900000"
202200047207;11;5;2022;16:45;1;92;2;3;1;3;"48;8194900000";"2;3140300000"
202200047208;21;10;2022;07:15;3;54;1;9;2;1;"49;4295308090";"5;6861650938"
202200047209;30;3;2022;06:20;5;67;2;3;2;3;"48;5461900000";"7;7655000000"
202200047210;27;10;2022;20:30;5;83;2;1;1;6;"43;1371640000";"6;3680360000"
202200047211;11;5;2022;18:45;1;92;2;1;1;3;"48;7872239860";"2;2325825393"
202200047212;25;3;2022;16:30;1;67;2;3;1;6;"48;5898000000";"7;7672000000"
202200047213;26;10;2022;15:53;1;51;1;1;1;1;"49;1061290000";"3;9873000000"
202200047214;11;5;2022;11:20;1;92;2;1;1;7;"48;8229741000";"2;2764398754"
202200047215;26;10;2022;08:50;2;19;1;1;7;6;"45;5196690000";"1;4446220000"
202200047216;25;3;2022;10:30;1;67;2;1;1;6;"48;5580100000";"7;7478900000"
202200047217;10;5;2022;20:40;1;92;2;1;1;6;"48;9252851378";"2;2973358929"
202200047218;26;10;2022;01:20;3;56;1;1;1;6;"47;8393020000";" -3;1457380000"
202200047219;30;3;2022;12:20;1;64;2;1;2;4;"43;3188500000";" -0;3641400000"
202200047220;27;10;2022;14:37;1;2B;1;1;1;7;"42;5879440000";"8;8281480000"
202200047221;11;5;2022;08:05;1;92;2;3;1;3;"48;8041900000";"2;2580100000"
202200047222;28;2;2022;17:45;1;64;2;2;1;3;"43;2989400000";" -0;3630700000"
202200047223;11;5;2022;19:00;1;92;2;1;1;7;"48;8280480837";"2;2507731871"
202200047224;26;10;2022;15:15;1;80;2;2;1;3;"50;0388400000";"2;2313140000"
202200047225;30;3;2022;06:40;5;64;2;1;2;7;"43;5056500000";" -1;4633700000"
202200047226;11;5;2022;16:40;1;54;1;2;1;3;"48;5479570039";"6;3008522982"
202200047227;25;3;2022;12:35;1;59;2;1;1;3;"50;6067600000";"3;1556300000"
202200047228;27;10;2022;15:30;1;89;2;1;1;5;"48;0426220000";"3;3255830000"
202200047229;8;5;2022;14:05;1;22;1;2;1;5;"48;6099020000";" -3;0112440000"
202200047230;26;10;2022;22:15;4;89;2;1;1;6;"48;0460250000";"3;3205930000"
202200047231;12;5;2022;13:00;1;49;1;1;1;1;"47;1378040000";" -0;8160780000"
202200047232;14;3;2022;17:10;1;58;2;1;1;6;"46;9822300000";"3;1282200000"
202200047233;27;10;2022;12:30;1;63;1;1;1;6;"45;6113810000";"3;1261040000"
202200047234;17;3;2022;17:07;1;56;2;1;1;3;"47;6541100000";" -2;7577800000"
202200047235;23;8;2022;07:45;1;68;2;3;1;3;"47;5506990000";"7;3162450000"
202200047236;12;5;2022;07:50;1;59;2;1;1;5;"50;5430850000";"2;9680840000"
202200047237;27;10;2022;10:30;1;22;1;1;1;7;"48;6902950000";" -3;4008590000"
202200047238;28;3;2022;19:10;1;56;2;1;1;3;"47;6658800000";" -2;7672100000"
202200047239;10;5;2022;11:50;1;59;2;1;1;2;"50;9655265058";"2;4321681261"
202200047240;27;10;2022;02:35;5;25;1;6;1;6;"47;2771140000";"5;9934120000"
202200047241;25;3;2022;20:35;3;54;1;1;1;1;"49;5490700000";"5;7728390000"
202200047242;12;5;2022;17:20;1;62;2;2;1;6;"50;3808280000";"2;3383670000"
202200047243;26;10;2022;20:10;5;29;2;1;1;1;"48;5321160000";" -4;3676340000"
202200047244;30;3;2022;09:55;1;51;2;1;8;3;"49;0427400000";"3;9623000000"
202200047245;24;10;2022;12:10;1;38;1;1;3;3;"45;4995190000";"5;4603660000"
202200047246;11;5;2022;17:40;1;74;2;3;1;1;"46;3339510000";"6;3905240000"
202200047247;26;10;2022;18:30;1;02;1;1;1;1;"49;4292730000";"3;2535410000"
202200047248;25;3;2022;15:00;1;50;2;1;1;2;"49;6335300000";" -1;6173800000"
202200047249;24;1;2022;17:00;1;35;2;7;1;3;"48;2611240000";" -1;6061280000"
202200047250;27;10;2022;15:00;1;84;1;1;1;1;"44;0744720927";"5;0881885936"
202200047251;29;3;2022;23:20;4;49;2;1;1;3;"47;4698800000";" -0;5483100000"
202200047252;11;5;2022;19:00;2;89;1;1;1;7;"48;2020880000";"3;3690930000"
202200047253;26;10;2022;18:00;2;03;2;4;1;3;"46;3003680000";"3;2728210000"
202200047254;11;5;2022;21:40;2;95;1;1;1;6;"49;1161510000";"2;4296090000"
202200047255;29;3;2022;19:07;1;49;2;2;1;3;"47;4594000000";" -0;5602600000"
202200047256;27;10;2022;18:05;1;01;1;2;1;1;"46;1185684235";"5;2973628044"
202200047257;11;5;2022;12:20;1;51;2;1;1;7;"48;7247820000";"3;7187480000"
202200047258;30;3;2022;20:25;5;41;2;2;1;3;"47;6022300000";"1;3485500000"
202200047259;11;5;2022;06:45;2;19;1;1;1;6;"45;5172435182";"1;4165604115"
202200047260;27;10;2022;03:25;3;85;1;1;1;6;"46;8773750000";" -1;2869100000"
202200047261;29;3;2022;16:08;1;38;2;1;1;6;"45;1635400000";"5;7210700000"
202200047262;25;10;2022;19:50;5;66;2;2;1;7;"42;6158810000";"2;4202160000"
202200047263;8;1;2022;15:10;1;36;1;1;3;6;"46;8521100000";"1;7007700000"
202200047264;11;5;2022;17:17;1;56;2;1;1;1;"47;8763250000";" -3;0127220000"
202200047265;22;10;2022;21:20;5;66;2;3;1;3;"42;5626580000";"2;8282610000"
202200047266;30;3;2022;11:49;1;35;2;3;8;3;"48;1000100000";" -1;6273500000"
202200047267;26;10;2022;18:30;2;54;1;1;1;7;"48;4680700170";"6;4433097841"
202200047268;30;3;2022;11:40;1;35;2;1;8;6;"48;0892086362";" -1;6823378205"
202200047269;7;5;2022;18:30;1;56;2;1;1;5;"47;6815300000";" -2;4309920000"
202200047270;11;5;2022;18:30;1;65;1;1;1;7;"43;0916130000";"0;3905510000"
202200047271;28;3;2022;13:50;1;34;2;2;1;3;"43;3380100000";"3;2161100000"
202200047272;27;10;2022;11:10;1;64;2;1;1;6;"43;2237070000";" -0;8863040000"
202200047273;11;5;2022;16:50;1;11;2;1;1;6;"42;8042330000";"2;2348690000"
202200047274;30;3;2022;16:40;1;33;2;3;1;3;"44;7894300000";" -0;6626900000"
202200047275;27;10;2022;07:40;3;16;1;1;2;1;"45;7759490000";" -0;0513480000"
202200047276;12;5;2022;18:15;1;71;2;2;2;3;"46;9549790000";"4;3107390000"
202200047277;23;10;2022;19:10;2;85;1;1;1;6;"46;7847955672";" -1;7387144633"
202200047278;30;3;2022;19:35;1;31;2;9;1;3;"43;6079400000";"1;3950600000"
202200047279;12;5;2022;17:15;1;61;1;1;1;1;"48;7588760000";" -0;2351010000"
202200047280;30;3;2022;12:45;1;31;2;1;2;2;"43;1157000000";"0;7077100000"
202200047281;26;10;2022;14:25;1;27;2;6;1;6;"49;3634920000";"0;8154590000"
202200047282;12;5;2022;10:30;1;46;1;2;1;3;"44;9742750000";"1;5457730000"
202200047283;30;3;2022;00:25;5;25;2;1;1;2;"47;2448500000";"6;0180800000"
202200047284;30;3;2022;05:25;4;22;2;1;1;6;"48;5007700000";" -2;8131300000"
202200047285;11;5;2022;15:55;1;44;1;2;1;3;"47;5840960000";" -1;3066860000"
202200047286;29;3;2022;20:25;5;13;2;1;1;2;"43;2877000000";"5;3661700000"
202200047287;12;5;2022;07:55;1;29;1;2;1;3;"48;0631967287";" -4;5299963949"
202200047288;29;3;2022;07:45;1;11;2;1;1;6;"43;2141900000";"2;3530600000"
202200047289;29;3;2022;17:00;1;10;2;1;1;6;"48;2990686688";"4;0731704235"
202200047290;11;5;2022;09:30;1;31;2;2;1;1;"43;1103320000";"0;8667500000"
202200047291;26;3;2022;11:38;1;07;2;1;1;1;"44;6199700000";"4;3792090000"
202200047292;11;5;2022;18:50;1;31;2;2;1;3;"43;2554150000";"1;1196630000"
202200047293;30;3;2022;14:30;1;75;2;1;1;3;"48;9008870000";"2;3629740000"
202200047294;11;5;2022;14:20;1;38;2;6;1;2;"45;6255860000";"5;5391910000"
202200047295;12;5;2022;00:13;3;02;1;1;1;7;"49;7013220000";"4;1260850000"
202200047296;30;3;2022;21:20;5;75;2;2;2;6;"48;8591460000";"2;4021230000"