Accident_Id;jour;mois;an;hrmn;lum;dep;agg;int;atm;col;lat;long
202200047297;11;5;2022;15:15;1;02;1;1;1;1;"49;5853980000";"3;1666370000"
202200047298;30;3;2022;22:30;5;75;2;3;2;3;"48;8858070000";"2;3706320000"
202200047299;11;5;2022;18:55;1;01;1;1;7;6;"46;2464690000";"5;4244570000"
202200047300;30;3;2022;09:40;1;75;2;7;2;6;"48;8806151237";"2;2856826625"
202200047301;28;4;2022;08:58;1;45;1;3;1;3;"47;9919018627";"1;7225577235"
202200047302;30;3;2022;08:35;1;75;2;1;2;7;"48;8887520000";"2;3199790000"
202200047303;30;3;2022;03:55;5;75;2;1;1;6;"48;8753150000";"2;2598400000"
202200047304;8;5;2022;19:00;1;18;1;1;1;2;"46;7414010000";"2;3271170000"
202200047305;29;3;2022;13:30;1;75;2;7;2;3;"48;8603757545";"2;2912305205"
202200047306;11;5;2022;16:10;1;30;1;1;1;3;"43;7079810000";"4;1939850000"
202200047307;24;2;2022;21:40;5;75;2;3;1;3;"48;8749280000";"2;2710990000"
202200047308;11;5;2022;20:00;1;30;1;1;1;6;"44;0624000000";"3;6841000000"
202200047309;30;3;2022;21:20;5;75;2;1;1;6;"48;8340650000";"2;2845020000"
202200047310;11;5;2022;18:00;1;01;1;1;1;4;"45;8327680000";"5;0287610000"
202200047311;26;2;2022;16:20;1;75;2;1;1;3;"48;8588240000";"2;3314980000"
202200047312;12;5;2022;13:05;1;07;1;1;1;1;"44;8296560000";"4;6608550000"
202200047313;30;3;2022;17:55;1;75;2;2;2;3;"48;8309872164";"2;3481582900"
202200047314;10;5;2022;08:00;1;37;1;1;1;6;"47;4354180000";"1;1188670000"
202200047315;30;3;2022;15:55;1;75;2;5;1;3;"48;8261384866";"2;3600617309"
202200047316;11;5;2022;13:00;1;84;2;1;1;3;"43;7659760000";"5;3624520000"
202200047317;30;3;2022;20:35;5;75;2;2;1;6;"48;8582580000";"2;3898840000"
202200047318;11;5;2022;18:30;1;84;2;2;1;3;"43;9572170000";"4;8586230000"
202200047319;30;3;2022;10:50;1;75;2;5;3;2;"48;8804976094";"2;3523030089"
202200047320;12;5;2022;18:45;1;06;1;1;1;6;"43;9096330000";"7;1871030000"
202200047321;30;3;2022;02:40;5;75;2;2;1;3;"48;8731368492";"2;3267415433"
202200047322;30;3;2022;19:20;1;75;2;3;2;2;"48;8582414533";"2;3433726644"
202200047323;11;5;2022;14:45;1;69;1;1;1;6;"45;7173466953";"4;5915287733"
202200047324;10;5;2022;18:00;1;69;2;1;7;6;"45;7472610000";"4;7304400000"
202200047325;30;3;2022;14:45;1;75;2;7;8;6;"48;8673818953";"2;3633198561"
202200047326;10;5;2022;22:30;5;33;2;1;1;6;"44;8971290000";" -0;3179650000"
202200047327;30;3;2022;08:00;1;75;2;2;2;3;"48;8674326368";"2;3261888238"
202200047328;11;5;2022;19:15;1;33;1;1;1;6;"44;8150730803";"0;0033272803"
202200047329;30;3;2022;06:30;5;94;2;1;2;6;"48;7863000000";"2;4074900000"
202200047330;7;5;2022;18:10;1;14;1;2;1;3;"48;9412288486";" -0;0442671776"
202200047331;30;3;2022;08:50;1;94;2;9;2;6;"48;8467300000";"2;4968300000"
202200047332;11;5;2022;15:25;1;27;2;1;1;3;"49;0104720000";"1;3974310000"
202200047333;12;5;2022;08:30;1;60;2;3;1;6;"49;2894150000";"2;1977540000"
202200047334;12;5;2022;08:35;1;02;1;1;1;1;"49;0145330000";"3;2121280000"
202200047335;12;5;2022;13:28;1;59;2;1;1;3;"50;5419320000";"3;2222840000"
202200047336;8;5;2022;16:29;1;13;1;1;1;4;"43;3299700000";"5;3923500000"
202200047337;11;5;2022;05:10;2;59;1;1;1;6;"50;6670092330";"3;0292482374"
202200047338;10;5;2022;22:45;3;59;1;1;1;5;"50;5736300000";"3;0808900000"
202200047339;11;5;2022;13:45;1;92;1;1;1;2;"48;7631900662";"2;3106335018"
202200047340;11;5;2022;14:38;1;91;1;9;1;5;"48;6950000000";"2;3180000000"
202200047341;11;5;2022;09:17;1;94;1;1;1;2;"48;7862265368";"2;3463836127"
202200047342;8;5;2022;19:40;1;94;1;1;1;4;"48;7577800000";"2;3276800000"
202200047343;11;5;2022;14:50;1;92;1;1;1;2;"48;9185377249";"2;2233682794"
202200047344;10;5;2022;19:05;1;92;1;1;1;3;"48;8865314176";"2;1657412201"
202200047345;10;5;2022;18:40;1;78;1;1;1;5;"48;7879480000";"2;1436540000"
202200047346;11;5;2022;18:00;1;93;1;1;1;3;"48;8669887319";"2;4131193599"
202200047347;11;5;2022;17:50;1;77;1;9;1;2;"48;8617215031";"2;6676135287"
202200047348;11;5;2022;17:10;1;93;1;1;1;2;"48;8358000000";"2;5613000000"
202200047349;10;5;2022;19:15;5;974;2;3;1;6;" -20;9644200000";"55;6524300000"
202200047350;9;5;2022;16:30;1;974;1;1;1;7;" -20;9382980000";"55;2934250000"
202200047351;9;5;2022;11:15;1;973;2;1;1;3;"4;9321200000";" -52;3180400000"
202200047352;10;5;2022;09:10;1;69;1;1;1;3;"45;6634700000";"4;8436200000"
202200047353;10;5;2022;07:20;1;69;2;1;1;3;"45;6890800000";"4;8495400000"
202200047354;10;5;2022;08:10;1;69;2;2;1;6;"45;7716800000";"4;8467600000"
202200047355;10;5;2022;17:05;1;972;2;3;1;3;"14;6046300000";" -61;0786400000"
202200047356;11;5;2022;00:05;5;69;2;3;1;7;"45;7795200000";"4;8345800000"
202200047357;10;5;2022;21:00;5;69;2;1;1;6;"45;7479060682";"4;8249694705"
202200047358;10;5;2022;21:25;5;69;2;3;1;6;"45;7891802806";"4;8126474023"
202200047359;10;5;2022;14:40;1;69;2;1;1;3;"45;7795500000";"4;8248500000"
202200047360;10;5;2022;14:30;1;2A;2;1;1;4;"41;9525771865";"8;7853375375"
202200047361;10;5;2022;07:25;1;95;2;2;1;1;"49;0309210000";"2;4595390000"
202200047362;10;5;2022;10:00;1;95;2;1;1;6;"48;9671085995";"2;2844320536"
202200047363;8;4;2022;18:40;1;91;2;1;3;3;"48;6407800000";"2;2684000000"
202200047364;10;5;2022;18:10;1;91;1;1;7;3;"48;6846000000";"2;1902000000"
202200047365;10;5;2022;15:20;1;91;2;1;1;6;"48;7127000000";"2;3791800000"
202200047366;9;5;2022;20:30;1;91;2;1;1;3;"48;7053420000";"2;3426700000"
202200047367;9;5;2022;22:28;5;87;2;3;1;6;"45;8390700000";"1;2611500000"
202200047368;9;5;2022;16:42;1;87;2;1;1;3;"45;8203600000";"1;2375700000"
202200047369;25;4;2022;13:35;1;84;2;1;1;3;"43;9098400000";"4;9076300000"
202200047370;9;5;2022;10:16;1;83;2;1;1;1;"43;0953641665";"6;1278389767"
202200047371;9;5;2022;16:58;1;82;2;2;1;3;"44;0447800000";"1;1040700000"
202200047372;10;5;2022;17:35;1;78;2;1;1;3;"48;8993840000";"2;0920860000"
202200047373;10;5;2022;17:55;1;78;2;1;1;6;"48;9238520000";"2;0288220000"
202200047374;6;5;2022;12:30;1;76;2;1;1;6;"49;4439000000";"1;0962500000"
202200047375;20;4;2022;16:06;1;76;2;2;1;2;"49;4255400000";"1;1057700000"
202200047376;9;5;2022;17:26;1;76;2;1;1;6;"49;9262100000";"1;0986600000"
202200047377;4;5;2022;14:50;1;76;2;3;1;3;"49;9304900000";"1;0821300000"
202200047378;10;5;2022;07:10;1;74;2;6;1;3;"46;1904200000";"6;2510500000"
202200047379;10;5;2022;06:25;2;73;1;1;1;4;"45;5757500000";"5;9263000000"
202200047380;9;5;2022;17:00;1;71;2;9;1;2;"46;3022000000";"4;8098500000"
202200047381;10;5;2022;18:50;1;69;2;2;1;1;"45;7551400000";"4;8994600000"
202200047382;10;5;2022;11:35;1;69;2;3;1;6;"45;7719529796";"4;9108482895"
202200047383;9;5;2022;14:55;1;69;2;2;1;3;"45;7350000000";"4;9116500000"
202200047384;10;5;2022;08:20;1;67;2;1;1;3;"48;5885300000";"7;6980900000"
202200047385;9;5;2022;18:15;1;67;2;1;1;3;"48;5463635999";"7;7703756094"
202200047386;8;5;2022;22:00;5;67;2;3;1;3;"48;6066291427";"7;7361130714"
202200047387;7;5;2022;11:40;1;67;2;1;1;7;"48;5766500000";"7;7264700000"
202200047388;9;5;2022;18:06;1;66;1;1;1;5;"42;7238700000";"2;8765700000"
202200047389;10;5;2022;18:24;1;64;2;1;1;7;"43;2988490000";" -0;3708860000"
202200047390;10;5;2022;15:45;1;64;2;1;1;3;"43;4476200000";" -1;5752200000"
202200047391;10;5;2022;17:25;1;64;2;1;1;2;"43;4814800000";" -1;5104100000"
202200047392;7;5;2022;19:45;1;63;1;1;1;6;"45;9389000000";"3;0771000000"
202200047393;7;5;2022;19:15;1;63;1;1;1;3;"45;9250000000";"3;0395000000"
202200047394;9;5;2022;19:50;1;63;2;1;1;2;"45;8059800000";"3;1202300000"
202200047395;9;5;2022;17:26;1;63;2;2;1;3;"45;7629100000";"3;0813400000"
202200047396;16;4;2022;02:45;3;62;1;1;1;6;"50;4975600000";"2;5568200000"
202200047397;9;5;2022;14:45;1;59;2;9;1;6;"50;2025244892";"3;8486695290"
202200047398;9;5;2022;11:23;1;59;2;2;1;2;"50;6355400000";"3;0766400000"
202200047399;6;5;2022;16:30;1;56;2;1;1;6;"47;6609780000";" -2;7810780000"
202200047400;10;5;2022;08:00;1;54;2;1;1;4;"48;6943479504";"6;2147828937"
202200047401;9;5;2022;18:10;1;54;2;1;1;2;"48;6826267418";"6;2156774104"
202200047402;9;5;2022;17:22;1;54;2;1;1;3;"48;6878145247";"6;1654302478"
202200047403;10;5;2022;06:50;1;51;2;1;1;3;"49;2568797188";"4;0196496248"
202200047404;7;5;2022;17:30;1;50;2;1;1;3;"49;6399500000";" -1;6184000000"
202200047405;10;5;2022;08:04;1;49;2;2;1;3;"47;4737800000";" -0;5384500000"
202200047406;9;5;2022;22:09;5;49;2;1;1;6;"47;4608000000";" -0;5326100000"
202200047407;9;5;2022;16:25;1;49;2;2;1;6;"47;4757400000";" -0;5939100000"
202200047408;9;5;2022;09:06;1;49;2;1;1;3;"47;4617207737";" -0;5481469631"
202200047409;27;4;2022;02:00;5;44;2;6;1;6;"47;2944000000";" -2;1974400000"
202200047410;9;5;2022;11:40;1;43;2;1;1;3;"45;0451666471";"3;8799923658"
202200047411;10;5;2022;22:08;5;42;2;2;1;3;"46;0457500000";"4;0702500000"
202200047412;10;5;2022;17:15;1;38;2;1;1;3;"45;1869800000";"5;7741300000"
202200047413;10;5;2022;19:05;1;37;2;9;7;6;"47;4270600000";"0;7010700000"
202200047414;9;5;2022;17:15;1;37;2;1;1;6;"47;4160500000";"0;6915500000"
202200047415;9;5;2022;09:20;1;37;2;1;1;2;"47;4234100000";"0;6986000000"
202200047416;10;5;2022;20:00;1;35;2;2;1;3;"48;1004536911";" -1;7068595812"
202200047417;10;5;2022;17:55;1;35;2;1;1;2;"48;0905511375";" -1;6822372377"
202200047418;10;5;2022;14:00;1;35;2;1;1;2;"48;1331328815";" -1;7033314705"
202200047419;9;5;2022;20:15;1;34;2;2;1;1;"43;5788700000";"3;8744700000"
202200047420;2;5;2022;22:15;5;33;2;6;1;2;"44;7784400000";" -0;5707700000"
202200047421;6;5;2022;09:55;1;33;2;1;1;6;"44;8644943747";" -0;5195405334"
202200047422;15;4;2022;12:04;1;33;2;1;1;2;"44;8806500000";" -0;5730000000"
202200047423;11;4;2022;06:40;2;33;2;6;1;3;"44;8606000000";" -0;6125000000"
202200047424;10;5;2022;00:00;3;33;2;1;1;7;"44;6519200000";" -1;1558600000"
202200047425;10;5;2022;10:12;1;32;2;1;1;7;"43;6329200000";"0;5880100000"
202200047426;9;5;2022;21:50;5;31;2;1;1;3;"43;1143800000";"0;7088600000"
202200047427;10;5;2022;14:30;1;29;1;1;1;6;"48;0172770000";" -4;0005370000"
202200047428;20;4;2022;14:45;1;29;2;1;1;6;"48;3899531800";" -4;5023733970"
202200047429;10;5;2022;16:20;1;28;2;6;1;3;"48;7196100000";"1;3483300000"
202200047430;10;5;2022;14:30;1;27;1;1;1;2;"49;2540600000";"1;1773200000"
202200047431;10;5;2022;08:20;1;26;2;6;1;3;"44;9658700000";"4;8839800000"
202200047432;10;5;2022;07:50;1;25;2;1;1;3;"46;9139220000";"6;3461620000"
202200047433;28;4;2022;13:00;1;25;2;1;1;3;"46;9204100000";"6;3438210000"
202200047434;9;5;2022;19:50;2;25;2;3;7;3;"47;5128500000";"6;8035800000"
202200047435;10;5;2022;17:15;1;25;2;1;1;1;"47;5049300000";"6;7990600000"
202200047436;9;5;2022;17:10;1;25;2;8;1;3;"47;2494990000";"6;0413950000"
202200047437;7;5;2022;21:48;1;22;1;9;1;2;"48;4757200000";" -2;7696300000"
202200047438;29;4;2022;08:25;1;22;1;2;1;3;"48;4560800000";" -2;8011200000"
202200047439;10;1;2022;14:00;1;56;2;2;8;6;"47;9000200000";" -2;1155230000"
202200047440;11;1;2022;07:47;5;79;2;1;9;6;"46;4898610000";" -0;0585040000"
202200047441;10;1;2022;19:00;5;79;2;3;2;3;"46;9846040000";" -0;4592690000"
202200047442;10;1;2022;07:50;2;2B;2;9;9;3;"42;3061250000";"9;1555230000"
202200047443;10;1;2022;13:47;1;19;1;1;8;6;"45;1540760000";"1;3734360000"
202200047444;11;1;2022;18:30;2;80;2;1;9;1;"49;8173090000";"2;7991190000"
202200047445;10;1;2022;18:15;3;61;1;1;1;6;"48;7535360000";"0;3594960000"
202200047446;8;1;2022;16:52;1;47;2;2;3;6;"44;3910620000";"0;3075150000"
202200047447;11;1;2022;15:15;1;03;1;1;1;3;"46;4446290000";"2;5137450000"
202200047448;10;1;2022;20:45;3;15;1;1;1;1;"45;0009770000";"3;0250600000"
202200047449;11;1;2022;17:45;3;01;1;1;1;5;"46;2225852676";"5;3345221281"
202200047450;10;1;2022;17:55;5;70;2;1;1;3;"47;5117710000";"6;3398030000"
202200047451;11;1;2022;17:30;5;50;2;3;2;1;"49;0988240000";" -1;2441690000"
202200047452;10;1;2022;07:00;3;60;1;1;5;7;"49;2107990000";"2;3316660000"
202200047453;11;1;2022;09:40;1;85;1;1;9;6;"46;5796900000";" -1;1949620000"
202200047454;10;1;2022;06:40;3;88;1;1;8;6;"48;2414240000";"6;4462280000"
202200047455;10;1;2022;15:50;1;53;1;1;2;1;"48;3136122174";" -1;0509969957"
202200047456;9;1;2022;12:57;1;78;1;1;4;4;"48;5343100000";"1;8670400000"
202200047457;10;1;2022;23:20;3;77;1;1;1;6;"48;9205220000";"2;7951570000"
202200047458;10;1;2022;15:08;1;13;1;6;1;3;"43;4327280000";"5;3961270000"
202200047459;11;1;2022;09:45;1;10;1;1;1;6;"48;5671982255";"4;1216111183"
202200047460;10;1;2022;17:05;2;73;1;6;1;3;"45;6011288578";"5;8764997803"
202200047461;10;1;2022;19:05;5;69;1;3;1;5;"45;7334490000";"4;6766220000"
202200047462;11;1;2022;06:35;2;33;2;6;8;6;"44;9021980000";" -0;5066370000"
202200047463;10;1;2022;18:00;3;29;1;1;2;1;"48;2174390000";" -4;2952900000"
202200047464;9;1;2022;11:59;1;59;2;6;9;3;"50;4794930000";"3;1045820000"
202200047465;10;1;2022;08:55;1;83;1;1;1;4;"43;1208968619";"5;8388711214"
202200047466;10;1;2022;22:00;3;69;1;1;1;2;"45;7386300000";"4;9044800000"
202200047467;10;1;2022;16:36;1;33;1;1;2;6;"44;8849200000";" -0;5123200000"
202200047468;9;1;2022;01:45;5;59;1;1;9;6;"50;6438000000";"2;9706900000"
202200047469;7;1;2022;13:45;1;59;1;1;2;7;"50;6568941782";"2;9042395949"
202200047470;9;1;2022;22:50;5;91;2;1;2;3;"48;7193500000";"2;2988300000"
202200047471;9;1;2022;08:45;1;78;1;1;2;6;"48;9390480000";"1;9558150000"
202200047472;10;1;2022;09:10;1;95;1;1;5;7;"49;0728300000";"2;2273300000"
202200047473;10;1;2022;10:30;1;95;1;1;5;6;"49;0430255022";"2;0781111717"
202200047474;10;1;2022;00:30;3;92;1;1;9;2;"48;9384432213";"2;2966712184"
202200047475;10;1;2022;10:15;1;94;1;1;1;2;"48;7733691177";"2;4005139364"
202200047476;9;1;2022;02:40;3;94;1;1;2;6;"48;8354458972";"2;5387118132"
202200047477;3;1;2022;14:01;1;988;2;1;2;6;" -22;2492900000";"166;4515500000"
202200047478;9;1;2022;10:15;1;69;2;9;1;3;"45;7501100000";"4;8404400000"
202200047479;7;1;2022;14:30;1;69;2;1;2;5;"45;7845200000";"4;8464900000"
202200047480;9;1;2022;14:55;1;91;2;2;8;3;"48;6760140000";"2;3161410000"
202200047481;9;1;2022;13:05;1;91;1;1;3;5;"48;6200000000";"2;2500000000"
202200047482;9;1;2022;19:15;3;91;1;1;8;2;"48;7148800000";"2;4424600000"
202200047483;9;1;2022;04:20;5;91;2;1;2;6;"48;7007100000";"2;4216500000"
202200047484;9;1;2022;07:10;5;91;2;1;3;7;"48;6491900000";"2;3807800000"
202200047485;9;1;2022;15:50;1;77;2;4;2;3;"48;8774020000";"2;7206810000"
202200047486;8;1;2022;15:55;1;76;2;1;3;2;"49;7527000000";"0;3917500000"
202200047487;9;1;2022;06:45;5;71;2;2;2;3;"46;7963344903";"4;4292846322"
202200047488;9;1;2022;19:25;5;69;2;1;3;3;"45;7619116670";"4;9200154842"
202200047489;5;1;2022;10:40;1;59;2;2;1;6;"50;6468198042";"2;9587313533"
202200047490;10;1;2022;00:45;3;53;1;1;2;7;"48;0835500000";" -0;8017100000"
202200047491;9;1;2022;03:10;5;45;2;2;2;2;"47;9113200000";"1;8671900000"
202200047492;9;1;2022;14:55;1;35;2;1;2;3;"48;0951400000";" -1;6965500000"
202200047493;9;1;2022;14:55;1;35;2;3;8;3;"48;1102346359";" -1;6623339057"
202200047494;9;1;2022;23:00;5;28;2;9;9;6;"48;4227607161";"1;4689064040"
202200047495;9;1;2022;21:40;5;27;2;1;2;2;"49;0309100000";"1;1562200000"
202200047496;9;1;2022;18:50;5;27;2;1;2;2;"49;0192700000";"1;1522300000"
202200047497;9;1;2022;18:45;5;13;2;1;1;2;"43;2500000000";"5;3900000000"
202200047498;9;1;2022;08:15;2;13;2;3;1;3;"43;2922000000";"5;3630600000"
202200047499;3;1;2022;06:00;5;13;2;2;1;3;"43;2897600000";"5;3661000000"
202200047500;8;1;2022;04:50;5;75;2;1;1;7;"48;8650280000";"2;4129040000"
202200047501;9;1;2022;14:55;1;75;2;1;1;6;"48;8908400000";"2;3385150000"
202200047502;9;1;2022;02:35;5;75;2;1;2;1;"48;8913260000";"2;3508740000"
202200047503;9;1;2022;16:00;1;75;2;1;8;6;"48;8486740000";"2;2827130000"
202200047504;8;1;2022;20:35;5;75;2;2;2;3;"48;8367600000";"2;3207400000"
202200047505;9;1;2022;20:10;5;75;2;3;1;3;"48;8323930000";"2;3649070000"
202200047506;9;1;2022;18:45;5;75;2;5;1;6;"48;8628330000";"2;3871060000"
202200047507;9;1;2022;22:10;5;75;2;4;1;6;"48;8751630000";"2;3163870000"
202200047508;9;1;2022;20:25;5;94;2;4;2;7;"48;8173390000";"2;4193260000"
202200047509;8;1;2022;19:15;5;94;2;3;3;3;"48;7274940000";"2;5360110000"
202200047510;9;1;2022;14:10;1;93;2;1;2;2;"48;9366500000";"2;5146300000"
202200047511;9;1;2022;22:15;5;92;2;6;3;6;"48;9349410000";"2;3256860000"
202200047512;9;1;2022;20:30;5;37;1;2;2;3;"47;5938169497";"0;9019598365"
202200047513;10;1;2022;13:15;1;76;2;9;1;6;"49;8759400000";"1;2382870000"
202200047514;10;1;2022;06:45;4;21;1;1;9;2;"47;6384730000";"5;1801820000"
202200047515;10;1;2022;05:10;3;57;2;1;5;6;"48;9456130000";"6;9612120000"
202200047516;10;1;2022;10:38;1;71;1;1;1;2;"46;4477671209";"4;8717237127"
202200047517;2;1;2022;02:50;3;972;2;1;1;6;"14;6126650000";" -60;9055530000"
202200047518;9;1;2022;18:55;5;972;2;1;1;6;"14;4665080000";" -60;9280840000"
202200047519;4;1;2022;17:30;3;68;1;4;2;3;"47;7950030000";"7;3811740000"
202200047520;10;1;2022;10:14;1;30;2;1;1;3;"44;0462880000";"4;7729640000"
202200047521;9;1;2022;14:43;1;62;2;1;1;1;"50;6539960000";"1;7015620000"
202200047522;7;1;2022;08:40;1;56;1;3;1;3;"47;7812200000";" -2;7734260000"
202200047523;10;1;2022;08:00;1;77;1;1;1;1;"48;6987220000";"3;2715170000"
202200047524;8;1;2022;18:15;3;76;1;1;3;5;"49;8494330000";"1;0712740000"
202200047525;9;1;2022;18:10;3;33;1;1;2;2;"45;0872690000";" -0;4082140000"
202200047526;10;1;2022;10:45;1;63;1;1;1;5;"45;8015500000";"3;3112840000"
202200047527;9;1;2022;19:25;3;68;1;1;1;6;"47;8529680000";"7;5074060000"
202200047528;7;1;2022;15:35;1;22;1;3;2;1;"48;4971140000";" -3;3716230000"
202200047529;9;1;2022;14:10;1;39;1;1;2;6;"46;7018770000";"5;5682740000"
202200047530;9;1;2022;14:30;1;66;2;1;4;6;"42;5051160000";"2;0444820000"
202200047531;10;1;2022;15:30;1;72;2;9;1;6;"48;1867600000";"0;6615000000"
202200047532;9;1;2022;23:00;3;14;1;1;2;7;"49;2221670000";"0;2145950000"
202200047533;9;1;2022;15:00;1;45;2;1;4;1;"48;0489560000";"2;7430060000"
202200047534;9;1;2022;16:50;2;43;1;1;1;6;"45;0862300000";"3;7528000000"
202200047535;9;1;2022;18:31;3;21;1;1;2;1;"47;0068252343";"5;1294915675"
202200047536;7;1;2022;11:05;1;40;2;2;2;3;"43;8508350000";" -1;3799560000"
202200047537;9;1;2022;13:15;1;85;1;1;8;7;"46;7968790000";" -0;8230580000"
202200047538;9;1;2022;08:55;1;68;1;1;2;6;"47;8185150000";"7;3930260000"
202200047539;9;1;2022;18:45;5;978;1;1;1;1;"18;0994370000";" -63;0552580000"
202200047540;9;1;2022;17:45;1;978;1;9;1;3;"18;0992630000";" -63;0621890000"
202200047541;9;1;2022;16:10;1;976;1;1;1;5;" -12;9152260000";"45;0821830000"
202200047542;10;1;2022;13:30;1;45;1;1;1;7;"47;8838680000";"1;7453460000"
202200047543;10;1;2022;15:20;1;2B;2;1;1;1;"42;5267680000";"9;4410700000"
202200047544;9;1;2022;19:45;3;34;2;1;2;1;"43;3174820000";"3;1376800000"
202200047545;6;1;2022;21:00;3;83;1;1;1;1;"43;1701070000";"5;7188240000"
202200047546;5;1;2022;22:27;5;21;1;1;1;6;"47;2389409922";"5;2128803729"
202200047547;6;1;2022;08:27;1;73;1;1;1;3;"45;6392398992";"5;8923764080"
202200047548;10;1;2022;06:10;3;60;1;1;5;1;"49;6559347029";"2;8747272486"
202200047549;9;1;2022;16:30;1;13;1;1;1;6;"43;3325362971";"5;3856288663"
202200047550;8;1;2022;07:15;3;91;1;1;1;2;"48;7425910000";"2;3220920000"
202200047551;9;1;2022;16:00;1;92;1;1;8;6;"48;9354217595";"2;2605830961"
202200047552;9;1;2022;01:45;5;92;1;1;3;4;"48;8892486093";"2;2466463337"
202200047553;9;1;2022;02:04;3;92;1;1;2;6;"48;9335373784";"2;2742431993"
202200047554;9;1;2022;18:10;3;95;1;1;2;6;"48;9908391977";"2;1935212612"
202200047555;9;1;2022;14:50;1;95;1;1;1;6;"49;0350920209";"2;0984745026"
202200047556;9;1;2022;14:20;1;93;1;1;8;6;"48;9508885757";"2;4745512892"
202200047557;9;1;2022;09:00;1;92;1;1;2;6;"48;9384432213";"2;2966712184"
202200047558;9;1;2022;06:20;3;92;1;1;3;6;"48;9378886633";"2;2976672190"
202200047559;9;1;2022;04:40;3;93;1;1;2;2;"48;9421443682";"2;4781664745"
202200047560;8;1;2022;22:45;3;93;1;1;2;6;"48;9685100000";"2;5654100000"
202200047561;9;1;2022;00:15;3;93;1;1;8;6;"48;9282600000";"2;4032100000"
202200047562;8;1;2022;21:05;3;95;1;1;3;2;"48;9633942434";"2;2643744946"
202200047563;8;1;2022;13:00;1;93;1;1;2;6;"48;8887500000";"2;4727500000"
202200047564;9;1;2022;02:55;5;94;1;1;2;7;"48;7676700000";"2;3786300000"
202200047565;8;1;2022;23:50;3;94;1;9;2;6;"48;8343891811";"2;4932068928"
202200047566;8;1;2022;18:42;5;94;2;2;2;6;"48;8097800000";"2;4526400000"
202200047567;8;1;2022;14:10;1;974;1;1;2;7;" -21;2943500000";"55;4886900000"
202200047568;8;1;2022;11:30;1;974;1;1;1;2;" -21;3297200000";"55;4539000000"
202200047569;8;1;2022;20:00;3;974;2;1;3;6;" -20;9001700000";"55;4638200000"
202200047570;7;1;2022;11:45;1;974;2;1;1;4;" -20;8726370000";"55;4487760000"
202200047571;8;1;2022;13:25;1;972;1;2;1;3;"14;6256000000";" -60;9793100000"
202200047572;6;1;2022;07:00;2;971;2;2;1;3;"15;9962627992";" -61;7307977378"
202200047573;9;1;2022;01:45;5;2A;2;1;2;6;"41;9164000000";"8;7315000000"
202200047574;8;1;2022;12:20;1;95;2;2;3;3;"48;9755400000";"2;3080300000"
202200047575;9;1;2022;01:42;5;91;2;2;2;3;"48;6715600000";"2;5336900000"
202200047576;8;1;2022;09:20;1;91;2;9;1;3;"48;4291500000";"2;1468800000"
202200047577;8;1;2022;15:40;1;83;2;1;1;3;"43;1075770000";"5;9896770000"
202200047578;7;1;2022;16:30;1;81;2;1;2;5;"44;0351100000";"2;1572600000"
202200047579;7;1;2022;18:30;5;78;2;6;2;6;"48;9786870000";"1;9137550000"
202200047580;8;1;2022;18:20;5;77;2;3;2;1;"48;4239000000";"2;7394000000"
202200047581;8;1;2022;11:20;1;76;2;1;2;6;"49;4182900000";"1;1178900000"
202200047582;7;1;2022;11:30;1;74;2;1;1;6;"46;1917400000";"6;2506100000"
202200047583;8;1;2022;09:00;1;71;2;1;9;6;"46;6779408547";"4;3641905246"
202200047584;8;1;2022;11:30;1;71;2;1;2;2;"46;8129700000";"4;4865700000"
202200047585;8;1;2022;18:20;2;69;2;6;2;6;"45;7726700000";"4;8657900000"
202200047586;8;1;2022;10:25;1;69;2;1;2;2;"45;9854300000";"4;7303700000"
202200047587;8;1;2022;21:29;5;65;2;6;2;3;"43;2409400000";"0;0737000000"
202200047588;8;1;2022;12:44;1;45;2;2;2;3;"47;9986100000";"2;7098800000"
202200047589;4;1;2022;17:25;2;42;2;2;1;3;"45;5270837314";"4;6129353481"
202200047590;8;1;2022;18:35;5;42;2;1;1;6;"46;0279600000";"4;0890700000"
202200047591;8;1;2022;18:20;5;37;2;2;3;6;"47;3942397024";"0;6847394630"
202200047592;8;1;2022;16:25;1;35;2;1;2;2;"48;1226126300";" -1;7088907957"
202200047593;8;1;2022;17:10;2;35;2;6;2;3;"48;3526100000";" -1;1859700000"
202200047594;8;1;2022;13:25;1;33;2;1;8;2;"44;8583000000";" -0;5379000000"
202200047595;7;1;2022;23:50;3;33;1;9;2;6;"44;6171540000";" -1;1144400000"
202200047596;8;1;2022;18:00;5;25;2;1;2;6;"47;2186200000";"6;0179900000"
202200047597;7;1;2022;18:40;5;16;2;1;2;6;"45;6857810627";" -0;3517998755"
202200047598;8;1;2022;16:00;1;13;2;1;1;2;"43;3044879556";"5;3765196744"
202200047599;8;1;2022;08:00;1;13;2;1;1;6;"43;2919800000";"5;3936900000"
202200047600;8;1;2022;01:50;5;13;2;3;1;3;"43;2933385026";"5;4552878260"
202200047601;8;1;2022;01:50;3;13;1;1;1;5;"43;6282023652";"5;0178462266"
202200047602;4;1;2022;14:00;1;13;2;1;1;3;"43;1780812262";"5;5947521114"
202200047603;8;1;2022;08:50;1;06;2;6;7;3;"43;6452660000";"6;9402660000"
202200047604;8;1;2022;20:00;5;01;2;2;2;6;"46;2018600000";"5;2210100000"
202200047605;7;1;2022;23:36;3;75;2;2;1;2;"48;8501690000";"2;3481250000"
202200047606;8;1;2022;20:15;5;75;2;2;1;3;"48;8530310000";"2;3971830000"