Accident_Id;jour;mois;an;hrmn;lum;dep;agg;int;atm;col;lat;long
202200047607;8;1;2022;19:40;5;75;2;3;2;6;"48;8877770000";"2;3730190000"
202200047608;7;1;2022;21:50;5;75;2;3;2;6;"48;8755200000";"2;2790770000"
202200047609;8;1;2022;18:40;5;75;2;2;3;6;"48;8493080000";"2;2816470000"
202200047610;7;1;2022;19:10;5;75;2;4;2;7;"48;8457610000";"2;3096070000"
202200047611;7;1;2022;08:20;2;75;2;1;2;6;"48;8436550000";"2;3122920000"
202200047612;8;1;2022;12:14;1;75;2;1;2;2;"48;8387550000";"2;3201570000"
202200047613;7;1;2022;06:30;5;75;2;2;1;6;"48;8302670000";"2;3340570000"
202200047614;7;1;2022;23:00;5;75;2;4;2;6;"48;8732890000";"2;3587440000"
202200047615;8;1;2022;23:35;5;75;2;2;1;3;"48;8684380000";"2;3012000000"
202200047616;8;1;2022;19:15;5;75;2;1;2;3;"48;8573140000";"2;3277170000"
202200047617;8;1;2022;11:32;1;75;2;1;2;3;"48;8600970000";"2;3404410000"
202200047618;7;1;2022;23:00;5;94;2;1;2;3;"48;8003600000";"2;4966200000"
202200047619;8;1;2022;11:35;1;94;2;1;2;1;"48;8219500000";"2;3989400000"
202200047620;8;1;2022;06:50;3;95;1;1;1;2;"48;9989720000";"2;5221980000"
202200047621;8;1;2022;17:40;5;93;2;1;3;6;"48;9606118907";"2;3587830300"
202200047622;7;1;2022;22:39;5;93;2;1;8;6;"48;9504700000";"2;3425600000"
202200047623;8;1;2022;16:15;1;93;2;1;2;4;"48;9050441048";"2;5441315770"
202200047624;8;1;2022;21:00;5;93;2;1;2;6;"48;9118636653";"2;4911659956"
202200047625;8;1;2022;19:30;5;93;2;3;3;6;"48;9097097592";"2;4673975776"
202200047626;7;1;2022;08:45;1;93;2;1;2;6;"48;9066100000";"2;4507680000"
202200047627;8;1;2022;21:00;5;93;2;3;2;3;"48;9308171373";"2;4905458176"
202200047628;8;1;2022;15:45;1;93;2;1;2;2;"48;9153166664";"2;3701933219"
202200047629;8;1;2022;16:10;1;92;2;1;2;1;"48;9111630000";"2;2364460000"
202200047630;8;1;2022;07:25;3;54;1;1;2;7;"48;7648349396";"6;4315938958"
202200047631;8;1;2022;19:45;3;84;1;1;1;6;"43;9656930000";"5;0092830000"
202200047632;7;1;2022;15:50;1;31;1;3;1;3;"43;6438240000";"1;6128230000"
202200047633;22;9;2022;07:35;2;51;2;2;1;1;"49;2628600000";"4;0570600000"
202200047634;21;9;2022;11:49;1;49;2;2;1;3;"47;4541800000";" -0;5679700000"
202200047635;22;9;2022;17:05;1;47;2;2;1;6;"44;1954000000";"0;6171000000"
202200047636;22;9;2022;16:05;1;44;2;6;1;2;"47;2210000000";" -1;6024500000"
202200047637;21;9;2022;08:07;1;43;2;6;1;7;"45;0501000000";"3;9037400000"
202200047638;21;9;2022;08:44;1;42;2;4;7;6;"46;0398200000";"4;0525290000"
202200047639;22;9;2022;11:30;1;38;2;1;1;6;"45;1808600000";"5;7414000000"
202200047640;22;9;2022;19:05;2;33;2;2;7;3;"44;8559300000";" -0;6267400000"
202200047641;22;9;2022;11:15;1;33;2;2;1;3;"44;8401700000";" -0;5809600000"
202200047642;22;9;2022;09:00;1;33;2;6;1;3;"44;8048100000";" -0;6104800000"
202200047643;22;9;2022;09:12;1;33;2;2;7;3;"44;8316100000";" -0;5588000000"
202200047644;22;9;2022;08:25;1;33;2;1;1;3;"44;7739400000";" -0;5989900000"
202200047645;21;9;2022;16:15;1;33;2;1;1;4;"44;7979568453";" -0;5689314008"
202200047646;22;9;2022;22:08;5;31;2;9;1;3;"43;5669600000";"1;4584100000"
202200047647;22;9;2022;07:50;1;31;1;1;1;2;"43;6136370000";"1;4837010000"
202200047648;22;9;2022;07:15;2;31;2;1;1;6;"43;6479100000";"1;4253320000"
202200047649;21;9;2022;07:15;1;31;2;1;1;1;"43;6479100000";"1;4221700000"
202200047650;22;9;2022;18:05;1;28;2;2;1;3;"48;4416200000";"1;4861240000"
202200047651;22;9;2022;15:10;1;27;2;1;1;6;"49;0906040345";"1;4719340801"
202200047652;22;9;2022;16:10;1;27;2;1;1;1;"49;0103200000";"1;1666600000"
202200047653;22;9;2022;08:10;1;27;2;1;1;1;"49;0542600000";"1;1770600000"
202200047654;21;9;2022;17:25;1;26;2;6;1;3;"44;8960000000";"4;9160000000"
202200047655;21;9;2022;06:06;5;17;1;1;1;7;"46;1742000000";" -1;1120000000"
202200047656;21;9;2022;18:33;1;17;2;1;1;3;"46;1749500000";" -1;1148500000"
202200047657;12;9;2022;17:30;1;16;1;1;1;1;"45;6731750000";"0;2022650000"
202200047658;22;9;2022;15:20;1;14;2;1;1;7;"49;3484513591";"0;0497657061"
202200047659;22;9;2022;19:00;1;13;2;1;1;2;"43;2724580904";"5;4210500592"
202200047660;22;9;2022;17:30;1;13;2;1;1;1;"43;3325304661";"5;3989101887"
202200047661;22;9;2022;08:30;1;13;2;1;1;3;"43;3022594127";"5;3663353622"
202200047662;21;9;2022;19:30;2;13;2;3;1;3;"43;3018900000";"5;3671700000"
202200047663;21;9;2022;20:55;5;13;2;6;1;1;"43;2869900000";"5;5138100000"
202200047664;22;9;2022;13:18;1;13;2;6;1;3;"43;5389400000";"5;4534100000"
202200047665;22;9;2022;07:15;2;13;2;2;1;2;"43;5237500000";"5;4371300000"
202200047666;18;9;2022;19:00;1;12;2;1;1;7;"44;5241600000";"2;2880700000"
202200047667;22;9;2022;18:45;2;75;2;1;1;5;"48;9005010000";"2;3248890000"
202200047668;21;9;2022;08:55;1;75;2;4;1;6;"48;8685280000";"2;4132110000"
202200047669;21;9;2022;02:05;5;75;2;4;1;6;"48;8752800000";"2;4103760000"
202200047670;22;9;2022;00:26;5;75;2;4;1;6;"48;8647580000";"2;4120800000"
202200047671;22;9;2022;19:50;2;75;2;1;1;3;"48;8799040000";"2;3704230000"
202200047672;22;9;2022;13:20;1;75;2;3;1;3;"48;8832450000";"2;3810850000"
202200047673;22;9;2022;09:00;1;75;2;1;1;3;"48;8902110000";"2;3196780000"
202200047674;22;9;2022;08:50;1;75;2;4;1;7;"48;8804990000";"2;3094580000"
202200047675;22;9;2022;17:45;1;75;2;2;1;7;"48;8465270000";"2;2854160000"
202200047676;22;9;2022;20:00;5;75;2;2;1;3;"48;8230490000";"2;3254900000"
202200047677;22;9;2022;17:02;1;75;2;1;1;6;"48;8243180000";"2;3721010000"
202200047678;22;9;2022;10:30;1;75;2;2;1;5;"48;8765180000";"2;3558590000"
202200047679;22;9;2022;17:30;1;75;2;2;1;3;"48;8628270000";"2;3134600000"
202200047680;21;9;2022;22:40;5;75;2;3;1;6;"48;8625551000";"2;3092520000"
202200047681;22;9;2022;18:05;1;75;2;2;1;3;"48;8616940000";"2;3412260000"
202200047682;21;9;2022;14:55;1;94;2;1;1;3;"48;8075900000";"2;3629500000"
202200047683;22;9;2022;18:35;1;94;2;1;1;2;"48;7525700000";"2;3763100000"
202200047684;2;12;2022;05:15;3;62;1;1;1;5;"50;3465360000";"2;7850030000"
202200047685;22;9;2022;13:15;1;94;2;3;1;6;"48;7671472868";"2;3929749218"
202200047686;1;12;2022;09:00;1;13;1;1;1;3;"43;3130915342";"5;3679352998"
202200047687;1;12;2022;10:45;1;13;1;1;1;7;"43;4018800000";"5;2969500000"
202200047688;22;9;2022;12:05;1;94;2;1;1;3;"48;7525360000";"2;3723640000"
202200047689;1;12;2022;09:00;1;13;1;1;1;4;"43;2103891427";"5;5833935738"
202200047690;22;9;2022;13:10;1;93;2;2;1;3;"48;9589400000";"2;3821200000"
202200047691;30;11;2022;18:15;5;69;1;1;1;6;"45;6947500000";"4;8261300000"
202200047692;30;11;2022;18:30;3;67;1;1;1;2;"48;5869870000";"7;7145310000"
202200047693;1;12;2022;19:20;5;33;2;1;1;7;"44;8840370000";" -0;5587220000"
202200047694;22;9;2022;11:30;1;93;2;1;1;2;"48;9164774091";"2;3253995235"
202200047695;1;12;2022;17:40;3;91;1;1;1;3;"48;6332900000";"2;2228300000"
202200047696;1;12;2022;07:45;2;94;1;1;1;3;"48;7734212580";"2;3459057506"
202200047697;21;9;2022;17:08;1;93;2;3;1;3;"48;8728500207";"2;4865263871"
202200047698;1;12;2022;07:45;4;94;1;1;1;2;"48;7545800000";"2;3329500000"
202200047699;1;12;2022;17:50;3;78;1;1;1;3;"48;7955000000";"2;0462800000"
202200047700;22;9;2022;09:27;1;93;2;1;1;6;"48;8627814176";"2;5404509982"
202200047701;1;12;2022;17:45;4;92;1;1;1;4;"48;9407403854";"2;2929114253"
202200047702;22;9;2022;17:00;1;93;2;1;1;7;"48;8682500000";"2;4340500000"
202200047703;22;9;2022;09:15;1;93;2;1;1;6;"48;9360000000";"2;5851200000"
202200047704;1;12;2022;13:55;1;93;1;1;1;3;"48;8833346075";"2;4918794632"
202200047705;1;12;2022;09:30;1;93;1;1;1;2;"48;9215357961";"2;3685407639"
202200047706;30;11;2022;18:40;3;93;1;1;1;4;"48;9027800000";"2;4673300000"
202200047707;21;9;2022;19:30;1;93;2;1;1;3;"48;9540060000";"2;3137120000"
202200047708;27;11;2022;20:00;3;95;1;1;1;2;"48;9781700000";"2;4556500000"
202200047709;22;9;2022;07:55;2;93;2;2;1;6;"48;9243765467";"2;3835966788"
202200047710;30;11;2022;10:00;1;95;1;1;1;2;"49;0071131215";"2;1624451876"
202200047711;22;9;2022;18:12;1;93;2;7;1;6;"48;9126674395";"2;4360452506"
202200047712;1;12;2022;18:25;5;94;1;1;2;4;"48;7733811508";"2;4011395508"
202200047713;1;12;2022;00:35;3;94;1;1;1;6;"48;7518280000";"2;5138070000"
202200047714;22;9;2022;18:10;1;92;2;1;1;2;"48;8536100000";"2;1966600000"
202200047715;29;11;2022;12:03;1;75;2;3;8;6;"48;8473450000";"2;3867850000"
202200047716;30;11;2022;17:40;5;75;2;1;1;5;"48;8674120000";"2;2691630000"
202200047717;22;9;2022;14:10;1;92;2;9;1;6;"48;8514920000";"2;2130130000"
202200047718;30;11;2022;08:10;1;75;2;1;1;5;"48;8308070000";"2;4031540000"
202200047719;22;9;2022;13:25;1;92;2;3;1;2;"48;8839862117";"2;2815594077"
202200047720;22;9;2022;17:30;1;92;2;1;1;3;"48;8911967409";"2;2153517604"
202200047721;30;11;2022;06:40;2;75;2;3;1;7;"48;8443680000";"2;3328910000"
202200047722;30;11;2022;16:15;1;75;2;1;1;3;"48;8455750000";"2;2731340000"
202200047723;22;9;2022;13:37;1;92;2;2;1;6;"48;8903265202";"2;2817340195"
202200047724;30;11;2022;18:18;5;75;2;1;1;6;"48;8535950000";"2;2971010000"
202200047725;22;9;2022;12:50;1;92;2;1;1;3;"48;9020600000";"2;3071200000"
202200047726;10;7;2022;18:30;1;62;2;1;1;6;"50;5457210000";"2;6445580000"
202200047727;29;11;2022;22:43;5;75;2;4;1;7;"48;8330950000";"2;3247230000"
202200047728;22;9;2022;15:40;1;92;2;1;1;1;"48;7892000000";"2;2516300000"
202200047729;7;7;2022;20:30;1;61;2;6;1;3;"48;4311500000";"0;0898200000"
202200047730;30;11;2022;17:00;2;75;2;1;1;6;"48;8254200000";"2;3883590000"
202200047731;2;7;2022;20:50;1;60;2;1;1;6;"49;4302200000";"2;0908500000"
202200047732;22;9;2022;18:55;1;92;2;2;1;5;"48;7914100000";"2;3197900000"
202200047733;30;11;2022;06:20;5;75;2;3;1;6;"48;8271093629";"2;3671433330"
202200047734;6;7;2022;18:18;1;60;2;1;1;2;"49;4270247699";"2;1006417273"
202200047735;22;9;2022;09:35;1;92;2;1;1;7;"48;7976024310";"2;2972031236"
202200047736;30;11;2022;10:30;1;75;2;1;1;6;"48;8376710000";"2;4008090000"
202200047737;11;6;2022;11:00;1;60;2;9;1;6;"49;4255725837";"2;1074813604"
202200047738;23;9;2022;09:00;1;24;1;1;1;3;"45;2192240000";"0;8379830000"
202200047739;30;11;2022;06:00;5;75;2;2;1;3;"48;8432090000";"2;3703550000"
202200047740;22;9;2022;19:50;3;41;1;1;1;1;"47;6348000000";"1;4155630000"
202200047741;30;11;2022;07:34;2;75;2;2;1;6;"48;8610560000";"2;3132360000"
202200047742;12;6;2022;20:20;1;59;2;2;1;5;"50;7239505282";"3;1622117758"
202200047743;8;7;2022;17:00;1;59;2;1;7;6;"50;6808968525";"3;1851392984"
202200047744;30;11;2022;19:10;5;75;2;3;1;3;"48;8520840000";"2;3654080000"
202200047745;19;9;2022;12:21;1;12;1;1;1;1;"44;3852633402";"2;6376199723"
202200047746;9;7;2022;10:30;1;59;2;1;1;3;"50;6055848840";"3;0587911604"
202200047747;29;11;2022;18:15;5;75;2;2;1;7;"48;8683560000";"2;3303040000"
202200047748;19;9;2022;22:50;5;91;2;1;1;7;"48;6609100000";"2;2689930000"
202200047749;30;11;2022;18:00;5;94;2;1;1;7;"48;8384910000";"2;4175560000"
202200047750;20;6;2022;13:25;1;59;2;6;1;3;"50;6887900000";"3;0650800000"
202200047751;22;9;2022;17:45;1;84;1;1;1;7;"44;1306940000";"4;9341060000"
202200047752;24;11;2022;20:45;5;94;2;1;1;1;"48;8334800000";"2;5294400000"
202200047753;22;9;2022;12:00;1;59;2;1;1;7;"51;0720440000";"2;5305730000"
202200047754;9;7;2022;08:15;1;59;2;1;1;3;"50;6659200000";"2;9699100000"
202200047755;30;11;2022;21:25;5;94;2;1;1;3;"48;7789400000";"2;4551700000"
202200047756;22;9;2022;20:50;5;30;2;2;1;6;"44;1451840000";"4;4892780000"
202200047757;6;7;2022;20:10;1;59;2;2;1;3;"50;6183400253";"3;0735728145"
202200047758;29;11;2022;16:30;1;94;2;1;1;6;"48;8181900000";"2;4922400000"
202200047759;13;6;2022;06:45;2;59;2;1;7;3;"50;6449300000";"3;0511300000"
202200047760;30;11;2022;16:25;2;93;2;6;1;6;"48;8995900000";"2;5176200000"
202200047761;22;9;2022;18:50;1;30;1;2;1;3;"43;8126400000";"4;4169710000"
202200047762;21;9;2022;10:30;1;76;2;1;1;6;"49;4829460000";"0;8079010000"
202200047763;30;11;2022;06:10;3;93;1;1;1;2;"48;9206400000";"2;5587300000"
202200047764;1;7;2022;16:35;1;59;2;2;1;3;"50;9884100000";"2;1107400000"
202200047765;17;9;2022;17:10;1;76;2;1;1;6;"49;4845690000";"1;7172570000"
202200047766;29;11;2022;15:40;1;93;2;1;8;6;"48;8830217881";"2;4265220761"
202200047767;1;7;2022;17:55;1;59;1;3;1;1;"51;0052130309";"2;1339440346"
202200047768;29;11;2022;16:00;1;93;2;1;1;6;"48;8788910000";"2;4126320000"
202200047769;21;9;2022;19:15;2;33;1;1;1;6;"44;9913040000";" -0;0641850000"
202200047770;5;7;2022;16:40;1;57;2;3;1;3;"49;3162862285";"6;1254682390"
202200047771;30;11;2022;20:00;5;93;2;2;1;7;"48;9573100000";"2;3098100000"
202200047772;12;6;2022;14:23;1;57;2;1;1;6;"49;3593600000";"6;1380600000"
202200047773;29;11;2022;11:27;1;93;2;1;5;6;"48;9097000000";"2;4472000000"
202200047774;22;9;2022;20:45;3;69;1;1;1;5;"45;8763710000";"4;8830580000"
202200047775;30;11;2022;13:20;1;92;2;1;8;3;"48;8230240000";"2;2957860000"
202200047776;19;9;2022;07:55;1;49;1;1;7;2;"47;3986760000";"0;0274600000"
202200047777;30;11;2022;08:30;1;92;2;3;1;7;"48;8721053718";"2;2335028052"
202200047778;3;7;2022;15:05;1;57;2;1;1;1;"49;1100694466";"7;0381025280"
202200047779;22;9;2022;12:20;1;46;1;1;1;5;"44;7810510000";"1;7322080000"
202200047780;8;7;2022;21:10;1;56;2;6;1;3;"47;6653300000";" -2;7507900000"
202200047781;22;9;2022;10:20;1;29;2;1;1;6;"48;3253130000";" -4;1624420000"
202200047782;30;11;2022;21:25;5;92;2;2;1;3;"48;8173090000";"2;3288550000"
202200047783;9;7;2022;11:00;1;56;1;6;1;7;"47;7086124600";" -3;4217083000"
202200047784;22;9;2022;09:00;1;44;2;6;1;3;"47;2815440000";" -2;0250250000"
202200047785;30;11;2022;16:30;2;92;2;1;1;6;"48;8147400000";"2;3088040000"
202200047786;5;7;2022;15:35;1;56;2;1;1;6;"47;7342200000";" -3;3890900000"
202200047787;22;9;2022;19:15;1;29;1;1;1;3;"48;3272320000";" -3;6254980000"
202200047788;30;11;2022;17:48;5;92;2;1;1;3;"48;7821822852";"2;2262804210"
202200047789;11;6;2022;18:00;1;55;2;1;7;7;"49;1481800000";"5;4021200000"
202200047790;23;9;2022;00:05;5;31;2;1;1;6;"43;5513940000";"1;7837230000"
202200047791;30;11;2022;11:20;1;92;2;3;2;3;"48;9356580000";"2;2608910000"
202200047792;23;9;2022;07:30;2;03;1;1;1;6;"46;3252130000";"2;4462010000"
202200047793;9;7;2022;19:56;1;54;2;1;1;3;"48;6920344578";"6;2003177404"
202200047794;26;11;2022;20:15;5;92;2;2;1;3;"48;9338777627";"2;2555559277"
202200047795;22;9;2022;15:29;1;01;1;1;1;3;"46;1001430000";"5;3223190000"
202200047796;30;11;2022;19:20;5;92;2;1;1;3;"48;7708706361";"2;2851642966"
202200047797;8;7;2022;01:45;5;54;2;5;1;3;"48;6869300000";"6;1950200000"
202200047798;22;9;2022;13:50;1;01;1;2;1;3;"46;1152380000";"4;9363590000"
202200047799;30;11;2022;07:50;2;57;1;3;8;3;"49;1486710000";"6;2473050000"
202200047800;30;11;2022;08:45;1;22;2;1;1;6;"48;5424200000";" -2;9695270000"
202200047801;22;9;2022;19:05;1;72;1;1;1;6;"48;1681250000";"0;6493090000"
202200047802;6;7;2022;08:00;1;54;2;1;1;2;"48;6510616089";"6;1410838366"
202200047803;21;9;2022;18:45;1;64;1;1;1;7;"42;8720261780";" -0;3971524595"
202200047804;24;11;2022;19:15;3;33;1;3;1;3;"44;5224200000";" -0;0464240000"
202200047805;5;7;2022;12:25;1;54;2;4;1;5;"48;6363700000";"6;3117200000"
202200047806;19;9;2022;17:30;1;16;1;1;1;6;"45;8266010000";"0;0539660000"
202200047807;23;9;2022;09:00;1;16;1;1;1;6;"45;5755330000";"0;0360600000"
202200047808;1;12;2022;12:30;1;21;1;1;8;3;"47;2448040000";"5;0986860000"
202200047809;10;7;2022;08:25;1;54;1;1;7;2;"49;2738500000";"5;9103000000"
202200047810;23;9;2022;09:15;1;07;1;1;2;7;"44;5722040000";"4;6317670000"
202200047811;30;11;2022;16:30;2;83;1;1;1;3;"43;4265310000";"6;3984330000"
202200047812;9;6;2022;17:50;1;61;2;9;1;7;"48;4325800000";"0;0825800000"
202200047813;8;7;2022;17:40;1;54;1;1;1;7;"49;2554200000";"5;9975400000"
202200047814;30;11;2022;16:40;2;68;1;1;1;6;"47;7420070000";"7;5051480000"
202200047815;22;9;2022;15:20;1;40;1;1;1;6;"44;0970170000";" -1;2323780000"
202200047816;9;6;2022;20:30;1;35;2;1;1;6;"48;0971455971";" -1;6647545993"
202200047817;10;7;2022;19:25;1;51;2;2;1;7;"49;2560000000";"4;0554000000"
202200047818;22;9;2022;11:11;1;24;1;3;1;7;"45;2687730000";"0;3187970000"
202200047819;1;12;2022;12:40;1;35;1;3;1;3;"48;0518510000";" -1;2434940000"
202200047820;9;6;2022;07:50;1;31;2;1;7;3;"43;5876300000";"1;4606600000"
202200047821;8;7;2022;23:00;5;51;2;5;1;7;"49;2554870000";"4;0464720000"
202200047822;1;12;2022;00:45;3;06;1;1;1;7;"43;7710740000";"7;1766300000"
202200047823;9;6;2022;09:00;1;27;2;2;1;6;"49;0278100000";"1;1494800000"
202200047824;23;9;2022;16:50;1;04;1;2;1;1;"44;0246240000";"5;7169330000"
202200047825;7;7;2022;19:45;1;51;2;2;1;3;"49;2575000000";"4;0494700000"
202200047826;18;2;2022;15:10;1;83;2;1;1;4;"43;0985400000";"6;0653700000"
202200047827;8;6;2022;18:30;1;29;2;1;1;6;"48;3897580000";" -4;4851940000"
202200047828;22;9;2022;16:00;1;17;1;1;1;7;"45;4455220000";" -0;3813780000"
202200047829;18;2;2022;21:35;5;83;2;1;1;7;"43;4315400000";"6;7877500000"
202200047830;23;2;2022;17:30;1;30;2;9;1;6;"44;1628000000";"4;6224000000"
202200047831;30;11;2022;07:30;3;79;1;1;1;1;"46;9659660000";" -0;8430990000"
202200047832;7;7;2022;17:10;1;51;2;1;1;2;"49;2401201875";"4;0205830336"
202200047833;23;9;2022;05:50;3;37;1;1;1;1;"47;2744903425";"0;5853062868"
202200047834;17;2;2022;13:55;1;80;2;2;6;3;"49;9207500000";"2;3679800000"
202200047835;22;9;2022;14:35;1;08;2;1;1;6;"49;6048140000";"5;0850710000"
202200047836;25;11;2022;06:30;3;82;1;1;2;6;"43;9417340000";"1;3249630000"
202200047837;9;6;2022;18:15;5;974;1;1;1;2;" -21;3040800000";"55;4595400000"
202200047838;18;2;2022;10:05;1;79;2;1;6;7;"46;9891600000";" -0;2103400000"
202200047839;9;6;2022;17:05;1;973;2;1;1;3;"4;9192400000";" -52;3176200000"
202200047840;7;7;2022;13:50;1;51;2;2;1;3;"49;2633600000";"4;0280700000"
202200047841;22;9;2022;22:45;5;987;1;1;1;2;" -17;6180000000";" -149;5490000000"
202200047842;18;2;2022;18:00;2;76;1;1;6;1;"49;3021080000";"0;9717720000"
202200047843;2;10;2022;19:45;5;49;2;2;1;3;"47;2705850000";" -1;0283000000"
202200047844;9;6;2022;18:42;1;973;2;1;1;3;"4;9309900000";" -52;3055300000"
202200047845;22;9;2022;17:10;1;31;2;6;1;6;"43;5456010000";"1;5059320000"
202200047846;18;2;2022;01:00;5;76;2;9;2;6;"49;2899100000";"1;0009400000"
202200047847;6;7;2022;21:09;1;51;2;2;1;1;"49;2528730000";"4;0272050000"
202200047848;30;11;2022;22:00;3;39;1;6;1;6;"47;0035700000";"5;3548160000"
202200047849;9;6;2022;09:30;1;973;2;1;1;3;"4;9289253714";" -52;3161756992"
202200047850;22;9;2022;15:50;1;971;2;1;1;6;"16;1047720000";" -61;5652050000"
202200047851;6;7;2022;15:25;1;51;2;1;1;2;"49;2501400000";"4;0525600000"
202200047852;22;9;2022;08:25;2;77;2;1;8;7;"48;9008340000";"2;8585130000"
202200047853;18;2;2022;21:00;5;74;2;3;2;3;"46;1918100000";"6;2483800000"
202200047854;9;6;2022;13:30;1;69;2;2;8;3;"45;7320800000";"4;8677000000"
202200047855;30;11;2022;13:50;1;29;2;1;1;2;"48;6622712997";" -4;1154718100"
202200047856;21;9;2022;18:35;1;77;1;1;1;7;"49;0915810000";"2;6354800000"
202200047857;6;7;2022;15:05;1;50;2;1;1;3;"49;6482600000";" -1;6436100000"
202200047858;18;2;2022;10:30;1;74;2;1;1;3;"46;1917000000";"6;2299000000"
202200047859;20;9;2022;11:40;1;2B;1;1;1;1;"42;5715080000";"9;0150820000"
202200047860;1;7;2022;13:35;1;50;2;1;1;3;"49;6299900000";" -1;6178600000"
202200047861;9;6;2022;19:45;5;972;1;3;1;3;"14;6150200000";" -61;0618600000"
202200047862;18;2;2022;18:45;5;73;2;4;1;1;"45;7045600000";"5;8909100000"
202200047863;29;11;2022;08:25;2;31;1;2;2;3;"43;4334600000";"1;8954310000"
202200047864;19;9;2022;03:00;3;34;1;1;1;4;"43;5605690000";"4;0336350000"
202200047865;7;7;2022;12:58;1;49;2;2;1;3;"47;4556700000";" -0;5300000000"
202200047866;10;6;2022;00:45;5;69;2;5;1;3;"45;7636700000";"4;8384800000"
202200047867;16;2;2022;15:40;1;72;2;1;2;2;"47;9938900000";"0;2170800000"
202200047868;23;9;2022;10:10;1;83;2;1;1;6;"43;3067440000";"6;6408710000"
202200047869;30;11;2022;15:15;1;31;1;2;8;3;"43;7212110000";"1;0985680000"
202200047870;6;7;2022;12:03;1;49;2;6;1;3;"47;4568000000";" -0;5112000000"
202200047871;18;2;2022;18:10;5;68;2;2;2;3;"47;7529800000";"7;3557200000"
202200047872;9;6;2022;14:40;1;69;2;3;1;4;"45;7179000000";"4;8099000000"
202200047873;5;7;2022;12:11;1;49;2;1;1;7;"47;4980700000";" -0;5565000000"
202200047874;23;9;2022;08:20;1;13;2;9;1;3;"43;6302980000";"4;8063580000"
202200047875;18;2;2022;06:30;2;67;1;1;1;2;"48;6237400000";"7;7528400000"
202200047876;23;9;2022;13:21;1;71;1;1;1;6;"46;4010200000";"4;4536580000"
202200047877;5;7;2022;19:54;1;49;2;1;1;6;"47;4419400000";" -0;4843500000"
202200047878;30;11;2022;16:30;1;03;1;9;1;6;"46;4407260000";"2;7055440000"
202200047879;6;7;2022;08:57;1;49;2;1;1;7;"47;4732400000";" -0;5457800000"
202200047880;9;6;2022;17:45;1;2B;2;1;1;3;"42;7000000000";"9;4500000000"
202200047881;17;2;2022;11:15;1;66;2;3;1;6;"42;6895600000";"2;8844700000"
202200047882;15;8;2022;06:15;1;13;2;1;1;3;"43;4137800000";"5;3553000000"
202200047883;23;9;2022;06:50;3;54;1;1;1;1;"48;7999665660";"5;9470367431"
202200047884;1;12;2022;16:45;2;01;1;1;1;1;"45;7949170000";"5;6824950000"
202200047885;9;6;2022;10:26;1;2B;2;9;1;2;"42;6641400000";"9;4425900000"
202200047886;12;6;2022;21:14;1;49;2;1;1;2;"47;4484900000";" -0;5119000000"
202200047887;30;11;2022;17:34;3;01;1;1;1;3;"46;3536780000";"5;1429190000"
202200047888;15;8;2022;07:00;1;13;2;1;1;2;"43;3165533935";"5;3970745754"
202200047889;17;2;2022;00:45;5;66;2;3;1;3;"42;7153500000";"2;8937500000"
202200047890;22;5;2022;04:12;5;971;1;1;1;6;"16;2621751190";" -61;5019690990"
202200047891;21;9;2022;18:20;1;01;2;6;7;3;"45;8480650000";"5;0577620000"
202200047892;6;7;2022;23:55;3;47;1;1;1;7;"44;4470300000";"0;7389400000"
202200047893;15;8;2022;15:00;1;13;1;1;1;7;"43;4553800000";"5;0047600000"
202200047894;22;9;2022;12:30;1;01;1;1;1;6;"45;8892540000";"5;3710060000"
202200047895;18;2;2022;21:30;5;64;2;3;2;7;"43;3227200000";" -0;3793700000"
202200047896;9;6;2022;15:05;1;95;2;1;1;6;"49;0106740929";"2;1932959557"
202200047897;6;7;2022;16:05;1;47;2;1;1;6;"44;4069700000";"0;7080800000"
202200047898;15;8;2022;23:20;5;13;2;1;1;6;"43;1762017989";"5;6105964108"
202200047899;18;2;2022;20:10;5;64;2;1;2;6;"43;5024800000";" -1;4931400000"
202200047900;22;9;2022;18:25;1;33;2;1;1;6;"45;0118660000";" -0;0501680000"
202200047901;15;8;2022;18:50;1;06;2;1;1;7;"43;6516700000";"6;9289500000"
202200047902;1;12;2022;17:50;3;58;2;1;1;1;"47;0748070000";"3;4176980000"
202200047903;7;7;2022;15:15;1;45;2;1;1;3;"47;8948426355";"1;8956351280"
202200047904;9;6;2022;14:00;1;95;1;1;1;4;"49;0129900000";"2;1718600000"
202200047905;18;2;2022;14:05;1;64;2;3;1;3;"43;4899200000";" -1;5040200000"
202200047906;22;9;2022;15:00;1;33;1;2;1;3;"44;9214140000";" -0;6736480000"
202200047907;9;6;2022;10:44;1;95;2;1;1;6;"48;9244400000";"2;2088900000"
202200047908;15;8;2022;13:45;1;06;2;4;1;3;"43;6665400000";"6;9405400000"
202200047909;22;9;2022;06:40;2;22;1;1;1;1;"48;3790620000";" -2;0184330000"
202200047910;1;12;2022;06:55;3;50;2;1;5;6;"48;8415870000";" -1;2273790000"
202200047911;15;2;2022;21:22;5;63;2;3;1;3;"45;7924900000";"3;0916400000"
202200047912;21;9;2022;21:26;3;59;1;1;1;6;"50;2694220000";"3;8542270000"
202200047913;9;6;2022;19:40;1;91;2;6;1;3;"48;7218800000";"2;4047800000"
202200047914;15;8;2022;13:20;1;75;2;4;2;4;"48;8443760000";"2;4139040000"