Accident_Id;jour;mois;an;hrmn;lum;dep;agg;int;atm;col;lat;long
202200047915;16;7;2022;16:25;1;21;2;1;1;1;"47;5405200000";"4;9673870000"
202200047916;7;7;2022;08:25;1;45;2;1;1;4;"47;9243800000";"1;9611800000"
202200047917;18;2;2022;18:30;2;59;2;5;6;1;"50;7129500000";"3;1561100000"
202200047918;22;9;2022;10:58;1;59;2;1;1;6;"50;6441970000";"2;7237890000"
202200047919;1;12;2022;10:37;1;04;1;1;1;6;"44;2448920000";"5;8906460000"
202200047920;5;7;2022;18:30;1;44;2;1;1;6;"47;2985200000";" -2;1863400000"
202200047921;9;6;2022;14:30;1;91;2;9;1;6;"48;7167900000";"2;3885400000"
202200047922;13;8;2022;15:40;1;75;2;5;1;3;"48;8341980000";"2;4107640000"
202200047923;1;12;2022;13:30;1;17;2;7;1;6;"46;3087810000";" -0;9934470000"
202200047924;18;2;2022;19:50;5;59;2;1;6;6;"51;0330630928";"2;3684596717"
202200047925;6;7;2022;10:00;1;43;2;1;1;6;"45;0420300000";"3;8840600000"
202200047926;9;6;2022;14:45;1;91;2;9;1;2;"48;6633400000";"2;3686880000"
202200047927;30;11;2022;15:00;1;30;1;1;9;7;"44;0942490000";"3;5482670000"
202200047928;17;2;2022;03:45;3;57;2;1;3;6;"49;1002584000";"7;0489860000"
202200047929;15;8;2022;10:20;1;75;2;2;1;3;"48;8256650000";"2;3820670000"
202200047930;29;11;2022;19:55;3;30;1;1;1;6;"43;9473800000";"4;5593800000"
202200047931;21;9;2022;21:18;3;83;1;1;1;2;"43;1464800000";"6;0319800000"
202200047932;8;7;2022;09:45;1;42;2;2;1;6;"45;4240100000";"4;3974400000"
202200047933;15;8;2022;17:00;1;75;2;1;1;6;"48;8413730000";"2;4510540000"
202200047934;5;6;2022;01:10;5;89;2;2;1;3;"47;8010600000";"3;5813200000"
202200047935;24;6;2022;11:15;1;42;2;1;2;6;"45;4467300000";"4;3849700000"
202200047936;22;9;2022;16:25;1;69;1;1;1;2;"45;7588100000";"4;9092900000"
202200047937;19;11;2022;11:10;1;35;1;1;1;2;"48;0485950000";" -1;6084030000"
202200047938;5;2;2022;12:50;1;57;2;4;1;1;"49;2581400000";"6;1343400000"
202200047939;8;6;2022;14:36;1;88;2;9;2;3;"48;1956700000";"6;4377000000"
202200047940;15;8;2022;11:55;1;75;2;2;1;2;"48;8736390000";"2;3750160000"
202200047941;17;9;2022;03:00;3;57;1;1;1;2;"49;3467502903";"6;1122769117"
202200047942;30;11;2022;07:30;2;35;1;6;1;3;"48;1367990000";" -1;7718890000"
202200047943;13;6;2022;23:05;5;42;2;2;1;3;"46;0670800000";"4;0788700000"
202200047944;16;2;2022;08:00;3;56;1;3;2;6;"47;7806910000";" -3;3088160000"
202200047945;8;6;2022;13:50;1;87;2;6;1;7;"45;8808900000";"1;2946300000"
202200047946;14;8;2022;14:30;1;75;2;2;2;3;"48;8640670000";"2;3201260000"
202200047947;1;12;2022;08:12;2;42;2;3;1;3;"45;5079900000";"4;2693950000"
202200047948;17;2;2022;16:15;1;54;2;1;1;2;"48;7203381376";"6;2670564651"
202200047949;8;6;2022;12:20;1;86;2;1;1;6;"46;5900620000";"0;3454846000"
202200047950;22;9;2022;08:55;1;33;1;1;1;4;"44;8530720000";" -0;5050910000"
202200047951;9;6;2022;16:55;1;42;2;9;1;3;"46;0483414902";"4;0866325371"
202200047952;14;8;2022;23:30;5;94;2;6;2;2;"48;7310590000";"2;4184150000"
202200047953;30;11;2022;17:55;3;77;1;9;1;2;"48;3642300000";"2;5708000000"
202200047954;18;2;2022;10:00;1;45;2;1;2;3;"47;9174475872";"1;9514223933"
202200047955;19;9;2022;02:30;5;33;1;1;1;3;"44;8837210000";" -0;5199790000"
202200047956;15;8;2022;01:30;5;93;2;1;1;6;"48;8906607029";"2;4003671046"
202200047957;29;11;2022;05:55;2;987;2;1;1;3;" -17;5580060000";" -149;4759840000"
202200047958;9;6;2022;15:30;1;83;2;1;6;3;"43;1078700000";"6;1218800000"
202200047959;18;2;2022;10:35;1;37;2;2;1;3;"47;3864626212";"0;6860118359"
202200047960;8;7;2022;23:20;5;41;2;1;1;7;"47;5923600000";"1;3081100000"
202200047961;22;9;2022;16:30;1;92;1;1;1;4;"48;7598940918";"2;2783368620"
202200047962;8;9;2022;12:00;1;77;2;1;2;3;"48;9039800000";"2;8797480000"
202200047963;18;2;2022;13:55;1;35;2;1;1;6;"48;1050592427";" -1;6942327917"
202200047964;6;5;2022;07:35;1;82;1;1;1;1;"44;0416710000";"1;1291400000"
202200047965;8;7;2022;20:40;1;38;2;3;1;3;"45;1709700000";"5;7237600000"
202200047966;15;8;2022;12:30;1;92;2;9;8;4;"48;8813097763";"2;2715751529"
202200047967;17;2;2022;12:07;1;34;2;1;1;7;"43;3458000000";"3;2166800000"
202200047968;9;6;2022;07:00;1;78;2;1;7;6;"48;9352100000";"2;0593600000"
202200047969;1;12;2022;14:10;1;91;1;9;8;1;"48;6548270000";"2;0694880000"
202200047970;22;9;2022;08:10;1;91;1;1;1;5;"48;6232800000";"2;2952300000"
202200047971;6;7;2022;17:10;2;38;2;1;1;3;"45;1819700000";"5;7249100000"
202200047972;15;8;2022;14:35;1;92;2;2;1;6;"48;8069670221";"2;2935676575"
202200047973;9;6;2022;17:20;1;76;2;1;1;6;"49;4290400000";"1;0951800000"
202200047974;16;2;2022;20:53;5;33;2;2;1;3;"44;7823478023";" -0;6889736652"
202200047975;1;12;2022;17:20;5;2B;2;1;1;1;"42;5451570000";"9;4487810000"
202200047976;6;7;2022;11:20;1;38;1;1;1;6;"45;1654300000";"5;8008700000"
202200047977;22;9;2022;08:15;1;78;1;1;1;4;"48;9125120000";"2;1052610000"
202200047978;5;7;2022;12:30;1;37;2;1;1;7;"47;3417451356";"0;6639144570"
202200047979;9;6;2022;06:55;1;74;1;1;2;3;"46;1720500000";"6;2520000000"
202200047980;14;8;2022;11:45;1;92;2;4;9;3;"48;8941219961";"2;2373051047"
202200047981;17;2;2022;20:25;5;33;2;2;1;3;"44;8041900000";" -0;5584700000"
202200047982;29;11;2022;12:45;1;66;1;3;1;3;"42;8039630000";"2;8384910000"
202200047983;21;9;2022;19:35;2;92;1;1;1;4;"48;9149443909";"2;3096857048"
202200047984;9;6;2022;20:10;1;73;2;6;8;6;"45;5857980000";"5;9232870000"
202200047985;7;7;2022;10:25;1;37;2;1;1;3;"47;4067200000";"0;7055300000"
202200047986;15;8;2022;17:40;1;92;2;1;1;2;"48;9034539645";"2;3125740588"
202200047987;30;11;2022;16:00;1;66;2;1;1;7;"42;7283418459";"3;0152159929"
202200047988;17;2;2022;15:23;1;33;2;1;2;6;"44;8433900000";" -0;5545200000"
202200047989;9;6;2022;09:40;1;71;2;1;8;7;"46;6891000000";"4;3874400000"
202200047990;21;9;2022;18:30;1;92;1;1;1;2;"48;9465157059";"2;2827709006"
202200047991;7;7;2022;06:50;1;37;2;6;1;3;"47;4247200000";"0;7120800000"
202200047992;15;8;2022;18:30;1;44;2;1;1;6;"47;5196930000";" -1;1876230000"
202200047993;1;12;2022;14:15;1;34;1;1;1;1;"43;5106820000";"3;6833920000"
202200047994;18;2;2022;16:00;1;31;2;1;1;6;"43;5804000000";"1;4609200000"
202200047995;5;7;2022;15:00;1;37;2;1;1;6;"47;3858819554";"0;6577366590"
202200047996;1;12;2022;08:30;1;13;1;1;1;1;"43;4290810000";"5;4578550000"
202200047997;8;6;2022;13:40;1;71;2;3;1;3;"46;3288300000";"4;8394400000"
202200047998;21;9;2022;18:20;1;93;1;1;1;4;"48;9393811589";"2;4190314011"
202200047999;16;8;2022;08:35;1;67;1;1;1;1;"48;9039690000";"7;4372940000"
202200048000;18;2;2022;11:00;1;30;2;6;1;2;"44;1388200000";"4;0845500000"
202200048001;1;12;2022;18:45;5;89;2;1;1;7;"47;9641400000";"3;5128230000"
202200048002;9;6;2022;22:15;3;69;2;2;1;6;"45;7790000000";"4;8652000000"
202200048003;13;6;2022;10:00;1;37;2;1;1;3;"47;3992515357";"0;6738406420"
202200048004;21;9;2022;09:40;1;93;1;1;1;2;"48;9538445287";"2;4735206786"
202200048005;14;8;2022;11:00;1;17;2;1;1;1;"46;0879550000";" -1;0964980000"
202200048006;17;2;2022;10:06;1;29;1;3;1;6;"47;9656800000";" -4;0840900000"
202200048007;31;10;2022;15:20;1;88;2;1;1;2;"48;3223810000";"5;5765810000"
202200048008;10;7;2022;16:15;1;35;2;1;1;6;"48;0828120748";" -1;6768527031"
202200048009;9;6;2022;23:30;5;69;2;1;1;6;"45;7073100000";"4;8983400000"
202200048010;21;9;2022;06:38;2;63;2;1;1;6;"45;7754700000";"3;0962200000"
202200048011;15;8;2022;07:45;2;28;1;1;2;1;"48;2160380000";"0;9505750000"
202200048012;27;11;2022;17:50;2;33;2;1;2;6;"44;8227410000";" -0;4277210000"
202200048013;21;9;2022;12:40;1;27;2;1;1;6;"49;0120000000";"1;1680000000"
202200048014;9;6;2022;19:05;1;69;2;1;1;3;"45;7854800000";"4;9129200000"
202200048015;16;8;2022;19:15;2;68;2;1;1;7;"48;1379670000";"7;2686720000"
202200048016;1;12;2022;18:50;5;27;2;1;1;6;"49;0832060000";"1;5854320000"
202200048017;9;7;2022;12:30;1;35;1;1;1;2;"48;0827792311";" -1;6978441292"
202200048018;21;9;2022;09:00;1;31;2;1;1;6;"43;1325700000";"0;7036400000"
202200048019;18;2;2022;15:15;1;17;2;1;1;3;"46;1608400000";" -1;1884300000"
202200048020;13;8;2022;17:10;1;11;1;1;1;2;"43;2654473457";"2;7181726411"
202200048021;9;6;2022;16:43;1;69;2;2;7;3;"45;7593000000";"4;8903000000"
202200048022;16;11;2022;12:30;1;27;2;3;1;3;"49;2442450000";"1;4040130000"
202200048023;21;9;2022;07:30;1;92;2;1;1;2;"48;8308207641";"2;2342586517"
202200048024;15;8;2022;22:10;5;41;1;1;1;6;"47;3500940000";"2;0493900000"
202200048025;18;2;2022;13:00;1;13;2;9;1;3;"43;2828800000";"5;3924200000"
202200048026;9;7;2022;10:30;1;35;1;1;1;5;"48;1491996034";" -1;6994516551"
202200048027;8;6;2022;16:40;1;69;2;4;8;2;"45;9896424331";"4;7216094980"
202200048028;1;12;2022;18:00;3;60;1;1;1;3;"49;1255660000";"2;8488030000"
202200048029;8;7;2022;19:10;1;35;2;1;1;6;"48;0641300000";" -1;7258090000"
202200048030;21;9;2022;07:07;1;63;2;2;1;6;"45;7680000000";"3;0866200000"
202200048031;18;2;2022;08:35;1;13;2;1;1;1;"43;3181437143";"5;3802709464"
202200048032;15;8;2022;17:45;1;28;1;2;1;3;"48;4544170000";"1;4042710000"
202200048033;8;6;2022;17:00;1;67;2;3;1;3;"48;5964800000";"7;7387500000"
202200048034;28;11;2022;07:40;2;60;1;2;1;2;"49;3819050000";"2;1481600000"
202200048035;20;9;2022;13:20;1;29;2;2;1;6;"48;3827476680";" -4;5154096480"
202200048036;18;2;2022;15:15;1;10;2;3;3;3;"48;2928600000";"4;0910200000"
202200048037;8;7;2022;14:00;1;35;2;3;1;7;"48;1059720000";" -1;6777510000"
202200048038;15;8;2022;02:25;3;22;1;1;1;6;"48;3660850000";" -2;3268700000"
202200048039;7;6;2022;17:12;1;66;2;1;1;6;"42;6814900000";"2;8941200000"
202200048040;18;2;2022;20:34;5;06;2;1;1;-1;"43;6544130000";"6;9187600000"
202200048041;1;12;2022;17:40;5;80;2;1;1;1;"49;9639200000";"2;5632320000"
202200048042;7;7;2022;18:15;1;35;2;1;1;3;"48;1081080000";" -1;6897570000"
202200048043;20;9;2022;17:25;1;973;2;2;1;3;"4;9339826615";" -52;3330454528"
202200048044;16;8;2022;09:55;1;34;1;1;1;6;"43;6456410000";"3;5505730000"
202200048045;1;12;2022;10:00;1;59;2;6;1;3;"50;6428302659";"2;6411043074"
202200048046;7;6;2022;14:11;1;66;2;3;1;3;"42;6953400000";"2;9022500000"
202200048047;20;9;2022;20:27;5;63;2;1;1;6;"45;7650500000";"3;1232400000"
202200048048;17;2;2022;17:40;1;06;2;2;1;3;"43;6838160000";"7;1875600000"
202200048049;13;6;2022;18:15;1;35;2;3;1;6;"48;0931512930";" -1;7040463686"
202200048050;15;8;2022;20:00;1;62;2;1;1;3;"50;2758630000";"2;2962900000"
202200048051;25;11;2022;04:10;3;13;1;1;1;2;"43;3745800000";"5;3195700000"
202200048052;7;6;2022;11:11;1;66;2;1;1;1;"42;6696300000";"2;8980700000"
202200048053;6;7;2022;21:15;1;34;2;8;1;6;"43;5910400000";"3;8908300000"
202200048054;17;9;2022;16:20;1;75;2;3;1;3;"48;8670310000";"2;3529480000"
202200048055;18;2;2022;08:40;1;75;2;1;2;3;"48;8421970000";"2;3599210000"
202200048056;8;6;2022;16:30;1;64;2;1;3;1;"43;4839000000";" -1;4767200000"
202200048057;15;8;2022;17:45;1;56;1;1;1;6;"47;8792830000";" -2;5048400000"
202200048058;30;11;2022;12:50;1;33;1;1;1;2;"44;8382290000";" -0;5009750000"
202200048059;6;7;2022;20:30;1;34;2;2;1;1;"43;6152190000";"3;8789190000"
202200048060;18;2;2022;09:30;1;75;2;2;2;3;"48;8962460000";"2;3222250000"
202200048061;27;5;2022;11:10;1;94;2;3;1;3;"48;7274169888";"2;5310249627"
202200048062;29;11;2022;08:02;1;33;1;1;1;2;"44;8799600000";" -0;5371900000"
202200048063;8;6;2022;11:00;1;63;2;1;1;2;"45;7741900000";"3;0636700000"
202200048064;16;8;2022;16:45;1;74;1;1;1;5;"45;8094180000";"6;2316510000"
202200048065;29;11;2022;10:23;1;59;1;1;5;6;"50;3990761600";"3;1108152866"
202200048066;15;8;2022;23:32;3;82;1;1;1;6;"43;9410460000";"1;1322140000"
202200048067;8;6;2022;13:30;1;59;2;4;2;6;"50;7360430000";"3;1733500000"
202200048068;17;2;2022;10:45;1;75;2;1;1;5;"48;9007010000";"2;3344520000"
202200048069;30;11;2022;16:50;1;91;1;1;1;7;"48;7325800000";"2;3154300000"
202200048070;21;9;2022;17:10;1;974;2;3;1;1;" -21;3413200000";"55;4816100000"
202200048071;10;7;2022;06:30;2;33;2;3;1;3;"44;8315133664";" -0;5586585402"
202200048072;14;2;2022;17:35;2;75;2;1;2;6;"48;8432036986";"2;2694519162"
202200048073;30;11;2022;10:50;1;91;1;1;1;7;"48;6227400000";"2;4218400000"
202200048074;16;8;2022;16:15;1;61;1;1;1;1;"48;6262930000";"0;7304350000"
202200048075;9;6;2022;09:00;1;59;2;1;1;3;"50;6487960756";"3;1784364581"
202200048076;8;7;2022;21:20;1;33;2;1;1;6;"44;8007700000";" -0;6704600000"
202200048077;21;9;2022;09:00;1;974;2;1;1;2;" -21;3125900000";"55;4744200000"
202200048078;9;6;2022;07:00;1;59;2;1;1;6;"50;6300799582";"3;0647295713"
202200048079;18;2;2022;10:30;1;75;2;2;2;3;"48;8501800000";"2;2849090000"
202200048080;30;11;2022;07:45;3;92;1;1;1;2;"48;7615359103";"2;2503557508"
202200048081;21;9;2022;09:50;1;974;2;1;1;6;" -21;3300000000";"55;4731000000"
202200048082;7;7;2022;18:10;1;33;2;2;1;6;"44;8265600000";" -0;5911700000"
202200048083;8;6;2022;19:45;1;59;2;1;1;6;"50;6566889937";"2;9569745064"
202200048084;16;8;2022;11:34;1;61;2;2;1;3;"48;7190840000";" -0;2665040000"
202200048085;18;2;2022;09:20;1;75;2;1;1;3;"48;8462020000";"2;2918450000"
202200048086;30;11;2022;08:10;1;91;1;1;1;2;"48;6748600000";"2;1935900000"
202200048087;6;7;2022;18:20;1;33;2;2;1;3;"44;8482136869";" -0;5709242821"
202200048088;10;9;2022;01:15;3;973;2;2;1;3;"4;9395783713";" -52;3340405524"
202200048089;15;8;2022;14:30;1;42;2;3;1;6;"46;0036650000";"4;2807250000"
202200048090;29;11;2022;09:25;1;78;1;1;1;3;"48;8399260000";"2;1167560000"
202200048091;8;6;2022;13:25;1;59;2;1;2;3;"50;5895000000";"3;0510000000"
202200048092;18;2;2022;13:45;1;75;2;2;8;3;"48;8278270000";"2;3303420000"
202200048093;6;7;2022;13:35;1;33;2;1;1;6;"44;8741500000";" -0;5736900000"
202200048094;21;9;2022;18:00;1;69;2;3;1;2;"45;7342300000";"4;8763400000"
202200048095;30;11;2022;19:00;3;93;1;1;1;2;"48;8656415092";"2;4185431419"
202200048096;14;8;2022;23:35;3;34;1;1;1;7;"43;5637410000";"3;1765080000"
202200048097;18;2;2022;14:20;1;75;2;2;2;6;"48;8375520000";"2;3229510000"
202200048098;6;7;2022;09:40;1;33;2;2;1;3;"44;8544205766";" -0;6579566002"
202200048099;21;9;2022;09:15;1;69;2;1;1;2;"45;7295900000";"4;8436300000"
202200048100;30;11;2022;16:45;2;94;1;9;1;2;"48;8172046066";"2;4285178250"
202200048101;9;6;2022;14:55;1;57;1;1;1;6;"49;1156000000";"6;1973900000"
202200048102;18;2;2022;10:35;1;75;2;2;2;3;"48;8226523164";"2;3226562142"
202200048103;15;8;2022;19:45;1;68;1;1;1;6;"48;0184920000";"7;3420860000"
202200048104;8;6;2022;17:00;1;56;2;1;1;1;"47;7278400000";" -3;3808700000"
202200048105;21;9;2022;05:00;5;69;2;3;1;6;"45;7499400000";"4;8605100000"
202200048106;10;9;2022;11:00;1;81;1;1;1;3;"43;9615832095";"2;1776694059"
202200048107;18;2;2022;10:50;1;75;2;1;2;3;"48;8470490000";"2;3841500000"
202200048108;6;7;2022;07:30;1;33;2;1;1;3;"44;8561000000";" -0;6543500000"
202200048109;15;8;2022;06:30;1;25;1;2;2;3;"47;1444670000";"5;8899810000"
202200048110;21;9;2022;01:20;5;69;2;1;1;6;"45;7487700000";"4;8344000000"
202200048111;9;6;2022;15:05;1;54;2;1;1;2;"48;6676729835";"6;1899751425"
202200048112;17;9;2022;17:00;1;95;2;1;1;1;"49;0838158133";"1;8957504630"
202200048113;16;8;2022;08:40;1;31;2;1;1;6;"43;3137790000";"1;5389700000"
202200048114;9;6;2022;12:13;1;54;2;9;1;3;"49;1652100000";"5;8368200000"
202200048115;17;2;2022;11:15;1;75;2;3;1;3;"48;8292780000";"2;3903650000"
202200048116;15;8;2022;17:00;1;31;1;1;1;7;"43;4006820000";"1;4855580000"
202200048117;5;7;2022;06:30;1;33;2;4;1;3;"44;8438711604";" -0;6735523045"
202200048118;25;2;2022;20:30;4;974;2;4;1;6;" -21;2829610000";"55;4375640000"
202200048119;10;8;2022;18:10;1;38;2;9;1;6;"45;0028240000";"5;7959640000"
202200048120;21;9;2022;14:40;1;972;1;1;1;4;"14;6114800000";" -61;0005700000"
202200048121;6;6;2022;09:55;1;49;2;6;1;3;"47;2600800000";" -0;0899700000"
202200048122;18;2;2022;09:10;1;75;2;1;1;2;"48;8701100000";"2;3546980000"
202200048123;13;9;2022;03:10;5;59;1;6;1;6;"50;7120132554";"3;2011520863"
202200048124;4;6;2022;08:20;1;49;2;1;1;2;"47;2479000000";" -0;0921000000"
202200048125;21;9;2022;13:25;1;972;2;1;1;3;"14;6104770000";" -61;0477430000"
202200048126;16;8;2022;10:00;1;58;1;1;1;1;"47;3894520000";"3;6483190000"
202200048127;18;2;2022;22:15;5;75;2;3;1;3;"48;8752970000";"2;3158010000"
202200048128;7;7;2022;15:50;1;33;1;1;1;6;"44;5688000000";" -1;2269000000"
202200048129;5;6;2022;10:35;1;49;2;1;1;6;"47;2507000000";" -0;0888100000"
202200048130;15;8;2022;13:15;1;58;1;1;2;6;"47;4626610000";"3;2936610000"
202200048131;20;9;2022;19:05;5;972;2;1;1;6;"14;6227700000";" -61;0607200000"
202200048132;1;9;2022;16:50;1;64;2;3;1;3;"43;4988800000";" -1;5277400000"
202200048133;17;2;2022;12:00;1;75;2;7;1;3;"48;8668270000";"2;3221070000"
202200048134;8;7;2022;19:45;1;32;1;1;1;1;"43;6357800000";"0;6068000000"
202200048135;21;9;2022;20:35;5;69;2;1;1;6;"45;7856700000";"4;7651700000"
202200048136;3;6;2022;16:50;1;49;2;1;1;1;"47;2494118133";" -0;0643944740"
202200048137;11;8;2022;09:20;1;66;1;1;7;2;"42;6301672597";"2;4552981555"
202200048138;18;2;2022;09:50;1;974;2;1;1;3;" -20;9482300000";"55;2994200000"
202200048139;17;2;2022;12:30;1;75;2;5;1;3;"48;8778450000";"2;3269430000"
202200048140;7;7;2022;19:10;1;32;2;1;1;7;"43;6339800000";"0;5822600000"
202200048141;9;6;2022;22:58;5;45;2;6;1;7;"47;8928500000";"1;8761400000"
202200048142;21;9;2022;18:23;2;69;2;6;1;2;"45;7753400000";"4;8053400000"
202200048143;18;2;2022;16:50;1;75;2;3;6;6;"48;8482720000";"2;3157700000"
202200048144;16;8;2022;18:23;1;54;1;1;7;1;"48;5010238200";"6;8696951860"
202200048145;12;9;2022;10:35;1;59;2;2;1;3;"50;6902955658";"3;1867539883"
202200048146;9;6;2022;12:05;1;45;2;3;1;6;"47;8387900000";"1;9370500000"
202200048147;10;7;2022;20:50;1;31;2;3;1;3;"43;5619100000";"1;3909100000"
202200048148;16;8;2022;00:30;3;14;1;1;1;6;"48;9701040000";" -0;0979110000"
202200048149;18;2;2022;09:30;1;75;2;2;2;3;"48;8654500000";"2;3560940000"
202200048150;21;9;2022;15:40;1;69;2;2;1;3;"45;7633700000";"4;8342300000"
202200048151;9;6;2022;19:35;1;45;2;3;1;6;"48;0052700000";"2;7132200000"
202200048152;10;7;2022;05:41;3;31;2;6;1;6;"43;5966600000";"1;4520800000"
202200048153;1;9;2022;02:33;5;06;2;3;1;3;"43;7100900000";"7;2589900000"
202200048154;15;8;2022;13:00;1;09;1;1;1;3;"42;5765330000";"1;7891620000"
202200048155;14;9;2022;18:17;1;06;2;1;1;7;"43;6683200000";"7;2108400000"
202200048156;20;9;2022;18:00;1;95;2;3;1;1;"48;9958725751";"2;3572701216"
202200048157;8;6;2022;08:10;1;45;1;1;3;3;"47;9801170000";"2;6745470000"
202200048158;18;2;2022;03:10;5;75;2;2;2;5;"48;8663440000";"2;3520510000"
202200048159;8;7;2022;20:30;1;31;2;4;1;3;"43;5675500000";"1;3973000000"
202200048160;10;8;2022;07:40;1;45;1;1;7;3;"48;0244330000";"1;8644570000"
202200048161;17;9;2022;17:05;1;85;1;1;1;7;"47;0008280000";" -1;2120260000"
202200048162;9;6;2022;01:50;5;44;2;1;1;7;"47;2388050000";" -2;2859190000"
202200048163;18;2;2022;17:20;1;94;2;1;1;6;"48;7513900000";"2;4457300000"
202200048164;15;8;2022;19:33;1;10;1;1;1;7;"48;1116690000";"4;7834940000"
202200048165;21;9;2022;17:15;1;91;2;1;1;2;"48;7019200000";"2;3139700000"
202200048166;6;7;2022;19:45;1;31;2;1;1;1;"43;5817069089";"1;4090099931"
202200048167;28;11;2022;06:52;1;971;2;1;1;6;"16;2542300000";" -61;5288700000"
202200048168;24;4;2022;09:00;1;44;2;6;1;2;"47;2181700000";" -1;6038000000"
202200048169;18;2;2022;08:45;1;94;2;1;1;3;"48;7948600000";"2;5105800000"
202200048170;21;9;2022;08:41;1;91;2;6;7;6;"48;7064000000";"2;3953400000"
202200048171;18;2;2022;09:50;1;94;2;1;2;6;"48;8131500000";"2;3493700000"
202200048172;13;8;2022;12:20;1;16;2;1;1;6;"45;7456430000";"0;3842370000"
202200048173;29;11;2022;19:10;5;77;2;1;2;3;"48;9619100000";"2;8971700000"
202200048174;6;7;2022;16:15;1;31;2;2;1;3;"43;5678200000";"1;3768000000"
202200048175;7;6;2022;09:25;1;43;2;2;1;3;"45;0498183273";"3;9047464728"
202200048176;1;9;2022;16:00;1;89;2;9;1;6;"48;1996600000";"3;2815500000"
202200048177;13;8;2022;10:30;1;04;1;1;1;1;"44;1624270000";"6;6083620000"
202200048178;18;2;2022;09:04;1;94;2;2;8;5;"48;8057100000";"2;5667800000"
202200048179;9;6;2022;09:40;1;38;2;1;1;3;"45;1923458274";"5;7219350338"
202200048180;8;7;2022;13:10;1;31;1;1;1;3;"43;1557100000";"0;7516500000"
202200048181;27;11;2022;22:55;5;54;2;2;1;3;"48;6717400000";"6;1511300000"
202200048182;12;8;2022;14:15;1;85;1;1;1;7;"46;7273700000";" -1;1735670000"
202200048183;17;2;2022;11:30;1;94;2;1;1;3;"48;7914000000";"2;5535100000"
202200048184;24;11;2022;18:15;5;24;2;1;1;6;"45;1845000000";"0;7088400000"
202200048185;18;6;2022;19:15;2;30;2;1;1;6;"43;8275000000";"4;3746000000"
202200048186;9;6;2022;08:15;1;38;2;5;2;3;"45;1576500000";"5;7194000000"
202200048187;21;9;2022;11:00;1;77;2;1;1;6;"48;8523000000";"2;7636300000"
202200048188;15;2;2022;18:20;5;94;2;6;2;6;"48;7918800000";"2;5324700000"
202200048189;9;6;2022;15:10;1;33;2;1;1;3;"44;8565300000";" -0;5616300000"
202200048190;15;8;2022;18:30;1;37;2;1;1;2;"47;4068309060";"0;7443237305"
202200048191;25;5;2022;08:00;1;30;2;4;1;6;"43;8251000000";"4;3538000000"
202200048192;18;2;2022;09:30;1;94;2;3;1;3;"48;8269200000";"2;5090400000"
202200048193;21;9;2022;08:25;1;77;2;1;1;3;"48;1830000000";"2;7359200000"
202200048194;28;5;2022;20:30;1;30;2;1;1;7;"43;8289100000";"4;3777400000"
202200048195;18;2;2022;14:40;1;94;2;1;1;2;"48;8048330000";"2;4173880000"
202200048196;28;11;2022;07:34;2;05;2;6;1;3;"44;5578650000";"6;0687660000"
202200048197;9;6;2022;08:30;1;33;2;3;1;2;"44;8122000000";" -0;6472900000"
202200048198;9;6;2022;20:04;1;30;2;3;1;3;"43;8337400000";"4;3674300000"
202200048199;21;9;2022;18:00;1;72;1;2;1;6;"47;9833057062";"0;2215898035"
202200048200;18;2;2022;16:40;1;93;2;1;1;5;"48;9479400000";"2;3319900000"
202200048201;28;4;2022;08:10;1;91;2;3;1;6;"48;6050600000";"2;4695600000"
202200048202;16;8;2022;09:50;1;82;1;1;1;2;"44;0412181575";"1;0164541408"
202200048203;7;6;2022;09:15;1;33;2;1;1;6;"44;8097433161";" -0;5421870947"
202200048204;8;7;2022;19:20;1;30;2;1;1;6;"44;0716000000";"4;0503000000"
202200048205;19;9;2022;13:34;1;72;2;9;1;6;"48;0120580000";"0;1879010000"
202200048206;18;2;2022;11:30;1;92;2;2;2;6;"48;9104410000";"2;2347270000"
202200048207;7;4;2022;17:30;1;91;2;1;1;2;"48;6266700000";"2;4415700000"
202200048208;7;6;2022;15:05;1;33;2;1;1;6;"44;8994900559";" -0;5097216368"
202200048209;13;8;2022;18:00;1;06;1;9;1;2;"43;5574550000";"6;9573900000"
202200048210;20;9;2022;08:10;1;71;2;1;1;6;"46;3069200000";"4;8293400000"
202200048211;8;7;2022;16:30;1;30;2;3;1;3;"44;1096000000";"4;1124600000"
202200048212;5;4;2022;16:50;1;91;2;3;1;6;"48;6257900000";"2;4270500000"
202200048213;16;2;2022;03:50;5;92;2;1;2;2;"48;9027998516";"2;3064296544"
202200048214;15;8;2022;17:25;3;988;1;1;3;6;" -21;2769580000";"165;6159350000"
202200048215;8;6;2022;15:10;1;32;1;1;1;1;"43;6665100000";"0;5430700000"
202200048216;5;4;2022;08:20;1;91;2;1;2;6;"48;6203400000";"2;4450600000"
202200048217;21;9;2022;09:50;1;69;2;1;1;4;"45;9993900000";"4;7414800000"
202200048218;9;7;2022;17:25;1;29;1;6;1;3;"47;9937946271";" -4;0670188665"
202200048219;9;6;2022;15:30;1;31;2;1;1;1;"43;5755400000";"1;4208400000"
202200048220;4;4;2022;18:35;1;91;1;1;1;7;"48;6426800000";"2;4248300000"
202200048221;21;9;2022;18:50;1;69;2;1;1;3;"45;7229664875";"4;8611833155"
202200048222;7;7;2022;16:00;1;29;1;1;1;3;"47;9801470000";" -4;0824580000"