Accident_Id;jour;mois;an;hrmn;lum;dep;agg;int;atm;col;lat;long
202200048223;16;8;2022;05:30;5;988;2;2;3;3;" -22;2289450000";"166;5230150000"
202200048224;17;2;2022;19:00;5;92;2;3;1;3;"48;7513500000";"2;3045600000"
202200048225;8;6;2022;11:47;1;31;1;1;1;2;"43;6363200000";"1;4212800000"
202200048226;20;9;2022;01:55;5;69;1;1;1;6;"45;7111813791";"4;8430341482"
202200048227;25;3;2022;19:20;5;91;1;1;1;1;"48;6273200000";"2;4428700000"
202200048228;5;7;2022;19:30;1;29;1;1;1;6;"47;9785600000";" -4;0173900000"
202200048229;15;8;2022;19:50;4;973;1;1;1;6;"5;5672330000";" -53;8824560000"
202200048230;18;2;2022;10:15;1;76;2;2;6;6;"49;6521200000";"0;5920710000"
202200048231;9;6;2022;14:15;1;31;2;1;1;1;"43;1081200000";"0;7164400000"
202200048232;12;6;2022;14:15;1;29;1;1;1;7;"48;0046400000";" -4;1318400000"
202200048233;27;10;2022;14:30;1;30;1;1;1;2;"44;1040430000";"4;1009900000"
202200048234;24;3;2022;17:20;1;91;2;1;1;6;"48;6562200000";"2;4108100000"
202200048235;13;8;2022;05:08;3;973;1;1;1;6;"5;1071450000";" -52;6358410000"
202200048236;17;9;2022;20:10;2;66;1;6;1;4;"42;6781300000";"2;8811000000"
202200048237;25;10;2022;23:30;3;17;1;1;1;7;"46;0794080000";" -0;4309130000"
202200048238;9;6;2022;22:00;2;29;1;1;2;6;"48;0045300000";" -4;0598700000"
202200048239;17;2;2022;15:40;1;67;1;1;1;7;"48;8149750000";"7;3049210000"
202200048240;7;7;2022;10:15;1;29;2;6;1;6;"47;8898272448";" -3;9168881177"
202200048241;26;9;2022;07:20;2;50;2;2;2;6;"49;6539200000";" -1;6492800000"
202200048242;10;7;2022;21:55;1;28;2;1;1;3;"48;7263100000";"1;3313100000"
202200048243;17;9;2022;13:23;1;66;2;1;1;5;"42;6797077481";"2;8981174529"
202200048244;19;2;2022;15:55;1;71;1;1;1;2;"46;2325040000";"4;7943200000"
202200048245;26;10;2022;16:15;1;63;1;1;1;2;"45;6385870000";"2;5694700000"
202200048246;9;6;2022;16:25;1;29;2;2;1;3;"48;4011040000";" -4;4839780000"
202200048247;8;8;2022;16:10;1;22;2;1;1;6;"48;5347300000";" -2;7602200000"
202200048248;15;8;2022;19:30;3;971;1;1;2;5;"16;3464140000";" -61;7202260000"
202200048249;21;9;2022;20:45;5;64;2;1;1;6;"43;3140800000";" -0;3587100000"
202200048250;17;2;2022;18:45;3;71;1;1;1;2;"46;3834120000";"4;8492410000"
202200048251;8;6;2022;07:40;1;29;2;3;7;6;"48;3928840000";" -4;4912040000"
202200048252;26;10;2022;16:58;1;67;2;9;1;7;"48;6032110000";"7;7010690000"
202200048253;7;7;2022;01:55;5;28;1;9;1;6;"48;4155000000";"1;5006300000"
202200048254;29;11;2022;17:30;1;974;1;1;1;5;" -20;8910400000";"55;3808700000"
202200048255;13;8;2022;07:45;2;71;1;2;1;3;"46;3514380000";"4;0141300000"
202200048256;18;2;2022;17:45;1;68;2;1;8;6;"48;1281060000";"7;1668790000"
202200048257;21;9;2022;18:00;1;64;2;2;1;3;"43;2982900000";" -0;3583700000"
202200048258;9;6;2022;16:20;1;27;2;1;1;6;"49;0815200000";"1;4783900000"
202200048259;27;10;2022;12:33;1;49;1;2;1;3;"47;5887420000";" -0;4232310000"
202200048260;14;8;2022;18:30;1;52;2;1;1;7;"47;8575760000";"5;3350420000"
202200048261;2;4;2022;15:15;1;24;2;2;1;3;"45;1861800000";"0;7040300000"
202200048262;29;11;2022;14:45;1;973;2;1;3;7;"4;9325200000";" -52;2903600000"
202200048263;19;2;2022;15:35;1;28;2;1;1;3;"48;2135140000";"1;1729300000"
202200048264;8;7;2022;19:35;1;27;1;3;1;3;"49;2563300000";"1;1893800000"
202200048265;21;9;2022;15:25;1;64;2;3;1;2;"43;3313680000";" -0;3582960000"
202200048266;10;6;2022;00:10;3;22;1;1;1;2;"48;4897700000";" -2;7633300000"
202200048267;26;10;2022;10:45;1;13;1;2;1;2;"43;7338480000";"4;7341470000"
202200048268;29;11;2022;21:50;5;69;2;1;1;3;"45;7420000000";"4;8830000000"
202200048269;19;2;2022;15:25;1;41;1;1;1;7;"47;5905360000";"1;9884400000"
202200048270;8;8;2022;23:30;5;88;2;2;1;3;"48;0757670000";"6;8822430000"
202200048271;8;7;2022;17:00;1;27;2;1;1;2;"49;0210318348";"1;1557102203"
202200048272;26;10;2022;04:20;3;13;1;1;1;2;"43;6194760000";"5;1368490000"
202200048273;15;8;2022;01:50;3;17;2;1;1;6;"46;1799010000";" -1;3943090000"
202200048274;21;9;2022;12:30;1;64;2;1;1;1;"43;2966800000";" -0;3736000000"
202200048275;18;2;2022;23:30;3;35;1;1;1;6;"47;9044929282";" -1;6854706407"
202200048276;29;11;2022;19:05;5;69;2;1;1;3;"45;7293582824";"4;8536905646"
202200048277;9;6;2022;16:50;1;22;2;1;7;5;"48;5047900000";" -2;7429100000"
202200048278;27;10;2022;05:00;3;988;1;1;1;7;" -21;2694700000";"165;2903400000"
202200048279;7;7;2022;08:55;1;27;2;1;1;2;"49;0251000000";"1;1385700000"
202200048280;17;2;2022;13:10;1;58;1;1;1;6;"47;3876290000";"3;1090660000"
202200048281;16;8;2022;09:44;1;33;1;1;1;6;"44;8833100000";" -0;3371860000"
202200048282;20;9;2022;20:28;5;63;2;1;1;1;"45;7774200000";"3;0968400000"
202200048283;8;7;2022;17:25;1;26;1;1;1;3;"44;9584716719";"4;9638247490"
202200048284;19;2;2022;17:05;1;80;2;1;1;6;"49;7719190000";"2;4827960000"
202200048285;22;10;2022;07:40;1;988;1;3;1;3;" -21;0681120000";"164;8669020000"
202200048286;9;6;2022;19:30;1;17;2;1;1;3;"46;1724400000";" -1;2003900000"
202200048287;28;11;2022;16:28;1;91;1;1;8;2;"48;4431100000";"2;1755470000"
202200048288;16;8;2022;10:00;1;50;1;1;1;4;"49;1022420000";" -0;9521040000"
202200048289;17;9;2022;17:45;1;62;2;1;1;3;"50;2978173926";"2;7578652799"
202200048290;21;10;2022;10:20;1;33;2;1;1;3;"44;6239650000";" -1;1086530000"
202200048291;9;6;2022;20:45;1;14;2;6;1;6;"49;4182300000";"0;2402600000"
202200048292;14;2;2022;13:50;1;80;1;1;1;1;"50;3050797732";"1;7189311983"
202200048293;7;7;2022;15:45;1;26;2;1;1;6;"44;5711800000";"4;7464300000"
202200048294;15;8;2022;14:40;1;56;1;1;1;1;"47;6423300000";" -2;9888770000"
202200048295;28;11;2022;15:03;1;87;1;1;2;4;"45;9127200000";"1;2928900000"
202200048296;9;6;2022;23:00;3;13;2;1;1;1;"43;3020400000";"5;3823000000"
202200048297;14;2;2022;09:35;1;82;1;1;1;6;"44;0943340000";"1;2244600000"
202200048298;19;9;2022;19:15;1;60;2;3;1;3;"49;4200620000";"2;8248840000"
202200048299;7;7;2022;11:20;1;25;2;6;7;3;"46;9242300000";"6;3369900000"
202200048300;26;10;2022;19:35;3;77;1;1;1;1;"48;7344370000";"2;9889680000"
202200048301;16;8;2022;12:10;1;29;2;9;1;6;"47;9014120000";" -4;0293970000"
202200048302;28;11;2022;19:34;5;87;2;3;2;7;"45;8250400000";"1;2314800000"
202200048303;21;9;2022;17:07;1;60;2;1;1;3;"49;4187367516";"2;1141600608"
202200048304;9;6;2022;14:30;1;13;2;1;1;3;"43;3024300000";"5;3901800000"
202200048305;18;2;2022;15:30;1;11;1;1;1;5;"43;1904050718";"2;2028874682"
202200048306;9;7;2022;19:50;1;70;2;3;1;6;"47;5785300000";"6;7590000000"
202200048307;26;10;2022;17:15;1;66;1;1;1;7;"42;7878570000";"2;7868040000"
202200048308;27;11;2022;10:30;1;83;2;1;1;6;"43;1362916188";"5;7532498240"
202200048309;16;8;2022;14:10;1;76;1;3;1;2;"49;5378540000";"0;3719260000"
202200048310;9;6;2022;12:00;1;13;2;7;1;2;"43;3114045820";"5;4466235862"
202200048311;10;7;2022;21:40;2;25;2;1;1;6;"47;2537160000";"6;0200690000"
202200048312;18;2;2022;20:00;3;89;1;1;1;1;"47;6836640000";"3;8698270000"
202200048313;21;9;2022;20:55;5;59;2;3;1;3;"50;6449100000";"3;0509800000"
202200048314;27;10;2022;07:30;3;34;1;6;1;3;"43;6680890000";"3;9744330000"
202200048315;8;7;2022;22:00;5;25;2;1;1;6;"47;2550920000";"6;0165580000"
202200048316;29;11;2022;09:02;1;78;2;2;8;2;"48;8799020000";"2;1098350000"
202200048317;9;6;2022;11:35;1;13;2;1;1;6;"43;3776700000";"5;3564700000"
202200048318;16;8;2022;07:00;1;60;1;1;1;2;"49;2012660000";"2;2633210000"
202200048319;20;9;2022;16:00;1;57;2;1;1;6;"49;3297100000";"6;0627900000"
202200048320;11;2;2022;16:55;1;76;2;1;7;3;"49;9360130000";"1;3175120000"
202200048321;7;7;2022;11:00;1;25;2;1;1;6;"47;2442030000";"5;9868960000"
202200048322;27;10;2022;14:55;1;68;2;3;1;3;"47;6523000000";"7;4572760000"
202200048323;16;8;2022;10:15;1;60;1;4;1;3;"49;5034470000";"2;0601400000"
202200048324;8;6;2022;18:45;1;13;2;5;1;3;"43;2830700000";"5;3890800000"
202200048325;29;11;2022;16:58;2;78;2;2;1;1;"49;0071860000";"2;1155600000"
202200048326;18;2;2022;19:25;3;61;1;1;1;6;"48;4745290000";"0;6017590000"
202200048327;27;10;2022;18:35;4;67;2;3;1;3;"48;4841720000";"7;7167950000"
202200048328;21;9;2022;13:20;1;54;2;2;1;3;"48;7019100000";"6;2126000000"
202200048329;5;7;2022;17:34;1;24;2;1;1;5;"45;1765000000";"0;7694500000"
202200048330;28;11;2022;23:55;5;72;2;1;1;6;"47;9981300000";"0;2148300000"
202200048331;18;2;2022;15:40;1;01;1;1;1;6;"45;7764430000";"5;7429310000"
202200048332;26;10;2022;22:55;4;03;1;1;1;7;"46;5936660000";"3;1462630000"
202200048333;8;6;2022;11:00;1;13;2;9;1;3;"43;3771000000";"5;3563700000"
202200048334;15;8;2022;20:50;2;59;2;3;1;3;"50;0157710000";"4;0719530000"
202200048335;3;7;2022;20:24;1;21;2;1;1;6;"47;0149000000";"4;8308300000"
202200048336;19;2;2022;02:00;3;68;1;1;2;7;"47;5526650000";"7;2596240000"
202200048337;28;11;2022;17:50;5;72;2;1;1;3;"47;9909000000";"0;1655500000"
202200048338;21;9;2022;18:42;1;51;2;2;1;1;"49;2460600000";"4;0468100000"
202200048339;21;9;2022;17:55;1;51;2;1;1;7;"49;2277600000";"4;0360400000"
202200048340;15;8;2022;22:00;5;13;1;1;1;2;"43;3151400000";"5;3653400000"
202200048341;7;7;2022;19:07;1;19;2;3;1;3;"45;5427763894";"2;3014318943"
202200048342;27;10;2022;04:50;3;76;1;1;1;1;"49;5392390000";"0;3759380000"
202200048343;29;11;2022;21:10;3;69;2;1;1;3;"45;7820300000";"4;8599400000"
202200048344;17;2;2022;18:50;5;05;2;2;1;3;"44;5551770000";"6;4811480000"
202200048345;8;6;2022;17:05;1;10;2;1;2;5;"48;3216000000";"4;0988300000"
202200048346;15;8;2022;10:55;1;91;1;1;2;7;"48;5803800000";"2;4605400000"
202200048347;10;7;2022;18:25;1;17;2;1;1;1;"45;6242400000";" -1;0284000000"
202200048348;21;9;2022;16:50;1;51;2;6;1;3;"49;2136100000";"4;0156200000"
202200048349;27;10;2022;17:00;1;80;2;1;1;1;"49;7221210000";"1;8360420000"
202200048350;8;6;2022;07:55;1;10;2;1;2;7;"48;2787578483";"4;0721002221"
202200048351;26;1;2022;10:35;1;09;1;1;1;2;"43;0351530000";"1;0506530000"
202200048352;14;8;2022;22:15;3;93;1;1;9;6;"48;8866469305";"2;4790584414"
202200048353;29;11;2022;17:00;2;69;2;1;1;3;"45;7653800000";"5;0092000000"
202200048354;8;7;2022;00:20;3;17;2;9;1;1;"46;1717100000";" -1;1221900000"
202200048355;9;6;2022;05:30;3;09;2;1;2;6;"42;9780150000";"1;6096360000"
202200048356;26;10;2022;18:11;2;62;1;1;8;2;"50;6341380000";"2;2393390000"
202200048357;21;9;2022;16:20;1;51;2;1;1;3;"49;2417919605";"3;9931306243"
202200048358;7;7;2022;18:30;1;17;1;1;1;6;"46;1773000000";" -1;1629900000"
202200048359;18;2;2022;22:45;3;73;1;1;2;5;"45;5930200000";"6;2742660000"
202200048360;14;8;2022;23:20;4;76;2;3;1;3;"49;2837200000";"1;0168500000"
202200048361;29;11;2022;17:18;1;69;2;3;1;3;"45;7449600000";"4;9298000000"
202200048362;21;9;2022;12:00;1;51;2;3;1;3;"49;2235278092";"4;0107098222"
202200048363;9;6;2022;19:00;1;06;2;1;1;3;"43;6477850000";"6;9279580000"
202200048364;19;2;2022;10:00;1;85;1;1;1;3;"46;8824700000";" -1;9627100000"
202200048365;14;8;2022;08:22;1;973;2;1;1;2;"4;9450100000";" -52;3133900000"
202200048366;25;10;2022;08:00;3;33;1;1;1;2;"44;8801680000";" -0;6269470000"
202200048367;29;11;2022;07:45;1;69;2;1;2;3;"45;7646000000";"4;8910800000"
202200048368;18;9;2022;17:45;1;51;2;9;1;7;"49;2654500000";"4;0606700000"
202200048369;7;7;2022;22:55;5;15;2;1;1;2;"44;9180820000";"2;4288540000"
202200048370;9;6;2022;08:30;1;06;2;2;1;1;"43;5463250000";"7;0408180000"
202200048371;18;2;2022;10:58;1;27;1;2;6;3;"49;1706780000";"0;6960230000"
202200048372;26;10;2022;10:25;1;94;1;1;1;4;"48;7605303730";"2;3196085577"
202200048373;14;8;2022;21:30;5;69;2;3;1;3;"45;7292759006";"4;8607662320"
202200048374;20;9;2022;17:21;1;49;2;1;1;3;"47;4699700000";" -0;5532000000"
202200048375;29;11;2022;06:00;5;69;2;2;2;3;"45;7549625092";"4;8784987525"
202200048376;7;7;2022;19:30;1;14;2;1;1;2;"49;1556300000";"0;2407900000"
202200048377;6;5;2022;15:59;1;05;2;9;1;7;"44;5606833924";"6;0804444551"
202200048378;18;2;2022;07:55;2;27;1;2;6;3;"49;0709490000";"0;8725120000"
202200048379;14;8;2022;06:45;1;972;2;1;1;6;"14;6183700000";" -61;0362800000"
202200048380;26;10;2022;19:30;2;95;1;1;1;4;"48;9656566710";"2;2585975521"
202200048381;8;7;2022;13:25;1;14;2;1;1;6;"49;2048200000";" -0;3474900000"
202200048382;29;11;2022;20:25;5;69;2;1;1;1;"45;6912485405";"4;8823249340"
202200048383;18;2;2022;16:20;1;08;1;1;6;7;"49;3693800000";"4;5746040000"
202200048384;20;9;2022;11:47;1;49;2;1;1;2;"47;4640400000";" -0;5483900000"
202200048385;9;6;2022;12:10;1;04;1;4;1;1;"43;8323465800";"5;7623497180"
202200048386;12;8;2022;19:10;5;971;2;3;1;3;"16;2109005618";" -61;4734143019"
202200048387;19;2;2022;01:30;3;42;1;1;1;7;"45;7786280000";"4;1469530000"
202200048388;25;10;2022;22:03;3;93;1;1;8;2;"48;9174000000";"2;4784100000"
202200048389;20;9;2022;10:40;1;49;2;1;1;6;"47;4677000000";" -0;5985000000"
202200048390;7;7;2022;08:30;1;14;1;1;8;4;"49;2159700000";" -0;3198900000"
202200048391;29;11;2022;11:00;1;69;2;5;1;5;"45;7272100000";"4;9271700000"
202200048392;9;6;2022;00:45;5;75;2;1;1;3;"48;9005580000";"2;3276200000"
202200048393;18;2;2022;21:05;5;78;2;3;1;3;"48;9251290000";"1;9918410000"
202200048394;14;8;2022;00:47;5;971;1;3;1;3;"16;2113744653";" -61;4740365744"
202200048395;26;10;2022;03:35;3;77;1;9;1;3;"48;5709730000";"2;6410010000"
202200048396;20;9;2022;17:30;1;48;2;1;1;1;"44;5232738007";"3;5081201792"
202200048397;6;7;2022;21:45;1;14;2;3;1;3;"49;1879943237";" -0;3331995607"
202200048398;29;11;2022;07:15;5;67;2;2;1;3;"48;5780600000";"7;7839500000"
202200048399;26;10;2022;19:00;3;94;1;1;1;6;"48;8187818956";"2;4078014994"
202200048400;13;8;2022;13:00;1;971;1;9;1;3;"16;2580277779";" -61;4567577839"
202200048401;9;6;2022;16:45;1;75;2;2;1;3;"48;8439490000";"2;3389600000"
202200048402;26;10;2022;19:00;3;94;1;1;1;3;"48;8286965958";"2;5272705307"
202200048403;21;9;2022;14:30;1;45;2;3;1;3;"47;9369370000";"1;8890570000"
202200048404;25;11;2022;13:21;1;67;2;8;1;3;"48;5280400000";"7;7218500000"
202200048405;19;2;2022;06:10;3;38;1;1;1;5;"45;6303050000";"5;1649050000"
202200048406;10;7;2022;14:40;1;13;2;1;1;1;"43;4166180000";"5;3642990000"
202200048407;13;8;2022;11:30;1;2A;2;1;1;2;"41;9484400000";"8;7658100000"
202200048408;26;10;2022;12:00;1;94;1;1;1;2;"48;8303228960";"2;4893496496"
202200048409;9;6;2022;07:45;1;75;2;2;7;3;"48;8537810000";"2;4107480000"
202200048410;19;2;2022;13:30;1;988;1;1;1;6;" -20;9227420000";"165;3156190000"
202200048411;9;7;2022;17:10;1;13;2;1;1;2;"43;4209100000";"5;2702100000"
202200048412;29;11;2022;18:40;5;65;2;1;2;2;"43;2366321141";"0;0542704761"
202200048413;21;9;2022;05:01;5;45;2;1;1;1;"47;8923000000";"1;8849400000"
202200048414;26;10;2022;01:15;3;77;1;1;1;2;"48;8317530000";"2;6766380000"
202200048415;18;2;2022;20:15;5;972;2;1;1;6;"14;7390910000";" -60;9631140000"
202200048416;14;8;2022;19:15;2;95;2;3;2;3;"48;9873542539";"2;2136110067"
202200048417;28;11;2022;13:55;1;64;2;6;3;6;"43;4883900000";" -1;4816100000"
202200048418;6;7;2022;21:15;2;13;2;3;1;3;"43;4300000000";"5;2400000000"
202200048419;9;6;2022;08:50;1;75;2;2;1;3;"48;8986850000";"2;3590390000"
202200048420;23;10;2022;05:55;5;48;2;1;1;6;"44;5330930000";"3;5007520000"
202200048421;14;8;2022;18:37;1;91;2;2;8;6;"48;6714000000";"2;3653000000"
202200048422;24;11;2022;13:40;1;59;2;1;1;6;"50;6102400000";"2;9831700000"
202200048423;19;2;2022;10:15;1;45;1;1;1;7;"47;6869831430";"2;3646326487"
202200048424;6;7;2022;19:35;1;13;1;1;1;3;"43;4140100000";"5;3451300000"
202200048425;12;8;2022;18:45;1;83;2;1;1;3;"43;1175900000";"6;1286100000"
202200048426;9;6;2022;09:50;1;75;2;3;1;3;"48;8977590000";"2;3334070000"
202200048427;28;11;2022;08:00;2;59;1;1;8;3;"50;6723294229";"2;9815020560"
202200048428;20;8;2022;21:30;5;37;2;2;1;3;"47;4188455281";"0;6995549798"
202200048429;20;1;2022;08:50;1;78;1;2;1;3;"48;8046020000";"1;8677990000"
202200048430;6;7;2022;19:10;1;13;1;1;1;3;"43;4171401009";"5;2273002583"
202200048431;28;11;2022;07:30;5;59;2;1;8;6;"50;3642500000";"3;1932800000"
202200048432;9;8;2022;10:10;1;83;2;6;1;6;"43;4412100000";"6;7378400000"
202200048433;27;7;2022;16:45;1;62;2;9;1;3;"50;7289670000";"1;6346780000"
202200048434;18;2;2022;17:00;1;83;2;9;1;6;"43;3052410000";"6;6301200000"
202200048435;14;8;2022;11:15;1;71;1;1;2;7;"46;7779300000";"4;4433700000"
202200048436;6;7;2022;15:00;1;13;2;2;1;3;"43;4212600000";"5;2666800000"
202200048437;28;11;2022;17:25;3;59;1;1;1;2;"50;6607350000";"2;9018650000"
202200048438;19;2;2022;17:15;2;67;2;1;1;6;"48;5826940000";"7;6299580000"
202200048439;25;7;2022;18:20;1;62;2;3;1;6;"50;7244300000";"1;6094500000"
202200048440;10;7;2022;13:30;1;13;2;1;1;3;"43;3247400000";"5;4569000000"
202200048441;9;6;2022;02:20;5;75;2;2;1;6;"48;8978000000";"2;3374230000"
202200048442;14;8;2022;15:35;1;71;1;1;1;1;"46;7570400000";"4;8546200000"
202200048443;25;10;2022;17:00;1;75;2;2;1;6;"48;8681400000";"2;2755010000"
202200048444;14;2;2022;06:50;2;57;1;1;1;5;"49;1750270000";"6;0834650000"
202200048445;14;8;2022;03:40;3;67;2;1;1;7;"48;8340000000";"7;7650000000"
202200048446;10;7;2022;06:50;1;13;1;1;1;6;"43;3598200000";"5;2937000000"
202200048447;9;6;2022;08:50;1;75;2;7;1;3;"48;8766360000";"2;2752700000"
202200048448;19;2;2022;06:30;3;01;1;1;1;6;"45;9291952777";"5;3374738991"
202200048449;22;8;2022;18:40;1;59;2;2;1;3;"51;0189300000";"2;3718900000"
202200048450;13;8;2022;16:55;1;65;2;2;1;3;"43;0961300000";" -0;0228000000"
202200048451;10;7;2022;04:30;2;13;2;1;1;1;"43;3488146711";"5;4453915925"
202200048452;4;11;2022;19:00;2;58;2;3;1;2;"46;9928600000";"3;1679000000"
202200048453;30;7;2022;21:35;1;19;2;3;1;3;"45;1608200000";"1;5182500000"
202200048454;4;6;2022;04:50;2;75;2;1;1;6;"48;8636460000";"2;2976370000"
202200048455;18;2;2022;08:10;3;81;1;3;2;1;"43;8124110000";"1;9629850000"
202200048456;14;8;2022;03:05;5;62;2;1;1;6;"50;5514290000";"2;4920310000"
202200048457;9;7;2022;21:40;2;13;2;1;1;3;"43;3000000000";"5;4000000000"
202200048458;4;11;2022;02:40;5;58;2;1;1;1;"46;9876900000";"3;1663500000"
202200048459;9;6;2022;20:40;1;75;2;1;1;6;"48;8393020000";"2;2834520000"
202200048460;19;2;2022;15:30;1;85;1;1;1;1;"46;4453000000";" -0;8079500000"
202200048461;25;10;2022;08:20;1;974;1;1;1;2;" -21;3372500000";"55;5386900000"
202200048462;2;11;2022;15:30;1;58;2;1;1;3;"46;9866500000";"3;1594900000"
202200048463;14;8;2022;05:35;5;60;1;1;1;3;"49;2740000000";"2;4860000000"
202200048464;9;7;2022;16:23;1;13;2;1;1;2;"43;2728862918";"5;3992590308"
202200048465;28;11;2022;12:03;1;56;2;1;1;7;"47;7434530000";" -3;3820180000"
202200048466;19;2;2022;20:00;3;85;1;1;2;2;"46;9748410000";" -1;1309990000"
202200048467;25;10;2022;07:15;1;974;2;1;1;6;" -21;3432800000";"55;4821900000"
202200048468;9;6;2022;09:22;1;75;2;7;1;7;"48;8219340000";"2;3254700000"
202200048469;14;8;2022;09:00;1;59;2;3;7;3;"50;7384627167";"2;7294319868"
202200048470;25;10;2022;20:00;4;974;2;9;1;1;" -20;9428400000";"55;6475800000"
202200048471;28;11;2022;12:00;1;54;2;6;1;2;"48;9011900000";"6;0648500000"
202200048472;14;8;2022;21:58;5;56;2;1;1;6;"47;6671359000";" -2;7765584000"
202200048473;18;2;2022;17:10;1;35;1;3;1;5;"48;3941160000";" -1;2190590000"
202200048474;8;6;2022;19:45;1;75;2;4;3;3;"48;8297014722";"2;3261323571"
202200048475;14;8;2022;19:20;1;51;2;1;1;7;"48;9556300000";"4;3838800000"
202200048476;25;10;2022;18:00;1;974;2;1;1;6;" -20;9409500000";"55;2947400000"
202200048477;28;11;2022;16:00;2;54;2;1;2;2;"48;6596600000";"6;1598000000"
202200048478;18;2;2022;19:30;3;27;1;2;6;3;"49;0549770000";"1;1089110000"
202200048479;8;7;2022;19:50;1;13;2;1;1;2;"43;2828865823";"5;3926604421"
202200048480;8;6;2022;14:30;1;75;2;3;1;3;"48;8224690000";"2;3292250000"
202200048481;25;10;2022;07:10;5;69;2;2;1;3;"45;7520700000";"4;8466900000"
202200048482;13;8;2022;15:10;1;48;1;1;1;3;"44;5111100000";"3;4700400000"
202200048483;19;2;2022;10:30;1;76;1;1;1;6;"49;5774880000";"1;5427500000"
202200048484;29;11;2022;18:45;3;54;1;1;1;4;"49;5498300000";"5;7922600000"
202200048485;8;7;2022;10:30;1;13;2;3;1;3;"43;3160400000";"5;4008700000"
202200048486;24;10;2022;16:25;1;972;2;1;1;6;"14;6059740000";" -61;0601570000"
202200048487;9;6;2022;13:05;1;75;2;2;1;3;"48;8436100000";"2;2957660000"
202200048488;18;2;2022;16:00;1;59;1;1;6;6;"50;3194798415";"3;8760991395"
202200048489;14;8;2022;10:55;1;45;2;3;1;3;"47;9195813160";"1;9643238187"
202200048490;8;7;2022;08:45;1;13;2;2;1;3;"43;2628000000";"5;4047100000"
202200048491;28;11;2022;16:45;4;54;1;3;2;3;"49;2720300000";"5;8912700000"
202200048492;25;10;2022;21:45;5;69;2;5;1;3;"45;7648000000";"4;8015900000"
202200048493;9;6;2022;17:45;1;75;2;4;1;3;"48;8262170000";"2;4627340000"
202200048494;14;8;2022;05:25;5;35;2;1;2;3;"48;1157400000";" -1;7087300000"
202200048495;8;7;2022;02:00;5;13;2;1;1;3;"43;2842800000";"5;3496900000"
202200048496;29;11;2022;09:00;1;51;2;1;5;7;"49;2499690566";"4;0196308494"
202200048497;18;2;2022;17:30;1;13;1;1;1;3;"43;3019482066";"5;3646027613"
202200048498;25;10;2022;19:05;5;69;2;1;1;6;"45;7197450059";"4;8106250167"
202200048499;12;8;2022;20:15;1;35;2;1;1;2;"48;0999900000";" -1;6486400000"
202200048500;29;11;2022;07:15;5;51;2;1;2;7;"49;2865700000";"4;0272600000"
202200048501;7;7;2022;19:00;1;13;2;1;1;2;"43;2674000000";"5;4200500000"
202200048502;9;6;2022;19:10;1;75;2;7;1;3;"48;8397370000";"2;3962120000"
202200048503;25;10;2022;19:25;5;69;2;1;1;7;"45;7668400000";"4;8208600000"
202200048504;7;7;2022;15:30;1;13;2;1;1;2;"43;3040448445";"5;4102127798"
202200048505;13;8;2022;10:50;1;34;1;1;1;3;"43;4707800000";"3;7678100000"
202200048506;18;2;2022;15:00;1;13;1;1;1;2;"43;4100800000";"5;2851200000"
202200048507;9;6;2022;17:05;1;75;2;4;1;6;"48;8533040000";"2;3703070000"
202200048508;25;10;2022;12:15;1;69;2;9;1;2;"45;7914200000";"4;8408300000"
202200048509;7;7;2022;10:20;1;13;2;1;1;6;"43;2921500000";"5;3691100000"
202200048510;17;2;2022;06:05;3;13;1;1;1;6;"43;3983050000";"5;2896950000"
202200048511;25;10;2022;13:00;1;69;2;1;1;6;"45;7865800000";"4;8345400000"
202200048512;6;7;2022;22:05;5;13;2;1;1;3;"43;2626400000";"5;3742500000"
202200048513;28;11;2022;18:00;5;50;2;2;2;3;"49;6334700000";" -1;6174000000"
202200048514;9;6;2022;10:20;1;75;2;5;1;3;"48;8648230000";"2;3532730000"
202200048515;18;2;2022;05:45;4;69;1;1;1;6;"45;7152700000";"4;8434000000"
202200048516;6;7;2022;14:30;1;13;2;1;1;3;"43;3037341669";"5;4729434871"
202200048517;25;10;2022;18:55;5;971;1;1;2;2;"16;2174475417";" -61;5157395601"
202200048518;13;8;2022;11:20;1;28;1;1;1;5;"48;7470900000";"1;4005600000"
202200048519;28;11;2022;17:30;3;49;2;1;2;3;"47;4850300000";" -0;4980900000"
202200048520;6;7;2022;02:00;5;13;2;1;1;1;"43;2654000000";"5;3805800000"
202200048521;17;2;2022;03:25;3;42;1;1;1;2;"45;5128492265";"4;3013119092"
202200048522;9;6;2022;14:00;1;75;2;7;1;2;"48;8666040000";"2;3219600000"
202200048523;25;10;2022;12:05;1;95;2;3;1;3;"49;0191210000";"2;1587360000"
202200048524;28;11;2022;10:30;1;49;2;1;1;2;"47;4357000000";" -0;5205500000"
202200048525;13;6;2022;22:50;5;13;2;1;1;3;"43;2554317379";"5;3763782019"
202200048526;14;8;2022;19:10;1;22;2;9;1;7;"48;7334483592";" -3;4487554953"
202200048527;17;2;2022;02:00;3;57;1;1;3;1;"49;2822000000";"6;1724400000"
202200048528;25;10;2022;10:54;1;91;2;1;1;6;"48;7060800000";"2;3900000000"