Accident_Id;jour;mois;an;hrmn;lum;dep;agg;int;atm;col;lat;long
202200048529;9;6;2022;18:20;1;75;2;1;1;1;"48;8617490000";"2;2975620000"
202200048530;28;11;2022;16:57;1;47;2;2;3;6;"44;4061200000";"0;7071400000"
202200048531;14;8;2022;05:35;5;14;1;1;1;1;"49;2108976369";" -0;3382372856"
202200048532;13;2;2022;12:40;1;67;1;1;1;6;"48;5473100000";"7;7274200000"
202200048533;13;6;2022;17:10;1;13;2;6;1;3;"43;2501400000";"5;3890900000"
202200048534;9;6;2022;00:40;5;75;2;7;2;7;"48;8542657023";"2;3054605722"
202200048535;24;10;2022;20:50;5;87;2;2;1;3;"45;8285900000";"1;2561600000"
202200048536;15;8;2022;00:30;5;13;2;1;1;7;"43;2732100000";"5;4126000000"
202200048537;28;11;2022;18:10;5;45;2;1;2;6;"47;9980000000";"2;7400000000"
202200048538;8;2;2022;17:15;1;33;1;1;1;3;"44;7810650000";" -0;6372290000"
202200048539;13;6;2022;11:00;1;13;2;1;1;3;"43;2735065650";"5;4133008709"
202200048540;24;10;2022;19:45;5;87;2;1;1;6;"45;8202500000";"1;2466800000"
202200048541;9;6;2022;21:15;2;75;2;3;1;3;"48;8666360000";"2;3612990000"
202200048542;29;11;2022;07:40;5;44;2;2;1;6;"47;2566900000";" -2;2593500000"
202200048543;25;10;2022;16:25;1;83;2;9;1;3;"43;1194150000";"5;9384570000"
202200048544;5;6;2022;17:00;1;13;2;3;1;3;"43;2652000000";"5;3939000000"
202200048545;14;8;2022;22:58;5;13;2;2;1;6;"43;3030900000";"5;4008400000"
202200048546;8;6;2022;15:15;1;75;2;2;1;6;"48;8578760000";"2;3502150000"
202200048547;18;2;2022;13:10;1;78;1;1;1;4;"48;9334780000";"1;9708860000"
202200048548;24;11;2022;17:00;5;42;2;1;2;2;"45;5479421995";"4;6007665409"
202200048549;18;2;2022;14:45;1;95;1;1;6;6;"49;0338915730";"2;1031093597"
202200048550;19;10;2022;13:00;1;83;2;6;1;7;"43;0945484875";"5;8470118046"
202200048551;8;6;2022;14:00;1;75;2;3;1;6;"48;8608250000";"2;3613410000"
202200048552;29;11;2022;19:15;5;42;2;1;1;3;"46;0488399668";"4;0766277909"
202200048553;14;8;2022;05:45;2;06;2;4;1;2;"43;7073500000";"7;2829200000"
202200048554;12;6;2022;02:20;5;13;2;9;1;3;"43;2909400000";"5;3805200000"
202200048555;20;10;2022;11:40;1;83;2;9;1;3;"43;1153742394";"5;8488035202"
202200048556;18;2;2022;09:20;1;95;1;1;1;2;"49;0312373549";"2;4937006831"
202200048557;8;8;2022;17:05;1;05;2;1;1;2;"44;5317200000";"6;0611300000"
202200048558;9;7;2022;16:40;1;13;2;6;1;1;"43;3036000249";"5;5718336223"
202200048559;9;6;2022;05:20;2;94;2;1;1;1;"48;8108600000";"2;3832400000"
202200048560;28;11;2022;18:22;5;39;2;3;2;3;"47;0978320000";"5;5034040000"
202200048561;25;10;2022;07:55;5;81;2;1;1;6;"43;9308034000";"2;1639717000"
202200048562;29;11;2022;10:10;1;37;1;1;1;7;"47;3307100000";"0;6770300000"
202200048563;18;2;2022;04:40;3;93;1;1;2;2;"48;9285000000";"2;4164400000"
202200048564;8;7;2022;13:45;1;13;2;9;1;3;"43;2893117765";"5;5983735378"
202200048565;9;6;2022;10:50;1;94;2;1;1;2;"48;8108600000";"2;4917000000"
202200048566;25;10;2022;12:00;1;77;2;1;1;2;"48;8499500000";"2;7668500000"
202200048567;14;8;2022;13:48;1;75;2;7;8;6;"48;8538800000";"2;3440270000"
202200048568;6;7;2022;10:45;1;13;2;1;1;1;"43;2880100000";"5;5766500000"
202200048569;18;2;2022;08:30;1;94;1;1;1;3;"48;8175600000";"2;4216900000"
202200048570;29;11;2022;19:05;3;35;1;1;1;4;"48;0926600000";" -1;7078000000"
202200048571;7;6;2022;07:30;1;94;2;1;2;3;"48;8200920000";"2;4748060000"
202200048572;25;10;2022;11:25;1;77;2;1;1;3;"48;2693400000";"2;7065000000"
202200048573;14;8;2022;19:45;1;75;2;3;3;3;"48;8826010000";"2;3904250000"
202200048574;17;2;2022;14:10;1;95;2;1;1;6;"48;9745881260";"2;3764318228"
202200048575;9;6;2022;10:10;1;94;2;9;1;2;"48;7878900000";"2;3340300000"
202200048576;29;11;2022;17:55;3;35;1;1;1;4;"48;1152668462";" -1;5667104721"
202200048577;24;10;2022;08:05;1;76;2;6;2;3;"49;9154250000";"1;0947790000"
202200048578;15;2;2022;16:44;1;03;2;3;1;2;"46;3492100000";"2;5833500000"
202200048579;14;8;2022;08:30;1;75;2;2;1;3;"48;8711630000";"2;2888550000"
202200048580;29;11;2022;12:30;1;35;2;1;8;6;"48;1279657624";" -1;6590468585"
202200048581;9;7;2022;15:05;1;13;1;1;1;1;"43;5684400000";"5;4038100000"
202200048582;8;6;2022;11:55;1;94;2;2;8;3;"48;7933180000";"2;3539950000"
202200048583;14;8;2022;14:55;1;75;2;1;2;6;"48;8422360000";"2;3286240000"
202200048584;25;10;2022;06:40;5;69;2;3;1;3;"45;7865900000";"4;9224000000"
202200048585;16;2;2022;13:20;1;976;1;1;1;3;" -12;7931800000";"45;1884500000"
202200048586;8;7;2022;15:55;1;13;2;1;1;3;"43;5250183141";"5;4269397682"
202200048587;29;11;2022;12:40;1;35;2;1;1;6;"48;1200323665";" -1;6370983422"
202200048588;8;6;2022;23:45;5;94;2;1;2;1;"48;7883800000";"2;4208100000"
202200048589;14;8;2022;07:25;1;75;2;1;1;1;"48;8810860000";"2;3700640000"
202200048590;25;10;2022;13:50;1;69;2;1;1;6;"45;7207872341";"4;8589771986"
202200048591;8;7;2022;07:30;1;13;1;1;1;3;"43;4727525508";"5;4094504291"
202200048592;17;2;2022;14:30;1;974;2;3;1;6;" -20;8856000000";"55;4641400000"
202200048593;29;11;2022;08:34;1;35;1;1;1;3;"48;1183500000";" -1;5725800000"
202200048594;9;6;2022;08:55;1;94;2;1;1;6;"48;7787800000";"2;3675000000"
202200048595;14;8;2022;21:15;5;75;2;3;2;7;"48;8569975855";"2;3673444986"
202200048596;25;10;2022;08:10;1;69;2;3;1;3;"45;7246847964";"4;8540392518"
202200048597;7;7;2022;00:05;3;13;1;9;1;2;"43;5053600000";"5;3989900000"
202200048598;14;8;2022;16:15;1;94;2;1;2;6;"48;7281618767";"2;4437499046"
202200048599;16;2;2022;15:25;1;973;2;1;1;6;"4;9170500000";" -52;2986900000"
202200048600;9;6;2022;17:20;1;94;2;3;1;6;"48;7808301845";"2;5240284204"
202200048601;29;11;2022;07:25;5;35;2;1;2;4;"48;0837400000";" -1;6738000000"
202200048602;25;10;2022;02:00;5;67;2;1;2;6;"48;5560000000";"7;7715600000"
202200048603;29;6;2022;18:02;1;11;2;1;1;2;"43;1691600000";"2;9830600000"
202200048604;29;11;2022;15:40;1;34;2;1;1;5;"43;5969600000";"3;8759000000"
202200048605;17;2;2022;19:00;5;69;2;2;1;3;"45;7569700000";"4;8646100000"
202200048606;23;10;2022;19:46;5;66;2;1;1;6;"42;6940800000";"2;8881100000"
202200048607;8;7;2022;07:55;1;11;2;1;1;7;"43;1988000000";"2;3502000000"
202200048608;9;6;2022;14:40;1;94;2;3;1;3;"48;8253700000";"2;4077400000"
202200048609;14;8;2022;06:10;5;94;2;2;1;3;"48;8149210000";"2;4631390000"
202200048610;8;7;2022;06:20;2;11;1;1;1;6;"43;2252400000";"2;3283200000"
202200048611;9;6;2022;17:35;1;94;2;9;1;6;"48;7715569012";"2;5184091926"
202200048612;29;11;2022;11:27;1;34;1;1;1;3;"43;3417100000";"3;4855500000"
202200048613;17;2;2022;18:25;5;69;2;1;1;6;"45;7674168979";"4;8545756936"
202200048614;22;10;2022;15:27;1;66;2;1;1;3;"42;6712600000";"2;8952900000"
202200048615;13;8;2022;22:20;5;94;2;2;1;2;"48;7624096153";"2;4795008727"
202200048616;22;10;2022;00:16;5;66;2;1;1;6;"42;6982700000";"2;8891100000"
202200048617;8;6;2022;23:20;5;93;2;1;1;6;"48;9409400000";"2;5106000000"
202200048618;5;7;2022;10:45;1;11;2;1;1;3;"43;2356100000";"2;3663000000"
202200048619;14;8;2022;00:40;5;94;2;1;1;7;"48;7951930000";"2;5245400000"
202200048620;29;11;2022;18:35;5;33;2;1;1;6;"44;7820500000";" -0;6076700000"
202200048621;17;2;2022;15:20;1;69;2;2;1;3;"45;7596800000";"4;8490800000"
202200048622;30;3;2022;17:15;1;94;2;1;2;2;"48;8151000000";"2;3329600000"
202200048623;25;10;2022;18:35;1;64;1;1;1;3;"43;3446000000";" -0;4304600000"
202200048624;10;7;2022;17:45;1;10;2;1;1;6;"48;2748247197";"4;0764856339"
202200048625;9;6;2022;15:25;1;93;2;2;1;6;"48;9196570000";"2;3617780000"
202200048626;29;11;2022;08:15;2;33;2;1;2;3;"44;8727174996";" -0;5597394705"
202200048627;14;8;2022;18:10;1;94;2;2;1;3;"48;8178339988";"2;4195443094"
202200048628;17;2;2022;12:00;1;69;2;1;1;3;"45;7233500000";"4;8652400000"
202200048629;25;10;2022;10:10;1;64;2;6;1;3;"43;3220700000";" -0;4013500000"
202200048630;6;7;2022;08:32;1;10;2;1;1;2;"48;2915025939";"4;0344285965"
202200048631;30;3;2022;12:26;1;94;2;1;8;4;"48;8114693424";"2;3620133399"
202200048632;9;6;2022;17:45;1;93;2;2;1;3;"48;8713000000";"2;4864300000"
202200048633;29;11;2022;19:50;5;31;2;1;1;1;"43;6194300000";"1;4667400000"
202200048634;14;8;2022;10:50;1;93;2;2;1;3;"48;9296434395";"2;3565376539"
202200048635;17;2;2022;13:15;1;69;2;3;1;3;"45;7378900000";"4;8648500000"
202200048636;21;10;2022;14:05;1;63;1;1;1;5;"45;7858200000";"3;2040300000"
202200048637;30;3;2022;16:30;1;93;2;1;2;6;"48;8539007672";"2;5388471705"
202200048638;29;11;2022;13:25;1;31;2;1;1;6;"43;5682300000";"1;4038500000"
202200048639;9;6;2022;11:19;1;93;2;1;1;6;"48;8649664176";"2;4877864122"
202200048640;5;7;2022;15:18;1;10;2;1;1;3;"48;2996539222";"4;0765982866"
202200048641;21;10;2022;03:33;5;63;2;1;1;6;"45;7736800000";"3;0801100000"
202200048642;13;8;2022;13:30;1;93;2;3;1;3;"48;9172434488";"2;4459859037"
202200048643;29;11;2022;10:40;1;31;2;1;1;6;"43;5954900000";"1;4193300000"
202200048644;17;2;2022;07:50;1;69;2;2;8;3;"45;7717700000";"4;8551300000"
202200048645;29;3;2022;22:15;5;93;2;1;1;1;"48;8659100000";"2;5235200000"
202200048646;13;6;2022;07:58;1;10;2;1;1;6;"48;3030368409";"4;0771293640"
202200048647;9;6;2022;18:40;1;93;2;1;1;2;"48;8945900000";"2;4490600000"
202200048648;14;8;2022;07:09;1;93;2;3;1;6;"48;8989600000";"2;5860900000"
202200048649;18;10;2022;10:33;1;63;2;1;1;2;"45;7711100000";"3;0900300000"
202200048650;17;2;2022;21:25;5;69;2;1;1;3;"45;7727700000";"4;8131200000"
202200048651;30;3;2022;01:20;5;93;2;1;1;6;"48;8551780966";"2;4199780449"
202200048652;7;7;2022;15:40;1;07;2;1;1;1;"44;7257190000";"4;6003980000"
202200048653;29;11;2022;15:15;1;29;2;6;1;2;"47;8885224200";" -3;9184910000"
202200048654;14;8;2022;13:17;1;92;2;1;8;2;"48;8851069067";"2;2392588258"
202200048655;25;10;2022;19:30;5;59;2;3;1;6;"50;6199726067";"3;0428910255"
202200048656;8;6;2022;23:24;5;93;2;9;8;3;"48;9024661801";"2;4629405737"
202200048657;28;11;2022;04:45;5;29;2;1;3;6;"48;4179854235";" -4;4871293915"
202200048658;16;2;2022;20:20;5;69;2;2;8;3;"45;7700700000";"4;8045600000"
202200048659;30;3;2022;20:40;2;93;2;1;2;2;"48;9176514318";"2;5341464707"
202200048660;10;7;2022;17:25;1;06;2;1;1;-1;"43;6974300000";"7;2731300000"
202200048661;14;8;2022;17:10;1;92;2;2;1;3;"48;8255387877";"2;2418863177"
202200048662;9;6;2022;08:08;1;93;2;1;1;1;"48;8756900000";"2;5305600000"
202200048663;17;2;2022;09:00;1;2B;2;1;1;7;"42;6959300000";"9;4468600000"
202200048664;26;3;2022;01:15;5;93;2;1;1;6;"48;8880000000";"2;5440000000"
202200048665;12;8;2022;20:55;2;28;1;1;1;7;"48;2432350000";"1;1585160000"
202200048666;25;10;2022;17:15;1;56;2;3;1;7;"47;7571500000";" -3;3553700000"
202200048667;9;7;2022;17:24;1;06;2;2;1;3;"43;6942800000";"7;2566200000"
202200048668;17;2;2022;08:02;1;91;2;1;1;1;"48;6534200000";"2;3158500000"
202200048669;30;3;2022;12:50;1;93;2;3;2;6;"48;9579200000";"2;4158800000"
202200048670;9;6;2022;10:15;1;93;2;2;1;6;"48;8633240000";"2;4666580000"
202200048671;15;8;2022;10:20;1;63;1;1;8;7;"45;6384000000";"2;8453000000"
202200048672;18;2;2022;01:15;3;91;2;1;1;7;"48;7329200000";"2;3007700000"
202200048673;14;8;2022;19:00;2;88;1;1;8;7;"48;0960360000";"7;0244590000"
202200048674;7;7;2022;16:35;1;06;2;6;1;3;"43;7309100000";"7;2882700000"
202200048675;25;10;2022;07:40;1;54;2;3;1;6;"48;6945483441";"6;1279892921"
202200048676;30;3;2022;20:30;5;93;2;1;2;3;"48;8946100000";"2;4210700000"
202200048677;5;11;2022;10:25;1;22;2;1;1;2;"48;5067600000";" -2;7493300000"
202200048678;8;6;2022;21:35;5;93;2;2;1;3;"48;8742400000";"2;4280500000"
202200048679;10;7;2022;20:10;1;06;2;1;1;-1;"43;7743000000";"7;4924100000"
202200048680;25;10;2022;18:45;5;54;2;9;9;7;"48;7000154309";"6;1660712957"
202200048681;29;11;2022;07:00;5;17;2;1;1;7;"45;7416630000";" -0;6500860000"
202200048682;15;8;2022;10:25;1;41;1;1;2;2;"47;3524460000";"2;0502380000"
202200048683;30;3;2022;10:55;1;93;2;6;3;3;"48;9319661713";"2;4908250433"
202200048684;13;6;2022;05:30;2;06;2;1;1;6;"43;7545350000";"7;4424620000"
202200048685;9;6;2022;19:20;1;93;2;2;1;3;"48;9102110000";"2;5100930000"
202200048686;11;2;2022;20:00;5;83;2;3;1;3;"43;1203362166";"5;9488959610"
202200048687;25;10;2022;11:10;1;51;2;2;1;3;"49;2560700000";"4;0554200000"
202200048688;30;3;2022;20:45;5;92;2;1;1;7;"48;8593730000";"2;2102950000"
202200048689;14;8;2022;12:17;1;25;1;1;1;6;"47;4313970000";"6;6992570000"
202200048690;7;7;2022;14:00;1;06;1;1;1;2;"43;6463140000";"6;9629790000"
202200048691;30;3;2022;11:35;1;92;2;1;2;7;"48;7980292946";"2;2789415717"
202200048692;15;8;2022;09:20;1;26;1;1;1;6;"45;2678800000";"4;8238080000"
202200048693;9;6;2022;15:30;1;93;2;3;1;3;"48;9070900000";"2;4892000000"
202200048694;16;2;2022;15:25;1;81;2;1;2;6;"43;9367987000";"2;1468883000"
202200048695;25;10;2022;07:50;1;51;2;1;1;4;"49;2811000000";"4;0397000000"
202200048696;7;7;2022;11:15;1;06;2;1;1;3;"43;6455780000";"6;9143150000"
202200048697;30;3;2022;10:23;1;92;1;9;3;6;"48;8901065158";"2;2511989474"
202200048698;14;8;2022;05:00;2;41;2;1;1;6;"47;8872550000";"1;5462340000"
202200048699;24;10;2022;11:20;1;51;2;1;1;7;"49;2414720865";"4;0137487650"
202200048700;5;7;2022;12:30;1;06;2;1;1;1;"43;5467000000";"7;0322000000"
202200048701;9;6;2022;12:30;1;93;2;3;1;3;"48;9505700000";"2;4400700000"
202200048702;30;3;2022;16:00;1;92;2;1;8;6;"48;9010987654";"2;3011853993"
202200048703;15;8;2022;10:45;1;47;1;1;1;7;"44;5655280000";"0;1148750000"
202200048704;16;2;2022;13:25;1;80;2;2;1;5;"49;8768100000";"2;2589000000"
202200048705;7;6;2022;09:45;1;06;2;1;1;6;"43;5530680000";"7;0249380000"
202200048706;24;10;2022;18:10;1;50;2;2;2;4;"49;6297040000";" -1;6424150000"
202200048707;9;6;2022;17:30;1;92;2;1;1;6;"48;8853186436";"2;1957370341"
202200048708;14;8;2022;15:16;1;19;1;1;1;1;"45;2997080000";"2;0764900000"
202200048709;30;3;2022;16:22;1;92;2;2;1;3;"48;9011215544";"2;3136688024"
202200048710;9;6;2022;09:10;1;92;2;1;1;6;"48;9187000000";"2;2226700000"
202200048711;5;7;2022;08:40;1;06;2;3;1;6;"43;5686940000";"7;0742080000"
202200048712;17;2;2022;09:22;1;78;2;2;1;6;"48;9217700000";"2;1877200000"
202200048713;25;10;2022;14:00;1;47;2;1;1;2;"44;2017100000";"0;6319400000"
202200048714;15;8;2022;19:35;1;76;1;1;1;1;"49;7745483535";"1;6181015968"
202200048715;30;6;2022;08:25;1;05;1;1;1;7;"44;5513070000";"6;0303810000"
202200048716;29;3;2022;08:50;1;92;2;1;1;2;"48;9078000000";"2;2999100000"
202200048717;11;2;2022;19:40;5;78;2;1;1;3;"48;9461400000";"2;2039800000"
202200048718;9;6;2022;07:45;1;92;2;1;1;6;"48;8874294379";"2;1990490258"
202200048719;14;8;2022;14:30;1;76;1;1;1;7;"49;5504050000";"1;0474990000"
202200048720;29;3;2022;21:10;4;92;2;1;1;7;"48;9095173244";"2;2931331396"
202200048721;25;10;2022;17:35;1;45;2;3;1;3;"47;9163700000";"1;8301500000"
202200048722;7;7;2022;10:47;1;05;2;6;1;3;"44;8957600000";"6;6327700000"
202200048723;9;6;2022;19:30;2;92;2;1;8;2;"48;8067799055";"2;2932323813"
202200048724;17;2;2022;17:00;1;78;2;2;1;3;"48;8980400000";"2;1239300000"
202200048725;6;7;2022;15:45;1;04;2;1;1;6;"43;8312200000";"5;7844200000"
202200048726;30;3;2022;16:28;1;49;2;3;8;3;"47;3493130000";" -0;8666590000"
202200048727;9;6;2022;13:05;1;92;2;1;1;6;"48;8151833439";"2;3206611871"
202200048728;21;10;2022;17:50;1;44;2;2;1;3;"47;2823600000";" -2;2064200000"
202200048729;15;8;2022;07:30;2;65;1;1;1;6;"43;3177550000";"0;0703600000"
202200048730;7;7;2022;16:10;1;02;2;1;1;2;"49;6529100000";"3;3481800000"
202200048731;17;2;2022;02:05;5;77;1;1;6;3;"48;6257500000";"2;5761600000"
202200048732;6;7;2022;17:10;1;01;2;1;1;6;"46;2071300000";"5;2298000000"
202200048733;8;6;2022;18:54;1;92;2;1;1;4;"48;7777900000";"2;2327300000"
202200048734;13;8;2022;13:15;1;38;1;1;1;1;"45;1029290000";"5;2507220000"
202200048735;30;3;2022;21:10;3;77;1;1;1;2;"48;9146030000";"2;9772950000"
202200048736;25;10;2022;09:20;1;37;2;1;1;6;"47;4312082033";"0;6905400753"
202200048737;15;2;2022;19:45;5;76;2;2;2;6;"49;4940800000";"0;1384600000"
202200048738;10;7;2022;18:40;1;75;2;1;1;2;"48;8289990000";"2;4001340000"
202200048739;15;8;2022;01:30;3;70;1;1;2;6;"47;6052480000";"6;7722880000"
202200048740;9;6;2022;19:50;1;92;2;2;1;3;"48;8400800000";"2;2374500000"
202200048741;30;3;2022;14:54;1;972;1;1;1;3;"14;5246820000";" -60;9842970000"
202200048742;25;10;2022;22:40;5;33;2;3;1;3;"44;7933094720";" -0;5674843490"
202200048743;17;2;2022;13:15;1;74;2;4;1;2;"46;1808000000";"6;2297800000"
202200048744;9;7;2022;13:30;1;75;2;1;1;4;"48;8250360000";"2;3035490000"
202200048745;15;8;2022;06:00;2;26;1;1;5;7;"44;4510530000";"5;3706410000"
202200048746;5;6;2022;19:15;1;33;2;1;1;2;"45;0795360000";"0;0151010000"
202200048747;30;3;2022;16:20;1;88;1;1;3;3;"48;1886790000";"6;7921900000"
202200048748;25;10;2022;10:00;1;33;2;6;1;3;"44;8662024773";" -0;5752345920"
202200048749;14;8;2022;22:20;3;26;1;1;1;7;"44;7093780000";"4;9544930000"
202200048750;16;2;2022;13:20;1;71;2;1;2;3;"46;2978900000";"4;8195300000"
202200048751;9;7;2022;15:20;1;75;2;1;1;2;"48;8219220000";"2;3167330000"
202200048752;30;3;2022;17:40;1;64;2;1;8;6;"43;4016530000";" -0;5860570000"
202200048753;25;10;2022;08:55;1;32;2;3;1;6;"43;6360300000";"0;5836100000"
202200048754;14;8;2022;15:40;1;26;1;1;2;3;"44;7243490000";"4;9962040000"
202200048755;17;2;2022;16:15;1;71;2;6;1;3;"46;7725749136";"4;8590678219"
202200048756;10;6;2022;10:30;1;33;1;9;1;3;"44;5699720000";"0;0170640000"
202200048757;9;7;2022;01:40;5;75;2;1;1;2;"48;8572460000";"2;2584890000"
202200048758;25;10;2022;13:50;1;31;2;1;1;6;"43;6015900000";"1;4503590000"
202200048759;31;3;2022;14:55;1;35;2;1;1;6;"48;0568480000";" -1;1534040000"
202200048760;17;2;2022;18:03;2;69;2;1;1;3;"45;7802900000";"4;9140900000"
202200048761;8;7;2022;18:30;1;75;2;4;1;3;"48;8448280000";"2;2548020000"
202200048762;25;10;2022;10:23;1;31;2;1;1;1;"43;6653500000";"1;4301800000"
202200048763;15;8;2022;16:50;1;05;1;1;1;5;"44;6361240000";"6;5654900000"
202200048764;8;7;2022;17:45;1;75;2;1;1;6;"48;8881980000";"2;2923650000"
202200048765;17;2;2022;17:55;1;69;2;6;1;2;"45;9953700000";"4;7208000000"
202200048766;31;3;2022;21:30;5;62;2;1;8;6;"50;2789310000";"2;8191450000"
202200048767;14;8;2022;20:25;1;73;1;1;1;6;"45;4655100000";"5;7365880000"
202200048768;25;10;2022;15:15;1;29;1;1;1;3;"48;0024800000";" -4;0433800000"
202200048769;9;6;2022;19:00;3;974;2;1;1;3;" -21;2764680000";"55;4972840000"
202200048770;8;7;2022;16:20;1;75;2;1;1;3;"48;8950310000";"2;3065890000"
202200048771;9;2;2022;16:20;1;62;2;6;1;6;"50;4222550000";"2;9113990000"
202200048772;25;3;2022;14:00;1;34;2;1;7;2;"43;5743050000";"3;8219170000"
202200048773;14;8;2022;06:50;1;36;1;1;1;6;"46;6574976961";"1;9398808479"
202200048774;24;10;2022;18:30;1;29;2;1;1;6;"48;0110000000";" -4;0912500000"
202200048775;9;6;2022;16:10;1;83;2;6;1;6;"43;1884630000";"6;5810810000"
202200048776;12;2;2022;10:45;1;59;2;1;7;6;"50;6667963858";"3;0776336789"
202200048777;30;3;2022;18:00;1;35;1;9;1;2;"48;2349500000";" -1;6217000000"
202200048778;28;9;2022;07:05;5;19;2;1;1;2;"45;1565700000";"1;5205900000"
202200048779;8;7;2022;10:23;1;75;2;1;1;3;"48;8983510000";"2;3146430000"
202200048780;15;8;2022;17:00;1;07;1;1;1;7;"44;9795000000";"4;6158560000"
202200048781;17;2;2022;14:25;1;51;2;1;1;3;"49;2405100000";"3;9909300000"
202200048782;31;3;2022;04:00;3;74;2;1;1;6;"45;8954260000";"6;6415140000"
202200048783;24;10;2022;22:50;5;17;2;1;1;7;"46;1427600000";" -1;1392000000"
202200048784;13;8;2022;13:50;1;07;1;1;1;7;"44;6189740000";"4;7359230000"
202200048785;10;6;2022;08:00;1;974;1;1;1;5;" -21;1362510000";"55;2791850000"
202200048786;17;2;2022;09:45;1;49;2;1;1;7;"47;5203300000";" -0;5898400000"
202200048787;8;7;2022;07:55;1;75;2;1;1;4;"48;8235200000";"2;3103580000"
202200048788;22;10;2022;14:23;1;14;1;1;1;7;"49;1153200000";"0;1957000000"
202200048789;30;3;2022;17:00;1;80;2;4;2;6;"50;2630370000";"2;0151490000"
202200048790;15;8;2022;16:08;1;24;1;1;1;7;"45;0479440000";"1;3774060000"
202200048791;25;10;2022;08:38;1;13;2;1;8;1;"43;4218900000";"5;2868200000"
202200048792;16;2;2022;19:10;5;49;2;6;1;3;"47;4678600000";" -0;5207800000"
202200048793;8;7;2022;08:30;5;75;2;1;1;3;"48;8705970000";"2;2723520000"
202200048794;31;3;2022;05:10;3;71;1;1;1;1;"46;5789820000";"5;2760020000"
202200048795;17;2;2022;06:45;5;42;1;1;8;2;"45;5046200000";"4;5664600000"
202200048796;25;10;2022;16:15;1;13;2;1;1;1;"43;3328700000";"5;4363400000"
202200048797;8;7;2022;05:50;5;75;2;4;1;7;"48;9001930000";"2;3810270000"
202200048798;13;8;2022;20:00;1;17;1;1;1;2;"45;2846550000";" -0;2422360000"
202200048799;30;3;2022;17:10;1;49;1;1;1;1;"47;3679840000";" -0;2531150000"
202200048800;10;6;2022;05:15;2;62;1;2;1;3;"50;1909150000";"2;5653260000"
202200048801;25;10;2022;12:35;1;13;2;1;1;3;"43;3334974806";"5;4400308430"
202200048802;17;2;2022;15:05;1;37;2;1;1;1;"47;3977101124";"0;6679451466"
202200048803;13;8;2022;16:45;1;08;2;3;1;6;"49;8846640000";"4;8213080000"
202200048804;27;3;2022;16:35;1;42;1;1;1;6;"45;3631820000";"4;5533180000"
202200048805;17;2;2022;18:30;2;35;1;1;1;6;"48;1416948687";" -1;6669794917"
202200048806;25;10;2022;07:50;1;13;2;1;1;3;"43;3072744575";"5;4238262773"
202200048807;8;7;2022;00:15;5;75;2;4;1;3;"48;8922990000";"2;3953520000"
202200048808;4;6;2022;16:20;1;57;1;1;1;5;"49;0501990000";"7;5053410000"
202200048809;31;3;2022;09:20;1;47;1;3;1;3;"44;2619360000";"0;3478770000"
202200048810;17;2;2022;08:15;1;35;2;6;1;3;"48;1041600000";" -1;6501800000"
202200048811;24;10;2022;16:15;1;13;2;1;1;2;"43;3003000000";"5;3806700000"
202200048812;9;6;2022;19:40;1;57;2;1;1;6;"48;7414250000";"7;2339120000"
202200048813;14;2;2022;17:50;1;34;2;1;1;7;"43;3433600000";"3;2250200000"
202200048814;24;10;2022;15:57;1;10;1;1;1;1;"48;2609842339";"4;0948212147"
202200048815;31;3;2022;10:50;1;68;1;5;1;3;"47;9045620000";"7;4017810000"
202200048816;6;6;2022;22:00;3;57;1;1;1;7;"48;8915500000";"6;4132050000"
202200048817;14;8;2022;18:40;2;976;1;1;1;1;" -12;7516080000";"45;0916240000"
202200048818;17;2;2022;14:44;1;33;2;2;2;3;"44;8507300000";" -0;6785000000"
202200048819;25;10;2022;18:45;1;06;2;9;1;3;"43;6361424514";"6;9513577223"
202200048820;31;3;2022;12:19;1;68;2;1;2;6;"47;6315580000";"7;1105040000"
202200048821;8;6;2022;12:30;1;56;1;1;7;6;"47;7143400000";" -2;5154010000"
202200048822;25;10;2022;06:50;5;06;2;1;1;3;"43;6387669142";"6;9501024485"
202200048823;9;6;2022;17:30;1;56;1;1;1;7;"47;6065170000";" -2;2248330000"
202200048824;15;2;2022;16:50;1;31;2;1;1;5;"43;6006220000";"1;4645440000"
202200048825;14;8;2022;04:25;3;28;1;1;1;3;"48;2037580000";"1;8495550000"
202200048826;9;6;2022;05:00;2;59;1;1;1;6;"50;8837410000";"2;5756820000"
202200048827;30;3;2022;18:00;1;22;1;2;1;3;"48;3925950000";" -2;5750280000"
202200048828;6;10;2022;20:45;5;02;2;3;1;3;"49;3888200000";"3;3371200000"
202200048829;17;2;2022;11:50;1;29;2;1;1;1;"48;0062700000";" -4;0308800000"
202200048830;11;8;2022;08:08;1;30;1;1;1;4;"43;8087340000";"4;3394280000"
202200048831;30;3;2022;18:00;1;44;1;1;1;6;"47;5741660000";" -1;9188740000"
202200048832;14;8;2022;21:15;3;988;1;1;2;7;" -21;0857010000";"165;4174410000"
202200048833;9;6;2022;17:25;1;74;1;2;1;3;"45;8731830000";"6;2121220000"
202200048834;17;2;2022;17:50;1;29;1;9;8;1;"47;9157900000";" -3;9425700000"
202200048835;4;6;2022;19:35;1;78;2;1;1;6;"48;8842550000";"1;5911520000"
202200048836;30;3;2022;20:32;5;31;2;1;1;2;"43;2141570000";"1;2238120000"