Accident_Id;jour;mois;an;hrmn;lum;dep;agg;int;atm;col;lat;long
202200048837;24;10;2022;18:27;2;75;2;2;1;6;"48;8670500000";"2;3206610000"
202200048838;17;2;2022;15:55;1;27;2;6;1;3;"49;2530600000";"1;1941500000"
202200048839;10;6;2022;14:00;1;76;1;1;1;1;"49;6656672821";"0;9993106127"
202200048840;29;3;2022;07:40;2;31;1;1;1;1;"43;7873050000";"1;3066200000"
202200048841;24;10;2022;08:10;2;75;2;2;1;7;"48;8631130000";"2;3497430000"
202200048842;14;8;2022;16:40;1;83;2;1;1;6;"43;3079730000";"6;6399320000"
202200048843;17;2;2022;20:20;5;26;1;1;1;7;"44;9368000000";"4;9350000000"
202200048844;24;10;2022;18:15;1;92;2;1;8;6;"48;9237661662";"2;2524083555"
202200048845;13;8;2022;09:30;1;83;1;1;1;7;"43;7128280000";"5;8567540000"
202200048846;25;3;2022;17:50;1;31;2;1;1;5;"43;8314500000";"1;3923450000"
202200048847;10;6;2022;20:10;1;79;1;3;1;7;"46;2696580000";" -0;4264010000"
202200048848;17;2;2022;05:10;3;17;1;6;3;6;"46;1315700000";" -1;1023800000"
202200048849;29;3;2022;18:25;1;02;1;1;8;6;"49;4697870000";"3;4474590000"
202200048850;25;10;2022;16:30;1;75;2;1;1;3;"48;8785510000";"2;2808110000"
202200048851;15;8;2022;13:05;1;04;1;1;1;1;"43;7958300000";"6;3824720000"
202200048852;10;6;2022;08:45;1;79;1;2;1;7;"46;4237480000";" -0;4083180000"
202200048853;14;8;2022;18:35;1;13;1;1;1;7;"43;3060880000";"5;6662630000"
202200048854;17;2;2022;19:50;5;13;2;1;1;1;"43;2807690910";"5;4072644368"
202200048855;31;3;2022;06:50;2;03;1;1;3;3;"46;3912350000";"3;3067670000"
202200048856;25;10;2022;16:45;2;75;2;1;1;6;"48;8440460000";"2;3692400000"
202200048857;10;6;2022;01:45;3;71;1;1;5;6;"46;8601360000";"5;3759120000"
202200048858;17;3;2022;18:30;3;64;1;1;2;7;"43;3602900000";" -1;0810270000"
202200048859;24;10;2022;10:20;1;75;2;2;1;6;"48;8431220000";"2;3264260000"
202200048860;14;8;2022;12:15;1;68;2;1;1;2;"48;2325400000";"7;3660250000"
202200048861;16;2;2022;14:56;1;13;2;3;1;1;"43;3418000000";"5;4715900000"
202200048862;25;10;2022;17:10;1;75;2;3;1;7;"48;8446250000";"2;2969000000"
202200048863;14;8;2022;09:45;1;67;1;1;1;7;"48;9508870000";"7;8246050000"
202200048864;9;6;2022;14:45;1;89;1;1;7;2;"47;5262140000";"3;7805840000"
202200048865;16;2;2022;15:20;1;13;2;1;1;1;"43;2992500000";"5;3858600000"
202200048866;31;3;2022;12:08;1;68;1;1;8;4;"47;9079710000";"7;3662900000"
202200048867;14;8;2022;03:00;3;67;1;1;1;1;"48;4608880000";"7;4458550000"
202200048868;17;2;2022;08:30;1;13;1;1;1;1;"43;5432160000";"4;9557060000"
202200048869;24;10;2022;08:21;1;75;2;1;1;4;"48;8395430000";"2;3752550000"
202200048870;14;8;2022;05:30;2;74;2;1;1;6;"46;0156720000";"6;3959820000"
202200048871;22;5;2022;20:00;1;34;1;1;1;7;"43;7117040000";"3;6085800000"
202200048872;31;3;2022;08:40;1;31;2;3;2;3;"43;5020480000";"1;6168950000"
202200048873;15;8;2022;16:00;1;42;1;1;1;1;"45;8031170000";"4;2738710000"
202200048874;16;2;2022;12:55;1;12;1;6;2;3;"44;5425100000";"2;3077600000"
202200048875;10;6;2022;18:49;1;25;2;1;1;7;"47;4404180000";"6;7853770000"
202200048876;24;10;2022;23:10;5;75;2;3;1;1;"48;8656160000";"2;3035770000"
202200048877;31;3;2022;04:20;5;987;1;1;1;2;" -17;7278810000";" -149;3257960000"
202200048878;16;2;2022;09:29;1;10;2;1;2;6;"48;2979200000";"4;0534560000"
202200048879;15;8;2022;07:55;1;26;2;1;1;1;"44;4786870000";"4;7392970000"
202200048880;9;6;2022;11:50;1;25;2;1;1;1;"47;0338170000";"5;7966880000"
202200048881;24;10;2022;20:26;5;75;2;3;1;3;"48;8624260000";"2;3116410000"
202200048882;14;8;2022;15:45;1;19;1;1;1;6;"45;2194780000";"1;7018660000"
202200048883;17;2;2022;17:10;1;06;2;1;1;3;"43;6949590000";"7;2674420000"
202200048884;24;10;2022;09:10;1;75;2;3;1;3;"48;8546480000";"2;3477230000"
202200048885;14;8;2022;16:15;1;33;2;6;1;3;"45;3108350000";" -0;9390470000"
202200048886;17;2;2022;19:30;5;75;2;3;1;6;"48;8773880000";"2;2840220000"
202200048887;27;3;2022;15:15;1;68;1;1;7;3;"48;2455860000";"7;2181360000"
202200048888;9;6;2022;10:30;1;29;1;1;2;1;"47;9789780000";" -4;2035150000"
202200048889;24;10;2022;18:27;5;94;2;6;2;3;"48;7345300000";"2;4638800000"
202200048890;14;8;2022;10:55;1;76;1;1;1;6;"49;7343836638";"1;3802486658"
202200048891;17;2;2022;01:00;5;75;2;7;2;6;"48;8854010000";"2;2972680000"
202200048892;14;8;2022;13:55;1;13;1;1;1;7;"43;4938500000";"5;2401100000"
202200048893;9;6;2022;22:45;3;38;1;1;1;3;"45;4449580000";"4;9960700000"
202200048894;16;2;2022;10:45;1;75;2;2;2;6;"48;8622844502";"2;2383154929"
202200048895;25;10;2022;18:00;1;94;2;4;1;6;"48;8381820000";"2;5213250000"
202200048896;24;3;2022;15:00;1;74;2;1;1;7;"45;8513980000";"6;3286610000"
202200048897;13;8;2022;20:00;1;13;1;1;1;2;"43;3721500000";"5;3613300000"
202200048898;9;6;2022;23:25;3;01;2;6;1;3;"46;0494930000";"5;3289140000"
202200048899;16;2;2022;09:55;1;75;2;7;2;3;"48;8335740000";"2;3092430000"
202200048900;25;10;2022;07:55;2;94;2;2;8;3;"48;7868800000";"2;3618600000"
202200048901;30;3;2022;10:35;1;40;1;3;1;7;"44;3011240000";" -1;1754300000"
202200048902;10;6;2022;16:20;1;01;1;1;1;1;"45;6538510000";"5;6064500000"
202200048903;14;8;2022;19:40;1;67;1;1;1;6;"48;5885400000";"7;7056200000"
202200048904;17;2;2022;10:15;1;75;2;4;1;6;"48;8261580000";"2;3585770000"
202200048905;30;3;2022;15:25;1;29;2;1;1;6;"48;5759970000";" -4;3185820000"
202200048906;10;6;2022;14:30;1;14;1;1;1;1;"49;1472731800";" -0;4187382400"
202200048907;17;2;2022;10:00;1;75;2;1;1;6;"48;8406730000";"2;3696340000"
202200048908;14;8;2022;20:10;2;91;1;1;2;1;"48;6254100000";"2;3554700000"
202200048909;24;10;2022;13:40;1;94;2;9;3;3;"48;7809500000";"2;4573300000"
202200048910;10;6;2022;11:35;1;50;2;1;1;6;"49;0349560000";" -1;5197830000"
202200048911;26;3;2022;11:57;1;13;1;1;1;2;"43;3664780000";"5;3608340000"
202200048912;16;2;2022;23:37;5;75;2;2;1;3;"48;8322340000";"2;3797920000"
202200048913;14;8;2022;09:30;1;94;1;1;1;2;"48;8156746590";"2;3565021889"
202200048914;6;6;2022;14:30;1;43;1;1;1;7;"45;1420940000";"4;4427250000"
202200048915;25;10;2022;09:00;1;93;2;1;1;3;"48;9154409091";"2;3594467694"
202200048916;26;3;2022;10:57;1;13;1;1;1;2;"43;3769100000";"5;3585100000"
202200048917;17;2;2022;08:56;1;75;2;2;1;6;"48;8660110000";"2;3662950000"
202200048918;12;8;2022;11:22;1;91;1;1;1;5;"48;7103800000";"2;3021000000"
202200048919;30;3;2022;07:50;1;13;1;1;1;3;"43;3290000000";"5;3780000000"
202200048920;17;2;2022;21:10;5;75;2;5;1;7;"48;8689450000";"2;3098510000"
202200048921;25;10;2022;19:00;2;93;2;2;1;3;"48;8294000000";"2;5741000000"
202200048922;6;6;2022;18:10;1;36;1;3;1;3;"46;4978670000";"1;7619740000"
202200048923;14;8;2022;06:00;2;92;1;1;1;6;"48;8377471332";"2;1898883645"
202200048924;17;2;2022;18:20;5;75;2;3;1;7;"48;8670910000";"2;3160750000"
202200048925;29;3;2022;08:16;1;33;1;1;1;2;"44;8832200000";" -0;5541000000"
202200048926;10;6;2022;18:30;1;07;2;6;1;7;"44;7479980000";"4;7460080000"
202200048927;14;8;2022;03:40;3;92;1;1;1;6;"48;8923673365";"2;1822202572"
202200048928;25;10;2022;17:53;1;93;2;2;1;2;"48;8568300000";"2;4431500000"
202200048929;28;3;2022;20:22;5;59;1;1;1;6;"50;6866885682";"3;1364893913"
202200048930;17;2;2022;02:07;5;75;2;7;2;3;"48;8640870000";"2;3201160000"
202200048931;24;10;2022;12:55;1;93;2;1;1;3;"48;8835217331";"2;5293941204"
202200048932;13;8;2022;23:40;3;95;1;1;1;4;"49;0346875762";"2;1135941148"
202200048933;9;6;2022;12:25;1;21;1;1;1;1;"47;3453284520";"4;4847770029"
202200048934;28;3;2022;13:34;1;59;1;1;1;4;"50;4209010642";"3;6344602704"
202200048935;12;8;2022;22:54;4;77;1;1;1;1;"48;8298618816";"2;7470483846"
202200048936;17;2;2022;14:35;1;75;2;3;1;2;"48;8556630000";"2;3234150000"
202200048937;10;6;2022;18:25;1;04;2;1;7;6;"44;0304930000";"5;9787080000"
202200048938;25;10;2022;16:20;1;93;2;1;1;6;"48;9200000000";"2;4100000000"
202200048939;13;8;2022;18:00;1;78;2;6;1;6;"48;9745300000";"1;9165800000"
202200048940;17;2;2022;20:45;5;75;2;3;1;6;"48;8548090000";"2;3687390000"
202200048941;30;3;2022;07:30;1;94;1;1;2;2;"48;7560300000";"2;3413200000"
202200048942;25;10;2022;13:20;1;93;2;2;1;3;"48;9280400000";"2;3853300000"
202200048943;12;8;2022;23:55;5;988;2;1;1;1;" -22;2657000000";"166;4113700000"
202200048944;9;6;2022;20:15;2;85;2;2;1;1;"46;5392300000";" -1;2336400000"
202200048945;17;2;2022;10:25;1;75;2;2;1;3;"48;8535480000";"2;3469290000"
202200048946;30;3;2022;12:50;1;78;1;1;1;2;"48;7996750000";"1;9651080000"
202200048947;9;6;2022;19:00;1;30;1;1;1;6;"43;9656032396";"4;5039732455"
202200048948;12;8;2022;17:20;1;974;2;1;1;3;" -20;9518000000";"55;3050000000"
202200048949;25;10;2022;10:15;1;93;2;1;1;3;"48;9053572127";"2;4803306854"
202200048950;17;2;2022;10:50;1;75;2;2;1;3;"48;8578750000";"2;3502090000"
202200048951;10;6;2022;10:45;1;08;2;1;1;6;"49;9926345445";"4;7010074258"
202200048952;13;8;2022;17:47;1;973;2;1;1;6;"4;9148939176";" -52;3266604543"
202200048953;30;3;2022;07:50;1;92;1;1;1;2;"48;7768085494";"2;2306989883"
202200048954;17;2;2022;09:10;1;94;2;2;1;3;"48;7947300000";"2;4179500000"
202200048955;24;10;2022;12:00;1;93;2;1;1;1;"48;9467000000";"2;4690400000"
202200048956;13;8;2022;15:16;1;973;2;1;1;2;"4;9185900000";" -52;3217100000"
202200048957;4;6;2022;12:45;1;38;1;1;1;5;"45;7548280000";"5;0916480000"
202200048958;17;2;2022;14:20;1;94;2;1;1;6;"48;8462200000";"2;4187300000"
202200048959;25;10;2022;11:15;1;92;2;1;1;6;"48;8627191151";"2;2123900652"
202200048960;13;8;2022;15:55;1;69;2;2;1;3;"45;7268742544";"4;8627644777"
202200048961;4;6;2022;21:45;3;976;2;1;1;7;" -12;7898830000";"45;1303660000"
202200048962;29;3;2022;09:00;1;78;1;1;1;5;"48;7944380000";"2;0494870000"
202200048963;17;2;2022;17:15;1;94;2;1;1;3;"48;7280000000";"2;4459000000"
202200048964;13;8;2022;06:10;2;69;2;2;1;3;"45;7516600000";"4;8535000000"
202200048965;25;10;2022;08:42;1;92;2;2;1;3;"48;8422751472";"2;1670639515"
202200048966;30;3;2022;07:45;1;95;1;1;2;3;"48;9664899506";"2;2561159730"
202200048967;9;6;2022;06:00;2;84;1;1;1;2;"44;1729710000";"4;7590110000"
202200048968;25;10;2022;15:20;1;92;2;1;8;6;"48;8826294035";"2;2769682705"
202200048969;30;3;2022;08:30;1;95;1;1;1;2;"48;9615100000";"2;2681600000"
202200048970;25;10;2022;21:39;5;92;2;3;2;6;"48;8328760349";"2;2544562220"
202200048971;25;10;2022;15:00;1;92;2;1;1;7;"48;7385559517";"2;2760697305"
202200048972;29;3;2022;23:30;3;95;1;1;8;6;"48;9749965805";"2;2427773476"
202200048973;31;5;2022;20:25;1;83;2;1;1;1;"43;1747930000";"5;7095380000"
202200048974;28;3;2022;15:30;1;93;1;1;1;7;"48;8918257196";"2;4732476664"
202200048975;22;10;2022;08:40;1;37;1;1;7;6;"46;9770830000";"0;5831020000"
202200048976;28;3;2022;07:50;2;95;1;1;1;3;"49;0363744984";"2;0938557386"
202200048977;25;10;2022;19:15;3;12;1;1;1;6;"44;3784820000";"2;0244620000"
202200048978;28;3;2022;09:00;1;974;2;1;1;6;" -20;9365100000";"55;2897200000"
202200048979;24;10;2022;15:45;1;16;1;1;1;2;"45;6647310000";" -0;2186320000"
202200048980;28;3;2022;20:30;5;973;2;1;1;6;"4;9270342779";" -52;3221489787"
202200048981;24;10;2022;11:48;1;06;2;1;1;6;"43;6499840000";"7;1307850000"
202200048982;29;3;2022;13:30;1;69;2;9;1;3;"45;7321000000";"4;8605500000"
202200048983;21;10;2022;10:35;1;81;1;1;1;1;"43;9061330000";"2;5376920000"
202200048984;26;10;2022;14:00;1;91;1;1;1;7;"48;6456130000";"2;2094320000"
202200048985;29;3;2022;12:33;1;69;2;9;1;6;"45;7586800000";"4;8525700000"
202200048986;25;10;2022;22:30;3;17;1;1;1;6;"46;2028510000";" -1;0235100000"
202200048987;29;3;2022;10:05;1;69;2;1;1;6;"45;7053900000";"4;8875500000"
202200048988;26;10;2022;13:30;1;89;2;1;1;3;"48;1725130000";"3;3397410000"
202200048989;29;3;2022;16:25;1;972;2;9;1;3;"14;6175800000";" -60;9886500000"
202200048990;26;10;2022;11:25;1;59;2;3;1;3;"50;0366830000";"3;3011880000"
202200048991;26;10;2022;07:30;2;59;1;1;1;6;"50;0968410000";"3;3771220000"
202200048992;25;10;2022;18:55;5;76;2;1;1;7;"49;6045100000";"1;0373070000"
202200048993;28;3;2022;16:35;1;971;1;1;1;3;"16;2563300000";" -61;5328400000"
202200048994;24;10;2022;13:45;1;2B;2;6;1;3;"42;3016980000";"9;1653500000"
202200048995;28;3;2022;16:00;1;971;2;9;1;6;"16;2494600000";" -61;5348400000"
202200048996;26;10;2022;08:45;1;80;2;3;1;3;"50;0087530000";"2;8684400000"
202200048997;25;10;2022;16:24;1;82;1;1;1;1;"44;1644137970";"0;9994212760"
202200048998;28;3;2022;07:15;1;971;1;1;1;3;"16;2524900000";" -61;5147500000"
202200048999;25;10;2022;08:00;2;61;1;1;1;1;"48;4476360000";"0;7766600000"
202200049000;29;3;2022;15:40;1;95;2;1;2;1;"49;0074556241";"2;4014461040"
202200049001;24;10;2022;20:00;3;49;1;4;2;7;"47;5500510000";" -0;7032430000"
202200049002;29;3;2022;12:50;1;95;2;1;1;3;"49;0011670454";"2;4077948928"
202200049003;22;10;2022;17:50;1;42;2;2;1;3;"45;7446060000";"4;0050560000"
202200049004;27;3;2022;20:27;5;87;2;3;1;3;"45;8285900000";"1;2561500000"
202200049005;20;10;2022;23:30;3;42;1;4;2;6;"45;5305610000";"4;4755610000"
202200049006;25;10;2022;11:30;1;22;1;1;1;7;"48;2992110000";" -3;5348080000"
202200049007;25;10;2022;08:45;1;39;2;1;1;6;"46;7460670000";"5;4537720000"
202200049008;25;3;2022;18:45;1;80;2;1;1;1;"49;9020800000";"2;2969900000"
202200049009;25;10;2022;10:15;1;44;2;1;1;6;"47;2439900000";" -1;9343290000"
202200049010;26;10;2022;09:19;1;35;2;1;7;6;"48;1357565216";" -1;9600899518"
202200049011;28;3;2022;18:40;1;78;2;1;1;2;"48;7775640000";"2;0181430000"
202200049012;26;10;2022;12:55;1;29;2;4;1;3;"47;8189000000";" -3;6185150000"
202200049013;26;10;2022;10:00;1;01;2;1;1;6;"46;0990177138";"5;3163769841"
202200049014;29;3;2022;20:20;5;76;2;1;6;3;"49;2879900000";"1;0071000000"
202200049015;25;10;2022;20:30;3;01;1;1;1;1;"46;2316390000";"4;9130670000"
202200049016;29;3;2022;09:50;2;76;1;6;2;1;"49;3678760000";"1;1067500000"
202200049017;26;10;2022;11:15;1;54;2;1;1;6;"49;3702800000";"5;8961600000"
202200049018;26;10;2022;16:33;1;05;1;1;1;7;"44;5385880000";"6;4751740000"
202200049019;28;3;2022;19:20;1;76;2;3;1;1;"49;5050833758";"0;0862517953"
202200049020;28;3;2022;17:15;1;76;2;1;1;6;"49;4994000000";"0;0947100000"
202200049021;26;10;2022;11:53;1;18;1;1;1;-1;"46;7426320000";"2;5070710000"
202200049022;25;10;2022;15:30;1;43;2;1;1;3;"45;0997680000";"3;7993170000"
202200049023;29;3;2022;14:35;1;74;2;1;1;3;"46;1988000000";"6;2259000000"
202200049024;25;10;2022;07:40;2;36;1;1;1;6;"46;6561941794";"1;5006551074"
202200049025;26;10;2022;01:25;3;16;1;1;1;6;"45;5642730000";"0;2739090000"
202200049026;29;3;2022;15:25;1;71;2;1;1;6;"46;6604680000";"4;3606770000"
202200049027;25;10;2022;18:00;1;85;2;1;1;6;"46;4602030000";" -1;3378380000"
202200049028;28;3;2022;17:30;1;71;2;1;1;6;"46;6918880782";"4;3813320994"
202200049029;26;10;2022;08:15;1;30;1;1;1;6;"43;5961600000";"4;1957720000"
202200049030;28;3;2022;19:49;2;69;2;1;1;3;"45;9822592254";"4;7190517187"
202200049031;25;10;2022;17:45;1;08;2;1;1;3;"49;8417220000";"4;5395050000"
202200049032;20;10;2022;20:17;3;49;1;1;1;2;"47;5016050000";" -0;4708670000"
202200049033;29;3;2022;13:20;1;64;2;1;8;2;"43;4936700000";" -1;5109400000"
202200049034;20;10;2022;23:10;3;01;1;1;1;6;"45;8616460000";"5;1659510000"
202200049035;28;3;2022;15:35;1;62;2;1;1;6;"50;4744000000";"2;4890100000"
202200049036;25;2;2022;14:30;1;59;2;1;1;3;"50;5695580000";"3;0212290000"
202200049037;29;3;2022;08:45;1;56;2;1;1;6;"47;6695000000";" -2;7215060000"
202200049038;26;10;2022;00:30;3;27;1;1;2;4;"49;1338230000";"1;3152270000"
202200049039;28;3;2022;14:50;1;56;1;1;1;6;"47;7859960000";" -3;3333500000"
202200049040;26;10;2022;15:10;1;77;1;2;7;3;"48;5810930000";"2;9642970000"
202200049041;27;3;2022;20:30;1;56;2;2;1;3;"47;7570000000";" -3;3379700000"
202200049042;25;10;2022;12:08;1;91;2;1;1;3;"48;4840200000";"2;3331680000"
202200049043;26;3;2022;12:10;1;56;2;1;1;6;"47;7375600000";" -3;3822700000"
202200049044;25;10;2022;08:30;1;30;1;1;1;1;"44;1931070000";"4;0434760000"
202200049045;25;10;2022;23:50;3;83;1;1;1;6;"43;3304730000";"6;6682130000"
202200049046;24;3;2022;18:45;1;56;2;1;1;3;"47;7644800000";" -3;3738200000"
202200049047;26;10;2022;13:50;1;67;1;1;7;1;"48;5415790000";"7;4116030000"
202200049048;23;3;2022;17:25;1;55;2;1;1;7;"49;1676600000";"5;3939200000"
202200049049;25;10;2022;17:25;1;57;2;3;1;3;"49;0622640000";"7;2112990000"
202200049050;28;3;2022;15:35;1;54;2;1;1;6;"48;6824419619";"6;1862924695"
202200049051;26;10;2022;15:45;1;01;2;1;1;6;"45;8459390000";"5;0389910000"
202200049052;29;3;2022;10:50;1;51;2;1;1;3;"49;2659100000";"4;0268400000"
202200049053;25;10;2022;17:30;1;01;1;6;1;2;"45;8210010000";"4;9897080000"
202200049054;23;10;2022;21:15;3;01;1;1;1;1;"45;9131380000";"5;2530130000"
202200049055;29;3;2022;09:45;1;51;2;2;1;3;"49;2440600000";"4;0276400000"
202200049056;23;10;2022;21:30;3;17;1;1;1;7;"45;2740110000";" -0;3674840000"
202200049057;26;10;2022;17:50;1;50;2;3;1;3;"49;6030860000";" -1;6649120000"
202200049058;25;10;2022;13:15;1;22;1;1;1;2;"48;5408510000";" -2;3971440000"
202200049059;28;3;2022;16:05;1;50;2;3;1;3;"49;6375500000";" -1;5755800000"
202200049060;26;10;2022;12:08;1;80;2;2;1;3;"49;9115330000";"2;5024150000"
202200049061;28;3;2022;18:16;1;49;2;3;1;3;"47;4704000000";" -0;5476000000"
202200049062;25;10;2022;09:00;1;13;1;1;1;2;"43;3794464693";"5;3541746529"
202200049063;28;3;2022;16:39;1;49;2;2;1;3;"47;4529500000";" -0;5387100000"
202200049064;25;10;2022;07:00;3;13;1;1;1;4;"43;4053000000";"5;3388800000"
202200049065;23;10;2022;21:50;3;57;1;1;3;6;"49;0912300000";"6;2286300000"
202200049066;24;10;2022;18:30;1;33;1;1;1;2;"44;8584596871";" -0;6619316339"
202200049067;20;2;2022;18:18;1;42;2;2;1;3;"45;4420900000";"4;4083300000"
202200049068;25;10;2022;12:15;1;94;1;1;1;3;"48;7802000000";"2;3468000000"
202200049069;25;10;2022;11:55;1;92;1;1;1;3;"48;9348887042";"2;2678495223"
202200049070;24;3;2022;07:55;1;41;2;1;1;3;"47;5825000000";"1;2980000000"
202200049071;25;10;2022;09:40;1;93;1;1;1;5;"48;8775091635";"2;4774153900"
202200049072;23;3;2022;15:45;1;41;2;1;1;6;"47;5825000000";"1;3415000000"
202200049073;25;10;2022;14:40;1;75;1;1;1;2;"48;8230000000";"2;4629100000"
202200049074;29;3;2022;21:20;3;38;1;1;1;2;"45;1552700000";"5;7140000000"
202200049075;24;10;2022;17:00;1;54;2;1;1;6;"48;6859930042";"6;1619299650"
202200049076;24;10;2022;19:55;5;75;2;3;1;6;"48;8892580000";"2;3748290000"
202200049077;29;3;2022;11:39;1;37;1;9;2;6;"47;3308226996";"0;6820482016"
202200049078;28;3;2022;16:15;1;37;2;1;1;7;"47;3458400000";"0;6424200000"
202200049079;29;3;2022;09:25;1;33;2;1;1;2;"44;7778800000";" -0;5956700000"
202200049080;29;3;2022;08:20;1;33;2;1;1;1;"44;8044900000";" -0;6311000000"
202200049081;29;3;2022;16:10;1;31;2;6;1;3;"43;6292300000";"1;4493200000"
202200049082;26;3;2022;21:00;5;30;2;3;1;3;"43;8333000000";"4;3516200000"
202200049083;11;3;2022;13:55;1;30;2;2;1;3;"43;8139400000";"4;3509600000"
202200049084;9;5;2022;19:25;1;21;2;3;1;6;"47;3121140000";"5;0181080000"
202200049085;26;3;2022;12:00;1;29;2;1;1;6;"48;0016925822";" -4;0851811320"
202200049086;9;5;2022;12:20;1;19;1;6;1;3;"45;5710200000";"2;2960900000"
202200049087;29;3;2022;07:25;1;26;2;1;1;3;"44;5705700000";"4;7588700000"
202200049088;4;5;2022;14:50;1;14;1;9;1;3;"49;2100700000";" -0;3236200000"
202200049089;28;3;2022;19:30;1;25;2;1;1;4;"47;2428640000";"6;0248280000"
202200049090;10;5;2022;20:30;2;13;2;3;1;3;"43;2792972649";"5;4116067765"
202200049091;10;5;2022;11:40;1;13;2;2;1;3;"43;3313900000";"5;3769100000"
202200049092;10;5;2022;07:50;1;13;2;1;1;2;"43;3314000000";"5;4331000000"
202200049093;18;3;2022;15:36;1;15;2;9;1;3;"44;9147200000";"2;4584600000"
202200049094;10;5;2022;08:15;1;13;2;6;1;2;"43;3231500000";"5;4486700000"
202200049095;29;3;2022;20:35;3;13;1;1;1;2;"43;4698733692";"5;2318020238"
202200049096;9;5;2022;09:00;1;13;2;1;1;3;"43;2670695509";"5;3965239896"
202200049097;30;4;2022;21:17;5;13;2;2;1;3;"43;2904100000";"5;3757500000"
202200049098;29;3;2022;17:30;1;13;2;2;1;3;"43;3297700000";"5;4097600000"
202200049099;10;5;2022;14:50;1;10;2;2;1;3;"48;3054300000";"4;0924300000"
202200049100;29;3;2022;11:50;1;13;2;1;1;6;"43;2943673771";"5;4422559960"
202200049101;10;5;2022;14:45;1;08;2;1;1;3;"49;7638540000";"4;7211570000"
202200049102;3;5;2022;13:45;1;06;2;1;1;3;"43;5525600000";"7;0061500000"
202200049103;29;3;2022;12:15;1;13;2;3;1;3;"43;3143300000";"5;3928000000"
202200049104;2;5;2022;00:07;3;06;2;9;9;1;"43;5703870000";"7;1238180000"
202200049105;23;3;2022;14:50;1;13;2;6;1;3;"43;2835400000";"5;3990600000"
202200049106;28;3;2022;06:55;3;11;1;1;1;3;"43;2067200000";"2;3879700000"
202200049107;26;4;2022;11:15;1;04;2;1;1;2;"43;8195900000";"5;7949800000"
202200049108;29;3;2022;20:55;3;07;1;1;1;7;"44;9713200000";"4;8257700000"
202200049109;9;5;2022;13:19;1;01;2;6;1;6;"46;2003700000";"5;1982500000"
202200049110;10;5;2022;14:40;1;75;2;1;1;4;"48;8335690000";"2;4053410000"
202200049111;29;3;2022;16:05;1;06;2;1;1;4;"43;6488770000";"6;9247010000"
202200049112;10;5;2022;16:30;1;75;2;3;1;6;"48;8208662257";"2;3549174568"
202200049113;29;3;2022;08:00;1;06;2;2;1;3;"43;6525290000";"6;9146530000"
202200049114;10;5;2022;18:30;1;75;2;2;1;3;"48;8902353148";"2;3599764705"
202200049115;14;2;2022;13:00;1;02;2;6;1;3;"49;8418500000";"3;2948500000"
202200049116;10;5;2022;00:30;5;75;2;2;1;3;"48;8902354574";"2;3599826233"
202200049117;1;2;2022;07:40;5;02;2;1;3;6;"49;8496199000";"3;2734679000"
202200049118;10;5;2022;20:55;1;75;2;5;1;3;"48;8215332836";"2;3694513738"
202200049119;29;3;2022;11:40;1;75;2;1;1;4;"48;8161885418";"2;3589411378"
202200049120;10;5;2022;16:25;1;75;2;2;1;2;"48;8180341581";"2;3603714257"
202200049121;10;5;2022;13:00;1;75;2;3;1;6;"48;8256881244";"2;3480255912"
202200049122;29;3;2022;02:00;5;75;2;1;1;3;"48;8241170000";"2;3833990000"
202200049123;9;5;2022;19:30;1;75;2;3;1;3;"48;8390240000";"2;4603600000"
202200049124;28;3;2022;15:30;1;75;2;1;1;3;"48;8544421849";"2;4055860937"
202200049125;10;5;2022;13:40;1;75;2;3;1;2;"48;8595550000";"2;3891540000"
202200049126;29;3;2022;12:40;1;75;2;3;1;3;"48;8842123870";"2;3494803160"
202200049127;10;5;2022;22:26;5;75;2;1;1;6;"48;8774308015";"2;3562978208"
202200049128;10;5;2022;14:55;1;75;2;3;1;3;"48;8642604535";"2;3022275643"
202200049129;29;3;2022;12:02;1;75;2;2;1;3;"48;8955574624";"2;3283049464"
202200049130;10;5;2022;13:30;1;75;2;3;1;2;"48;8710000000";"2;3035700000"
202200049131;29;3;2022;13:30;1;75;2;4;1;2;"48;8805479213";"2;2951691592"
202200049132;29;3;2022;15:15;1;75;2;1;2;7;"48;8387115993";"2;2664827108"
202200049133;10;5;2022;18:40;1;75;2;2;1;3;"48;8691200000";"2;3515540000"
202200049134;10;5;2022;09:25;1;75;2;3;1;6;"48;8569320300";"2;3411506925"
202200049135;29;3;2022;07:40;1;75;2;3;1;2;"48;8214856020";"2;3338933289"
202200049136;9;5;2022;18:05;1;75;2;2;1;2;"48;8593720000";"2;3561380000"
202200049137;29;3;2022;08:20;1;75;2;7;1;3;"48;8336782512";"2;3319755495"
202200049138;9;5;2022;12:18;1;75;2;2;1;7;"48;8619910000";"2;3501560000"
202200049139;29;3;2022;16:00;1;75;2;3;2;3;"48;8190870000";"2;3579950000"
202200049140;9;5;2022;08:20;1;75;2;2;1;6;"48;8617100000";"2;3412070000"
202200049141;10;5;2022;18:45;1;94;2;2;1;6;"48;7926200000";"2;3996000000"
202200049142;28;3;2022;16:00;1;75;2;3;1;5;"48;8708730000";"2;3933380000"
202200049143;29;3;2022;13:10;1;75;2;1;1;3;"48;8510019838";"2;3900318083"