Accident_Id;jour;mois;an;hrmn;lum;dep;agg;int;atm;col;lat;long
202200050376;13;8;2022;19:45;1;21;1;1;1;7;"47;2161331266";"5;0800468773"
202200050377;24;10;2022;17:45;2;62;1;2;3;3;"50;5709370000";"2;1729540000"
202200050378;21;9;2022;15:00;1;91;1;1;1;2;"48;7109800000";"2;2975000000"
202200050379;10;7;2022;00:45;5;92;2;6;1;3;"48;9051866170";"2;2560440898"
202200050380;16;2;2022;03:40;5;75;2;3;2;3;"48;8868244690";"2;3596760631"
202200050381;28;3;2022;14:30;1;13;1;1;1;2;"43;4725940000";"5;4071780000"
202200050382;14;8;2022;08:05;2;73;2;1;3;1;"45;6436817480";"5;8624059856"
202200050383;25;11;2022;23:58;3;56;1;1;1;2;"47;7220800000";" -3;3823900000"
202200050384;7;6;2022;07:55;1;54;2;2;1;5;"48;6733954953";"6;1739543080"
202200050385;21;9;2022;09:00;1;91;1;1;1;2;"48;6221300000";"2;2807100000"
202200050386;16;2;2022;06:50;5;75;2;1;1;6;"48;8868091838";"2;2954384983"
202200050387;18;10;2022;20:50;3;38;1;2;1;1;"45;5009480000";"5;0113530000"
202200050388;11;8;2022;11:00;1;73;1;6;1;3;"45;6009420000";"5;8762000000"
202200050389;9;7;2022;11:22;1;92;2;3;1;3;"48;9118304365";"2;2326957285"
202200050390;28;3;2022;08:40;1;67;1;1;1;3;"48;5848500000";"7;7248700000"
202200050391;8;6;2022;12:20;1;53;2;1;1;3;"48;0687700000";" -0;7620000000"
202200050392;13;8;2022;20:00;2;26;2;1;1;6;"44;8726600000";"4;9416580000"
202200050393;21;9;2022;07:20;1;91;1;1;1;3;"48;6622500000";"2;3690100000"
202200050394;25;10;2022;11:33;1;69;1;1;1;2;"45;7203340000";"5;0515710000"
202200050395;15;2;2022;19:55;5;75;2;2;2;6;"48;8838164180";"2;3047705740"
202200050396;10;7;2022;14:52;1;92;2;1;1;6;"48;9038556402";"2;2986588925"
202200050397;8;6;2022;19:30;1;51;2;6;1;3;"49;2763600000";"4;0553700000"
202200050398;14;8;2022;18:00;1;07;1;1;1;6;"45;0816150000";"4;7777260000"
202200050399;26;11;2022;19:15;5;54;2;3;1;1;"48;5818900000";"6;5042400000"
202200050400;21;9;2022;05:40;3;94;1;1;1;3;"48;7779408208";"2;3466768615"
202200050401;8;7;2022;15:30;1;92;2;3;1;6;"48;9072855981";"2;3003414422"
202200050402;24;10;2022;19:00;2;42;2;3;1;3;"45;9995930000";"4;0613200000"
202200050403;16;2;2022;17:50;5;75;2;5;2;3;"48;8367720000";"2;3518510000"
202200050404;14;8;2022;01:50;3;01;2;1;1;6;"46;0765430000";"5;5332790000"
202200050405;27;3;2022;17:45;1;33;1;1;1;5;"44;8677300000";" -0;4925800000"
202200050406;8;6;2022;16:30;1;51;2;2;2;3;"49;2128852037";"4;0222768486"
202200050407;9;7;2022;20:51;1;92;2;1;1;1;"48;7852168567";"2;2511174083"
202200050408;28;11;2022;23:25;5;49;2;7;1;2;"47;0518700000";" -0;8839100000"
202200050409;16;2;2022;09:55;1;75;2;1;1;6;"48;8582628839";"2;3839406669"
202200050410;21;9;2022;19:00;1;92;1;1;1;2;"48;8205945740";"2;2186143918"
202200050411;12;8;2022;21:20;3;16;1;1;1;6;"45;6031120130";"0;0193360440"
202200050412;25;10;2022;19:10;3;77;1;1;1;2;"48;9309480000";"3;0234340000"
202200050413;10;3;2022;06:05;3;62;1;1;1;6;"50;9363500000";"2;0654300000"
202200050414;8;6;2022;11:45;1;51;2;1;2;3;"49;2630134192";"4;0575210750"
202200050415;28;11;2022;07:40;5;49;2;1;2;3;"47;4689800000";" -0;5594800000"
202200050416;8;8;2022;20:50;2;29;1;1;1;6;"48;2045590000";" -4;3054930000"
202200050417;8;7;2022;20:10;1;92;2;1;1;2;"48;7648036413";"2;2562651038"
202200050418;12;2;2022;20:45;5;75;2;3;1;3;"48;8545820000";"2;3629330000"
202200050419;21;9;2022;09:13;1;78;1;1;1;4;"48;8347590000";"2;1321870000"
202200050420;7;6;2022;10:20;1;51;2;3;1;3;"49;2696900000";"4;0311100000"
202200050421;26;11;2022;19:05;5;49;2;1;1;6;"47;4504900000";" -0;5556200000"
202200050422;11;10;2022;12:30;1;01;1;3;1;3;"46;2921880000";"6;0791090000"
202200050423;15;2;2022;18:45;5;94;2;1;2;3;"48;7963000000";"2;4165900000"
202200050424;12;4;2022;08:35;1;50;1;1;1;6;"49;0569200000";" -1;4618700000"
202200050425;10;7;2022;18:45;1;92;2;1;1;3;"48;8291181122";"2;2451578081"
202200050426;29;3;2022;05:47;3;91;1;1;1;4;"48;6124000000";"2;4322000000"
202200050427;25;10;2022;06:30;3;67;1;1;1;2;"48;7500740000";"7;5225560000"
202200050428;16;2;2022;08:20;1;94;2;9;2;6;"48;7684100000";"2;4651300000"
202200050429;28;11;2022;13:50;1;47;1;6;8;3;"44;1787800000";"0;6186400000"
202200050430;4;6;2022;16:50;1;50;1;3;1;3;"49;6202200000";" -1;5822200000"
202200050431;9;7;2022;18:40;1;92;2;2;1;3;"48;8369141833";"2;2364829406"
202200050432;28;11;2022;06:35;5;44;2;7;2;6;"47;2332400000";" -1;5655800000"
202200050433;20;9;2022;07:20;3;92;1;1;1;4;"48;7766292971";"2;2331996201"
202200050434;29;3;2022;17:25;1;78;1;1;2;4;"48;8419300000";"2;1021950000"
202200050435;24;10;2022;19:20;3;30;1;6;1;1;"44;2475850000";"4;6510680000"
202200050436;16;2;2022;05:11;5;94;2;3;3;2;"48;7447800000";"2;3863200000"
202200050437;8;6;2022;06:22;1;49;2;6;1;3;"47;4481330634";" -0;5382388830"
202200050438;13;8;2022;15:20;1;91;1;1;1;4;"48;6715800000";"2;3463700000"
202200050439;28;11;2022;09:05;1;43;2;1;2;2;"45;0499120000";"3;8816110000"
202200050440;20;9;2022;19:04;1;93;1;1;1;2;"48;9511831351";"2;4502991194"
202200050441;7;7;2022;17:30;1;92;2;2;1;6;"48;8467281095";"2;2368529513"
202200050442;16;2;2022;04:40;5;93;2;1;2;3;"48;8846667400";"2;4835446327"
202200050443;7;6;2022;12:10;1;44;2;1;1;1;"47;1882300000";" -1;5736900000"
202200050444;23;10;2022;10:45;1;51;1;3;1;3;"48;8585530000";"3;5101850000"
202200050445;13;8;2022;10:48;1;91;1;1;1;2;"48;6324100000";"2;4066100000"
202200050446;28;3;2022;17:30;1;95;1;1;1;5;"49;0378000000";"2;0895900000"
202200050447;28;11;2022;08:15;1;35;2;1;1;3;"48;0984634285";" -1;6978999972"
202200050448;19;9;2022;19:30;1;95;1;1;1;2;"49;0616820127";"2;3148751259"
202200050449;23;4;2022;06:30;2;44;2;6;1;3;"47;1705800000";" -1;5488900000"
202200050450;7;7;2022;13:50;1;92;2;1;1;2;"48;8364307367";"2;2526494860"
202200050451;24;10;2022;17:50;2;56;1;1;8;1;"48;0097790000";" -2;3936460000"
202200050452;16;2;2022;18:15;5;93;2;2;2;3;"48;9529800000";"2;3159100000"
202200050453;26;11;2022;14:35;1;34;2;1;1;1;"43;4207300000";"3;7362300000"
202200050454;29;3;2022;17:10;1;94;1;1;2;3;"48;7893256603";"2;4401932752"
202200050455;25;10;2022;08:45;1;76;2;9;1;6;"49;5476030000";"1;0735950000"
202200050456;8;7;2022;00:45;5;92;1;1;1;2;"48;9078646833";"2;2731305659"
202200050457;28;11;2022;19:45;5;33;2;1;1;6;"44;8638400000";" -0;6599500000"
202200050458;16;4;2022;21:15;5;44;2;1;1;4;"47;2117000000";" -1;5426100000"
202200050459;16;2;2022;18:30;1;93;2;9;2;6;"48;9529520000";"2;3074690000"
202200050460;29;3;2022;08:50;1;77;1;1;1;7;"48;6522206256";"2;6132676949"
202200050461;19;9;2022;18:50;1;93;1;1;1;4;"48;9110682904";"2;3581908480"
202200050462;24;10;2022;20:00;3;33;1;1;1;6;"44;6705150000";"0;0783850000"
202200050463;13;8;2022;11:30;1;78;1;1;1;7;"48;9593410000";"1;9324770000"
202200050464;28;11;2022;09:15;1;31;2;1;2;3;"43;6488500000";"1;3732000000"
202200050465;16;2;2022;15:15;1;93;2;1;1;6;"48;9347109671";"2;4255909554"
202200050466;8;7;2022;12:30;1;92;2;9;1;3;"48;9084686630";"2;2929912507"
202200050467;25;10;2022;11:40;1;32;1;1;1;1;"43;5373920000";"0;7721870000"
202200050468;27;3;2022;19:30;1;76;2;1;1;6;"49;4974400000";"0;0923300000"
202200050469;13;8;2022;05:00;3;78;1;1;1;2;"48;7763150000";"2;2221270000"
202200050470;7;6;2022;17:40;1;43;2;1;1;5;"45;0445349394";"3;8788497448"
202200050471;28;11;2022;09:54;1;29;2;2;3;1;"47;9822200000";" -4;0970800000"
202200050472;16;2;2022;13:20;1;93;2;2;8;3;"48;8998700000";"2;4814800000"
202200050473;28;3;2022;20:45;5;75;2;1;1;6;"48;8699952246";"2;3546368629"
202200050474;13;8;2022;13:40;1;93;1;9;1;2;"48;9268768080";"2;3359794749"
202200050475;24;10;2022;13:45;1;71;1;1;1;5;"47;0042191670";"4;2055964466"
202200050476;15;2;2022;14:33;1;93;2;1;1;6;"48;9369680827";"2;4608954807"
202200050477;21;9;2022;17:30;1;77;1;1;1;5;"48;8319150000";"2;6012390000"
202200050478;28;11;2022;22:30;5;25;2;1;8;6;"47;2425200000";"6;0100800000"
202200050479;28;2;2022;17:20;1;972;2;4;1;6;"14;6036400000";" -61;0721900000"
202200050480;24;10;2022;18:00;2;12;1;1;1;7;"44;4365620000";"3;0786520000"
202200050481;8;7;2022;16:30;1;92;2;2;1;3;"48;7879282516";"2;3187397867"
202200050482;16;2;2022;12:15;1;93;2;9;8;6;"48;9168790000";"2;3896330000"
202200050483;12;8;2022;20:20;1;93;1;1;1;4;"48;8813700000";"2;4742000000"
202200050484;20;9;2022;22:05;3;94;1;1;1;7;"48;7760849626";"2;4295495219"
202200050485;28;11;2022;14:25;1;25;2;4;2;3;"47;2354070000";"5;9616990000"
202200050486;29;3;2022;09:30;1;988;2;3;1;2;" -22;2379100000";"166;4473000000"
202200050487;7;6;2022;21:00;2;42;1;1;1;1;"45;4242269092";"4;4320159251"
202200050488;16;2;2022;14:00;1;92;2;1;1;2;"48;8675992215";"2;2267849445"
202200050489;7;7;2022;19:10;1;92;2;2;1;6;"48;7513705728";"2;3044534027"
202200050490;28;11;2022;06:25;2;25;2;1;1;2;"47;2584460000";"6;0445750000"
202200050491;20;9;2022;12:00;1;51;2;1;1;7;"49;2507102396";"4;0400665998"
202200050492;7;6;2022;08:27;1;41;2;1;1;6;"47;5821230000";"1;3223610000"
202200050493;24;10;2022;12:50;1;42;1;3;1;6;"45;7246990000";"4;0450640000"
202200050494;28;3;2022;20:05;5;973;2;3;1;3;"4;9395600000";" -52;3010900000"
202200050495;15;2;2022;19:25;5;92;2;3;2;6;"48;9118365843";"2;2228276804"
202200050496;28;11;2022;19:20;3;22;1;1;2;7;"48;4832228737";" -2;7727781832"
202200050497;6;7;2022;19:34;1;92;2;1;1;6;"48;7351047860";"2;2864882350"
202200050498;25;10;2022;12:38;1;68;2;1;1;6;"48;0968130000";"7;3029670000"
202200050499;20;9;2022;16:15;1;74;2;1;1;6;"46;2017600000";"6;2584900000"
202200050500;29;3;2022;00:10;4;69;2;1;1;6;"45;7499200000";"4;8583200000"
202200050501;26;11;2022;23:30;3;19;1;1;1;7;"45;1507110000";"1;5437820000"
202200050502;7;6;2022;17:40;1;38;2;2;1;3;"45;1706800000";"5;7399900000"
202200050503;6;7;2022;20:10;1;35;1;1;1;6;"47;6983030000";" -2;0280770000"
202200050504;20;9;2022;18:30;1;94;2;1;1;1;"48;7903200000";"2;3801400000"
202200050505;12;8;2022;20:00;2;973;2;2;1;3;"4;9389423761";" -52;3283234239"
202200050506;24;10;2022;18:53;1;39;2;3;1;3;"46;4345260000";"5;7250250000"
202200050507;28;3;2022;17:20;1;69;1;2;1;3;"45;7675600000";"4;8476200000"
202200050508;25;11;2022;19:30;5;19;1;1;1;2;"45;1575892565";"1;4911783933"
202200050509;6;7;2022;11:00;1;49;2;6;1;6;"47;3515810000";" -0;7635610000"
202200050510;16;2;2022;08:55;1;92;2;2;1;5;"48;8040179888";"2;2885465622"
202200050511;7;6;2022;13:40;1;37;2;6;1;2;"47;3503215869";"0;6564304233"
202200050512;11;8;2022;12:55;1;973;2;1;1;6;"4;9322345493";" -52;3078688979"
202200050513;24;10;2022;18:18;2;25;1;1;2;1;"46;8536280000";"6;3729290000"
202200050514;26;10;2022;12:45;1;13;1;1;1;3;"43;3972800000";"5;0325100000"
202200050515;19;9;2022;08:05;1;92;2;2;1;6;"48;8982470505";"2;2200429440"
202200050516;28;3;2022;12:55;1;69;2;1;1;4;"45;6973650838";"4;8580545187"
202200050517;16;2;2022;08:00;1;92;2;3;8;7;"48;8093547839";"2;3010840118"
202200050518;8;7;2022;11:55;1;37;1;1;1;1;"46;9835240000";"0;3452650000"
202200050519;8;6;2022;06:15;2;37;2;9;3;3;"47;3805062939";"0;6663921475"
202200050520;11;8;2022;23:00;5;973;2;2;1;3;"4;9415144118";" -52;3289470375"
202200050521;25;10;2022;14:30;1;25;1;1;1;6;"47;1520880000";"5;8953130000"
202200050522;16;2;2022;14:10;1;92;2;1;1;6;"48;7907923515";"2;2328706086"
202200050523;24;10;2022;08:10;3;44;2;1;2;6;"47;1053250000";" -1;8124170000"
202200050524;17;5;2022;15:50;1;62;2;1;1;7;"50;7162230000";"1;6377830000"
202200050525;28;3;2022;10:30;1;69;2;1;1;6;"45;7393300000";"4;8345800000"
202200050526;24;10;2022;21:50;3;35;1;1;1;6;"48;0989200000";" -1;5188170000"
202200050527;16;2;2022;12:55;1;92;2;2;1;3;"48;8956816331";"2;2893729508"
202200050528;11;8;2022;09:55;1;972;1;3;1;5;"14;6461600000";" -60;9903900000"
202200050529;28;11;2022;19:00;5;13;2;1;3;2;"43;2734200000";"5;3852900000"
202200050530;28;3;2022;10:30;1;69;2;1;1;6;"45;7275500000";"4;8627500000"
202200050531;16;2;2022;17:06;1;33;2;3;2;1;"44;9872290000";" -0;1680460000"
202200050532;23;10;2022;17:55;2;35;1;1;8;1;"48;0078340000";" -1;4208300000"
202200050533;28;4;2022;11:10;1;62;1;1;1;1;"50;4103870000";"1;5939830000"
202200050534;8;7;2022;16:00;1;37;2;2;1;3;"47;0641400000";"0;3167530000"
202200050535;12;8;2022;06:00;2;971;1;1;1;3;"16;2671875168";" -61;4755439758"
202200050536;7;6;2022;16:55;1;37;2;2;1;1;"47;3555131691";"0;6983399391"
202200050537;23;10;2022;22:00;3;29;2;1;8;6;"47;9974000000";" -4;3384880000"
202200050538;28;3;2022;06:55;2;69;2;1;1;1;"45;7316789947";"4;8163487178"
202200050539;28;11;2022;19:40;5;13;2;1;8;1;"43;4975400000";"4;9807800000"
202200050540;17;2;2022;06:40;3;33;1;2;2;3;"44;5676180000";" -0;0316930000"
202200050541;7;6;2022;12:05;1;37;2;1;2;7;"47;3864975789";"0;6790924072"
202200050542;7;7;2022;18:30;1;37;1;2;1;3;"47;0794873121";"0;3481131792"
202200050543;24;3;2022;16:20;1;69;2;1;1;6;"45;8002576427";"4;8480954766"
202200050544;12;8;2022;19:30;2;91;2;3;7;3;"48;6925200000";"2;4448900000"
202200050545;23;4;2022;11:30;1;62;1;6;1;3;"50;4049300000";"1;6027300000"
202200050546;17;2;2022;15:35;1;28;1;1;7;7;"48;3459820000";"1;4142170000"
202200050547;28;11;2022;05:35;5;13;2;1;1;2;"43;5398800000";"5;4425300000"
202200050548;25;10;2022;09:45;1;38;1;9;1;3;"45;3458120000";"5;3644230000"
202200050549;7;6;2022;09:08;1;37;2;1;1;2;"47;4185900000";"0;6912400000"
202200050550;9;7;2022;11:00;1;37;1;1;1;6;"47;6694150000";"0;8478440000"
202200050551;8;8;2022;11:23;1;88;2;1;1;6;"48;1726000000";"6;4484700000"
202200050552;28;3;2022;08:50;1;95;2;1;1;2;"48;9670500000";"2;2835300000"
202200050553;16;2;2022;10:35;1;10;1;1;2;3;"48;3311190000";"4;1100880000"
202200050554;20;9;2022;18:00;2;974;2;2;1;6;" -20;8920400000";"55;4819100000"
202200050555;24;10;2022;13:30;1;02;2;1;2;1;"49;9101650000";"3;8280700000"
202200050556;7;6;2022;13:50;1;35;2;1;1;6;"48;0913616182";" -1;6188636795"
202200050557;26;11;2022;09:45;1;11;2;1;1;3;"43;2100000000";"2;3643000000"
202200050558;10;8;2022;20:20;1;84;2;1;1;6;"43;9295500000";"4;8186100000"
202200050559;27;6;2022;09:40;1;12;1;2;2;3;"44;4227620000";"2;1378060000"
202200050560;5;2;2022;14:30;1;28;1;1;1;3;"48;2992330000";"1;2992240000"
202200050561;17;3;2022;20:03;5;95;2;1;1;3;"49;0232668159";"2;0264598727"
202200050562;20;9;2022;07:20;1;973;2;1;1;3;"4;9399896745";" -52;3307079077"
202200050563;28;11;2022;17:20;5;06;2;1;1;1;"43;6364700000";"6;9333500000"
202200050564;9;7;2022;10:30;1;84;2;1;1;2;"43;9532100000";"4;8143100000"
202200050565;8;7;2022;14:30;1;35;2;1;1;6;"48;2200723198";" -1;8940620124"
202200050566;21;10;2022;09:50;1;72;1;3;1;5;"48;0471800000";"0;2580400000"
202200050567;27;3;2022;17:25;1;95;2;1;1;6;"49;0132100000";"2;0433500000"
202200050568;19;9;2022;13:43;1;973;2;1;1;3;"4;9359694914";" -52;2980010509"
202200050569;7;6;2022;09:10;1;35;1;1;1;4;"48;0801134549";" -1;6808947921"
202200050570;14;2;2022;14:55;1;27;2;3;2;3;"48;8831760000";"1;4605380000"
202200050571;24;11;2022;11:40;1;06;2;1;1;2;"43;5738500000";"7;0900560000"
202200050572;6;7;2022;18:15;1;30;2;1;1;3;"43;9590100000";"4;7492300000"
202200050573;24;10;2022;18:15;2;06;1;1;1;3;"43;5249660000";"6;9032600000"
202200050574;7;6;2022;06:30;1;35;2;1;1;6;"48;1237300000";" -1;7036400000"
202200050575;28;3;2022;13:25;1;91;1;9;1;2;"48;7150730000";"2;3036320000"
202200050576;20;9;2022;16:15;1;69;2;2;1;7;"45;7648800000";"4;8435700000"
202200050577;16;2;2022;12:00;1;12;1;1;2;3;"44;5030100000";"2;7394150000"
202200050578;9;7;2022;05:25;2;86;1;1;1;5;"46;4161420000";"0;6823810000"
202200050579;2;8;2022;05:55;1;30;1;1;1;2;"43;9501200000";"4;7611300000"
202200050580;18;11;2022;10:50;1;05;2;1;1;3;"44;5555900000";"6;0789980000"
202200050581;24;10;2022;19:45;3;64;1;9;1;3;"43;4666560000";" -1;2892200000"
202200050582;7;6;2022;03:20;5;35;2;2;8;1;"48;1086100000";" -1;6929700000"
202200050583;28;3;2022;15:30;1;91;2;1;1;3;"48;7011000000";"2;4231800000"
202200050584;20;9;2022;17:15;1;69;2;3;1;3;"45;7320800000";"4;8607300000"
202200050585;6;7;2022;17:20;1;2A;1;1;1;1;"42;0859460000";"8;7163640000"
202200050586;1;8;2022;08:00;1;84;2;4;1;6;"43;9514100000";"4;8336200000"
202200050587;6;6;2022;21:00;1;35;2;1;8;6;"48;0896000000";" -1;6601000000"
202200050588;16;2;2022;21:00;3;38;1;1;8;7;"45;3203490000";"5;4643250000"
202200050589;28;11;2022;08:40;1;75;2;1;1;2;"48;8697840000";"2;2716840000"
202200050590;25;10;2022;14:10;1;73;2;2;8;3;"45;7225530000";"5;9183480000"
202200050591;30;6;2022;10:50;1;51;1;1;2;7;"48;7235640000";"4;6437840000"
202200050592;28;3;2022;16:15;1;91;2;3;1;2;"48;7057800000";"2;3676400000"
202200050593;25;10;2022;16:15;1;43;1;1;1;7;"45;1369780000";"3;6053400000"
202200050594;20;9;2022;16:30;1;69;2;2;1;5;"45;7532700000";"4;8490300000"
202200050595;17;2;2022;08:30;1;72;1;1;1;1;"47;8976430000";"0;4059790000"
202200050596;8;6;2022;06:25;1;34;2;1;1;4;"43;6341300000";"3;8226100000"
202200050597;11;8;2022;18:03;1;83;2;1;1;5;"43;1134200000";"6;1018100000"
202200050598;27;11;2022;18:35;5;75;2;2;8;3;"48;8707676775";"2;3992721736"
202200050599;6;7;2022;14:45;1;2A;1;1;1;1;"41;7354220000";"8;8001560000"
202200050600;25;3;2022;13:33;1;87;2;3;1;3;"45;8329400000";"1;2678000000"
202200050601;16;2;2022;14:00;1;62;2;8;1;6;"50;6128710000";"2;4630560000"
202200050602;20;9;2022;08:35;1;69;2;4;1;2;"45;7727700000";"4;8527300000"
202200050603;5;7;2022;18:00;1;01;2;1;1;6;"45;9474940000";"4;8717730000"
202200050604;13;8;2022;00:20;5;81;2;2;1;3;"43;6019610000";"2;2414150000"
202200050605;12;10;2022;16:41;1;85;1;2;1;6;"46;6499080000";" -0;7539370000"
202200050606;28;11;2022;05:10;5;75;2;7;1;6;"48;8838778566";"2;3327855766"
202200050607;8;6;2022;13:10;1;33;2;6;2;3;"44;8636100000";" -0;6063800000"
202200050608;14;2;2022;09:00;1;82;2;3;1;1;"43;9583560000";"1;2331940000"
202200050609;26;3;2022;16:22;1;87;1;1;1;2;"45;9154029506";"1;2135057652"
202200050610;20;9;2022;08:25;1;69;2;2;1;6;"45;7412400000";"4;8851700000"
202200050611;11;7;2022;08:30;1;25;1;3;1;3;"47;2891300000";"6;1457720000"
202200050612;10;10;2022;16:00;1;28;2;1;1;2;"48;6125090000";"1;6713170000"
202200050613;12;8;2022;18:05;1;81;2;3;1;3;"43;6082370000";"2;2452910000"
202200050614;7;6;2022;17:00;1;33;2;1;1;3;"44;8021000000";" -0;5881000000"
202200050615;16;2;2022;13:00;1;82;1;1;2;1;"44;1045070000";"1;2775060000"
202200050616;20;9;2022;08:50;1;69;2;2;1;6;"45;7668100000";"4;8453800000"
202200050617;9;7;2022;10:55;1;17;1;1;1;1;"45;8848100000";" -0;8750870000"
202200050618;28;11;2022;08:20;1;75;2;4;8;3;"48;8847440000";"2;2985410000"
202200050619;16;9;2022;17:30;1;13;1;1;1;2;"43;5764770000";"5;1509380000"
202200050620;16;2;2022;11:35;1;32;1;1;8;6;"43;3938220000";"0;6600380000"
202200050621;7;6;2022;05:43;2;33;2;1;1;1;"44;8320500000";" -0;6707300000"
202200050622;5;7;2022;18:50;1;22;1;1;1;1;"48;6732500000";" -3;0238390000"
202200050623;20;9;2022;18:35;3;972;1;1;1;6;"14;6215030000";" -61;0181600000"
202200050624;25;3;2022;18:15;1;80;2;1;1;6;"49;9116600000";"2;3041700000"
202200050625;24;10;2022;20:45;3;57;1;1;1;6;"48;7361390000";"7;0857260000"
202200050626;13;1;2022;08:00;2;41;1;1;9;6;"47;3932930000";"1;3444880000"
202200050627;20;9;2022;06:15;1;972;1;9;1;3;"14;6475300000";" -61;0103900000"
202200050628;13;2;2022;10:30;1;25;1;1;7;7;"47;2111150000";"5;9107730000"
202200050629;8;7;2022;15:00;1;22;1;3;1;3;"48;5826970000";" -2;1892620000"
202200050630;7;6;2022;02:00;5;33;2;2;1;3;"44;8728800000";" -0;5248400000"
202200050631;28;11;2022;11:00;1;75;2;1;1;4;"48;8476210000";"2;2751430000"
202200050632;25;3;2022;10:45;1;80;2;1;1;1;"49;9270800000";"2;2854700000"
202200050633;25;10;2022;07:00;3;60;1;1;1;2;"49;2678632369";"2;6914777308"
202200050634;10;8;2022;20:00;1;77;2;1;1;6;"48;6584800000";"2;5562000000"
202200050635;20;9;2022;01:30;5;972;2;1;1;2;"14;6053500000";" -61;0520700000"
202200050636;16;2;2022;18:25;2;01;1;1;3;6;"46;4506340000";"5;1545900000"
202200050637;10;7;2022;14:10;1;41;1;1;1;5;"47;6297900000";"1;5140600000"
202200050638;26;3;2022;23:20;5;80;1;1;1;7;"49;9065528975";"2;3473334315"
202200050639;27;11;2022;13:10;1;75;2;3;2;6;"48;8598650000";"2;2795260000"
202200050640;13;8;2022;00:10;5;76;1;1;1;1;"49;3262800000";"1;0418100000"
202200050641;21;9;2022;23:30;5;69;2;1;1;3;"45;8132700000";"4;8604700000"
202200050642;16;2;2022;12:35;1;01;1;1;2;2;"46;1513770000";"4;9616800000"
202200050643;8;6;2022;08:00;2;31;2;1;1;3;"43;5981800000";"1;3614900000"
202200050644;9;5;2022;23:40;5;27;2;9;1;7;"49;2472600000";"1;1872700000"
202200050645;9;7;2022;00:00;3;95;1;1;1;1;"49;1605270000";"2;3276640000"
202200050646;16;2;2022;18:30;2;14;1;1;2;6;"49;2872320000";"0;0824990000"
202200050647;11;8;2022;14:15;1;76;2;2;1;3;"49;5000000000";"0;1298300000"
202200050648;20;9;2022;15:50;1;69;2;3;1;6;"45;7658900000";"4;8054500000"
202200050649;28;11;2022;20:00;5;75;2;5;2;3;"48;8450818580";"2;3200866580"
202200050650;5;6;2022;19:35;1;29;1;6;1;3;"47;9836638132";" -4;0747168065"
202200050651;21;4;2022;06:50;2;22;2;3;1;3;"48;5162000000";" -2;7759410000"
202200050652;28;3;2022;18:35;1;77;2;3;1;6;"48;6273800000";"2;5912800000"
202200050653;25;10;2022;02:40;3;27;1;1;1;5;"49;3871470000";"0;5077900000"
202200050654;11;8;2022;14:30;1;74;1;3;1;3;"46;1681440000";"6;2713730000"
202200050655;7;6;2022;10:00;1;29;2;6;2;7;"47;8899768863";" -3;9166259766"
202200050656;20;9;2022;18:11;1;2B;1;1;1;4;"42;6475200000";"9;4402900000"
202200050657;8;7;2022;02:50;3;11;1;1;1;2;"43;2632252477";"2;0190653388"
202200050658;28;3;2022;07:45;1;76;2;1;1;6;"49;5048800000";"0;0803500000"
202200050659;9;5;2022;22:20;5;17;2;2;1;3;"46;1601000000";" -1;1465000000"
202200050660;28;11;2022;09:30;1;75;2;1;1;2;"48;8476900000";"2;2954210000"
202200050661;4;2;2022;01:30;3;73;1;1;1;1;"45;4677460000";"6;0437250000"
202200050662;24;10;2022;07:40;1;13;1;9;1;2;"43;6778360000";"5;0956390000"
202200050663;5;6;2022;18:25;1;29;1;1;1;3;"48;3969350000";" -4;5166450000"
202200050664;8;7;2022;10:00;1;33;1;1;1;1;"44;9951820000";" -0;1267750000"
202200050665;20;9;2022;10:20;1;971;2;1;1;6;"16;2060800000";" -61;4960400000"
202200050666;25;3;2022;22:35;5;76;2;1;1;1;"49;5254504862";"0;1830781402"
202200050667;12;8;2022;13:00;1;72;2;2;1;3;"48;0131000000";"0;1853500000"
202200050668;8;6;2022;08:05;1;27;2;6;3;6;"49;0786355485";"1;4468994139"
202200050669;9;5;2022;07:35;1;17;2;2;1;2;"46;1543800000";" -1;1460200000"
202200050670;25;10;2022;01:10;3;13;1;1;1;2;"43;7193720837";"5;0908256887"
202200050671;9;7;2022;22:30;3;31;1;1;1;1;"43;5134640000";"1;5267560000"
202200050672;28;11;2022;12:45;1;75;2;2;1;3;"48;8267970000";"2;3532930000"
202200050673;11;8;2022;19:15;1;69;2;1;1;6;"45;9935200000";"4;7316300000"
202200050674;8;6;2022;00:40;3;27;2;9;8;6;"49;0958700000";"1;4640300000"
202200050675;14;2;2022;20:25;3;88;1;1;2;7;"48;3232440000";"6;4448330000"
202200050676;28;3;2022;19:35;1;74;2;1;1;3;"46;1904300000";"6;2482200000"
202200050677;8;5;2022;21:28;1;17;2;9;1;1;"46;1535940000";" -1;1550260000"
202200050678;25;10;2022;12:12;1;974;1;3;1;3;" -21;2844260000";"55;4253980000"
202200050679;9;7;2022;08:40;1;71;1;1;1;6;"46;3617500000";"4;8307350000"
202200050680;11;9;2022;12:40;1;95;2;5;1;1;"49;0184707455";"2;0959907770"
202200050681;12;8;2022;11:15;1;66;2;3;1;3;"42;7327000000";"2;8899100000"
202200050682;6;6;2022;11:05;1;22;1;9;1;3;"48;7366960000";" -3;4345560000"