Accident_Id;jour;mois;an;hrmn;lum;dep;agg;int;atm;col;lat;long
202200050683;17;2;2022;07:05;3;31;1;3;1;3;"43;5355370000";"1;3767240000"
202200050684;28;11;2022;08:35;1;75;2;3;1;3;"48;8355310000";"2;3721390000"
202200050685;9;5;2022;17:45;1;14;2;9;1;3;"49;2074600000";" -0;3170400000"
202200050686;8;6;2022;07:00;1;18;2;1;3;7;"47;0807200000";"2;3894600000"
202200050687;27;3;2022;18:15;1;72;2;2;1;3;"47;9860700000";"0;2251100000"
202200050688;7;7;2022;15:50;1;972;1;1;1;1;"14;6217330000";" -61;1062950000"
202200050689;27;11;2022;13:10;1;75;2;1;8;6;"48;8212490000";"2;3459300000"
202200050690;7;6;2022;18:57;1;17;2;1;1;6;"45;6117780000";" -0;9869520000"
202200050691;20;9;2022;16:25;1;91;2;1;1;3;"48;6851000000";"2;3492000000"
202200050692;13;10;2022;07:50;3;95;2;1;2;3;"49;0319900000";"2;3408820000"
202200050693;17;2;2022;13:50;1;03;1;1;1;6;"46;3235490000";"2;9264400000"
202200050694;11;8;2022;20:55;2;65;2;3;1;6;"43;0922030000";" -0;0461780000"
202200050695;9;7;2022;06:00;2;83;1;4;1;6;"43;4665570000";"6;5454700000"
202200050696;20;9;2022;16:28;1;88;2;1;1;6;"48;1940500000";"6;4560600000"
202200050697;9;5;2022;18:00;1;13;1;1;1;2;"43;4062000000";"5;3308900000"
202200050698;25;10;2022;12:00;1;2B;1;1;1;3;"42;5225600000";"9;4065100000"
202200050699;16;2;2022;17:17;1;66;2;9;8;3;"42;6731240000";"2;8354010000"
202200050700;5;6;2022;20:15;1;14;1;1;1;3;"49;1275000000";"0;2250030000"
202200050701;27;3;2022;12:00;1;64;2;3;1;3;"43;5018000000";" -1;5205700000"
202200050702;12;8;2022;17:10;1;64;2;3;1;3;"43;3924000000";" -1;6530700000"
202200050703;28;11;2022;19:35;5;75;2;7;1;2;"48;8397437469";"2;3954674602"
202200050704;7;7;2022;19:00;1;11;1;3;7;3;"43;2660890000";"2;7356410000"
202200050705;9;5;2022;11:10;1;13;2;1;1;2;"43;3055143681";"5;3919479364"
202200050706;20;9;2022;10:30;1;87;2;1;1;1;"45;8626500000";"1;2715100000"
202200050707;25;10;2022;16:00;1;2A;1;1;1;1;"41;6416340000";"9;2626490000"
202200050708;17;2;2022;09:55;3;42;1;1;1;4;"45;8591194820";"4;3447914719"
202200050709;27;3;2022;10:15;1;59;2;1;1;6;"50;7401720000";"3;0798420000"
202200050710;8;6;2022;10:45;1;13;2;9;1;2;"43;3648900000";"5;3466000000"
202200050711;11;8;2022;11:15;1;64;2;1;1;3;"43;4213800000";" -1;6074400000"
202200050712;14;2;2022;18:15;3;06;1;1;2;5;"43;7411660000";"7;3300050000"
202200050713;9;5;2022;08:00;1;13;2;2;1;3;"43;2839700000";"5;3849400000"
202200050714;19;9;2022;10:22;1;87;2;1;1;2;"45;8669900000";"1;2382200000"
202200050715;30;9;2022;10:15;1;66;2;1;7;2;"42;6291206857";"3;0066677928"
202200050716;28;3;2022;00:40;3;59;1;1;1;6;"50;5809000000";"3;0331400000"
202200050717;7;6;2022;16:45;1;13;2;1;1;1;"43;3133100000";"5;3715800000"
202200050718;28;11;2022;18:15;5;75;2;1;1;2;"48;8446490000";"2;3653860000"
202200050719;12;8;2022;16:05;1;64;2;1;1;1;"43;4596100000";" -1;5718500000"
202200050720;10;7;2022;03:05;3;26;1;1;1;5;"44;5029950000";"4;7696970000"
202200050721;17;2;2022;07:20;2;21;1;1;2;3;"47;0219150000";"4;8712620000"
202200050722;12;9;2022;16:48;1;84;2;1;1;3;"44;1327000000";"4;8141000000"
202200050723;8;5;2022;12:30;1;13;2;1;1;5;"43;2896800000";"5;3569400000"
202200050724;24;10;2022;00:20;3;66;1;1;1;6;"42;7774320000";"2;9042320000"
202200050725;27;3;2022;21:10;5;59;2;1;1;3;"50;6641800000";"3;0896600000"
202200050726;7;6;2022;14:50;1;13;2;2;1;3;"43;2843800000";"5;3806100000"
202200050727;7;7;2022;18:15;1;23;1;1;1;1;"46;1797313599";"1;8012428284"
202200050728;17;2;2022;07:30;1;34;1;2;1;1;"43;6042350000";"3;7409730000"
202200050729;9;7;2022;17:20;1;62;2;1;1;3;"50;4412960000";"2;8003000000"
202200050730;9;5;2022;21:55;5;13;2;1;1;3;"43;5193700000";"5;4333200000"
202200050731;21;10;2022;07:30;2;83;2;1;8;6;"43;4074680000";"6;0533170000"
202200050732;20;9;2022;10:30;1;83;2;1;1;3;"43;1225500000";"5;9390500000"
202200050733;7;6;2022;12:30;1;13;2;1;1;3;"43;3110800000";"5;3784700000"
202200050734;10;7;2022;04:30;3;88;1;1;1;7;"48;1454440000";"6;9780780000"
202200050735;28;11;2022;20:00;5;75;2;7;1;2;"48;8490910000";"2;3947220000"
202200050736;27;3;2022;19:45;3;59;2;6;1;3;"51;0091440000";"2;4531590000"
202200050737;24;10;2022;20:15;3;13;1;3;1;1;"43;5674020000";"4;7422960000"
202200050738;12;8;2022;11:00;1;56;2;6;7;2;"47;7410600000";" -3;4260300000"
202200050739;16;2;2022;14:30;1;988;1;1;8;6;" -21;4241100000";"165;2671500000"
202200050740;8;5;2022;19:20;1;75;2;1;1;2;"48;9004790000";"2;3752800000"
202200050741;19;9;2022;18:00;1;83;2;9;1;1;"43;1401730000";"5;9152720000"
202200050742;6;6;2022;08:15;1;13;2;1;1;3;"43;2876143464";"5;4649208678"
202200050743;27;3;2022;19:27;1;57;2;1;1;6;"49;3799400000";"6;0729100000"
202200050744;28;11;2022;08:00;1;75;2;1;8;6;"48;8803184088";"2;3575986922"
202200050745;25;10;2022;11:30;1;89;1;1;1;6;"48;2648200000";"3;2905450000"
202200050746;12;8;2022;19:20;1;50;2;1;7;6;"48;8379000000";" -1;5678100000"
202200050747;8;7;2022;16:30;1;46;1;1;7;1;"44;2627350000";"1;3976240000"
202200050748;16;9;2022;07:45;1;80;1;1;1;2;"49;8946000000";"2;3746300000"
202200050749;6;5;2022;17:30;1;75;2;4;1;3;"48;8534840000";"2;4143080000"
202200050750;7;6;2022;22:45;5;13;2;1;1;3;"43;5009600000";"4;9811600000"
202200050751;12;8;2022;06:25;2;49;2;1;1;7;"47;4514800000";" -0;5623100000"
202200050752;25;3;2022;18:15;1;57;2;1;1;6;"49;3380021000";"6;0783044000"
202200050753;15;9;2022;18:25;1;80;2;1;1;6;"49;8788200000";"2;2832300000"
202200050754;23;10;2022;04:05;3;68;1;1;1;6;"47;8282540000";"7;2159150000"
202200050755;6;5;2022;17:10;1;75;2;1;1;3;"48;8260810000";"2;3879370000"
202200050756;27;11;2022;23:55;5;75;2;5;2;2;"48;8748280000";"2;3574080000"
202200050757;16;2;2022;15:15;1;971;1;3;1;4;"16;3126930000";" -61;3655100000"
202200050758;12;8;2022;00:30;5;45;2;1;1;7;"47;9218740000";"1;9190850000"
202200050759;7;6;2022;22:00;2;13;2;1;1;4;"43;5554300000";"5;4200100000"
202200050760;20;9;2022;17:10;1;77;2;1;1;6;"48;4022600000";"2;6899300000"
202200050761;27;3;2022;08:04;1;54;2;1;1;6;"48;6566900000";"6;1297500000"
202200050762;12;8;2022;22:50;5;44;2;6;1;3;"47;1979900000";" -1;5412000000"
202200050763;9;7;2022;08:30;1;41;1;1;1;4;"47;6570920000";"1;9336370000"
202200050764;25;10;2022;11:30;1;01;2;6;1;3;"45;8512137243";"5;0661510229"
202200050765;6;6;2022;10:35;1;12;1;1;1;1;"44;3706900000";"2;6471300000"
202200050766;20;9;2022;16:20;1;76;2;1;1;6;"49;4072300000";"1;0484900000"
202200050767;16;2;2022;08:45;1;2B;1;1;1;2;"42;3197140000";"9;5409910000"
202200050768;27;11;2022;02:30;5;75;2;2;1;3;"48;8748052920";"2;3574069142"
202200050769;8;5;2022;23:12;5;75;2;3;1;5;"48;8619020000";"2;3020170000"
202200050770;11;8;2022;11:45;1;44;2;1;1;6;"47;2245280000";" -1;6240170000"
202200050771;25;10;2022;17:45;1;01;1;1;1;2;"45;8614150000";"4;9113390000"
202200050772;9;7;2022;09:35;1;01;1;2;7;3;"46;0228260000";"4;8984270000"
202200050773;27;3;2022;15:30;1;51;2;3;1;3;"49;2487100000";"4;0640500000"
202200050774;16;2;2022;17:45;1;34;2;1;1;6;"43;6766990000";"4;1371460000"
202200050775;28;11;2022;11:20;1;75;2;1;1;6;"48;8742870000";"2;3335450000"
202200050776;7;6;2022;18:00;1;11;2;1;1;3;"43;2370100000";"2;3712100000"
202200050777;6;5;2022;19:35;2;75;2;3;1;6;"48;8362180000";"2;3532600000"
202200050778;20;9;2022;17:30;1;31;2;1;1;6;"43;3908490000";"1;2248250000"
202200050779;12;7;2022;17:30;1;42;1;1;1;2;"45;4234000000";"4;3650000000"
202200050780;27;3;2022;10:10;1;51;2;6;1;3;"49;2287700000";"4;0367800000"
202200050781;16;2;2022;18:31;5;67;2;1;1;2;"48;4689330000";"7;7231310000"
202200050782;19;9;2022;14:27;1;76;2;6;1;4;"49;5109900000";"0;1995400000"
202200050783;10;7;2022;09:50;1;68;2;6;1;3;"47;7830800000";"7;5025030000"
202200050784;28;11;2022;15:50;1;94;2;1;1;6;"48;7316030000";"2;4505510000"
202200050785;7;6;2022;12:45;1;11;2;1;1;3;"43;2236300000";"2;3553500000"
202200050786;9;5;2022;14:30;1;75;2;1;1;3;"48;8955260000";"2;3727200000"
202200050787;8;8;2022;15:06;1;42;2;6;1;3;"46;0663200000";"4;0910500000"
202200050788;10;7;2022;18:10;1;86;1;1;1;6;"46;4430910000";"0;8324290000"
202200050789;24;10;2022;13:25;1;86;2;9;1;3;"46;6744200000";"0;3739210000"
202200050790;26;11;2022;22:10;5;94;2;1;1;6;"48;8074000000";"2;4751900000"
202200050791;19;9;2022;08:27;1;76;2;1;1;3;"49;4897400000";"0;1549200000"
202200050792;16;2;2022;18:15;5;42;1;1;1;4;"45;5324770000";"4;3046670000"
202200050793;25;3;2022;12:45;1;50;2;1;1;4;"49;6464500000";" -1;6422200000"
202200050794;7;6;2022;19:15;1;10;2;1;1;2;"48;2800228605";"4;0492504835"
202200050795;12;8;2022;02:55;3;37;2;9;1;6;"47;3869679178";"0;7479554415"
202200050796;15;2;2022;14:15;1;85;2;1;2;6;"46;4612200000";" -0;8003930000"
202200050797;11;7;2022;16:35;1;71;1;1;1;2;"46;6840510000";"4;8453350000"
202200050798;19;9;2022;11:55;1;71;2;1;1;7;"46;6814600000";"4;3630100000"
202200050799;28;11;2022;17:00;2;94;2;1;8;3;"48;8152000000";"2;4193600000"
202200050800;7;6;2022;15:28;1;10;2;1;1;2;"48;2957000000";"4;1388000000"
202200050801;24;10;2022;17:34;1;33;1;4;1;3;"44;5953110000";" -0;7525100000"
202200050802;6;7;2022;23:10;3;71;1;1;1;6;"46;8633010000";"4;8219250000"
202200050803;12;8;2022;20:39;2;34;2;2;1;3;"43;6113500000";"3;8287300000"
202200050804;26;3;2022;11:55;1;49;2;3;1;3;"47;2499600000";" -0;0936390000"
202200050805;20;9;2022;12:45;1;69;2;1;1;6;"45;7718500000";"4;9574700000"
202200050806;9;5;2022;20:00;1;75;2;3;1;6;"48;8633430000";"2;2963310000"
202200050807;8;7;2022;18:45;1;42;1;1;1;1;"46;1090660000";"3;9625120000"
202200050808;28;11;2022;19:40;5;94;2;2;2;2;"48;8142100000";"2;3498200000"
202200050809;8;6;2022;10:20;1;09;2;9;1;2;"42;9300370000";"1;6358310000"
202200050810;25;10;2022;07:45;4;85;2;3;2;3;"46;7168570000";" -1;9053390000"
202200050811;13;2;2022;11:45;1;13;1;1;1;6;"43;4419800000";"5;3959400000"
202200050812;20;9;2022;18:44;1;69;2;1;7;6;"45;6965000000";"4;8849000000"
202200050813;10;8;2022;17:50;1;34;2;2;1;3;"43;3403000000";"3;2230900000"
202200050814;9;5;2022;13:15;1;75;2;3;1;6;"48;8615890000";"2;2756490000"
202200050815;10;7;2022;16:30;1;974;1;1;1;7;" -21;2773780000";"55;4532870000"
202200050816;25;3;2022;18:20;1;49;2;2;1;1;"47;2747300000";" -0;0717200000"
202200050817;30;5;2022;21:55;5;07;2;1;1;7;"44;9365670000";"4;8675410000"
202200050818;28;11;2022;19:10;5;94;2;1;1;6;"48;7908500000";"2;3667200000"
202200050819;13;2;2022;16:30;1;13;1;1;2;6;"43;2939400000";"5;4710700000"
202200050820;27;3;2022;23:32;3;49;2;1;1;6;"47;4697800000";" -0;4642100000"
202200050821;20;9;2022;10:15;1;69;2;1;1;3;"45;7189300000";"4;8758500000"
202200050822;7;7;2022;16:15;1;974;1;1;1;3;" -21;2830760000";"55;3958340000"
202200050823;9;5;2022;08:45;1;75;2;1;1;3;"48;8681540000";"2;2347630000"
202200050824;12;8;2022;17:30;1;33;2;3;1;3;"44;8226100000";" -0;5853400000"
202200050825;7;6;2022;12:00;1;07;2;1;1;3;"44;9287440000";"4;8400783000"
202200050826;28;11;2022;13:00;1;94;2;9;1;6;"48;7590400000";"2;3948300000"
202200050827;16;2;2022;10:00;1;83;1;1;1;2;"43;1206889454";"5;9513345361"
202200050828;27;3;2022;17:18;1;49;2;1;1;6;"47;4591200000";" -0;5246300000"
202200050829;29;6;2022;16:20;1;58;2;1;1;6;"47;4139500000";"2;9258070000"
202200050830;12;8;2022;11:55;1;31;2;1;1;6;"43;5800240000";"1;4801850000"
202200050831;23;10;2022;00:08;3;13;1;1;1;2;"43;3885300000";"5;2449600000"
202200050832;9;5;2022;17:05;1;75;2;3;1;3;"48;8326980000";"2;2883600000"
202200050833;19;9;2022;17:05;1;65;2;6;1;3;"43;2138000000";"0;0955100000"
202200050834;7;6;2022;19:00;1;06;2;6;1;3;"43;7584150000";"7;4695800000"
202200050835;16;2;2022;20:05;3;91;1;1;2;2;"48;7123000000";"2;2866000000"
202200050836;28;11;2022;15:00;1;93;2;1;1;3;"48;8788070000";"2;4902160000"
202200050837;27;3;2022;12:24;1;49;2;1;1;3;"47;4426911912";" -0;5351784825"
202200050838;11;8;2022;19:25;1;29;2;1;1;7;"47;9880090000";" -4;1049111000"
202200050839;6;7;2022;19:30;1;62;2;1;1;3;"50;9040710000";"1;8817100000"
202200050840;9;5;2022;09:50;1;75;2;2;1;2;"48;8354160000";"2;2668880000"
202200050841;21;10;2022;08:30;1;69;1;1;1;5;"45;6849100000";"4;8571700000"
202200050842;16;2;2022;14:10;1;92;1;1;1;2;"48;7324200000";"2;3114400000"
202200050843;8;6;2022;17:07;1;06;2;1;1;5;"43;6402190000";"6;9115740000"
202200050844;20;9;2022;08:40;1;64;2;6;1;2;"43;3063200000";" -0;3338400000"
202200050845;28;3;2022;08:40;1;47;2;1;1;6;"44;1989896146";"0;6211797595"
202200050846;11;7;2022;15:50;1;38;2;1;1;6;"45;3497860861";"5;4720140507"
202200050847;28;11;2022;18:45;5;93;2;1;8;2;"48;8574000000";"2;5322500000"
202200050848;16;2;2022;06:45;3;78;1;1;2;6;"48;8392130000";"2;0932500000"
202200050849;9;5;2022;19:30;1;75;2;1;1;6;"48;8451860000";"2;3521450000"
202200050850;11;7;2022;09:20;1;06;2;6;1;7;"43;7666780000";"7;1937220000"
202200050851;3;6;2022;12:05;1;06;2;1;1;3;"43;6558800000";"6;9181400000"
202200050852;16;2;2022;05:09;3;78;1;1;2;7;"48;7988240000";"1;9962920000"
202200050853;7;6;2022;14:50;1;06;2;1;1;3;"43;5702600000";"7;0193600000"
202200050854;9;7;2022;08:35;1;06;1;1;1;6;"43;7702840000";"7;2070260000"
202200050855;15;2;2022;16:20;1;78;1;1;1;6;"48;8549840000";"2;0590420000"
202200050856;11;8;2022;18:10;1;29;2;2;1;3;"48;3854982426";" -4;5165853500"
202200050857;9;5;2022;18:30;1;75;2;3;1;6;"48;8724450000";"2;3926930000"
202200050858;25;3;2022;21:45;2;44;1;1;1;5;"47;2838150000";" -2;2935480000"
202200050859;18;10;2022;15:30;1;54;1;1;1;3;"48;6945700000";"6;1074800000"
202200050860;8;6;2022;08:25;1;06;2;1;1;3;"43;6693200000";"7;1894400000"
202200050861;4;7;2022;13:30;1;06;2;1;1;7;"43;7721510000";"7;2235110000"
202200050862;20;9;2022;11:50;1;64;2;6;1;3;"43;4937500000";" -1;4915500000"
202200050863;27;3;2022;06:40;5;44;2;1;1;6;"47;2145070000";" -1;5458520000"
202200050864;9;5;2022;12:30;1;75;2;4;1;3;"48;8565540000";"2;3791880000"
202200050865;12;8;2022;06:20;2;26;2;2;1;3;"44;5425600000";"4;7446300000"
202200050866;10;5;2022;13:30;1;04;2;1;1;4;"43;8247700000";"5;7891000000"
202200050867;20;9;2022;10:15;1;64;2;1;1;7;"43;5087000000";" -1;4879900000"
202200050868;24;10;2022;19:17;1;33;1;1;1;2;"44;6938731000";" -0;4973328000"
202200050869;14;2;2022;21:00;3;78;1;1;2;4;"48;7774230000";"2;2217780000"
202200050870;14;3;2022;20:30;5;42;2;1;2;1;"45;4508700000";"4;4061600000"
202200050871;3;6;2022;20:00;1;03;2;1;1;2;"46;1586100000";"3;4601200000"
202200050872;9;5;2022;00:55;5;75;2;4;1;3;"48;8814910000";"2;3514140000"
202200050873;12;8;2022;19:46;1;13;2;1;1;3;"43;2898100000";"5;3999000000"
202200050874;8;6;2022;14:25;1;75;2;1;1;3;"48;8357830000";"2;2574790000"
202200050875;24;10;2022;17:30;1;33;1;1;1;2;"44;8824480000";" -0;6236350000"
202200050876;28;3;2022;08:30;2;38;2;1;1;1;"45;1938500000";"5;7298900000"
202200050877;19;9;2022;12:30;1;64;2;3;1;1;"43;4892000000";" -1;5356400000"
202200050878;9;5;2022;12:50;1;94;2;3;1;1;"48;7669110000";"2;4524460000"
202200050879;14;2;2022;14:00;1;92;1;1;1;4;"48;9220443852";"2;3057921983"
202200050880;7;6;2022;19:20;1;75;2;1;1;3;"48;8264910000";"2;3891460000"
202200050881;12;8;2022;20:30;1;11;2;3;1;3;"43;2164500000";"2;3502500000"
202200050882;9;5;2022;11:30;1;94;2;1;1;2;"48;7320210000";"2;4468910000"
202200050883;28;3;2022;15:15;1;35;2;2;1;3;"48;1226600000";" -1;6854200000"
202200050884;16;2;2022;18:15;1;93;1;1;2;3;"48;8758391024";"2;4415902774"
202200050885;20;10;2022;11:50;1;59;1;1;2;4;"50;6027900000";"3;1314200000"
202200050886;16;9;2022;12:38;1;63;2;6;1;3;"45;7777328349";"3;1353279948"
202200050887;7;6;2022;18:40;1;75;2;1;1;5;"48;8283530000";"2;3975960000"
202200050888;12;8;2022;14:39;1;10;2;1;1;6;"48;2906000000";"4;0443000000"
202200050889;8;5;2022;05:15;2;94;2;9;1;1;"48;7781100000";"2;4383400000"
202200050890;24;10;2022;16:00;1;91;1;1;1;6;"48;5778400000";"2;4636600000"
202200050891;14;2;2022;18:40;5;05;2;1;2;6;"44;5679200000";"6;0983700000"
202200050892;27;3;2022;20:20;5;34;2;3;1;1;"43;6059708427";"3;8861371490"
202200050893;7;6;2022;17:45;1;75;2;1;1;2;"48;9008960000";"2;3440140000"
202200050894;9;5;2022;11:00;1;94;2;1;1;2;"48;7447910836";"2;3912335384"
202200050895;10;8;2022;10:35;1;07;1;1;1;6;"44;9120500000";"4;8626000000"
202200050896;20;9;2022;14:40;1;60;2;1;1;3;"49;4305700000";"2;0911100000"
202200050897;7;6;2022;12:40;1;75;2;1;1;3;"48;8572460000";"2;2584890000"
202200050898;28;3;2022;18:10;1;33;2;6;1;3;"44;8227100000";" -0;4822600000"
202200050899;15;2;2022;10:20;1;976;2;1;3;3;" -12;7552540000";"45;2274100000"
202200050900;24;10;2022;15:50;1;92;1;1;1;2;"48;7628104586";"2;3118862577"
202200050901;9;5;2022;12:50;1;93;2;3;1;6;"48;8777300000";"2;5157800000"
202200050902;7;6;2022;05:50;5;75;2;4;2;7;"48;8635680000";"2;4133210000"
202200050903;10;8;2022;12:00;1;04;2;6;1;7;"44;0911700000";"6;2313500000"
202200050904;20;9;2022;18:30;1;59;2;1;1;2;"50;7001403299";"3;2002870739"
202200050905;8;6;2022;05:20;2;75;2;1;3;7;"48;8423240000";"2;2541960000"
202200050906;9;5;2022;07:10;2;93;2;1;1;1;"48;9092900000";"2;4911000000"
202200050907;28;3;2022;06:55;2;31;2;2;1;3;"43;5655200000";"1;4105500000"
202200050908;12;2;2022;20:00;5;974;2;3;1;3;" -20;9122200000";"55;5024300000"
202200050909;23;10;2022;03:54;3;91;1;1;1;1;"48;7329500000";"2;2337900000"
202200050910;19;9;2022;17:52;1;56;2;6;1;3;"47;7671000000";" -3;3394000000"
202200050911;6;6;2022;11:05;1;75;2;7;1;6;"48;8761100000";"2;2871150000"
202200050912;8;5;2022;13:30;1;92;2;3;1;3;"48;8927440000";"2;1873720000"
202200050913;15;2;2022;12:50;1;973;2;9;8;7;"4;9265933486";" -52;3046019673"
202200050914;28;3;2022;13:30;1;26;2;1;1;3;"44;5677000000";"4;7540800000"
202200050915;12;8;2022;00:45;5;75;2;4;1;5;"48;8922660000";"2;3010080000"
202200050916;8;6;2022;10:15;1;75;2;1;2;6;"48;8430670000";"2;3633210000"
202200050917;19;9;2022;09:00;1;56;2;6;1;6;"47;7412800000";" -3;3732800000"
202200050918;8;5;2022;14:00;1;92;2;1;1;6;"48;8101279812";"2;3141089529"
202200050919;25;3;2022;15:00;1;21;2;7;1;3;"47;3282600000";"5;0515500000"
202200050920;15;2;2022;08:05;1;973;2;1;1;3;"4;9344676788";" -52;3114281893"
202200050921;24;10;2022;18:25;1;78;1;1;1;4;"48;8584280000";"2;0518690000"
202200050922;8;6;2022;09:55;1;75;2;1;2;1;"48;8478760000";"2;3594380000"
202200050923;9;5;2022;08:20;1;92;2;2;1;6;"48;8082800000";"2;2338100000"
202200050924;12;8;2022;17:30;1;75;2;3;1;3;"48;8565700000";"2;2861710000"
202200050925;15;2;2022;19:50;5;69;1;1;1;6;"45;6739778251";"4;8552542925"
202200050926;25;3;2022;11:55;1;19;2;1;1;1;"45;1575900000";"1;5417100000"
202200050927;19;9;2022;07:35;2;50;2;6;1;6;"49;6345800000";" -1;6524700000"
202200050928;7;6;2022;12:40;1;75;2;2;1;2;"48;8468120000";"2;3433680000"
202200050929;22;10;2022;22:15;3;78;1;1;1;2;"48;9050150000";"2;0051810000"
202200050930;9;5;2022;09:35;1;92;2;1;1;3;"48;8937160540";"2;2777517438"
202200050931;11;8;2022;23:40;5;75;2;1;1;6;"48;8407510000";"2;2804140000"
202200050932;28;3;2022;13:45;1;14;2;1;1;1;"49;1725140000";" -0;3028990000"
202200050933;7;5;2022;18:30;1;92;2;1;1;6;"48;9447776324";"2;2929178923"
202200050934;15;2;2022;09:25;1;69;2;3;2;1;"45;7553443948";"4;8426349347"
202200050935;8;6;2022;17:00;1;75;2;1;1;3;"48;8519890000";"2;4021540000"
202200050936;11;8;2022;18:25;1;75;2;1;1;7;"48;8485060000";"2;3001660000"
202200050937;7;5;2022;18:25;1;92;2;1;1;6;"48;9228006153";"2;2944029644"
202200050938;28;3;2022;17:30;1;13;2;6;1;3;"43;3056000000";"5;3979100000"
202200050939;8;5;2022;20:25;1;92;2;1;1;7;"48;9076757398";"2;2470840365"
202200050940;28;3;2022;14:15;1;13;2;1;1;3;"43;2782110000";"5;3994320000"
202200050941;9;5;2022;19:50;1;92;2;1;1;6;"48;8870100000";"2;2488900000"
202200050942;27;3;2022;20:30;1;13;2;1;1;3;"43;2515269216";"5;3777964683"
202200050943;9;5;2022;18:10;1;92;2;1;1;1;"48;9051137154";"2;3094653785"
202200050944;23;3;2022;21:10;5;13;2;1;1;1;"43;2971600000";"5;5665200000"
202200050945;9;5;2022;09:00;1;92;2;9;1;3;"48;7537554547";"2;2838025391"
202200050946;7;6;2022;08:05;1;75;2;3;2;3;"48;8633770000";"2;4091110000"
202200050947;9;5;2022;13:00;1;50;1;1;1;6;"48;6852198000";" -1;4271662000"
202200050948;27;3;2022;01:35;4;12;1;6;1;6;"44;3788500000";"2;5361200000"
202200050949;7;6;2022;13:30;1;75;2;4;1;3;"48;8753040000";"2;3940050000"
202200050950;8;5;2022;16:30;1;49;1;9;7;1;"47;3717770000";" -0;9677840000"
202200050951;24;10;2022;17:00;1;93;1;1;1;2;"48;9546300000";"2;4570900000"
202200050952;16;3;2022;18:05;1;06;2;1;1;6;"43;5534070000";"7;0146600000"
202200050953;18;9;2022;18:30;1;49;2;9;1;2;"47;2533530000";" -0;0847880000"
202200050954;6;6;2022;23:30;5;75;2;3;1;3;"48;8858150000";"2;3706180000"
202200050955;15;2;2022;07:00;2;69;2;1;2;2;"45;6997500000";"4;8877300000"
202200050956;24;10;2022;10:20;1;95;1;1;1;6;"49;0283100000";"2;5416600000"
202200050957;18;9;2022;01:25;5;49;2;1;1;7;"47;4546200000";" -0;5717700000"
202200050958;12;8;2022;18:20;1;75;2;3;1;6;"48;8250500000";"2;3725330000"
202200050959;8;5;2022;18:00;1;37;1;3;1;3;"47;2749130000";"0;3077780000"
202200050960;24;3;2022;09:45;1;04;2;2;1;3;"43;8342400000";"5;7854200000"
202200050961;8;6;2022;09:50;1;75;2;7;2;3;"48;8634300000";"2;2874980000"
202200050962;10;5;2022;08:45;1;37;1;1;1;6;"47;4952645211";"0;8119784296"
202200050963;24;3;2022;17:40;1;03;2;9;1;6;"46;5564620000";"3;3211950000"
202200050964;22;10;2022;01:17;3;94;1;1;1;2;"48;8187818956";"2;4078014994"
202200050965;7;6;2022;13:45;1;75;2;2;1;3;"48;8364670000";"2;2559180000"
202200050966;8;5;2022;18:40;1;62;2;1;1;7;"50;4874210000";"2;1482010000"
202200050967;12;8;2022;07:01;1;75;2;1;1;2;"48;8753220000";"2;3569110000"
202200050968;26;3;2022;18:00;1;02;2;2;1;1;"49;6577974454";"3;2898240834"
202200050969;10;5;2022;03:05;3;69;1;1;1;2;"45;6444910000";"4;9104860000"
202200050970;22;10;2022;16:15;1;17;2;1;1;6;"45;6256400000";" -1;0295700000"
202200050971;12;8;2022;19:30;1;75;2;1;1;2;"48;8546840000";"2;3146570000"
202200050972;6;6;2022;12:05;1;75;2;3;1;4;"48;8725850000";"2;2736870000"
202200050973;27;3;2022;21:55;5;75;2;1;1;3;"48;8214600000";"2;3192260000"
202200050974;9;5;2022;08:00;1;31;2;3;7;1;"43;6554410000";"1;6599230000"
202200050975;7;6;2022;16:25;1;75;2;3;1;2;"48;8536890000";"2;2876750000"
202200050976;26;3;2022;07:15;1;75;2;4;1;2;"48;9009540000";"2;3466670000"
202200050977;12;8;2022;13:20;1;94;2;1;1;3;"48;7778100000";"2;4054600000"
202200050978;20;10;2022;19:05;5;25;2;1;8;4;"47;2322880000";"6;0008950000"
202200050979;3;5;2022;08:55;1;51;2;2;1;3;"49;0774330000";"3;6414740000"
202200050980;7;6;2022;21:25;2;75;2;1;1;7;"48;8289650000";"2;3366010000"
202200050981;28;3;2022;16:20;1;75;2;2;1;6;"48;8517083973";"2;3448635638"
202200050982;12;8;2022;17:45;1;94;2;9;1;7;"48;7599250000";"2;4083350000"
202200050983;7;5;2022;14:15;1;27;1;2;1;3;"48;9108940000";"1;2404890000"
202200050984;10;5;2022;07:30;1;34;2;2;1;1;"43;5742680000";"3;8217540000"
202200050985;11;8;2022;19:40;1;93;2;1;1;6;"48;8910100000";"2;4555500000"
202200050986;22;10;2022;15:29;1;988;2;3;1;1;" -22;2658500000";"166;4645300000"
202200050987;28;3;2022;08:25;1;75;2;2;1;3;"48;8513930000";"2;3431670000"
202200050988;9;5;2022;11:15;1;19;1;1;1;1;"45;1777312103";"1;5967726707"
202200050989;12;8;2022;11:00;1;93;2;1;1;6;"48;8597100000";"2;4467100000"
202200050990;10;5;2022;15:50;1;76;1;2;1;1;"49;5222000000";"1;1363120000"
202200050991;28;9;2022;19:50;3;972;1;1;1;6;"14;6169000000";" -61;0723300000"