Accident_Id;jour;mois;an;hrmn;lum;dep;agg;int;atm;col;lat;long
202200050992;28;3;2022;09:20;1;75;2;4;1;7;"48;8970057597";"2;3924003541"
202200050993;9;5;2022;08:05;1;65;1;2;1;3;"43;1930997201";" -0;0110258907"
202200050994;7;5;2022;21:00;2;33;1;2;1;7;"45;4773610000";" -1;0611680000"
202200050995;23;10;2022;15:50;1;972;2;1;1;6;"14;6207400000";" -61;0703700000"
202200050996;9;5;2022;20:45;3;71;1;1;1;7;"46;5462750000";"5;2942490000"
202200050997;28;3;2022;17:40;1;75;2;2;1;3;"48;8553330000";"2;3843100000"
202200050998;12;8;2022;12:25;1;93;2;3;1;5;"48;9065685576";"2;3891741035"
202200050999;23;10;2022;16:05;1;2B;2;2;1;3;"42;7022800000";"9;4501800000"
202200051000;4;8;2022;21:15;2;92;2;1;1;6;"48;8989151085";"2;3146600127"
202200051001;21;10;2022;19:00;5;2B;2;3;1;2;"42;6807231826";"9;4437239247"
202200051002;6;5;2022;20:23;1;86;1;2;1;3;"46;6489500000";"0;2745290000"
202200051003;25;3;2022;14:55;1;75;2;7;1;6;"48;8584350000";"2;3123950000"
202200051004;12;8;2022;07:50;1;92;2;1;7;3;"48;9100500000";"2;3029700000"
202200051005;22;10;2022;18:15;5;95;2;1;1;1;"48;9922050000";"2;3848640000"
202200051006;28;3;2022;23:15;5;75;2;1;1;7;"48;8643112865";"2;3602399975"
202200051007;12;8;2022;19:00;1;24;1;1;1;7;"45;1603290000";"0;9920100000"
202200051008;8;5;2022;18:35;1;25;2;6;1;6;"47;2552880000";"5;9263680000"
202200051009;6;1;2022;08:10;1;971;1;3;1;6;"16;2459000000";" -61;5418100000"
202200051010;22;10;2022;13:50;1;88;2;7;1;6;"48;0277800000";"6;6754000000"
202200051011;27;3;2022;20:10;5;75;2;5;1;3;"48;8699180000";"2;3280100000"
202200051012;5;1;2022;15:35;1;88;2;3;8;3;"48;1906622601";"6;4322349429"
202200051013;7;5;2022;15:50;1;44;1;1;1;3;"47;3854640000";" -2;4602130000"
202200051014;26;3;2022;04:40;5;75;2;1;1;6;"48;8488000000";"2;3663530000"
202200051015;12;10;2022;17:04;1;88;2;3;1;7;"48;0260000000";"6;6680000000"
202200051016;13;8;2022;10:30;1;24;1;1;1;1;"45;2722850000";"0;8370800000"
202200051017;3;1;2022;11:10;1;83;1;9;1;6;"43;0776000000";"5;8166000000"
202200051018;10;5;2022;10:50;1;38;2;7;1;6;"45;3920080000";"5;2607450000"
202200051019;27;3;2022;06:30;2;94;2;1;1;6;"48;7913300000";"2;3925200000"
202200051020;6;1;2022;18:15;5;81;2;1;1;3;"43;9313700000";"2;1471400000"
202200051021;23;10;2022;15:50;1;83;2;1;1;4;"43;1134260000";"6;1018130000"
202200051022;10;5;2022;10:45;1;38;1;9;1;2;"45;6922040000";"5;3903930000"
202200051023;27;3;2022;12:05;1;94;2;1;1;6;"48;8486800000";"2;4310700000"
202200051024;7;8;2022;16:08;1;974;2;1;1;2;" -21;0268370000";"55;2284440000"
202200051025;10;5;2022;11:20;1;38;2;1;1;1;"45;3992070000";"5;3866430000"
202200051026;28;3;2022;12:00;1;94;2;2;1;3;"48;8095000000";"2;5097100000"
202200051027;12;8;2022;11:30;1;50;1;1;1;6;"48;7480820000";" -1;5093970000"
202200051028;6;1;2022;07:45;5;78;1;1;1;6;"48;9188920000";"2;0612180000"
202200051029;7;5;2022;12:45;1;02;1;1;1;7;"49;4850780000";"3;1635050000"
202200051030;22;10;2022;04:00;5;78;2;1;1;6;"49;0060100000";"2;0585300000"
202200051031;28;3;2022;08:00;1;94;2;2;1;3;"48;8445600000";"2;4508400000"
202200051032;12;8;2022;16:15;1;67;1;1;1;3;"48;3774040000";"7;2865960000"
202200051033;23;10;2022;19:35;2;71;2;1;1;1;"46;7899700000";"4;8439200000"
202200051034;7;5;2022;19:20;1;03;1;1;1;3;"46;3179180000";"3;2454510000"
202200051035;5;1;2022;15:52;1;77;2;1;1;6;"48;3840900000";"2;9569100000"
202200051036;26;3;2022;18:38;2;94;2;6;1;2;"48;7834800000";"2;4546900000"
202200051037;22;10;2022;05:00;5;69;2;6;2;6;"45;9780700000";"4;7077900000"
202200051038;9;5;2022;09:30;1;03;1;9;7;3;"46;4330800000";"3;0012630000"
202200051039;5;1;2022;16:40;2;77;1;1;1;2;"48;4591550698";"2;6991236357"
202200051040;23;10;2022;15:30;1;69;2;1;6;7;"45;6993706615";"4;8877894878"
202200051041;12;8;2022;19:40;1;11;2;3;1;2;"43;2141530000";"2;8619600000"
202200051042;28;3;2022;17:00;1;94;2;2;1;6;"48;7715313647";"2;4089627265"
202200051043;10;5;2022;07:30;1;70;2;3;1;3;"47;7895530000";"5;9398380000"
202200051044;6;1;2022;18:50;5;76;2;1;1;1;"49;5260700000";"1;0362000000"
202200051045;23;10;2022;09:55;1;69;2;2;1;3;"45;7483690172";"4;9176652730"
202200051046;28;3;2022;17:30;1;94;2;1;1;3;"48;7288400000";"2;5674100000"
202200051047;12;8;2022;18:30;1;01;1;1;1;1;"46;4145030000";"6;0605910000"
202200051048;6;1;2022;15:05;1;76;2;1;1;3;"49;4576466867";"1;1081765592"
202200051049;8;5;2022;20:30;1;72;1;1;1;6;"47;9224180000";" -0;1152380000"
202200051050;21;10;2022;09:15;1;67;2;2;3;3;"48;2595900000";"7;4465300000"
202200051051;23;10;2022;19:00;1;64;1;1;1;7;"43;3348500000";" -1;6996700000"
202200051052;8;5;2022;22:30;4;72;1;6;1;7;"48;0367810000";"0;4270830000"
202200051053;6;1;2022;10:35;1;71;2;1;1;1;"46;6468800000";"4;3607800000"
202200051054;28;3;2022;09:45;1;93;2;2;1;6;"48;9664100000";"2;3660800000"
202200051055;12;8;2022;05:00;3;59;1;1;1;3;"50;4569757909";"3;4403300285"
202200051056;9;5;2022;12:20;1;10;2;9;1;6;"48;2308900000";"4;7108280000"
202200051057;27;3;2022;00:00;5;93;2;1;1;6;"48;9344030000";"2;3535700000"
202200051058;6;1;2022;17:45;3;71;1;3;1;3;"46;7621300000";"4;4428500000"
202200051059;10;5;2022;16:10;1;07;1;1;1;7;"44;4089400000";"4;1676120000"
202200051060;23;10;2022;05:30;5;64;2;6;1;1;"43;2991758703";" -0;3077768616"
202200051061;28;3;2022;11:30;1;93;2;3;1;2;"48;8830030108";"2;4953797460"
202200051062;12;8;2022;21:20;2;35;1;1;1;6;"48;1909000000";" -1;7220100000"
202200051063;8;5;2022;14:10;1;53;1;1;7;7;"48;1482790000";" -1;0328650000"
202200051064;6;1;2022;19:50;3;69;2;1;1;1;"45;7563204355";"4;9711203575"
202200051065;22;10;2022;09:50;1;62;2;6;1;6;"50;4042800592";"2;8750079423"
202200051066;28;3;2022;17:10;1;93;2;1;1;6;"48;8577040000";"2;5382180000"
202200051067;13;8;2022;11:20;1;57;2;4;1;7;"49;0428970000";"7;4281100000"
202200051068;23;10;2022;10:20;1;59;2;1;2;6;"50;6910100000";"3;1733500000"
202200051069;28;3;2022;17:15;1;93;2;3;1;6;"48;8587811118";"2;4269655346"
202200051070;6;1;2022;12:15;1;69;2;2;1;5;"45;7655400000";"4;9011700000"
202200051071;13;8;2022;09:40;1;57;1;1;1;6;"49;3465802104";"6;4711618423"
202200051072;23;10;2022;06:05;5;44;2;1;1;2;"47;2256050000";" -1;5223140000"
202200051073;28;3;2022;19:40;2;93;1;1;1;6;"48;9539394124";"2;4825106864"
202200051074;10;5;2022;06:50;1;63;1;1;1;2;"45;8271226806";"3;2112586498"
202200051075;22;10;2022;10:50;1;42;1;9;7;6;"46;0250431877";"4;1660354733"
202200051076;6;1;2022;08:15;1;69;2;3;1;3;"45;7380400000";"4;9227100000"
202200051077;13;8;2022;11:20;1;04;1;1;1;6;"44;4652510000";"6;3558160000"
202200051078;28;3;2022;10:30;1;92;2;1;1;3;"48;9345200000";"2;3249300000"
202200051079;10;5;2022;18:45;1;34;1;1;1;5;"43;6048520000";"3;9428780000"
202200051080;23;10;2022;19:25;5;37;2;2;8;6;"47;3487714635";"0;6632459164"
202200051081;5;1;2022;19:00;5;69;1;1;1;4;"45;9919800000";"4;7423100000"
202200051082;28;3;2022;17:15;1;92;2;3;1;6;"48;8233380000";"2;2100970000"
202200051083;11;8;2022;18:30;1;19;1;1;1;1;"45;0868600000";"1;5518700000"
202200051084;30;4;2022;13:30;1;971;2;1;1;2;"16;3113150000";" -61;4867450000"
202200051085;23;10;2022;19:45;2;35;2;5;2;3;"48;1057300000";" -1;6660700000"
202200051086;28;3;2022;08:45;1;92;2;1;1;2;"48;8827682609";"2;2479281276"
202200051087;5;1;2022;17:45;2;67;2;3;1;3;"48;5757800000";"7;7504600000"
202200051088;13;8;2022;01:28;5;67;2;1;1;6;"49;0388450000";"7;9109460000"
202200051089;8;5;2022;15:25;1;77;2;5;1;6;"48;9465610000";"3;1281160000"
202200051090;21;10;2022;18:15;1;35;2;3;1;3;"48;1246900000";" -1;6515700000"
202200051091;28;3;2022;09:15;1;92;2;6;1;3;"48;8868491900";"2;2453182042"
202200051092;2;1;2022;22:10;5;67;2;1;1;1;"48;5569289276";"7;6820048690"
202200051093;13;8;2022;12:35;1;76;1;1;1;1;"49;6433527520";"0;8429217337"
202200051094;23;10;2022;19:18;2;33;1;1;1;6;"44;7723938820";" -0;5212095380"
202200051095;27;3;2022;23:40;5;92;2;7;1;6;"48;8836200000";"2;2437700000"
202200051096;6;1;2022;09:35;1;64;2;1;1;2;"43;3108200000";" -0;3628300000"
202200051097;10;5;2022;01:25;3;34;2;1;1;6;"43;8969640000";"3;7354770000"
202200051098;23;10;2022;20:25;5;18;2;1;1;2;"47;2184000000";"2;0662000000"
202200051099;12;8;2022;18:40;1;79;1;1;1;7;"46;5957200000";" -0;5682600000"
202200051100;28;3;2022;16:50;1;92;2;1;1;3;"48;8215600000";"2;2629800000"
202200051101;4;1;2022;19:19;1;63;2;1;1;6;"45;7807500000";"3;1092300000"
202200051102;12;10;2022;16:03;1;18;2;1;1;-1;"47;1032103528";"2;3800238370"
202200051103;10;5;2022;17:23;1;06;1;1;1;5;"43;9170740000";"7;1710820000"
202200051104;13;8;2022;05:15;5;2B;2;1;1;6;"42;5505350000";"8;7666390000"
202200051105;21;10;2022;12:15;1;15;2;1;1;3;"44;9080800000";"2;4318700000"
202200051106;27;3;2022;14:00;1;92;2;2;1;2;"48;9461382588";"2;3044598401"
202200051107;1;1;2022;17:53;2;63;2;2;1;3;"45;7763100000";"3;0900800000"
202200051108;9;5;2022;19:35;1;21;1;1;1;1;"47;3441000000";"5;2186000000"
202200051109;13;8;2022;02:15;3;2B;1;1;1;6;"42;5305670000";"8;7909510000"
202200051110;22;10;2022;16:35;1;14;2;3;1;2;"49;3476500000";"0;0492750000"
202200051111;25;3;2022;13:50;1;92;2;3;1;6;"48;9238569286";"2;2931060493"
202200051112;1;1;2022;01:45;5;63;2;1;1;3;"45;7657030000";"3;0886950000"
202200051113;9;5;2022;21:45;3;01;1;1;1;2;"46;2541410000";"6;0586380000"
202200051114;23;10;2022;00:50;3;14;1;1;1;7;"49;1886090000";" -0;3231740000"
202200051115;28;3;2022;18:54;1;92;2;9;1;3;"48;8948347675";"2;2417822480"
202200051116;10;5;2022;11:05;1;46;1;1;1;2;"44;6224870000";"2;0601080000"
202200051117;23;10;2022;02:35;3;13;2;1;1;3;"43;6437800000";"5;0951300000"
202200051118;1;1;2022;02:21;3;63;2;2;1;3;"45;7834600000";"3;0700700000"
202200051119;7;5;2022;19:58;1;44;1;1;1;1;"47;4406910000";" -1;6385880000"
202200051120;25;3;2022;18:40;1;92;2;1;1;6;"48;9185760000";"2;2398550000"
202200051121;23;10;2022;19:52;5;10;2;1;9;7;"48;3086250785";"4;0946400922"
202200051122;10;5;2022;11:50;1;29;1;1;1;3;"47;9517069299";" -4;0326701850"
202200051123;1;1;2022;02:20;5;62;2;1;1;3;"50;9457750000";"1;8737200000"
202200051124;27;3;2022;14:30;1;92;2;1;7;3;"48;9218613834";"2;2560057677"
202200051125;23;10;2022;18:30;1;06;2;1;1;6;"43;6411490000";"6;9082620000"
202200051126;6;1;2022;13:05;1;59;2;1;1;6;"50;6601600000";"3;0626200000"
202200051127;9;5;2022;13:35;1;35;1;1;1;2;"48;0828084912";" -1;7884674668"
202200051128;28;3;2022;12:40;1;92;2;6;1;6;"48;8111300000";"2;2703500000"
202200051129;4;1;2022;19:10;5;59;2;1;8;6;"50;7336500000";"2;5443900000"
202200051130;7;5;2022;15:40;1;33;1;1;1;2;"44;8684800000";" -0;6472500000"
202200051131;5;1;2022;11:30;1;56;2;2;1;2;"47;6478826000";" -2;7817913890"
202200051132;21;10;2022;21:45;5;75;2;1;1;4;"48;9008200000";"2;3684450000"
202200051133;28;3;2022;18:10;1;01;1;1;1;6;"45;9796750000";"5;1005740000"
202200051134;6;5;2022;15:45;1;33;1;1;1;6;"44;7784600000";" -0;5552100000"
202200051135;5;1;2022;17:20;2;56;2;1;1;6;"47;7612600000";" -3;3643600000"
202200051136;26;3;2022;02:45;3;91;1;1;1;1;"48;5967340000";"2;4369910000"
202200051137;22;10;2022;02:50;5;75;2;4;1;3;"48;8348170000";"2;2740400000"
202200051138;7;5;2022;03:55;3;59;1;1;1;2;"50;6823788384";"3;0769175291"
202200051139;5;1;2022;09:40;1;56;2;1;1;2;"47;7526981000";" -3;3621510000"
202200051140;27;3;2022;17:50;2;38;2;1;1;2;"45;4244460000";"4;9181920000"
202200051141;9;5;2022;17:50;1;91;1;1;1;7;"48;6232100000";"2;3857980000"
202200051142;21;10;2022;20:33;5;75;2;1;1;2;"48;8608230000";"2;4138320000"
202200051143;5;1;2022;08:00;5;56;1;6;1;2;"47;7084300000";" -3;4212900000"
202200051144;27;3;2022;15:30;1;76;1;1;1;3;"49;4876430000";"1;0018160000"
202200051145;22;10;2022;13:30;1;75;2;3;1;3;"48;8418460000";"2;3631790000"
202200051146;9;5;2022;12:40;1;92;1;1;1;4;"48;7598940918";"2;2783368620"
202200051147;5;1;2022;07:50;2;54;2;2;1;6;"48;7016668369";"6;1715161800"
202200051148;23;10;2022;14:05;1;75;2;3;1;3;"48;8975350000";"2;3289000000"
202200051149;9;5;2022;07:50;1;91;1;1;1;2;"48;6008400000";"2;4391200000"
202200051150;28;3;2022;09:35;1;69;1;1;1;5;"45;6591220000";"5;0035430000"
202200051151;6;1;2022;11:00;1;51;2;1;1;2;"49;2660251419";"4;0385887027"
202200051152;29;3;2022;00:00;3;49;1;1;1;6;"47;6531390000";" -0;2591120000"
202200051153;23;10;2022;02:00;5;75;2;2;1;2;"48;8486320000";"2;3725420000"
202200051154;9;5;2022;07:35;1;91;1;1;1;2;"48;6316800000";"2;4973000000"
202200051155;6;1;2022;08:20;1;51;2;1;1;7;"49;2279270000";"4;0383950000"
202200051156;16;3;2022;17:40;1;76;2;3;1;3;"49;8331754155";"1;4021435380"
202200051157;5;1;2022;13:54;1;49;1;1;1;7;"47;4812200000";" -0;4989500000"
202200051158;9;5;2022;15:40;1;78;1;9;1;6;"48;7999960000";"1;9379890000"
202200051159;23;10;2022;16:20;1;75;2;2;1;3;"48;8626050000";"2;3104460000"
202200051160;9;3;2022;13:50;1;81;1;1;1;2;"43;4716710000";"2;6116560000"
202200051161;23;10;2022;09:15;1;75;2;1;2;7;"48;8629180000";"2;3063440000"
202200051162;16;4;2022;16:00;1;94;1;1;1;3;"48;8107024269";"2;4491754571"
202200051163;6;1;2022;11:50;1;44;2;1;1;1;"47;2096400000";" -1;5382700000"
202200051164;29;3;2022;14:45;1;77;1;1;1;6;"48;8535660000";"2;8608710000"
202200051165;1;1;2022;14:20;1;38;2;1;1;2;"45;5282900000";"4;8729300000"
202200051166;26;3;2022;18:10;1;59;1;9;7;7;"50;5582800000";"2;9784380000"
202200051167;6;1;2022;16:55;1;35;2;6;8;6;"48;1532593388";" -1;6968619823"
202200051168;22;4;2022;06:50;1;988;1;6;1;3;" -22;2676500000";"166;4637200000"
202200051169;21;3;2022;16:20;1;06;2;6;1;6;"43;7659960000";"7;2013560000"
202200051170;8;5;2022;13:20;1;974;1;1;1;7;" -20;8863000000";"55;4371800000"
202200051171;23;10;2022;16:45;1;94;2;1;1;1;"48;7857500000";"2;3668900000"
202200051172;5;1;2022;19:20;5;35;2;3;1;3;"48;0968600000";" -1;6335500000"
202200051173;18;3;2022;04:38;3;68;1;1;2;3;"47;8784980000";"7;2749340000"
202200051174;8;5;2022;01:35;3;972;1;1;1;1;"14;6169900000";" -61;0594500000"
202200051175;5;1;2022;20:35;5;33;2;3;1;3;"44;8922900000";" -0;6633600000"
202200051176;8;5;2022;16:20;1;69;2;1;1;1;"45;8065400000";"4;8882700000"
202200051177;27;3;2022;18:15;1;56;2;1;1;7;"47;5906230000";" -3;0160900000"
202200051178;6;1;2022;08:43;1;29;2;6;1;7;"47;9909500000";" -4;0726500000"
202200051179;26;3;2022;10:00;1;67;1;1;1;7;"48;4847630000";"7;1701400000"
202200051180;6;5;2022;17:20;1;69;2;9;1;3;"45;7390800000";"4;8175800000"
202200051181;6;1;2022;08:37;2;29;2;1;1;6;"47;9970500000";" -4;1002200000"
202200051182;29;3;2022;10:39;1;12;1;1;1;3;"44;1575170000";"2;9326630000"
202200051183;8;5;2022;17:40;1;2A;2;1;8;2;"41;9254300000";"8;7388400000"
202200051184;1;1;2022;07:55;2;25;2;3;1;1;"47;5216857316";"6;8173438311"
202200051185;29;3;2022;11:40;1;47;1;1;1;3;"44;5002210000";"0;3620070000"
202200051186;4;1;2022;10:40;1;24;2;1;1;5;"45;1790500000";"0;7114400000"
202200051187;27;3;2022;20:30;2;44;2;1;1;6;"47;4525580000";" -2;2965660000"
202200051188;8;5;2022;02:47;5;91;2;1;1;4;"48;6427400000";"2;2693100000"
202200051189;28;3;2022;18:15;1;50;2;1;1;7;"49;4034970000";" -1;3239970000"
202200051190;1;1;2022;04:45;5;19;2;9;1;6;"45;5497964917";"2;3173427582"
202200051191;7;5;2022;23:45;5;78;2;1;1;7;"48;9905500000";"2;0867000000"
202200051192;3;1;2022;10:10;1;19;2;1;1;6;"45;1676001054";"1;5514132977"
202200051193;27;3;2022;18:00;1;45;1;4;1;3;"48;0429720000";"1;6727970000"
202200051194;7;5;2022;17:25;1;74;2;1;1;4;"46;1913200000";"6;2541500000"
202200051195;1;1;2022;05:00;3;15;2;1;1;6;"44;9376170000";"2;4279920000"
202200051196;29;3;2022;11:44;1;04;1;1;1;1;"43;9715770000";"5;5345670000"
202200051197;7;1;2022;00:10;5;13;2;1;1;2;"43;3314600000";"5;3772600000"
202200051198;7;5;2022;16:20;1;69;2;1;1;6;"45;7890100000";"4;9154400000"
202200051199;28;3;2022;11:57;1;17;1;1;1;2;"45;9753710000";" -0;9140180000"
202200051200;6;1;2022;20:45;5;13;2;1;1;1;"43;3411400000";"5;3771500000"
202200051201;29;3;2022;10:47;1;87;1;1;8;1;"46;1591600000";"1;1320640000"
202200051202;7;5;2022;14:05;1;59;2;2;1;3;"50;7006732011";"2;8639045358"
202200051203;6;1;2022;06:20;5;13;2;1;1;1;"43;6854500000";"4;6341800000"
202200051204;8;5;2022;23:30;5;47;2;1;1;6;"44;2079500000";"0;6320600000"
202200051205;25;3;2022;15:30;1;30;1;1;1;3;"43;8145250000";"4;0954540000"
202200051206;5;1;2022;20:03;5;10;2;1;1;4;"48;2796800000";"4;0430000000"
202200051207;8;5;2022;04:51;5;45;2;1;1;6;"47;9654000000";"1;8880200000"
202200051208;29;3;2022;01:05;5;987;1;9;1;7;" -17;5845220000";" -149;5685780000"
202200051209;5;1;2022;18:20;4;10;2;1;8;3;"48;3027513712";"4;1007971764"
202200051210;28;3;2022;07:40;2;22;1;1;8;-1;"48;4767620000";" -2;6120850000"
202200051211;8;5;2022;11:30;1;45;2;1;1;3;"47;9255640355";"1;8998789191"
202200051212;6;1;2022;10:15;1;09;1;1;1;2;"43;1282900000";"1;6279700000"
202200051213;8;5;2022;17:56;1;45;2;1;1;3;"48;0071800000";"2;7141100000"
202200051214;29;3;2022;08:30;1;25;1;3;1;1;"46;8459720000";"6;3704400000"
202200051215;5;1;2022;11:10;1;06;2;1;1;1;"43;6651790000";"7;1964690000"
202200051216;8;5;2022;13:10;1;45;2;6;1;3;"48;0068800000";"2;7197200000"
202200051217;27;3;2022;18:20;3;987;2;3;1;1;" -17;5610800000";" -149;4775240000"
202200051218;8;5;2022;18:05;1;37;2;1;1;2;"47;3943300000";"0;6678200000"
202200051219;4;1;2022;10:00;1;05;2;3;1;3;"44;5535000000";"6;0786800000"
202200051220;8;5;2022;14:00;1;37;2;2;1;3;"47;3866337779";"0;6921923161"
202200051221;28;3;2022;15:45;1;987;1;1;1;1;" -9;7792680000";" -139;0068320000"
202200051222;5;1;2022;06:15;3;05;1;1;1;7;"44;5922200000";"6;0819300000"
202200051223;8;5;2022;19:00;1;33;2;1;1;3;"44;8349600000";" -0;5729600000"
202200051224;29;3;2022;12:30;1;971;2;1;1;7;"15;8639610000";" -61;5809820000"
202200051225;4;1;2022;21:05;5;75;2;3;1;6;"48;8606910000";"2;3673550000"
202200051226;29;3;2022;13:30;1;13;1;1;1;6;"43;2087180000";"5;5569360000"
202200051227;8;5;2022;06:20;1;31;1;1;1;6;"43;6562700000";"1;4139600000"
202200051228;6;1;2022;17:55;5;75;2;1;1;6;"48;8947700000";"2;3943390000"
202200051229;28;3;2022;11:15;1;13;2;6;1;1;"43;4326580000";"5;3963580000"
202200051230;4;5;2022;19:15;1;25;2;9;3;3;"47;5125940000";"6;7850580000"
202200051231;6;1;2022;19:30;2;75;2;2;1;3;"48;8458860000";"2;2773420000"
202200051232;28;3;2022;10:15;1;67;1;1;1;1;"48;6230560000";"7;4737870000"
202200051233;7;5;2022;12:40;1;13;2;3;1;5;"43;4166800000";"5;3644900000"
202200051234;28;3;2022;18:05;1;67;2;1;1;1;"48;5611620000";"7;5309080000"
202200051235;8;5;2022;10:00;1;13;1;1;2;1;"43;3330934266";"5;3955338169"
202200051236;5;1;2022;13:10;1;75;2;2;1;3;"48;8544240000";"2;2886570000"
202200051237;28;3;2022;23:00;4;73;1;1;1;7;"45;5455150000";"6;6031640000"
202200051238;6;1;2022;12:30;1;75;2;1;1;6;"48;8316820000";"2;3590290000"
202200051239;8;5;2022;05:27;1;13;2;2;1;3;"43;3075200000";"5;4248400000"
202200051240;26;3;2022;19:55;3;42;1;3;1;3;"45;5848970000";"4;1005610000"
202200051241;8;5;2022;01:36;5;13;2;1;9;6;"43;2798500000";"5;3870800000"
202200051242;6;1;2022;18:02;5;75;2;3;1;3;"48;8655920000";"2;3670540000"
202200051243;6;1;2022;09:00;1;75;2;2;1;7;"48;8494368928";"2;3151272535"
202200051244;23;4;2022;19:05;2;07;1;1;3;3;"44;7370100000";"4;6153400000"
202200051245;25;3;2022;19:40;5;38;2;4;1;6;"45;6311000000";"5;3689720000"
202200051246;8;5;2022;14:42;1;06;1;1;1;6;"43;6779110000";"6;9503600000"
202200051247;29;3;2022;03:00;5;38;2;1;1;6;"45;2924710000";"5;6319680000"
202200051248;5;1;2022;22:35;5;75;2;7;1;3;"48;8573210000";"2;3468450000"
202200051249;8;5;2022;23:00;5;01;2;1;1;6;"46;1984000000";"5;1764600000"
202200051250;6;1;2022;14:00;1;94;2;1;1;6;"48;8381000000";"2;4848900000"
202200051251;24;3;2022;18:00;1;17;2;1;1;1;"45;1401610000";" -0;1642090000"
202200051252;6;5;2022;15:20;1;75;2;1;1;2;"48;8440890000";"2;2546860000"
202200051253;28;3;2022;09:30;1;33;1;1;1;6;"44;5106350000";" -0;3363330000"
202200051254;6;1;2022;13:05;1;94;2;1;1;2;"48;7885110000";"2;3753920000"
202200051255;5;5;2022;17:15;1;75;2;1;1;1;"48;8686830000";"2;3574430000"
202200051256;28;3;2022;14:00;1;85;2;1;1;3;"46;4658700000";" -0;8036870000"
202200051257;6;1;2022;08:50;2;94;1;1;1;2;"48;7574200000";"2;5040500000"
202200051258;8;5;2022;19:30;1;75;2;3;1;6;"48;8512650000";"2;3508710000"
202200051259;5;1;2022;20:20;5;93;2;1;1;3;"48;8611700000";"2;5088200000"
202200051260;29;3;2022;16:45;1;50;1;2;1;3;"48;8117740000";" -1;1668570000"
202200051261;22;1;2022;14:20;1;93;2;3;8;3;"48;8749600000";"2;5513000000"
202200051262;27;3;2022;15:40;1;14;1;2;1;3;"49;2685360000";" -0;4367710000"
202200051263;8;5;2022;15:26;1;75;2;7;1;2;"48;9001600000";"2;3872350000"
202200051264;25;3;2022;17:00;1;14;1;1;1;7;"49;2839180000";" -0;3805950000"
202200051265;4;1;2022;20:20;5;93;2;3;2;3;"48;8992800000";"2;5625500000"
202200051266;8;5;2022;15:00;1;75;2;1;1;6;"48;8916960000";"2;3783340000"
202200051267;28;3;2022;16:20;1;22;2;1;1;6;"48;6287680000";" -2;3586170000"
202200051268;6;1;2022;17:18;2;93;2;1;1;6;"48;9069100000";"2;3888800000"
202200051269;8;5;2022;14:20;1;75;2;4;1;3;"48;8804170000";"2;3796220000"
202200051270;6;1;2022;19:50;5;92;2;1;1;3;"48;8147460000";"2;2867840000"
202200051271;6;1;2022;12:30;1;92;2;1;1;6;"48;9080358204";"2;2282719612"
202200051272;8;5;2022;00:30;5;75;2;3;1;3;"48;8832170000";"2;3253370000"
202200051273;29;3;2022;11:00;1;60;2;3;1;3;"49;2171749913";"2;1284755468"
202200051274;8;5;2022;20:00;1;75;2;2;1;6;"48;8309240000";"2;2923380000"
202200051275;6;1;2022;20:30;5;92;2;4;1;3;"48;8981600000";"2;2770600000"
202200051276;29;3;2022;18:41;1;59;1;2;2;3;"50;3003090000";"3;0557440000"
202200051277;6;1;2022;16:53;2;92;2;1;1;7;"48;8922140000";"2;2831330000"
202200051278;8;5;2022;22:40;5;75;2;3;1;7;"48;8346560000";"2;3533310000"
202200051279;28;3;2022;17:50;1;13;2;1;1;6;"43;3210010000";"5;4224930000"
202200051280;6;1;2022;20:25;3;25;1;1;1;6;"47;3379830000";"6;2209290000"
202200051281;8;5;2022;18:07;1;75;2;3;1;3;"48;8329630000";"2;3787510000"
202200051282;28;3;2022;14:30;1;13;1;1;1;3;"43;3900000000";"5;3500000000"
202200051283;7;1;2022;08:10;2;41;1;1;2;6;"47;4833510000";"1;1991620000"
202200051284;28;3;2022;07:00;2;13;1;1;1;3;"43;4152400000";"5;2784100000"
202200051285;8;5;2022;14:30;1;75;2;1;1;2;"48;8595100000";"2;2925320000"
202200051286;6;1;2022;20:26;3;28;1;1;1;3;"48;5100370000";"1;7490580000"
202200051287;8;5;2022;02:50;5;75;2;1;1;3;"48;8489460000";"2;3731110000"
202200051288;25;3;2022;15:30;1;83;1;1;1;2;"43;1343660753";"5;9875059128"
202200051289;7;1;2022;16:36;2;51;1;1;2;1;"49;3042090000";"4;0275190000"
202200051290;28;3;2022;15:30;1;69;1;1;1;7;"45;5880800000";"4;7851200000"
202200051291;8;5;2022;15:00;1;75;2;2;1;3;"48;8580360000";"2;3716740000"
202200051292;5;1;2022;08:30;2;19;1;1;1;6;"45;2871940000";"1;9811480000"
202200051293;27;3;2022;18:15;1;33;1;1;1;7;"44;9301070000";" -0;4692990000"
202200051294;2;1;2022;00:30;3;79;2;1;1;6;"46;7343310000";" -0;4701700000"
202200051295;8;5;2022;20:31;2;94;2;1;1;6;"48;8523820000";"2;4384200000"
202200051296;24;3;2022;21:05;3;59;1;1;1;6;"50;7067415016";"2;7843559384"
202200051297;8;5;2022;19:30;1;94;2;3;1;1;"48;7736700000";"2;3987800000"
202200051298;6;1;2022;10:30;1;31;1;6;1;3;"43;6719300000";"1;2935060000"
202200051299;26;3;2022;12:25;1;78;1;1;1;6;"48;9652300000";"1;8061200000"