Accident_Id;jour;mois;an;hrmn;lum;dep;agg;int;atm;col;lat;long
202200052225;7;5;2022;22:15;5;37;2;2;1;3;"47;3975300000";"0;6994500000"
202200052226;27;3;2022;19:00;1;44;2;1;1;6;"47;2570400000";" -2;2555600000"
202200052227;7;6;2022;14:29;1;974;2;1;1;6;" -21;2537020000";"55;4655880000"
202200052228;4;6;2022;15:00;1;14;2;2;1;1;"49;2580580000";" -0;4579440000"
202200052229;24;10;2022;12:50;1;73;1;1;1;3;"45;6752420000";"5;8531490000"
202200052230;7;5;2022;17:50;1;37;2;1;1;2;"47;3899369481";"0;6877250969"
202200052231;26;3;2022;18:25;1;44;2;3;1;2;"47;2619600000";" -2;2576000000"
202200052232;15;2;2022;17:20;1;69;1;1;1;3;"45;7255200000";"4;8963000000"
202200052233;8;8;2022;11:10;1;74;1;1;1;7;"45;8992750000";"6;0892690000"
202200052234;19;9;2022;17:15;1;987;2;1;1;3;" -17;2790000000";" -149;5420000000"
202200052235;29;1;2022;11:00;1;42;2;1;8;6;"45;4398081377";"4;3786954879"
202200052236;7;5;2022;11:20;1;33;2;2;1;3;"44;7907400000";" -0;6574800000"
202200052237;8;7;2022;14:24;1;01;1;1;1;1;"46;1665860000";"5;6911690000"
202200052238;11;8;2022;19:20;1;64;2;3;1;1;"43;5055600000";" -1;4632100000"
202200052239;27;3;2022;04:34;5;37;2;1;1;6;"47;3797400000";"0;6927900000"
202200052240;7;5;2022;13:20;1;31;1;9;1;3;"43;6059100000";"1;3942900000"
202200052241;24;10;2022;20:40;5;42;2;3;1;1;"45;6146340000";"4;0560900000"
202200052242;26;11;2022;22:40;5;75;2;1;1;2;"48;8291100000";"2;3999710000"
202200052243;27;3;2022;22:30;5;35;2;1;1;6;"48;0917156803";" -1;6918998957"
202200052244;6;5;2022;09:54;1;31;2;6;1;5;"43;5564900000";"1;4062000000"
202200052245;27;11;2022;18:45;5;75;2;3;2;2;"48;8790001612";"2;3024216294"
202200052246;12;2;2022;21:00;3;42;1;1;1;4;"45;4626363046";"4;4926020144"
202200052247;27;3;2022;19:30;1;35;1;1;1;6;"48;1429000000";" -1;7020000000"
202200052248;19;9;2022;16:00;1;988;2;1;1;6;" -21;0503800000";"164;8548300000"
202200052249;7;5;2022;20:00;1;25;1;1;1;7;"46;9269200000";"6;4061800000"
202200052250;27;3;2022;19:10;1;33;1;6;1;3;"44;5979500000";" -1;1964800000"
202200052251;27;11;2022;00:35;4;75;2;2;1;2;"48;8386774686";"2;2539702058"
202200052252;6;5;2022;18:20;1;25;2;3;1;3;"47;2394280000";"6;0124040000"
202200052253;27;11;2022;14:00;1;75;2;1;8;6;"48;8330260000";"2;3086420000"
202200052254;27;3;2022;17:45;1;31;2;1;1;3;"43;5610690235";"1;3949069381"
202200052255;6;7;2022;22:00;2;01;2;1;1;3;"46;2043510000";"5;5496680000"
202200052256;22;7;2022;13:42;1;62;2;1;1;6;"50;4606900000";"2;9593100000"
202200052257;6;5;2022;12:10;1;18;2;3;1;3;"47;0521400000";"2;3767100000"
202200052258;27;11;2022;18:00;5;75;2;1;8;6;"48;8607970000";"2;3844160000"
202200052259;27;3;2022;08:35;1;31;2;1;1;2;"43;6442328831";"1;3858276606"
202200052260;9;6;2022;02:30;3;974;1;1;1;5;" -20;9027930000";"55;5518910000"
202200052261;24;10;2022;09:35;1;26;1;1;3;1;"44;9985230000";"4;8740940000"
202200052262;25;3;2022;17:00;1;31;2;3;1;3;"43;6050335809";"1;3214197755"
202200052263;7;5;2022;19:15;1;13;2;2;1;3;"43;4211000000";"5;2077000000"
202200052264;27;3;2022;16:30;1;13;2;1;1;4;"43;3474800798";"5;3696791926"
202200052265;27;11;2022;10:30;1;75;2;7;2;6;"48;8711880000";"2;3323570000"
202200052266;7;5;2022;23:15;5;13;2;2;1;6;"43;2858200000";"5;4425300000"
202200052267;29;8;2022;06:30;1;971;2;3;1;3;"15;9568570000";" -61;3157650000"
202200052268;15;2;2022;07:00;3;91;1;1;1;4;"48;6657100000";"2;3627000000"
202200052269;7;5;2022;20:00;2;13;2;1;8;2;"43;2876600000";"5;4648200000"
202200052270;27;11;2022;06:05;5;75;2;3;2;6;"48;8559560000";"2;3080330000"
202200052271;7;5;2022;11:35;1;13;2;1;1;3;"43;2475187541";"5;3742476071"
202200052272;6;6;2022;18:15;1;2B;2;1;7;1;"42;6200930000";"8;9443300000"
202200052273;9;7;2022;21:00;2;01;2;1;1;3;"46;1166793826";"4;9592381716"
202200052274;22;10;2022;12:15;1;69;2;1;1;1;"45;6989320000";"4;7950670000"
202200052275;27;3;2022;17:00;1;13;2;1;1;3;"43;2849130000";"5;4387080000"
202200052276;10;8;2022;22:45;5;62;2;2;1;1;"50;4919500000";"2;5477310000"
202200052277;14;2;2022;17:26;1;92;1;1;1;6;"48;9134858007";"2;2184673820"
202200052278;27;11;2022;06:03;5;94;2;2;2;2;"48;7247353703";"2;4451019275"
202200052279;10;7;2022;20:40;1;54;1;1;1;7;"48;4127990000";"6;0105130000"
202200052280;19;9;2022;18:00;1;33;2;1;1;3;"44;6414461747";" -1;1131395400"
202200052281;27;3;2022;06:13;3;13;2;1;1;1;"43;2710100000";"5;3921600000"
202200052282;8;6;2022;12:15;1;2B;1;1;1;1;"42;5642550000";"9;4504310000"
202200052283;7;5;2022;01:30;5;13;2;3;1;3;"43;2793500000";"5;3993100000"
202200052284;6;7;2022;11:00;2;54;1;1;1;7;"48;7390759158";"5;8154368396"
202200052285;23;10;2022;14:32;1;65;2;2;1;1;"43;0646470000";"0;1530090000"
202200052286;11;8;2022;09:40;1;59;2;1;1;1;"50;5875500000";"3;0341300000"
202200052287;15;2;2022;21:32;3;93;1;1;2;3;"48;8849800000";"2;4711800000"
202200052288;17;9;2022;17:20;1;77;1;1;1;2;"49;0549700000";"2;6998900000"
202200052289;6;5;2022;17:00;1;13;2;1;8;3;"43;2885100000";"5;5738600000"
202200052290;8;6;2022;16:20;1;66;1;1;1;6;"42;5398670000";"3;0207450000"
202200052291;27;11;2022;19:30;5;94;2;7;1;3;"48;7643600000";"2;4056600000"
202200052292;27;3;2022;07:00;2;13;2;1;1;2;"43;2669600000";"5;4199700000"
202200052293;14;2;2022;20:15;5;93;1;1;1;6;"48;9289500000";"2;3593500000"
202200052294;29;7;2022;19:45;1;59;2;1;1;6;"50;6463560543";"3;1065720320"
202200052295;24;10;2022;07:35;2;33;1;3;1;3;"44;8257920070";" -0;4528252780"
202200052296;27;3;2022;14:40;1;13;2;1;1;2;"43;5577500000";"4;9652100000"
202200052297;21;9;2022;08:25;1;77;1;2;1;3;"48;3509500000";"2;5761950000"
202200052298;10;7;2022;06:10;1;72;1;2;1;1;"47;8589220000";"0;1051100000"
202200052299;9;6;2022;14:50;1;30;1;1;1;1;"44;2622590000";"4;0344720000"
202200052300;9;8;2022;15:50;1;59;2;1;1;1;"50;6080088655";"3;1069743633"
202200052301;26;11;2022;19:20;3;95;1;6;1;1;"49;0061137518";"2;5058966875"
202200052302;24;10;2022;12:50;1;50;2;1;1;1;"48;6677430000";" -1;3309870000"
202200052303;14;2;2022;19:00;2;93;1;1;1;4;"48;9091000000";"2;4742500000"
202200052304;8;5;2022;23:40;5;06;2;9;1;2;"43;6479630000";"7;1489310000"
202200052305;5;7;2022;14:55;1;06;1;1;1;7;"44;0058420000";"7;1366500000"
202200052306;25;3;2022;13:00;1;13;2;1;1;3;"43;2037900000";"5;5991100000"
202200052307;19;9;2022;17:50;1;78;1;4;1;2;"48;7887710000";"1;9101300000"
202200052308;11;8;2022;11:43;1;54;2;1;1;6;"48;6880600000";"6;1872700000"
202200052309;8;6;2022;15:57;1;34;2;1;1;1;"43;4257500000";"3;6001790000"
202200052310;24;10;2022;07:00;3;14;1;1;8;6;"49;0867400000";" -0;3049000000"
202200052311;7;5;2022;19:45;2;05;2;1;8;2;"44;5495100000";"6;0680500000"
202200052312;8;7;2022;05:45;2;14;2;1;5;1;"49;1173400000";" -0;1829600000"
202200052313;26;3;2022;09:55;1;12;2;4;1;3;"44;0996100000";"3;0629500000"
202200052314;27;11;2022;00:25;5;93;2;2;1;3;"48;8824000000";"2;4362600000"
202200052315;2;5;2022;15:59;1;05;2;1;1;6;"44;5791100000";"6;0978800000"
202200052316;8;6;2022;14:15;1;84;1;1;1;1;"44;3856180000";"5;0309500000"
202200052317;4;7;2022;03:30;5;14;1;1;1;7;"49;1425180000";" -0;2420430000"
202200052318;10;8;2022;07:35;1;51;1;3;7;3;"49;0691000000";"3;9320400000"
202200052319;26;3;2022;15:35;1;03;2;1;1;6;"46;3573013458";"2;5855410793"
202200052320;20;9;2022;15:10;1;66;2;1;7;6;"42;7316260000";"3;0253170000"
202200052321;9;7;2022;15:45;1;14;1;1;1;6;"49;2086000000";"0;0057880000"
202200052322;14;2;2022;16:30;1;95;1;1;1;2;"49;0528936261";"2;1645373106"
202200052323;5;1;2022;21:00;3;80;2;1;1;6;"49;7841770000";"2;4770150000"
202200052324;27;11;2022;12:30;1;93;2;2;2;3;"48;9181940000";"2;4547320000"
202200052325;8;6;2022;01:20;5;84;1;1;1;6;"43;7547520000";"5;1727260000"
202200052326;10;8;2022;17:40;1;51;2;2;1;3;"48;9585231335";"4;3619987369"
202200052327;27;3;2022;09:20;1;02;2;1;1;6;"49;0450500000";"3;3780100000"
202200052328;21;9;2022;16:55;1;83;2;1;1;2;"43;2597360000";"6;6315450000"
202200052329;5;5;2022;09:00;1;75;2;1;1;4;"48;9008440000";"2;3670720000"
202200052330;10;7;2022;19:00;1;14;1;1;1;1;"49;3035830000";" -0;4362400000"
202200052331;4;1;2022;14:00;1;80;2;1;2;6;"49;9358230000";"1;6338410000"
202200052332;23;10;2022;12:10;1;22;2;1;2;2;"48;7793730000";" -3;0439590000"
202200052333;11;9;2022;12:34;1;05;1;1;1;7;"44;6946810000";"6;9582510000"
202200052334;27;11;2022;18:10;2;92;2;3;2;1;"48;9297276750";"2;3260293603"
202200052335;14;2;2022;10:20;1;95;1;1;1;5;"49;0381866451";"2;4848520756"
202200052336;27;3;2022;15:05;1;75;2;4;1;2;"48;8821899119";"2;2831570580"
202200052337;10;8;2022;15:20;1;49;2;2;1;3;"47;4635400000";" -0;5639700000"
202200052338;7;5;2022;02:15;5;75;2;2;1;3;"48;8529040000";"2;3370010000"
202200052339;10;7;2022;20:15;1;05;1;1;1;1;"44;7035890000";"6;0453020000"
202200052340;20;9;2022;13:10;1;71;2;6;1;6;"46;4631080000";"4;1155600000"
202200052341;6;6;2022;02:00;3;84;1;1;1;1;"43;9137130000";"4;9708530000"
202200052342;5;1;2022;11:45;1;49;1;1;1;1;"47;5019180000";" -0;5168240000"
202200052343;14;2;2022;09:30;1;95;1;1;1;3;"48;9864671385";"2;5065296888"
202200052344;27;11;2022;21:30;5;92;2;1;2;6;"48;8223300000";"2;2320900000"
202200052345;19;7;2022;12:40;1;47;1;3;1;3;"44;3961880000";"0;7467460000"
202200052346;9;7;2022;08:45;2;50;1;2;1;3;"49;3221500000";" -1;6791110000"
202200052347;27;3;2022;15:27;1;75;2;1;1;2;"48;8379042262";"2;2548070550"
202200052348;5;1;2022;22:15;3;46;2;1;1;6;"44;6477620000";"1;8343030000"
202200052349;7;6;2022;17:20;1;84;2;1;1;3;"43;9359380000";"5;0633910000"
202200052350;15;2;2022;08:20;1;94;1;1;1;2;"48;8432096684";"2;4926533177"
202200052351;6;7;2022;21:30;2;50;1;1;1;7;"49;6676350000";" -1;4953210000"
202200052352;24;10;2022;14:20;1;76;1;1;1;5;"49;4941270000";"0;7502870000"
202200052353;5;1;2022;17:20;5;39;2;1;1;6;"46;9027720000";"5;7725550000"
202200052354;27;3;2022;14:40;1;75;2;7;1;7;"48;8853453301";"2;2975040663"
202200052355;6;5;2022;18:42;2;75;2;2;1;3;"48;8561710000";"2;3403130000"
202200052356;17;9;2022;10:40;1;73;1;9;1;1;"45;6054360000";"5;8853780000"
202200052357;7;6;2022;21:40;5;06;2;1;1;3;"43;7227940000";"7;1103400000"
202200052358;7;7;2022;18:10;1;83;1;9;1;1;"43;5039550000";"6;1607520000"
202200052359;14;2;2022;17:59;2;59;2;1;1;1;"50;6104667639";"3;0267521739"
202200052360;26;11;2022;17:30;5;92;2;2;1;3;"48;9311460686";"2;2443544865"
202200052361;27;3;2022;05:30;5;75;2;3;1;6;"48;8794100000";"2;2823720000"
202200052362;7;5;2022;08:45;1;75;2;3;1;3;"48;8621790000";"2;2931270000"
202200052363;10;8;2022;14:15;1;43;2;2;1;3;"45;0426400000";"3;8890700000"
202200052364;23;10;2022;11:00;1;59;2;3;1;3;"50;2663890000";"3;2168610000"
202200052365;8;6;2022;07:50;1;05;1;1;1;1;"44;6668648395";"6;6168594360"
202200052366;6;1;2022;07:56;1;01;1;1;1;5;"46;1453060000";"4;9834590000"
202200052367;14;2;2022;19:10;5;33;2;3;8;6;"44;8776300000";" -0;5318100000"
202200052368;21;11;2022;08:05;1;974;2;1;1;3;" -21;0075070000";"55;2787480000"
202200052369;6;7;2022;14:15;1;09;1;1;1;1;"42;7903930000";"1;6853500000"
202200052370;20;9;2022;18:30;1;53;1;1;7;7;"48;0196220000";" -0;8757840000"
202200052371;7;5;2022;15:30;1;75;2;2;8;6;"48;8258540000";"2;3003060000"
202200052372;27;3;2022;10:30;1;75;2;1;1;3;"48;8582350000";"2;2608010000"
202200052373;14;2;2022;15:55;1;976;2;1;1;6;" -12;7682000000";"45;2243700000"
202200052374;8;6;2022;16:35;1;05;1;1;1;2;"44;3051590000";"5;8932100000"
202200052375;5;1;2022;14:20;1;58;2;1;1;1;"47;0447960000";"3;5706640000"
202200052376;8;7;2022;00:30;5;60;2;1;1;6;"49;2743570000";"2;6885710000"
202200052377;10;8;2022;16:15;1;40;1;1;1;2;"43;8771800000";" -0;4646100000"
202200052378;22;10;2022;11:35;1;13;1;1;1;2;"43;3469600000";"5;3725500000"
202200052379;18;11;2022;23:00;3;43;1;1;1;6;"45;3042710000";"3;3657540000"
202200052380;7;5;2022;14:15;1;75;2;3;1;6;"48;8355760000";"2;3480380000"
202200052381;20;9;2022;18:00;1;61;2;2;1;3;"48;5182140000";" -0;0642760000"
202200052382;9;6;2022;17:45;1;04;1;1;1;7;"43;8380750000";"6;4940600000"
202200052383;14;2;2022;09:10;1;974;1;1;1;3;" -21;2971200000";"55;4481500000"
202200052384;10;8;2022;18:35;2;38;2;1;1;6;"45;1818755081";"5;7484245300"
202200052385;5;1;2022;17:45;2;72;1;1;1;1;"47;6868040000";"0;4463950000"
202200052386;26;3;2022;23:30;5;75;2;2;1;3;"48;8313170000";"2;3663340000"
202200052387;24;11;2022;18:15;3;49;1;1;1;3;"47;6455280000";" -0;2163360000"
202200052388;7;7;2022;16:15;1;60;2;3;1;3;"49;1909392782";"2;5115159154"
202200052389;22;10;2022;05:15;3;13;1;1;1;5;"43;2608675544";"5;5912542342"
202200052390;14;2;2022;23:30;5;974;1;1;2;6;" -20;9436800000";"55;6492100000"
202200052391;5;1;2022;13:00;1;72;1;1;1;1;"48;0536760000";"0;2073560000"
202200052392;20;9;2022;10:30;1;22;1;2;1;6;"48;5667470000";" -3;1322300000"
202200052393;10;8;2022;06:50;1;35;2;2;1;3;"48;1161190000";" -1;6582170000"
202200052394;27;3;2022;21:00;5;75;2;2;1;3;"48;8442810000";"2;4101410000"
202200052395;10;7;2022;15:40;1;60;1;1;1;3;"49;5631630000";"2;2359860000"
202200052396;19;11;2022;15:50;1;31;2;4;2;3;"43;5474710000";"1;4787880000"
202200052397;8;6;2022;11:15;1;04;2;4;1;6;"44;3877150000";"6;6572000000"
202200052398;7;5;2022;21:30;5;75;2;2;1;3;"48;8408980000";"2;4527570000"
202200052399;14;2;2022;07:10;3;69;1;1;2;6;"45;7170819397";"4;8774898052"
202200052400;10;8;2022;16:30;1;35;2;3;1;6;"48;1327500000";" -1;6328900000"
202200052401;5;1;2022;16:45;2;27;1;1;1;1;"49;0164670000";"0;5392790000"
202200052402;27;3;2022;15:49;1;75;2;1;1;6;"48;8681440000";"2;3815340000"
202200052403;7;6;2022;15:45;1;13;1;1;1;1;"43;7409410000";"5;1089110000"
202200052404;10;2;2022;17:00;1;69;1;1;1;3;"45;6927400000";"4;8431700000"
202200052405;7;5;2022;20:34;2;75;2;3;1;1;"48;8742240000";"2;3628620000"
202200052406;5;1;2022;10:00;1;37;2;1;1;6;"47;3425423434";"0;7244418561"
202200052407;9;7;2022;04:40;3;64;1;1;1;7;"42;9580400000";" -0;2913520000"
202200052408;10;8;2022;22:00;5;34;2;4;1;3;"43;6113637153";"3;9202986253"
202200052409;21;10;2022;12:46;1;13;1;1;1;5;"43;3500494962";"5;3685711748"
202200052410;14;2;2022;06:25;1;972;1;1;2;7;"14;6156858673";" -61;0092473030"
202200052411;27;3;2022;06:05;5;75;2;1;1;1;"48;8806540000";"2;3646170000"
202200052412;4;6;2022;14:25;1;13;1;6;1;3;"43;7194200000";"5;1758270000"
202200052413;21;9;2022;07:35;1;62;1;1;1;4;"50;3878770000";"2;8096410000"
202200052414;26;11;2022;14:18;1;31;2;2;1;5;"43;3789920000";"1;1777260000"
202200052415;10;8;2022;09:49;1;31;2;6;1;3;"43;5948630000";"1;4533170000"
202200052416;9;7;2022;18:10;1;73;2;3;1;3;"45;5087080000";"6;0721560000"
202200052417;7;5;2022;14:56;1;75;2;3;1;3;"48;8707890000";"2;3705150000"
202200052418;14;2;2022;09:50;1;2B;2;1;1;-1;"42;7062800000";"9;4424900000"
202200052419;6;1;2022;08:00;1;74;1;1;1;1;"45;8643430000";"6;0628760000"
202200052420;27;3;2022;01:15;5;75;2;2;1;3;"48;8736230000";"2;3353240000"
202200052421;8;6;2022;15:15;1;67;2;3;3;2;"48;5359240000";"7;4986300000"
202200052422;11;7;2022;07:35;2;18;1;1;1;1;"47;2479690000";"1;8977970000"
202200052423;22;10;2022;19:15;5;69;1;1;1;2;"45;7465000000";"4;8290000000"
202200052424;11;8;2022;07:45;1;31;2;1;1;4;"43;1038300000";"0;7007300000"
202200052425;14;2;2022;19:05;5;971;2;2;2;7;"16;2346600000";" -61;5327600000"
202200052426;19;9;2022;20:20;3;13;1;1;1;2;"43;4587600000";"5;2356800000"
202200052427;27;11;2022;17:10;1;81;1;1;1;1;"43;8838090000";"2;1684210000"
202200052428;27;3;2022;11:10;1;75;2;1;1;3;"48;8797994692";"2;3138401311"
202200052429;6;5;2022;09:30;1;75;2;2;1;2;"48;8722430000";"2;3383130000"
202200052430;6;1;2022;00:15;3;49;1;1;1;3;"47;4054370000";" -0;5095770000"
202200052431;3;7;2022;07:45;1;43;2;6;1;1;"45;3697250000";"4;1980430000"
202200052432;23;10;2022;02:15;5;69;1;1;1;6;"45;7655100000";"4;8002400000"
202200052433;20;9;2022;00:18;3;13;1;1;1;7;"43;3661994898";"5;3349834681"
202200052434;14;2;2022;15:10;1;971;2;3;1;7;"16;2514769979";" -61;4992278814"
202200052435;10;8;2022;11:34;1;29;2;1;1;2;"47;9799900000";" -4;0836800000"
202200052436;7;5;2022;21:00;5;75;2;2;1;3;"48;8715090000";"2;3231140000"
202200052437;27;3;2022;16:45;1;75;2;2;1;2;"48;8628510000";"2;3134440000"
202200052438;5;1;2022;14:30;1;78;1;1;7;2;"48;4834920000";"1;9128830000"
202200052439;18;10;2022;17:30;1;67;1;1;1;2;"48;6413900000";"7;7305000000"
202200052440;11;7;2022;09:10;1;43;1;3;1;3;"45;1690810000";"4;2960350000"
202200052441;27;11;2022;18:00;3;26;1;1;1;5;"44;7039850000";"4;7863910000"
202200052442;13;2;2022;15:40;1;971;1;1;1;1;"16;2352450239";" -61;5311005712"
202200052443;18;9;2022;21:50;3;13;1;1;1;2;"43;2096200000";"5;6264200000"
202200052444;10;8;2022;17:25;1;25;2;6;1;3;"46;9056690000";"6;3359280000"
202200052445;8;6;2022;19:45;2;54;2;3;2;6;"48;8782604742";"5;9610968836"
202200052446;7;5;2022;10:13;1;75;2;7;1;3;"48;8702260000";"2;3321900000"
202200052447;27;3;2022;15:50;1;75;2;3;1;6;"48;8580530000";"2;3496460000"
202200052448;5;1;2022;23:45;5;973;1;1;2;3;"5;4766157798";" -54;0386098623"
202200052449;10;8;2022;17:10;1;25;2;1;1;7;"46;9004230000";"6;3469890000"
202200052450;11;2;2022;21:55;5;971;2;1;1;3;"16;0030394554";" -61;7389047146"
202200052451;23;10;2022;22:41;3;33;1;1;1;6;"44;7375200000";" -0;7157300000"
202200052452;7;5;2022;22:05;5;94;2;1;1;6;"48;8140600000";"2;3613000000"
202200052453;10;7;2022;18:30;1;43;1;1;1;1;"45;1477580000";"4;1183390000"
202200052454;26;3;2022;21:10;5;75;2;3;1;6;"48;8624620000";"2;3504210000"
202200052455;27;11;2022;01:50;3;35;1;1;2;2;"48;2467190660";" -1;4359232783"
202200052456;19;9;2022;22:10;3;38;1;1;1;2;"45;5662289596";"4;8172248347"
202200052457;6;1;2022;10:15;1;977;1;1;2;1;"17;9097750000";" -62;8094820000"
202200052458;7;6;2022;23:00;5;54;2;2;1;1;"48;6081090000";"6;1003330000"
202200052459;14;2;2022;14:45;1;95;2;1;1;2;"48;9945069259";"2;3041838408"
202200052460;23;10;2022;05:45;4;33;1;1;1;6;"44;8830900000";" -0;5613800000"
202200052461;10;8;2022;09:00;1;24;1;2;1;3;"45;1939900000";"0;6619300000"
202200052462;20;9;2022;08:30;1;67;1;1;1;6;"48;5707800000";"7;7327300000"
202200052463;7;5;2022;06:30;1;93;2;2;1;3;"48;9396730000";"2;5126990000"
202200052464;9;7;2022;12:35;1;10;2;2;1;3;"48;5004200000";"3;8399800000"
202200052465;28;11;2022;17:56;5;59;2;1;1;6;"50;6158700000";"2;9674040000"
202200052466;23;10;2022;04:16;3;91;1;1;1;6;"48;7415700000";"2;3205500000"
202200052467;25;3;2022;05:00;5;75;2;2;1;3;"48;8659310000";"2;3278930000"
202200052468;9;6;2022;07:45;1;38;1;2;2;3;"45;5601770000";"5;4775050000"
202200052469;4;1;2022;09:50;1;971;2;1;1;6;"16;0811834057";" -61;5622115135"
202200052470;9;7;2022;17:40;1;10;2;1;1;7;"48;1131480000";"4;3832870000"
202200052471;10;8;2022;12:00;1;21;2;3;1;3;"47;2945200000";"5;0048000000"
202200052472;28;11;2022;16:00;1;51;2;1;1;7;"48;8748240000";"3;5459500000"
202200052473;13;2;2022;18:00;5;91;2;3;1;3;"48;6368700000";"2;3352700000"
202200052474;5;6;2022;06:05;2;38;1;1;1;7;"45;5953180000";"5;5374470000"
202200052475;7;5;2022;17:00;1;93;2;2;1;3;"48;8470800000";"2;5652300000"
202200052476;23;10;2022;06:10;5;78;1;1;1;3;"48;8045450000";"2;0496670000"
202200052477;7;7;2022;19:35;1;07;1;1;1;7;"44;9072060000";"4;6879860000"
202200052478;6;1;2022;16:35;1;2B;1;9;2;3;"42;5387340000";"9;4484570000"
202200052479;11;8;2022;01:30;5;16;2;1;1;6;"45;6982006000";" -0;3279188200"
202200052480;28;5;2022;04:40;3;26;1;1;1;7;"45;0531960000";"5;3426170000"
202200052481;27;11;2022;00:00;5;80;2;1;8;6;"49;8633120000";"2;7155110000"
202200052482;27;3;2022;17:05;1;94;2;2;1;3;"48;8474500000";"2;4786900000"
202200052483;23;10;2022;09:40;1;95;1;1;1;6;"48;9806298222";"2;2409411038"
202200052484;8;7;2022;05:35;2;07;2;1;1;2;"45;2716950000";"4;8002458000"
202200052485;19;9;2022;16:05;1;33;1;1;1;4;"44;8655928770";" -0;5041050911"
202200052486;14;2;2022;09:30;1;91;2;3;1;1;"48;6811500000";"2;4278300000"
202200052487;6;5;2022;18:40;1;93;2;2;1;3;"48;8764700000";"2;4546800000"
202200052488;27;3;2022;04:00;5;94;2;1;1;6;"48;8135100000";"2;4658100000"
202200052489;6;1;2022;05:55;3;13;1;1;1;1;"43;8958510000";"4;8188350000"
202200052490;11;8;2022;10:25;1;13;2;1;1;6;"43;4113200000";"5;2027900000"
202200052491;1;6;2022;10:25;1;69;2;2;1;3;"45;6431370000";"4;8750490000"
202200052492;14;2;2022;08:10;1;91;2;1;1;6;"48;6760200000";"2;3389700000"
202200052493;23;11;2022;00:35;3;80;1;1;2;7;"50;1051670000";"1;5661950000"
202200052494;10;7;2022;09:50;1;07;2;1;1;1;"44;3916870000";"4;5092760000"
202200052495;20;9;2022;16:50;1;92;1;1;8;2;"48;9348846198";"2;2827304295"
202200052496;27;3;2022;15:40;1;94;2;1;1;6;"48;7631100000";"2;3614700000"
202200052497;4;1;2022;07:50;5;55;2;1;2;6;"48;7554960000";"5;5873580000"
202200052498;6;5;2022;11:35;1;93;2;1;1;1;"48;9232790000";"2;4057960000"
202200052499;12;2;2022;11:40;1;88;2;9;7;6;"48;1728200000";"6;4494500000"
202200052500;23;10;2022;04:20;3;93;1;1;1;3;"48;9536200000";"2;4548900000"
202200052501;4;6;2022;00:45;5;69;2;1;2;2;"45;8766360000";"4;8383890000"
202200052502;2;7;2022;10:00;1;07;1;3;1;3;"44;3899510000";"4;3766640000"
202200052503;6;1;2022;01:00;3;38;1;1;1;1;"45;1146470000";"5;5726430000"
202200052504;25;11;2022;19:50;5;71;2;3;1;6;"46;6280440000";"5;2232320000"
202200052505;20;9;2022;10:50;1;92;1;1;1;2;"48;9221909685";"2;3058025650"
202200052506;11;8;2022;14:45;1;13;2;6;1;3;"43;6382163123";"5;0830591169"
202200052507;14;2;2022;14:30;1;83;2;7;3;6;"43;1290700000";"5;9097200000"
202200052508;7;5;2022;16:00;1;93;2;3;9;3;"48;8994200000";"2;5048860000"
202200052509;23;10;2022;00:40;3;93;1;1;1;2;"48;9515600000";"2;4512600000"
202200052510;27;3;2022;15:00;1;94;2;2;1;6;"48;7642700000";"2;4055600000"
202200052511;19;6;2022;03:00;3;07;1;1;1;7;"44;4916880000";"4;6652800000"
202200052512;8;6;2022;10:40;1;40;2;4;1;1;"43;6976320000";" -1;0205850000"
202200052513;19;9;2022;09:35;1;78;1;1;1;2;"48;8317220000";"2;1436500000"
202200052514;5;1;2022;18:40;3;69;1;1;1;2;"45;9411950000";"4;7161230000"
202200052515;7;5;2022;18:10;1;93;2;1;1;6;"48;9360900000";"2;4806400000"
202200052516;11;8;2022;09:40;1;13;2;1;1;1;"43;2869200000";"5;3855200000"
202200052517;27;11;2022;17:30;2;89;1;1;2;2;"47;3982980000";"4;0599520000"
202200052518;14;2;2022;21:50;5;83;2;1;1;6;"43;1105057839";"5;8125849366"
202200052519;22;10;2022;11:00;1;93;1;4;1;2;"48;8982400000";"2;4697100000"
202200052520;4;6;2022;00:10;3;33;1;1;1;6;"44;9205830342";" -0;2589565516"
202200052521;27;3;2022;14:50;1;93;2;3;1;1;"48;8867900000";"2;4701900000"
202200052522;8;7;2022;14:06;1;53;1;1;1;1;"47;8719440000";" -0;6870290000"
202200052523;12;8;2022;00:12;5;10;2;9;1;6;"48;2960000000";"4;0670700000"
202200052524;28;11;2022;06:50;2;55;1;1;2;6;"49;0138710000";"5;6023890000"
202200052525;19;9;2022;05:18;3;92;1;9;1;3;"48;8323311443";"2;1536945403"
202200052526;7;5;2022;10:09;1;93;2;1;1;4;"48;9350000000";"2;4760000000"
202200052527;5;1;2022;17:40;3;69;1;1;1;4;"45;9137826438";"4;7327835559"
202200052528;7;6;2022;17:47;1;85;1;1;1;3;"46;7008450000";" -1;7308460000"
202200052529;12;2;2022;21:35;5;82;2;9;1;5;"43;9992810000";"1;3394300000"
202200052530;8;7;2022;18:45;1;53;2;3;1;1;"47;8090380000";" -0;5971770000"
202200052531;28;11;2022;07:40;3;12;1;1;5;6;"44;2851820000";"2;0514930000"
202200052532;20;9;2022;16:50;1;93;1;1;1;2;"48;8752873790";"2;4400415833"