Accident_Id;jour;mois;an;hrmn;lum;dep;agg;int;atm;col;lat;long
202200052533;26;3;2022;09:20;1;93;2;2;1;3;"48;9513565095";"2;5138368983"
202200052534;11;8;2022;17:34;1;06;2;2;1;3;"43;7053700000";"7;2692100000"
202200052535;22;4;2022;17:15;1;92;2;1;1;6;"48;9245918781";"2;3296426982"
202200052536;20;10;2022;23:00;4;93;1;1;1;5;"48;8937300000";"2;4722800000"
202200052537;8;7;2022;08:00;1;40;1;1;1;6;"43;7184660000";" -0;8413230000"
202200052538;5;1;2022;18:00;5;33;2;1;1;6;"44;6637310000";" -0;9119190000"
202200052539;28;11;2022;09:40;1;12;1;1;2;6;"44;5539062564";"2;4494558573"
202200052540;7;6;2022;13:15;1;56;1;3;1;6;"48;1312001000";" -3;0011183000"
202200052541;27;3;2022;10:15;1;92;2;1;1;6;"48;8787631140";"2;2174210846"
202200052542;10;8;2022;16:20;1;06;2;1;1;1;"43;6799000000";"6;9580000000"
202200052543;9;7;2022;03:00;3;24;2;1;1;6;"45;2010340000";"0;1911610000"
202200052544;20;9;2022;18:15;1;93;1;1;1;4;"48;8712300000";"2;4325800000"
202200052545;9;6;2022;08:10;1;60;1;1;1;7;"49;1304583432";"2;7947115897"
202200052546;25;11;2022;08:30;1;42;1;1;1;6;"45;6807950000";"4;3339460000"
202200052547;6;5;2022;10:05;1;92;2;2;1;3;"48;9297450000";"2;3259860000"
202200052548;11;8;2022;16:40;1;05;2;1;1;2;"44;5690852314";"6;1019638181"
202200052549;23;10;2022;17:20;1;77;1;1;1;6;"48;8367110000";"2;6649010000"
202200052550;27;3;2022;17:42;1;92;2;2;1;3;"48;8444481047";"2;2107598185"
202200052551;7;7;2022;15:44;1;24;1;1;1;7;"45;6604830000";"0;7329890000"
202200052552;14;2;2022;07:50;2;81;2;2;2;6;"43;9228700000";"2;1472200000"
202200052553;19;9;2022;15:05;1;93;1;1;1;2;"48;9255741862";"2;4245448560"
202200052554;24;11;2022;17:45;3;47;1;1;9;3;"44;3701720000";"0;2848810000"
202200052555;6;5;2022;18:10;1;92;2;2;1;3;"48;8129306276";"2;2987216562"
202200052556;23;10;2022;13:00;1;94;1;1;1;4;"48;8268960991";"2;5128994984"
202200052557;8;6;2022;11:25;1;80;1;3;1;3;"49;6474030000";"2;6277280000"
202200052558;7;5;2022;15:45;1;92;2;1;1;3;"48;8424280840";"2;2079598606"
202200052559;19;9;2022;09:15;1;93;1;1;1;4;"48;9364742070";"2;4801918824"
202200052560;27;11;2022;17:45;4;34;1;3;1;1;"43;6240690000";"3;1188990000"
202200052561;10;8;2022;19:20;1;03;2;3;7;3;"46;5674383744";"3;3279804277"
202200052562;27;3;2022;19:28;1;92;2;1;1;6;"48;8818524301";"2;2380166948"
202200052563;9;7;2022;23:15;3;04;2;1;1;6;"43;9975059456";"6;1965546012"
202200052564;5;1;2022;08:50;2;22;2;3;1;6;"48;4678670000";" -2;5144900000"
202200052565;13;2;2022;20:30;5;78;2;1;1;5;"48;8008920000";"2;1200480000"
202200052566;22;10;2022;12:00;1;974;2;3;1;3;" -21;3385200000";"55;4617500000"
202200052567;7;5;2022;12:15;1;92;2;1;1;3;"48;8863423494";"2;2121820599"
202200052568;18;9;2022;19:40;1;93;1;1;1;2;"48;8696867693";"2;4301216006"
202200052569;28;11;2022;18:00;3;39;1;1;2;1;"46;3496900000";"5;6926350000"
202200052570;25;3;2022;10:35;1;11;1;1;1;6;"43;3562330000";"2;2587200000"
202200052571;5;1;2022;17:46;5;59;2;1;1;6;"50;3375400000";"3;9412790000"
202200052572;9;7;2022;16:20;1;04;1;1;1;1;"44;0154570000";"6;2309220000"
202200052573;7;6;2022;19:00;1;13;1;1;1;7;"43;3300288947";"5;3931641578"
202200052574;14;2;2022;20:00;5;78;2;1;2;2;"48;8975550000";"2;0774120000"
202200052575;28;11;2022;15:40;1;05;2;1;8;6;"44;6822620000";"6;0770150000"
202200052576;11;8;2022;12:10;1;75;2;1;1;4;"48;8849220000";"2;3982760000"
202200052577;20;9;2022;14:30;1;94;1;1;1;7;"48;7850362713";"2;4401708400"
202200052578;5;1;2022;11:35;1;33;1;1;1;2;"44;8409100000";" -0;5018300000"
202200052579;22;10;2022;00:20;3;974;1;1;1;3;" -20;9568140000";"55;3136670000"
202200052580;7;5;2022;12:25;1;92;2;3;1;6;"48;8043353135";"2;2974146157"
202200052581;27;3;2022;17:10;1;06;2;3;1;6;"43;6577500000";"7;1233680000"
202200052582;7;6;2022;12:45;1;13;1;1;1;2;"43;3665080000";"5;3605890000"
202200052583;6;7;2022;20:00;1;04;1;1;1;1;"43;7381820000";"5;8683510000"
202200052584;19;9;2022;15:20;1;77;1;1;1;3;"48;8962000000";"2;6628000000"
202200052585;6;5;2022;22:30;5;92;2;7;1;7;"48;8155390000";"2;3177510000"
202200052586;5;1;2022;03:46;3;33;1;1;1;7;"44;8838980000";" -0;5580580000"
202200052587;11;8;2022;08:45;1;75;2;4;1;2;"48;8856810000";"2;3977270000"
202200052588;22;10;2022;20:00;5;973;2;9;1;3;"4;9164300000";" -52;3215000000"
202200052589;24;3;2022;18:15;1;42;2;3;1;6;"46;0311410000";"4;2672950000"
202200052590;28;11;2022;15:05;1;60;1;2;1;3;"49;5950200000";"3;1213300000"
202200052591;7;5;2022;18:18;1;92;2;1;1;6;"48;7873579390";"2;2328743637"
202200052592;9;7;2022;16:15;1;04;1;1;1;3;"44;0396060000";"6;1510510000"
202200052593;7;6;2022;10:45;1;13;1;1;1;6;"43;4321921217";"5;2577385306"
202200052594;26;3;2022;23:23;5;83;1;6;1;7;"43;4147055898";"6;4192289114"
202200052595;14;2;2022;06:30;5;77;2;6;1;6;"48;7939265693";"2;6460273257"
202200052596;11;8;2022;07:10;1;75;2;1;1;3;"48;8584050000";"2;4146180000"
202200052597;22;10;2022;10:33;1;973;2;2;1;6;"4;9355500000";" -52;3309400000"
202200052598;31;5;2022;18:30;1;62;1;3;7;3;"50;4281700000";"1;6272300000"
202200052599;25;11;2022;17:05;3;60;2;3;8;3;"49;4773160000";"2;8804510000"
202200052600;5;1;2022;12:55;1;95;1;1;1;4;"48;9666859939";"2;2556734085"
202200052601;6;7;2022;22:40;3;85;1;1;1;7;"46;5928800000";" -0;7328730000"
202200052602;7;5;2022;18:50;1;92;2;1;1;1;"48;9064521074";"2;2376516461"
202200052603;7;6;2022;08:30;1;13;1;1;1;6;"43;2948046412";"5;4642511904"
202200052604;23;10;2022;02:00;5;69;2;1;1;6;"45;7422306985";"4;8585641384"
202200052605;11;8;2022;21:30;5;75;2;2;1;6;"48;8843720000";"2;3691950000"
202200052606;14;2;2022;20:00;3;76;2;2;9;3;"49;4379900000";"1;0919200000"
202200052607;26;3;2022;19:00;3;23;1;3;1;3;"46;1522190000";"2;0978520000"
202200052608;27;11;2022;16:50;1;64;1;1;1;1;"43;3455610000";" -0;5176660000"
202200052609;4;1;2022;23:50;3;93;1;1;1;1;"48;9255649061";"2;3388911783"
202200052610;29;6;2022;13:40;1;85;2;1;1;6;"46;7973771000";" -1;1503189800"
202200052611;8;6;2022;17:10;1;69;1;1;8;2;"45;6983500000";"4;9754800000"
202200052612;6;5;2022;04:45;3;13;1;1;5;2;"43;2914300000";"5;4514000000"
202200052613;11;8;2022;14:30;1;75;2;7;1;6;"48;8376220000";"2;2566000000"
202200052614;23;10;2022;01:50;5;69;2;1;1;3;"45;7476852084";"4;8340407014"
202200052615;17;9;2022;20:10;3;988;2;1;1;7;" -22;2591000000";"166;3929400000"
202200052616;26;3;2022;00:30;3;29;1;1;1;2;"48;3235423780";" -4;2237504478"
202200052617;11;7;2022;17:30;1;85;1;1;1;6;"46;5529400000";" -1;2053800000"
202200052618;5;1;2022;18:10;3;77;1;1;1;2;"48;8487201840";"2;6617549074"
202200052619;6;5;2022;17:25;1;67;1;1;1;6;"48;5559400000";"7;7326100000"
202200052620;13;2;2022;03:20;5;76;2;2;1;2;"49;5093600000";"0;1589000000"
202200052621;27;11;2022;17:45;3;43;1;3;8;3;"44;9214480000";"3;8763560000"
202200052622;4;6;2022;01:10;3;69;1;1;1;2;"45;6814539652";"4;7988957167"
202200052623;10;7;2022;07:00;1;85;1;1;1;6;"46;6198700000";" -1;5072500000"
202200052624;25;3;2022;07:15;2;22;1;1;1;2;"48;6780410000";" -3;3547350000"
202200052625;19;9;2022;17:45;1;973;2;2;1;3;"4;9295400000";" -52;3151300000"
202200052626;22;10;2022;20:00;5;69;2;2;1;3;"45;7366300000";"4;8779200000"
202200052627;10;8;2022;05:20;5;75;2;3;1;3;"48;8415160000";"2;2665810000"
202200052628;7;5;2022;13:00;1;92;1;1;1;4;"48;7319320000";"2;3105850000"
202200052629;8;7;2022;23:15;3;27;2;1;1;6;"49;3334480000";"0;3389590000"
202200052630;22;10;2022;17:55;1;972;1;1;1;7;"14;6176900000";" -61;0385200000"
202200052631;27;3;2022;18:40;2;57;2;1;1;7;"49;0279570000";"6;3411500000"
202200052632;5;1;2022;08:30;1;75;1;1;1;4;"48;8231200000";"2;4630000000"
202200052633;12;2;2022;20:30;5;76;2;2;1;3;"49;5125400000";"0;1170100000"
202200052634;18;9;2022;10:25;1;973;2;1;1;5;"4;9230445252";" -52;3237931728"
202200052635;7;6;2022;16:50;1;69;1;1;1;2;"45;7442200000";"4;9062000000"
202200052636;28;11;2022;10:40;1;07;2;1;3;7;"44;4817350000";"4;2524170000"
202200052637;7;5;2022;07:35;1;94;1;1;1;6;"48;7780600000";"2;3460400000"
202200052638;28;3;2022;13:57;1;51;1;1;7;7;"49;1255920000";"4;7654970000"
202200052639;5;1;2022;08:10;1;94;1;1;1;6;"48;7537000000";"2;3554000000"
202200052640;9;7;2022;17:15;1;27;2;1;1;3;"49;3766590000";"1;3802970000"
202200052641;11;8;2022;08:50;1;75;2;3;1;7;"48;8332300000";"2;3315350000"
202200052642;7;10;2022;21:30;5;69;1;1;1;1;"45;7938600000";"4;8717600000"
202200052643;6;5;2022;21:45;3;91;1;1;1;7;"48;6240160000";"2;3749930000"
202200052644;19;9;2022;12:35;1;69;2;2;1;1;"45;7548200000";"4;8499600000"
202200052645;12;2;2022;14:20;1;76;2;2;1;4;"49;4970400000";"0;1362100000"
202200052646;22;10;2022;11:05;1;2A;2;1;1;3;"41;9294443357";"8;7721812326"
202200052647;5;6;2022;23:35;5;69;1;1;1;2;"45;7796000000";"4;7808100000"
202200052648;27;11;2022;17:35;5;07;2;3;1;3;"44;8149670000";"4;7922280000"
202200052649;26;3;2022;17:45;1;67;2;2;1;1;"48;9773690000";"8;0741200000"
202200052650;7;7;2022;19:15;1;27;1;1;1;5;"49;0749340000";"0;5261850000"
202200052651;9;8;2022;21:15;5;75;2;2;1;3;"48;8458300000";"2;3676560000"
202200052652;6;5;2022;20:35;1;91;1;1;1;3;"48;6122400000";"2;4493000000"
202200052653;4;1;2022;16:40;1;27;2;9;2;6;"49;0144352388";"1;1745087057"
202200052654;18;9;2022;05:20;2;972;1;1;2;6;"14;6559800000";" -61;0671600000"
202200052655;22;10;2022;20:04;5;91;2;9;1;3;"48;6405700000";"2;3210400000"
202200052656;8;7;2022;19:23;1;27;1;1;1;7;"48;8673400000";"0;7404400000"
202200052657;6;5;2022;22:40;3;95;1;1;1;6;"49;0721900000";"2;5519200000"
202200052658;4;1;2022;15:50;1;974;2;3;1;6;" -21;2995100000";"55;4907100000"
202200052659;9;2;2022;13:18;1;69;2;1;1;3;"45;7483702454";"4;9032685161"
202200052660;27;3;2022;15:30;1;2B;2;9;1;3;"42;7299440000";"9;4593500000"
202200052661;11;8;2022;12:55;1;75;2;3;1;6;"48;8691170000";"2;3914490000"
202200052662;19;9;2022;18:50;1;69;2;4;1;1;"45;7726300000";"4;8078400000"
202200052663;5;5;2022;16:45;1;988;2;2;1;3;" -22;2752500000";"166;4456300000"
202200052664;14;2;2022;00:45;5;69;2;6;1;6;"45;7345000000";"4;9659600000"
202200052665;27;11;2022;18:00;3;24;1;1;8;4;"45;3556550000";"0;6358820000"
202200052666;4;1;2022;17:40;2;974;2;1;1;3;" -20;8779500000";"55;4483300000"
202200052667;26;3;2022;18:55;2;82;2;1;1;1;"43;9634000000";"1;4302600000"
202200052668;7;7;2022;06:30;2;17;2;1;1;1;"45;9977960000";" -1;3227800000"
202200052669;21;10;2022;16:30;1;82;1;1;1;4;"44;0526094367";"1;4110374095"
202200052670;19;9;2022;10:34;1;69;2;1;1;1;"45;7772520948";"4;7992350161"
202200052671;28;11;2022;03:20;3;30;1;1;2;6;"44;0648200000";"4;1184620000"
202200052672;4;1;2022;16:00;1;974;2;1;1;7;" -20;9690240000";"55;6465430000"
202200052673;6;5;2022;11:00;1;976;2;9;1;6;" -12;7758000000";"45;2271900000"
202200052674;28;3;2022;13:20;1;65;1;1;1;6;"42;7988020000";"0;2824900000"
202200052675;25;5;2022;15:30;1;54;1;1;1;4;"48;6300300000";"6;1791800000"
202200052676;11;8;2022;17:40;1;94;2;1;1;7;"48;7709320000";"2;4011600000"
202200052677;12;2;2022;00:25;3;67;1;1;1;1;"48;5565700000";"7;7745100000"
202200052678;21;10;2022;18:29;1;78;2;1;1;6;"48;9830790000";"1;9133580000"
202200052679;15;6;2022;07:50;1;17;1;3;1;3;"45;9603540000";" -0;8132030000"
202200052680;19;9;2022;16:40;1;971;2;2;1;2;"16;2387250110";" -61;5276002884"
202200052681;7;6;2022;07:25;1;67;1;1;1;6;"48;5044400000";"7;6944100000"
202200052682;6;5;2022;09:30;1;974;2;1;1;6;" -20;8928000000";"55;4833500000"
202200052683;3;1;2022;14:23;1;973;2;2;2;3;"4;9304980123";" -52;3222991824"
202200052684;24;11;2022;18:06;4;68;2;3;2;7;"47;7803800000";"7;2244070000"
202200052685;27;3;2022;13:45;1;81;1;1;1;3;"44;1180420000";"1;9699850000"
202200052686;5;7;2022;14:40;1;17;1;1;1;7;"45;1957040000";" -0;2143350000"
202200052687;22;10;2022;10:50;1;77;2;1;1;6;"48;8426900000";"2;7892100000"
202200052688;13;2;2022;17:20;1;66;2;1;1;6;"42;6742900000";"2;9060900000"
202200052689;11;8;2022;11:45;1;94;2;1;1;2;"48;7388129480";"2;3910662090"
202200052690;19;9;2022;17:00;1;91;2;1;1;6;"48;6700000000";"2;5334000000"
202200052691;5;5;2022;19:34;5;974;2;1;2;6;" -20;8908500000";"55;4909600000"
202200052692;28;3;2022;11:10;1;42;1;1;1;7;"45;5585580000";"4;4948140000"
202200052693;8;6;2022;17:16;1;33;1;1;1;3;"44;8545600000";" -0;6644300000"
202200052694;10;7;2022;11:15;1;87;1;1;1;3;"46;1167250000";"0;9115220000"
202200052695;3;1;2022;14:40;1;973;2;3;2;3;"4;9417798541";" -52;3041104525"
202200052696;13;2;2022;08:50;1;65;2;1;1;6;"43;0935200000";" -0;0462000000"
202200052697;26;11;2022;20:20;3;76;1;1;1;2;"49;4798080000";"0;4516410000"
202200052698;26;3;2022;20:15;3;29;1;1;1;6;"48;2707150000";" -4;1364710000"
202200052699;4;5;2022;20:20;3;974;2;2;1;3;" -20;8945800000";"55;4601300000"
202200052700;22;10;2022;12:10;1;77;1;6;1;2;"48;3904790000";"2;7544180000"
202200052701;19;9;2022;09:50;1;91;2;6;1;3;"48;6765900000";"2;5368100000"
202200052702;11;4;2022;10:20;1;37;2;2;1;3;"47;2782390871";"0;5882687867"
202200052703;9;8;2022;23:45;5;94;2;2;1;3;"48;7306662149";"2;4260619940"
202200052704;3;1;2022;15:00;1;973;1;1;1;3;"4;9046801304";" -52;3207086325"
202200052705;27;3;2022;10:30;1;29;2;1;1;2;"48;4026250000";" -4;3868190000"
202200052706;8;6;2022;15:50;1;33;1;1;2;2;"44;8901170000";" -0;6120150000"
202200052707;14;2;2022;09:50;1;64;2;1;1;6;"43;3065400000";" -0;3609500000"
202200052708;6;5;2022;18:50;1;69;2;1;1;6;"45;7119900000";"4;8531900000"
202200052709;27;11;2022;18:55;3;13;1;1;1;1;"43;6340720000";"5;1330720000"
202200052710;9;7;2022;11:05;1;52;2;1;1;6;"48;4427960000";"5;1419990000"
202200052711;2;8;2022;20:00;1;94;2;3;1;6;"48;7961172361";"2;4220481515"
202200052712;22;10;2022;13:50;1;76;2;3;1;1;"49;4443000000";"1;1557300000"
202200052713;3;1;2022;13:50;1;973;2;1;2;3;"4;9104700000";" -52;3082900000"
202200052714;19;9;2022;18:42;1;91;2;2;1;3;"48;7087430000";"2;3713320000"
202200052715;26;3;2022;09:30;1;29;1;1;1;3;"47;8182340000";" -4;3075200000"
202200052716;8;6;2022;09:40;1;33;1;1;1;3;"44;7738340000";" -0;5563210000"
202200052717;25;11;2022;17:20;1;37;1;1;1;1;"47;3811960000";"0;7730660000"
202200052718;10;7;2022;18:00;1;52;2;1;1;6;"48;2481190000";"5;3293050000"
202200052719;13;2;2022;19:38;5;63;2;2;1;3;"45;7956800000";"3;1233200000"
202200052720;11;8;2022;17:55;1;93;2;3;1;3;"48;9153600000";"2;3651300000"
202200052721;4;1;2022;20:00;5;69;2;3;1;7;"45;7570900000";"4;8563400000"
202200052722;27;3;2022;18:45;1;38;1;1;1;6;"45;2470130000";"5;4452760000"
202200052723;18;10;2022;16:30;1;69;1;1;1;6;"45;8233894724";"4;9153894186"
202200052724;19;9;2022;18:47;1;90;1;1;1;2;"47;6260000000";"6;8240000000"
202200052725;15;4;2022;18:00;1;33;1;1;1;3;"44;8875900000";" -0;5748000000"
202200052726;10;7;2022;02:30;2;08;1;1;1;6;"49;4918170000";"4;5386040000"
202200052727;6;5;2022;16:55;1;69;2;2;1;5;"45;7725900000";"4;8457600000"
202200052728;11;2;2022;17:23;1;63;2;1;1;6;"45;7919800000";"3;1165900000"
202200052729;24;11;2022;15:06;1;06;1;1;1;3;"43;6609180000";"7;1672060000"
202200052730;18;9;2022;19:25;2;90;2;1;1;2;"47;6240000000";"6;8510000000"
202200052731;11;8;2022;12:31;1;93;2;1;7;3;"48;8550469508";"2;5162466010"
202200052732;6;6;2022;07:00;1;59;1;1;1;6;"50;6158337504";"3;0827969313"
202200052733;22;10;2022;09:40;1;69;2;6;1;6;"45;9960100000";"4;7148600000"
202200052734;28;3;2022;15:30;1;58;1;1;1;3;"47;0481580000";"3;2983120000"
202200052735;4;1;2022;21:10;5;69;1;3;1;3;"45;7477700000";"4;8336700000"
202200052736;14;9;2022;11:58;1;87;1;1;2;6;"45;7708400000";"1;2240200000"
202200052737;10;2;2022;17:35;2;62;2;9;2;3;"50;4926720000";"2;5691530000"
202200052738;6;5;2022;15:30;1;69;2;2;1;3;"45;7671100000";"4;8476100000"
202200052739;4;1;2022;17:30;5;69;2;1;1;6;"45;7324400000";"4;8815500000"
202200052740;22;10;2022;19:10;2;69;2;6;1;2;"45;7129500000";"4;9703900000"
202200052741;27;11;2022;19:30;3;60;1;1;3;1;"49;1431080000";"2;4616930000"
202200052742;10;8;2022;22:40;5;93;2;2;1;3;"48;9176138357";"2;5230359812"
202200052743;4;6;2022;19:00;1;59;1;1;1;5;"50;6483600000";"3;1452000000"
202200052744;27;3;2022;17:55;1;50;1;3;7;3;"48;6625520000";" -0;9407690000"
202200052745;3;1;2022;21:45;3;972;2;1;1;7;"14;5964900000";" -61;0553000000"
202200052746;14;2;2022;10:20;1;61;2;1;1;3;"48;4172000000";"0;0717700000"
202200052747;18;9;2022;17:35;1;87;2;3;1;2;"45;8249200000";"1;2747100000"
202200052748;6;5;2022;13:30;1;69;2;3;1;3;"45;7109600000";"4;8551000000"
202200052749;11;7;2022;16:25;1;68;1;1;1;7;"48;0588070000";"7;3786930000"
202200052750;11;8;2022;13:30;1;93;2;1;1;6;"48;9212963075";"2;4113441302"
202200052751;27;3;2022;03:15;4;45;2;1;1;6;"47;9668820000";"2;9095100000"
202200052752;7;11;2022;11:30;1;987;1;1;1;1;" -16;3880000000";" -151;7650000000"
202200052753;4;1;2022;07:40;5;69;2;1;1;6;"45;7169421875";"4;7949206829"
202200052754;3;6;2022;12:45;1;59;1;1;1;2;"50;3360258830";"3;5503824055"
202200052755;22;10;2022;11:00;1;69;1;9;1;3;"45;6944600000";"4;8442000000"
202200052756;18;9;2022;06:54;5;87;2;3;1;3;"45;8295800000";"1;2625300000"
202200052757;6;5;2022;11:45;1;69;2;2;1;1;"45;7434200000";"4;8344200000"
202200052758;11;8;2022;12:15;1;93;2;3;1;6;"48;9363100000";"2;4270400000"
202200052759;28;3;2022;13:50;1;64;2;6;1;3;"43;2734729921";" -0;2132130040"
202200052760;27;11;2022;22:45;3;973;2;6;1;7;"5;4804110000";" -53;2118620000"
202200052761;14;2;2022;14:00;1;59;2;2;1;3;"50;6652719718";"3;1987649202"
202200052762;8;6;2022;12:50;1;92;1;1;1;2;"48;7628656965";"2;3041263744"
202200052763;11;7;2022;08:30;1;63;1;1;1;2;"45;6617470000";"2;6564600000"
202200052764;22;10;2022;15:10;1;64;2;3;1;3;"43;4211309139";" -1;6056561470"
202200052765;3;1;2022;16:30;1;69;2;3;1;3;"45;7692491965";"4;8170489073"
202200052766;26;11;2022;02:10;3;971;2;1;1;7;"16;3267910000";" -61;3487090000"
202200052767;17;9;2022;18:06;1;87;1;3;1;7;"45;8709900000";"1;1963100000"
202200052768;27;3;2022;20:00;2;73;1;1;1;6;"45;4846880000";"6;2941680000"
202200052769;6;5;2022;00:15;5;69;2;2;1;3;"45;7312800000";"4;8299900000"
202200052770;3;1;2022;19:07;5;95;2;1;3;6;"49;0319478176";"2;4590036273"
202200052771;7;6;2022;19:50;1;91;1;1;1;1;"48;6250000000";"2;3543000000"
202200052772;14;2;2022;23:35;5;59;2;9;1;3;"50;6167091464";"3;0619897842"
202200052773;11;8;2022;19:30;1;93;2;1;1;2;"48;9178000000";"2;3931400000"
202200052774;27;3;2022;18:30;1;73;2;1;1;6;"45;5986270000";"6;4390150000"
202200052775;17;9;2022;09:33;1;87;2;1;1;7;"45;8727900000";"1;2683900000"
202200052776;27;11;2022;17:58;5;971;2;1;1;6;"15;8703080000";" -61;2821670000"
202200052777;6;5;2022;09:47;1;972;1;1;1;3;"14;6164100000";" -61;0421900000"
202200052778;23;10;2022;00:20;5;64;2;2;1;3;"43;3118500000";" -0;3773100000"
202200052779;9;7;2022;11:40;1;60;1;1;1;7;"49;6648575983";"2;2086448018"
202200052780;4;1;2022;06:45;5;91;2;1;2;2;"48;6197230000";"2;2585160000"
202200052781;27;3;2022;16:50;1;36;1;1;1;6;"46;6313300000";"1;1486350000"
202200052782;7;6;2022;07:35;1;91;1;1;1;2;"48;7378200000";"2;1673100000"
202200052783;11;8;2022;19:25;1;93;2;2;1;6;"48;9087672907";"2;3905607232"
202200052784;12;2;2022;09:55;1;56;2;6;1;3;"47;7659000000";" -3;4009000000"
202200052785;11;7;2022;08:45;1;77;1;1;1;6;"48;4162070000";"2;9460950000"
202200052786;16;9;2022;17:23;1;87;2;2;1;3;"45;8282100000";"1;2323500000"
202200052787;28;11;2022;15:45;1;34;1;3;1;2;"43;5072110000";"3;6341520000"
202200052788;26;3;2022;13:00;1;07;1;1;1;7;"44;9989820000";"4;5072980000"
202200052789;6;5;2022;16:34;1;2B;1;1;2;1;"42;6496600000";"9;4527300000"
202200052790;4;1;2022;07:50;5;91;2;3;2;6;"48;6619000000";"2;4260400000"
202200052791;7;6;2022;07:59;1;91;1;1;8;2;"48;6677600000";"2;3583100000"
202200052792;11;2;2022;15:50;1;56;2;1;1;6;"47;7480500000";" -3;3583800000"
202200052793;22;10;2022;20:10;5;64;2;1;1;5;"43;4771600000";" -1;5524800000"
202200052794;11;8;2022;17:55;1;93;2;1;1;3;"48;9164700000";"2;3780000000"
202200052795;28;3;2022;15:52;1;07;1;1;1;3;"44;9881800000";"4;5771120000"
202200052796;27;11;2022;16:55;2;34;2;1;1;3;"43;5619900000";"4;0845700000"
202200052797;3;1;2022;07:50;5;87;2;3;2;3;"45;8332000000";"1;2689200000"
202200052798;6;5;2022;15:20;1;2B;2;1;2;4;"42;6623900000";"9;4421600000"
202200052799;11;8;2022;21:00;5;92;2;5;1;6;"48;8875150000";"2;2784740000"
202200052800;21;10;2022;17:50;1;61;2;2;1;3;"48;4282000000";"0;0829800000"
202200052801;14;2;2022;15:49;1;51;2;2;1;3;"49;2546400000";"4;0482400000"
202200052802;6;6;2022;18:45;1;91;1;1;1;2;"48;6320650000";"2;2275350000"
202200052803;8;7;2022;23:30;5;987;2;1;1;3;" -17;6180000000";" -149;5490000000"
202200052804;27;3;2022;21:20;3;23;1;1;1;6;"45;8603090000";"2;3687980000"
202200052805;7;5;2022;02:25;5;2A;1;9;1;7;"41;9290500000";"8;7642600000"
202200052806;19;9;2022;12:15;1;83;1;6;1;3;"43;1416000000";"6;0011000000"
202200052807;27;11;2022;15:00;1;13;1;1;1;1;"43;2338930000";"5;5906840000"
202200052808;27;3;2022;18:20;1;23;1;1;1;7;"46;0756940000";"2;1242880000"
202200052809;10;8;2022;21:54;5;92;2;9;1;7;"48;9063604318";"2;2479062676"
202200052810;8;6;2022;17:40;1;78;1;1;1;6;"48;9690980000";"1;9161510000"
202200052811;21;10;2022;16:50;1;61;2;2;1;3;"48;4280000000";"0;0750700000"
202200052812;14;2;2022;08:20;1;42;2;9;2;3;"46;0480100000";"4;0685900000"
202200052813;6;5;2022;18:10;1;2A;2;2;1;3;"41;9351193564";"8;7508255739"
202200052814;11;8;2022;05:10;5;92;2;1;1;7;"48;7636900000";"2;3095300000"
202200052815;16;9;2022;14:15;1;80;2;1;1;3;"49;9020100000";"2;2762300000"
202200052816;27;3;2022;07:30;2;48;1;1;1;1;"44;8167630000";"3;1576680000"
202200052817;28;11;2022;07:40;3;71;1;2;2;3;"46;1979530000";"4;7636030000"
202200052818;4;1;2022;12:05;1;83;2;1;8;6;"43;1226700000";"5;9529800000"
202200052819;10;7;2022;00:15;3;13;1;1;1;1;"43;6421470000";"5;1811050000"
202200052820;7;6;2022;18:00;1;92;1;1;1;4;"48;9017975965";"2;2030876279"
202200052821;22;10;2022;06:20;5;59;2;1;1;6;"50;6222600000";"3;0532900000"
202200052822;9;8;2022;04:45;5;33;2;1;1;6;"44;6360740000";" -0;3238820000"
202200052823;14;2;2022;21:09;5;35;1;1;2;2;"48;0996600163";" -1;7148569226"
202200052824;6;5;2022;16:10;1;2A;2;3;1;1;"41;9129280187";"8;7256603739"
202200052825;4;1;2022;08:15;1;83;2;1;2;6;"43;1305500000";"5;9284100000"
202200052826;19;9;2022;08:30;1;78;2;1;1;6;"48;8713700000";"2;0993100000"
202200052827;26;11;2022;19:45;3;21;1;1;5;7;"47;1693810000";"5;3942660000"
202200052828;22;10;2022;19:00;5;51;2;1;1;7;"49;2280000000";"4;0377100000"
202200052829;7;6;2022;19:00;1;92;1;1;1;3;"48;8919171813";"2;1781326813"
202200052830;9;7;2022;23:20;5;973;2;1;3;3;"4;9057530000";" -52;2731370000"
202200052831;3;1;2022;15:00;1;83;2;1;1;1;"43;1360700000";"5;9819900000"
202200052832;11;2;2022;14:00;1;34;2;2;1;3;"43;3440000000";"3;2205200000"
202200052833;11;8;2022;15:20;1;972;1;1;1;5;"14;6694770000";" -60;9603020000"
202200052834;7;6;2022;06:10;2;78;1;1;1;6;"48;9703620000";"1;8973520000"
202200052835;11;9;2022;01:40;5;78;2;2;1;1;"48;9869580000";"1;7063450000"
202200052836;5;5;2022;16:15;1;95;1;3;1;3;"48;9250800000";"2;2250000000"
202200052837;22;10;2022;01:20;5;45;2;2;1;3;"47;8855380000";"1;8971540000"
202200052838;7;7;2022;17:35;1;69;1;6;1;3;"45;7640950000";"4;7815040000"
202200052839;4;1;2022;09:04;1;82;1;1;1;2;"44;0421700000";"1;3647600000"
202200052840;24;3;2022;13:30;1;13;1;6;1;3;"43;6018810000";"5;0749860000"