Accident_Id;jour;mois;an;hrmn;lum;dep;agg;int;atm;col;lat;long
202200052841;27;11;2022;20:30;5;88;2;1;1;2;"48;4018860000";"5;6864200000"
202200052842;11;8;2022;14:00;1;35;1;1;1;6;"47;8886817989";" -1;6900763251"
202200052843;6;6;2022;16:00;1;92;1;1;1;3;"48;9348050525";"2;2815014855"
202200052844;22;10;2022;20:45;5;44;2;1;1;3;"47;1961810000";" -1;5308400000"
202200052845;5;5;2022;14:52;1;91;1;9;1;2;"48;4253100000";"2;1447300000"
202200052846;8;7;2022;06:45;2;68;2;1;1;7;"47;5765260000";"7;5639580000"
202200052847;4;1;2022;20:38;5;78;2;1;2;6;"48;9553600000";"2;1386200000"
202200052848;14;2;2022;22:14;5;33;2;2;2;3;"44;8353200000";" -0;5888200000"
202200052849;15;3;2022;15:35;1;01;1;1;1;6;"45;8400420000";"5;0504550000"
202200052850;18;9;2022;11:10;1;77;2;6;1;6;"48;5657100000";"2;6288500000"
202200052851;12;8;2022;07:50;1;67;1;1;1;1;"48;8231520000";"7;9954940000"
202200052852;6;5;2022;09:14;1;87;2;2;1;6;"45;8322600000";"1;2646900000"
202200052853;7;6;2022;17:30;1;95;1;1;1;2;"49;0394200000";"2;4837200000"
202200052854;18;9;2022;02:49;5;77;2;1;1;6;"48;5328900000";"2;6722000000"
202200052855;26;3;2022;21:15;5;74;2;1;1;1;"46;0667250000";"6;5548150000"
202200052856;28;11;2022;10:00;1;01;2;1;2;6;"45;8247490000";"4;9548820000"
202200052857;21;10;2022;22:40;3;42;1;1;8;5;"45;4392466734";"4;3414573073"
202200052858;8;7;2022;20:45;2;31;1;1;1;6;"43;3262911724";"1;6340661049"
202200052859;11;8;2022;20:00;2;62;1;1;1;1;"50;2002540000";"3;0264540000"
202200052860;5;5;2022;15:54;1;87;2;1;1;6;"45;8122900000";"1;3226800000"
202200052861;28;3;2022;17:40;1;06;1;1;1;6;"43;7434600000";"7;3369900000"
202200052862;27;11;2022;19:00;5;01;2;1;8;6;"45;8220710000";"4;9483270000"
202200052863;19;9;2022;07:46;2;77;1;1;1;6;"48;4514680000";"2;7088800000"
202200052864;7;6;2022;07:20;1;93;1;1;2;3;"48;9212115236";"2;3692000928"
202200052865;4;1;2022;08:25;1;77;2;1;2;6;"48;7235200000";"2;6549900000"
202200052866;27;3;2022;16:08;1;30;1;1;1;7;"43;7056064823";"4;5297338962"
202200052867;9;7;2022;17:00;1;987;1;1;1;3;" -17;6180000000";" -149;5490000000"
202200052868;14;2;2022;14:00;1;33;2;3;1;3;"44;8743400000";" -0;5491100000"
202200052869;6;8;2022;18:30;1;57;2;1;1;1;"49;0033010000";"7;3792240000"
202200052870;22;10;2022;11:12;1;35;2;2;1;3;"48;1085800000";" -1;6929900000"
202200052871;7;6;2022;09:10;1;93;1;1;1;7;"48;8972100000";"2;4696700000"
202200052872;24;11;2022;17:40;3;22;1;1;2;6;"48;4540220000";" -2;8388610000"
202200052873;26;3;2022;20:00;3;987;1;1;1;1;" -17;5312350000";" -149;7728780000"
202200052874;6;5;2022;22:55;5;83;2;3;1;3;"43;1285540000";"5;9128200000"
202200052875;12;9;2022;18:00;1;76;2;3;1;6;"49;4837800000";"1;0456500000"
202200052876;11;8;2022;23:38;3;59;1;1;1;6;"50;8613718801";"2;2125434875"
202200052877;22;10;2022;08:30;2;35;1;1;2;6;"48;1381652357";" -1;5783244371"
202200052878;6;7;2022;17:30;1;38;1;1;1;2;"45;2107020000";"5;8067840000"
202200052879;4;1;2022;17:25;1;77;2;2;1;6;"48;4037800000";"2;6921100000"
202200052880;14;2;2022;14:11;1;33;2;1;2;3;"44;8024300000";" -0;6506600000"
202200052881;28;11;2022;11:45;1;59;1;1;1;6;"50;4332480000";"3;2302940000"
202200052882;6;5;2022;07:50;1;83;2;9;1;6;"43;1070340000";"6;0270730000"
202200052883;21;3;2022;05:00;2;986;2;9;1;3;" -13;3367020000";" -176;1880590000"
202200052884;19;9;2022;10:00;1;74;2;1;1;3;"46;1993400000";"6;2247500000"
202200052885;22;10;2022;07:30;5;35;2;6;1;3;"48;0862100000";" -1;6441500000"
202200052886;4;1;2022;15:40;1;76;2;1;1;6;"49;4111000000";"1;1478000000"
202200052887;6;2;2022;23:20;5;30;2;1;1;6;"43;8404200000";"4;3602200000"
202200052888;27;11;2022;06:59;3;13;1;1;1;6;"43;2800500000";"5;5833200000"
202200052889;10;7;2022;18:20;1;21;1;2;1;3;"47;0492000000";"4;8542300000"
202200052890;12;8;2022;13:00;1;74;2;1;1;4;"45;8513020000";"6;1451010000"
202200052891;6;5;2022;03:05;5;83;2;1;1;6;"43;1444600000";"6;0327000000"
202200052892;6;6;2022;02:30;5;93;1;1;1;2;"48;9281462699";"2;3577354704"
202200052893;28;3;2022;17:00;1;45;2;3;1;3;"48;1878100000";"2;2452450000"
202200052894;4;1;2022;15:45;1;76;2;1;3;1;"49;5789687391";"0;4709064960"
202200052895;22;10;2022;20:40;5;33;2;1;1;3;"44;8771600000";" -0;5780200000"
202200052896;19;9;2022;19:35;2;73;2;6;1;6;"45;6900300000";"5;9094500000"
202200052897;9;2;2022;13:20;1;30;2;1;1;3;"43;8401000000";"4;3637000000"
202200052898;25;11;2022;15:30;1;13;1;1;1;4;"43;2849500000";"5;5242500000"
202200052899;7;7;2022;00:10;3;53;1;3;1;6;"48;2285260071";" -0;6562760865"
202200052900;5;5;2022;15:15;1;81;2;3;1;3;"44;0290400000";"2;1300100000"
202200052901;27;3;2022;19:30;1;11;2;3;1;3;"43;0149210000";"3;0621120000"
202200052902;3;1;2022;18:15;2;74;2;1;1;4;"46;1911200000";"6;2505700000"
202200052903;8;6;2022;10:25;1;94;1;1;1;2;"48;8205076244";"2;4018322324"
202200052904;18;9;2022;19:25;1;72;2;1;1;6;"48;0147000000";"0;1620100000"
202200052905;14;2;2022;18:40;2;30;2;9;8;6;"44;1263300000";"4;0800400000"
202200052906;22;10;2022;00:30;5;33;2;1;1;3;"44;8629100000";" -0;6659300000"
202200052907;11;8;2022;15:10;1;76;2;2;1;3;"49;6390870000";"0;2232670000"
202200052908;27;3;2022;11:48;1;67;2;1;1;1;"48;9515500000";"7;7730100000"
202200052909;3;5;2022;12:05;1;80;2;2;1;3;"49;8980400000";"2;2952000000"
202200052910;3;1;2022;19:50;5;72;2;2;2;1;"48;0069200000";"0;1916100000"
202200052911;22;10;2022;08:25;5;33;2;1;1;6;"44;6310722407";" -1;1543342471"
202200052912;14;9;2022;16:20;1;71;2;6;3;3;"46;6811400000";"4;3702900000"
202200052913;7;6;2022;17:00;1;77;1;1;1;3;"48;7597650000";"2;6155970000"
202200052914;26;11;2022;05:30;5;83;1;1;1;2;"43;1424000000";"6;0078600000"
202200052915;14;2;2022;12:15;1;27;2;1;1;2;"49;0035000000";"1;1478700000"
202200052916;12;8;2022;15:00;1;80;2;6;1;3;"49;7469430000";"2;6721670000"
202200052917;3;1;2022;11:55;1;71;2;3;1;6;"46;3208770774";"4;8158962997"
202200052918;3;5;2022;18:30;1;80;1;3;1;3;"49;8573100000";"2;3816000000"
202200052919;17;9;2022;18:00;1;71;2;1;1;7;"46;6777200000";"4;3660500000"
202200052920;12;8;2022;07:50;1;80;2;1;1;6;"49;7423700000";"2;1564480000"
202200052921;22;10;2022;17:00;1;31;2;2;7;3;"43;5930320677";"1;4444285631"
202200052922;3;1;2022;20:35;5;67;2;1;2;6;"48;5708400000";"7;7754200000"
202200052923;12;2;2022;18:45;2;24;1;9;1;3;"45;1959100000";"0;6482700000"
202200052924;26;3;2022;17:00;1;03;2;3;7;1;"46;3131750000";"3;4207660000"
202200052925;27;11;2022;18:42;3;91;1;1;2;2;"48;7287400000";"2;1646300000"
202200052926;6;5;2022;01:10;5;77;2;1;1;6;"48;3922200000";"2;9539500000"
202200052927;7;6;2022;07:45;1;77;1;1;2;4;"48;9732900000";"2;5775050000"
202200052928;8;8;2022;11:30;1;82;1;1;1;2;"44;1638130000";"1;5534930000"
202200052929;4;1;2022;22:30;5;65;2;1;3;2;"43;2053650000";"0;0970090000"
202200052930;19;9;2022;20:50;5;69;2;1;1;2;"45;7080100000";"4;8589400000"
202200052931;28;3;2022;19:06;1;03;1;1;1;3;"46;5174620000";"3;6920390000"
202200052932;21;10;2022;07:30;5;29;2;6;8;3;"47;8898920000";" -3;9161753600"
202200052933;6;5;2022;15:00;1;77;2;1;1;6;"48;8149600000";"3;0837500000"
202200052934;11;8;2022;20:35;1;65;2;1;1;6;"43;0661680000";"0;5027260000"
202200052935;7;6;2022;07:25;2;77;1;1;1;6;"48;8326400000";"2;6604000000"
202200052936;4;1;2022;19:25;5;65;2;1;3;3;"43;2242320000";"0;0678980000"
202200052937;27;11;2022;01:00;5;94;1;1;1;6;"48;8082384632";"2;3401175825"
202200052938;28;3;2022;19:30;1;74;2;1;1;7;"46;3669090000";"6;5668680000"
202200052939;16;9;2022;17:20;1;67;2;3;1;3;"48;5210700000";"7;7257300000"
202200052940;10;2;2022;18:15;5;14;2;1;2;6;"49;1451500000";"0;2667500000"
202200052941;12;8;2022;07:30;1;61;1;1;1;1;"48;8412700000";" -0;6752400000"
202200052942;21;10;2022;20:00;5;27;2;2;1;1;"49;0895500000";"1;4880300000"
202200052943;6;5;2022;19:00;1;69;2;3;1;3;"45;6972700000";"4;9445900000"
202200052944;27;11;2022;04:50;3;93;1;1;1;6;"48;9228077205";"2;3498623726"
202200052945;15;9;2022;23:30;5;67;2;1;1;6;"48;5807100000";"7;7273000000"
202200052946;4;1;2022;06:15;5;62;2;2;3;3;"50;4598510000";"2;5494040000"
202200052947;27;3;2022;15:50;1;38;2;1;1;2;"45;6420000000";"5;3378840000"
202200052948;6;6;2022;18:00;1;77;1;1;1;2;"48;8310240000";"2;7623090000"
202200052949;16;1;2022;16:30;1;13;1;1;7;3;"43;3761900000";"5;0644800000"
202200052950;11;8;2022;19:10;1;12;1;2;1;1;"44;3130550000";"2;5599220000"
202200052951;6;5;2022;09:00;1;69;2;1;1;1;"45;7842400000";"4;8969000000"
202200052952;22;10;2022;19:04;5;26;2;1;1;2;"44;9314500000";"4;8845600000"
202200052953;3;1;2022;16:27;1;61;2;1;3;6;"48;4262400000";"0;0890760000"
202200052954;15;9;2022;17:12;1;67;2;3;1;3;"48;5695070215";"7;7631631494"
202200052955;6;6;2022;14:45;1;93;1;1;1;2;"48;8612242569";"2;4841007475"
202200052956;27;3;2022;10:35;1;26;2;4;1;1;"44;9370460000";"5;0957040000"
202200052957;21;10;2022;11:45;1;19;1;1;1;7;"45;2733449683";"1;7895587683"
202200052958;11;8;2022;23:55;5;47;2;1;1;1;"44;3006410000";"0;3366490000"
202200052959;14;2;2022;10:50;1;06;1;1;2;3;"43;6321710000";"6;9576900000"
202200052960;26;11;2022;03:10;4;93;1;1;1;5;"48;9202730000";"2;3570130000"
202200052961;6;5;2022;11:30;1;69;1;3;1;3;"45;9853100000";"4;7027400000"
202200052962;4;1;2022;17:20;5;59;2;2;2;6;"50;7109896604";"3;1519389153"
202200052963;19;9;2022;09:45;1;64;2;1;1;2;"43;3734500000";" -1;7553700000"
202200052964;6;6;2022;05:20;2;94;1;1;1;7;"48;8344649607";"2;4932511256"
202200052965;28;3;2022;18:40;1;01;2;1;1;1;"45;8113890000";"5;0224420000"
202200052966;22;10;2022;14:30;1;18;2;9;1;3;"47;2366000000";"2;0924000000"
202200052967;4;5;2022;18:20;1;66;1;1;1;2;"42;7132764582";"2;8721389174"
202200052968;12;8;2022;03:13;5;44;2;1;1;7;"47;1198330000";" -2;1047270000"
202200052969;12;2;2022;23:15;5;75;2;1;1;2;"48;8594960000";"2;2627270000"
202200052970;1;1;2022;00:30;5;59;2;1;1;1;"50;3917168776";"3;0638739467"
202200052971;27;11;2022;19:10;3;75;1;1;1;2;"48;8171410884";"2;4549669027"
202200052972;17;10;2022;18:50;2;14;1;1;1;7;"49;3246610000";"0;0639450000"
202200052973;27;3;2022;16:35;1;69;1;1;1;6;"45;7476570000";"4;5727370000"
202200052974;29;3;2022;15:58;1;36;2;1;1;6;"46;8089356286";"1;6903227568"
202200052975;11;8;2022;23:50;3;70;2;1;1;7;"47;6076530000";"6;1900450000"
202200052976;3;1;2022;13:45;1;56;2;1;2;6;"47;7621643000";" -3;3901070000"
202200052977;6;5;2022;23:45;5;64;2;6;1;3;"43;2962000000";" -0;3763800000"
202200052978;19;9;2022;13:45;1;64;2;6;1;7;"43;3110000000";" -0;3630000000"
202200052979;3;1;2022;15:55;1;49;2;1;2;7;"47;4666600000";" -0;5155500000"
202200052980;21;10;2022;22:20;5;13;2;1;1;3;"43;4222834165";"5;2867503767"
202200052981;28;3;2022;04:30;3;79;1;1;1;6;"46;4186450000";" -0;0510910000"
202200052982;12;2;2022;21:10;5;75;2;4;1;3;"48;8521100000";"2;4150570000"
202200052983;12;8;2022;05:50;2;58;1;3;9;7;"46;8420460000";"3;9422790000"
202200052984;5;5;2022;12:00;1;62;2;1;1;3;"50;4773500000";"2;9388600000"
202200052985;3;1;2022;23:14;5;47;2;1;1;6;"44;2080000000";"0;6200300000"
202200052986;31;3;2022;15:44;1;31;1;3;2;3;"43;4746020000";"1;7171980000"
202200052987;18;9;2022;09:25;1;64;2;4;1;3;"43;4669365482";" -1;5717208385"
202200052988;21;10;2022;05:15;5;13;1;6;8;3;"43;4171600000";"5;2895900000"
202200052989;24;7;2022;17:50;1;66;1;1;1;7;"42;6243980000";"2;4445440000"
202200052990;14;2;2022;08:40;1;75;2;5;1;7;"48;8723110000";"2;3977750000"
202200052991;25;11;2022;19:00;5;94;1;1;1;5;"48;8270194777";"2;5116058458"
202200052992;24;3;2022;17:57;1;85;1;2;1;5;"46;4287890000";" -0;8350940000"
202200052993;4;1;2022;15:09;1;45;2;2;1;3;"47;8586065223";"1;9066640139"
202200052994;22;10;2022;01:45;5;13;2;1;1;6;"43;2844300000";"5;3496800000"
202200052995;19;9;2022;18:30;1;64;1;1;1;2;"43;4787900000";" -1;5092600000"
202200052996;6;5;2022;13:55;1;59;2;2;1;3;"50;6166000000";"3;0630500000"
202200052997;4;1;2022;07:40;5;45;2;1;3;6;"47;9151740000";"1;9128570000"
202200052998;26;3;2022;15:40;1;49;1;1;1;7;"47;1427520000";" -1;1295530000"
202200052999;28;11;2022;07:45;5;59;2;2;1;1;"50;6438500000";"3;1356400000"
202200053000;21;10;2022;12:15;1;13;2;1;1;2;"43;2864636782";"5;5872865766"
202200053001;8;8;2022;12:00;1;14;2;2;1;3;"49;1091210000";"0;0069520000"
202200053002;6;5;2022;11:50;1;59;2;9;1;1;"50;6825709944";"3;1069157123"
202200053003;2;6;2022;17:30;1;37;1;2;1;3;"47;5899300000";"0;9310080000"
202200053004;4;1;2022;18:20;5;44;2;1;8;1;"47;2769100000";" -1;5095700000"
202200053005;19;9;2022;11:35;1;64;2;3;7;3;"43;4801900000";" -1;5210900000"
202200053006;27;3;2022;18:45;1;29;2;1;1;6;"48;4496710000";" -4;2462320000"
202200053007;22;10;2022;18:05;2;10;1;1;1;3;"48;2888500000";"4;1574900000"
202200053008;26;11;2022;22:20;5;44;2;8;1;6;"47;2205000000";" -1;5550890000"
202200053009;5;5;2022;21:00;1;56;2;1;1;6;"47;7518300000";" -3;3555400000"
202200053010;11;8;2022;17:10;1;14;1;1;1;3;"49;1003370000";" -0;6096940000"
202200053011;4;1;2022;19:56;5;44;2;1;1;6;"47;2468400000";" -1;5773000000"
202200053012;23;3;2022;02:45;3;27;1;1;1;6;"49;0692900000";"1;1809340000"
202200053013;18;10;2022;18:35;2;05;1;1;1;7;"44;5105336463";"6;0714800886"
202200053014;17;9;2022;06:55;4;64;2;1;1;2;"43;4758800000";" -1;5280100000"
202200053015;8;8;2022;22:00;3;09;1;1;1;1;"42;9767170000";"1;6651260000"
202200053016;29;4;2022;13:35;1;54;2;6;1;3;"48;6184937910";"6;1766874790"
202200053017;26;11;2022;08:30;1;33;2;6;1;6;"44;6572800000";" -1;1584200000"
202200053018;4;1;2022;13:20;1;42;2;1;8;3;"46;0565349981";"4;0624359308"
202200053019;13;2;2022;20:25;5;75;2;1;1;4;"48;8501052353";"2;4151280522"
202200053020;7;6;2022;17:15;1;95;2;1;1;4;"49;1420110000";"2;2517520000"
202200053021;26;6;2022;19:00;1;74;2;1;1;3;"46;0767190000";"6;4064190000"
202200053022;28;3;2022;08:20;1;60;2;3;1;6;"49;3550511589";"2;7763170004"
202200053023;11;8;2022;22:30;3;45;1;1;1;7;"48;1557131582";"2;0522546768"
202200053024;4;1;2022;13:00;1;37;2;1;1;7;"47;3941514129";"0;6668829918"
202200053025;18;9;2022;21:41;5;63;2;5;1;3;"45;8003267717";"3;1115582585"
202200053026;6;5;2022;18:30;1;51;2;2;1;7;"49;2505491645";"4;0524691343"
202200053027;7;8;2022;02:30;5;73;2;1;1;6;"45;6610000000";"6;3810000000"
202200053028;6;6;2022;16:30;1;95;1;1;1;6;"49;1385216664";"2;2535276413"
202200053029;3;6;2022;16:15;1;74;1;4;1;3;"46;1126500000";"6;0402700000"
202200053030;4;1;2022;15:10;1;33;2;1;2;3;"44;7911400000";" -0;5874800000"
202200053031;21;3;2022;08:45;1;13;1;1;1;4;"43;3837700000";"5;2312300000"
202200053032;2;9;2022;15:00;1;60;2;1;1;6;"49;4274860000";"2;8161310000"
202200053033;4;6;2022;16:05;1;59;1;1;1;7;"50;9192255072";"2;5235348940"
202200053034;24;7;2022;18:00;1;62;2;9;1;6;"50;7381600000";"1;6092080000"
202200053035;17;5;2022;17:40;1;74;1;3;1;3;"46;1384260000";"6;3148100000"
202200053036;19;9;2022;19:10;1;59;2;1;1;2;"50;7768233092";"3;1240922213"
202200053037;4;1;2022;06:30;5;33;2;3;1;3;"44;8678800000";" -0;6700900000"
202200053038;12;8;2022;10:20;1;73;1;3;1;3;"45;5139200000";"6;0916900000"
202200053039;27;3;2022;00:45;3;69;1;1;1;2;"45;6072600000";"4;8022400000"
202200053040;7;6;2022;06:45;1;42;1;1;1;7;"45;4663310000";"4;5498630000"
202200053041;6;5;2022;17:10;1;51;2;1;1;4;"49;2381140000";"4;0652560000"
202200053042;21;10;2022;19:55;5;75;2;1;1;3;"48;8945610000";"2;3054090000"
202200053043;19;9;2022;08:30;1;59;1;3;1;3;"50;5861771853";"3;0343347788"
202200053044;31;7;2022;11:00;1;73;1;1;1;3;"45;4997300000";"6;0429100000"
202200053045;26;3;2022;05:25;3;42;1;1;1;6;"45;4583700000";"4;4073800000"
202200053046;3;1;2022;11:05;1;33;2;4;1;6;"44;8369609445";" -0;6068095565"
202200053047;25;8;2022;08:00;1;976;2;3;1;2;" -12;7726400000";"45;2231200000"
202200053048;6;5;2022;07:41;1;49;2;1;1;3;"47;4732800000";" -0;4938300000"
202200053049;6;6;2022;14:15;1;74;2;1;1;6;"46;3306910000";"6;3719470000"
202200053050;22;10;2022;09:30;1;75;2;4;1;3;"48;8882580000";"2;3958480000"
202200053051;3;1;2022;12:10;1;31;2;1;1;3;"43;6336300000";"1;4313300000"
202200053052;11;8;2022;19:13;1;10;2;1;1;2;"48;5115460000";"3;7248100000"
202200053053;6;5;2022;20:40;1;45;2;1;1;7;"47;9235100000";"1;9566000000"
202200053054;19;9;2022;06:30;5;59;2;3;1;2;"50;6354571822";"3;0708852410"
202200053055;25;3;2022;17:00;1;67;1;1;1;4;"48;5872500000";"7;7127700000"
202200053056;16;8;2022;11:40;1;976;2;1;1;6;" -12;7900100000";"45;2204600000"
202200053057;7;6;2022;14:00;1;31;2;1;1;6;"43;5363460000";"1;3621970000"
202200053058;4;1;2022;18:10;4;27;1;1;1;1;"49;1130400000";"1;5185000000"
202200053059;12;8;2022;12:00;1;40;1;1;1;1;"43;7719930000";" -0;4181670000"
202200053060;18;9;2022;15:37;1;51;2;1;1;3;"48;9698695345";"4;3708151579"
202200053061;26;3;2022;19:00;2;91;1;1;1;7;"48;6177200000";"2;4284100000"
202200053062;21;10;2022;22:00;5;75;2;2;1;3;"48;8842550000";"2;3026760000"
202200053063;6;5;2022;14:20;1;45;2;3;1;3;"47;9249615949";"1;9275568575"
202200053064;7;6;2022;11:30;1;89;1;1;1;7;"48;1699780000";"3;3765310000"
202200053065;26;11;2022;16:24;1;976;2;9;1;3;" -12;7757900000";"45;2252800000"
202200053066;8;8;2022;18:00;1;24;1;6;1;6;"44;8888290000";"0;5512050000"
202200053067;3;1;2022;17:45;3;27;2;1;2;6;"49;0026300000";"1;1581300000"
202200053068;17;9;2022;07:20;2;50;2;1;1;6;"49;6557500000";" -1;6749500000"
202200053069;6;5;2022;10:45;1;45;2;1;1;6;"47;9052833529";"1;9119231552"
202200053070;3;1;2022;16:20;1;27;2;1;2;7;"49;0245400000";"1;1720300000"
202200053071;26;3;2022;21:00;4;93;1;9;1;4;"48;9228102258";"2;3450229211"
202200053072;12;8;2022;01:40;3;27;1;1;1;6;"48;9748678233";"1;1460371017"
202200053073;22;10;2022;18:15;1;75;2;7;1;6;"48;8439460000";"2;3229090000"
202200053074;19;9;2022;19:25;1;47;2;2;1;3;"44;2053700000";"0;6277500000"
202200053075;3;1;2022;18:20;5;26;2;3;1;1;"44;9244600000";"4;9278900000"
202200053076;22;10;2022;16:35;1;75;2;1;1;2;"48;8329130000";"2;4005960000"
202200053077;6;6;2022;12:00;1;56;1;3;2;1;"47;5368900000";" -2;7408860000"
202200053078;6;5;2022;16:00;1;37;2;1;1;6;"47;3606000000";"0;7019200000"
202200053079;12;8;2022;09:50;1;30;1;1;1;1;"43;9981200000";"4;1238750000"
202200053080;26;11;2022;10:00;1;974;1;1;1;5;" -21;3266900000";"55;4496400000"
202200053081;26;3;2022;13:10;1;93;1;9;1;4;"48;9200600000";"2;3575600000"
202200053082;3;1;2022;13:00;1;25;2;2;2;3;"46;9023300000";"6;3545400000"
202200053083;19;9;2022;19:45;1;45;2;2;1;3;"47;9147400000";"1;9020900000"
202200053084;22;10;2022;10:20;1;75;2;2;1;3;"48;8702120000";"2;3110700000"
202200053085;6;5;2022;11:05;1;37;2;3;1;6;"47;3799795949";"0;6951749325"
202200053086;27;3;2022;14:40;1;94;1;1;1;2;"48;8434004838";"2;4931471702"
202200053087;17;9;2022;19:15;1;45;2;1;1;6;"48;0011700000";"2;7272200000"
202200053088;4;1;2022;18:00;5;25;2;3;3;3;"47;2195300000";"5;9756000000"
202200053089;26;11;2022;07:15;1;974;1;1;1;1;" -20;8890900000";"55;4369900000"
202200053090;11;8;2022;23:52;3;06;2;6;1;3;"43;6004820000";"6;9861080000"
202200053091;5;5;2022;09:00;1;37;2;1;1;3;"47;3902184071";"0;6941235065"
202200053092;21;10;2022;21:15;5;75;2;2;1;3;"48;8414900000";"2;3079400000"
202200053093;27;3;2022;07:00;1;94;1;1;1;2;"48;8107024269";"2;4491754571"
202200053094;19;9;2022;22:44;5;44;2;1;1;1;"47;2279860000";" -1;5806120000"
202200053095;1;1;2022;03:58;5;24;2;6;1;6;"45;1893800000";"0;7497900000"
202200053096;6;5;2022;22:00;2;35;2;1;1;6;"48;1113800000";" -1;6792600000"
202200053097;26;11;2022;08:30;1;974;2;1;1;6;" -20;9043300000";"55;4876600000"
202200053098;21;10;2022;18:12;1;75;2;3;1;6;"48;8592300000";"2;3051390000"
202200053099;27;3;2022;03:10;3;77;1;1;1;6;"48;8357847289";"2;8087362763"
202200053100;14;9;2022;11:00;1;42;2;9;1;6;"45;4872900000";"4;5525800000"
202200053101;6;5;2022;21:35;2;35;2;1;1;3;"48;1138200000";" -1;7052600000"
202200053102;4;1;2022;09:00;1;21;2;1;8;4;"47;0410800000";"4;8483800000"
202200053103;22;10;2022;15:00;1;75;2;7;1;3;"48;8665650000";"2;3648290000"
202200053104;26;11;2022;07:00;1;974;2;1;1;2;" -20;8934000000";"55;4700400000"
202200053105;26;3;2022;19:30;2;77;1;1;1;6;"48;9661856923";"2;6068511155"
202200053106;12;8;2022;11:50;1;11;1;1;1;1;"43;1692540000";"3;1160830000"
202200053107;18;9;2022;12:40;1;41;2;6;1;2;"47;5698500000";"1;3732700000"
202200053108;3;1;2022;16:36;1;21;2;1;1;6;"47;0345251472";"4;8346012831"
202200053109;6;5;2022;13:45;1;35;2;1;1;6;"48;1310100000";" -1;6337000000"
202200053110;22;10;2022;11:10;1;75;2;2;1;6;"48;8560700000";"2;3506930000"
202200053111;26;3;2022;19:30;1;93;1;1;1;3;"48;8360617958";"2;5586780697"
202200053112;19;9;2022;19:30;1;37;2;1;1;6;"47;3968604040";"0;7093477249"
202200053113;11;8;2022;15:30;1;17;1;1;1;7;"45;9185720000";" -0;5820820000"
202200053114;3;1;2022;19:30;5;14;2;2;3;3;"49;1520530000";"0;2242850000"
202200053115;26;3;2022;18:40;1;77;1;1;1;6;"48;8319679504";"2;6729113959"
202200053116;6;5;2022;20:30;1;33;2;3;1;1;"44;8310800000";" -0;6481900000"
202200053117;22;10;2022;04:45;5;75;2;2;1;6;"48;8591070000";"2;3464290000"
202200053118;19;1;2022;17:15;1;33;1;6;1;7;"44;7769610000";" -1;0510830000"
202200053119;26;3;2022;12:45;1;75;2;1;1;6;"48;8742020000";"2;2617560000"
202200053120;4;1;2022;08:30;1;13;2;7;1;3;"43;3264250296";"5;4385691885"
202200053121;22;10;2022;02:40;5;75;2;2;1;7;"48;8644440000";"2;3515380000"
202200053122;19;9;2022;18:55;1;37;2;3;7;3;"47;3480800000";"0;6583700000"
202200053123;6;5;2022;19:00;1;33;2;3;1;3;"44;8188092270";" -0;6991365552"
202200053124;11;8;2022;10:27;1;11;2;1;1;6;"42;8570320000";"3;0375480000"
202200053125;26;3;2022;10:00;1;33;2;1;1;6;"44;8442300000";" -0;6396500000"
202200053126;3;1;2022;09:50;1;13;2;1;1;2;"43;2745089681";"5;4150978180"
202200053127;19;9;2022;08:10;2;35;2;1;1;6;"48;1099800000";" -1;6621800000"
202200053128;19;3;2022;12:45;1;33;2;1;1;3;"44;8274200000";" -0;5612600000"
202200053129;22;10;2022;10:20;1;94;2;2;1;2;"48;8075900000";"2;5058900000"
202200053130;12;8;2022;09:40;1;2A;1;1;1;3;"41;5435450000";"9;2808510000"
202200053131;17;9;2022;10:00;1;34;2;1;1;6;"43;5945430000";"3;8716270000"
202200053132;2;1;2022;19:20;5;13;2;2;1;3;"43;2902200000";"5;3574000000"
202200053133;12;8;2022;12:45;1;13;1;1;1;1;"43;2417520000";"5;5939830000"
202200053134;6;5;2022;09:15;1;30;2;6;1;3;"44;1550000000";"4;6162900000"
202200053135;21;10;2022;22:30;5;94;2;2;1;3;"48;7962100000";"2;5002900000"
202200053136;26;3;2022;12:58;1;69;2;2;1;6;"45;7703500000";"4;8616600000"
202200053137;3;1;2022;12:10;2;13;2;1;8;6;"43;2917988062";"5;5614422283"
202200053138;8;8;2022;13:54;1;13;2;1;1;6;"43;4301170000";"5;3928750000"
202200053139;19;9;2022;19:20;1;33;2;3;1;3;"44;8625600000";" -0;5844500000"
202200053140;22;10;2022;11:50;1;94;2;1;1;3;"48;8117740000";"2;3598800000"
202200053141;25;3;2022;21:05;5;93;2;1;1;6;"48;8923127112";"2;4264684319"
202200053142;26;4;2022;16:45;1;30;2;3;1;3;"44;0742000000";"4;0907700000"
202200053143;3;1;2022;12:02;1;10;2;1;1;7;"48;2949000000";"4;0671300000"
202200053144;11;8;2022;23:20;4;13;2;1;1;1;"43;6333340000";"5;6425200000"
202200053145;4;1;2022;15:40;1;06;2;1;1;6;"43;6288610000";"6;9378800000"
202200053146;22;10;2022;08:40;1;94;2;1;1;6;"48;7607600726";"2;3536232808"
202200053147;14;4;2022;09:00;1;22;2;1;1;6;"48;5177300000";" -2;7991300000"