Accident_Id;jour;mois;an;hrmn;lum;dep;agg;int;atm;col;lat;long
202200053148;24;3;2022;23:40;5;93;2;9;1;1;"48;9363380000";"2;4315210000"
202200053149;19;9;2022;19:20;1;33;1;6;1;3;"44;8171260784";" -0;6749390066"
202200053150;11;8;2022;17:12;1;26;1;1;7;6;"44;9051050000";"4;8800160000"
202200053151;22;10;2022;14:10;1;93;2;1;1;7;"48;8420135780";"2;5596572320"
202200053152;5;5;2022;18:15;1;14;1;1;1;2;"49;1966300000";" -0;3395700000"
202200053153;11;8;2022;11:35;1;89;2;1;1;6;"48;0196580000";"3;5122510000"
202200053154;26;3;2022;11:34;1;973;2;1;1;3;"4;9343403002";" -52;3206549883"
202200053155;4;1;2022;18:50;5;04;2;3;1;2;"43;8341600000";"5;7991600000"
202200053156;19;9;2022;13:10;1;33;2;6;1;3;"44;8131700000";" -0;6351600000"
202200053157;12;8;2022;16:30;1;89;1;1;1;6;"48;3319740000";"3;2142150000"
202200053158;6;5;2022;20:30;2;13;2;1;8;2;"43;3067504491";"5;3746903713"
202200053159;22;10;2022;14:10;1;93;2;1;1;2;"48;9310200000";"2;3862900000"
202200053160;18;9;2022;13:20;1;33;2;1;1;6;"44;8487901937";" -0;5628266931"
202200053161;4;1;2022;12:20;1;75;2;4;2;6;"48;8648260000";"2;4129960000"
202200053162;22;10;2022;17:05;1;93;2;1;1;6;"48;8945083200";"2;4815263036"
202200053163;11;8;2022;15:50;1;52;1;1;1;3;"47;8744085026";"5;3624010086"
202200053164;3;5;2022;16:55;1;13;2;1;1;2;"43;2876617210";"5;4488022947"
202200053165;26;3;2022;23:00;5;69;2;3;1;3;"45;7159400000";"4;8782700000"
202200053166;4;1;2022;10:30;1;75;2;1;2;6;"48;8491920000";"2;3276150000"
202200053167;22;10;2022;15:05;1;92;2;3;1;3;"48;8849600000";"2;2551600000"
202200053168;12;7;2022;19:20;1;88;2;2;1;3;"48;3126310000";"6;7159300000"
202200053169;25;3;2022;17:40;2;972;2;1;1;6;"14;6078000000";" -61;0696400000"
202200053170;27;4;2022;20:10;1;13;1;1;1;1;"43;7188300000";"4;6463500000"
202200053171;4;1;2022;07:00;5;75;2;3;2;7;"48;9005210000";"2;3354350000"
202200053172;22;10;2022;19:40;5;92;2;1;1;2;"48;8211300000";"2;2570500000"
202200053173;5;5;2022;18:21;1;10;1;1;1;2;"48;2721500000";"4;0478400000"
202200053174;11;8;2022;20:30;2;74;1;1;1;6;"46;2561060000";"6;5190770000"
202200053175;4;1;2022;19:55;5;75;2;3;2;3;"48;8622240000";"2;2293270000"
202200053176;23;10;2022;07:15;3;41;1;1;1;7;"47;3709030000";"1;7719320000"
202200053177;26;3;2022;09:05;1;91;1;1;1;2;"48;6913400000";"2;4522300000"
202200053178;6;5;2022;16:10;1;03;2;3;1;6;"46;5600200000";"3;3334000000"
202200053179;4;1;2022;07:05;3;75;2;1;2;3;"48;8690670000";"2;2708500000"
202200053180;26;3;2022;13:52;1;91;2;1;1;2;"48;4349100000";"2;1638200000"
202200053181;10;8;2022;18:35;1;42;1;2;1;2;"45;6896940000";"4;0368480000"
202200053182;6;5;2022;23:25;3;01;2;1;1;6;"46;2092700000";"5;2342800000"
202200053183;23;10;2022;02:15;3;988;1;9;2;3;" -20;6057900000";"164;3229500000"
202200053184;26;3;2022;06:01;2;84;2;1;1;1;"44;1236400000";"4;8190600000"
202200053185;3;1;2022;19:15;5;75;2;3;2;6;"48;8574690000";"2;2910530000"
202200053186;23;10;2022;00:10;3;28;1;6;1;7;"48;4370310000";"1;4309260000"
202200053187;11;8;2022;07:45;1;38;2;1;1;1;"45;5835190000";"4;7987910000"
202200053188;5;5;2022;09:00;1;75;2;4;1;2;"48;8688270000";"2;4134740000"
202200053189;25;3;2022;13:38;1;83;2;1;1;6;"43;1474200000";"5;9020900000"
202200053190;4;1;2022;06:08;5;75;2;3;3;3;"48;8344090000";"2;4098910000"
202200053191;23;10;2022;07:20;3;35;1;1;1;6;"47;7672320000";" -1;7102510000"
202200053192;6;5;2022;17:15;1;75;2;2;7;6;"48;8375340000";"2;4253510000"
202200053193;25;3;2022;19:45;1;81;2;1;1;6;"43;9067000000";"2;1412000000"
202200053194;11;8;2022;18:30;1;26;2;3;1;1;"44;9652000000";"4;9671200000"
202200053195;14;10;2022;16:10;1;84;1;1;1;1;"44;0760240000";"4;8326970000"
202200053196;3;1;2022;08:00;2;75;2;3;8;2;"48;8432410000";"2;3853510000"
202200053197;12;8;2022;12:15;1;01;2;1;1;6;"45;8238340000";"4;9549230000"
202200053198;6;5;2022;09:15;1;75;2;2;1;6;"48;8721910000";"2;3328140000"
202200053199;4;1;2022;02:05;3;75;2;2;3;7;"48;8625667771";"2;3104065657"
202200053200;6;5;2022;18:50;1;75;2;1;1;6;"48;8745770000";"2;3957380000"
202200053201;22;10;2022;20:50;3;37;1;1;1;1;"46;9624770000";"0;5485010000"
202200053202;26;3;2022;10:30;1;78;2;9;1;2;"48;9281650000";"2;0046320000"
202200053203;10;8;2022;17:13;1;01;1;3;7;3;"46;1509660000";"5;1942320000"
202200053204;6;5;2022;14:45;1;75;2;2;1;6;"48;8696770000";"2;4026340000"
202200053205;4;1;2022;05:00;5;75;2;2;3;3;"48;8719070000";"2;3009320000"
202200053206;26;3;2022;18:00;1;77;2;3;1;3;"48;4239060000";"2;7393730000"
202200053207;6;5;2022;18:00;1;75;2;1;1;6;"48;8987830000";"2;3751390000"
202200053208;12;8;2022;08:55;1;09;1;1;1;2;"42;9294050000";"1;7362150000"
202200053209;22;10;2022;16:00;1;83;1;1;1;1;"43;4114700000";"5;9089280000"
202200053210;26;3;2022;05:05;3;77;1;1;1;6;"48;3036400000";"2;6804800000"
202200053211;3;1;2022;18:40;4;75;2;3;3;6;"48;8721350000";"2;3129300000"
202200053212;22;10;2022;17:40;1;51;2;1;1;7;"48;9617960000";"3;6772820000"
202200053213;10;8;2022;18:45;1;33;2;1;1;6;"45;1845720000";" -1;0570270000"
202200053214;6;5;2022;13:25;1;75;2;3;1;3;"48;8768600000";"2;3744030000"
202200053215;4;1;2022;10:00;1;75;2;1;2;7;"48;8595870000";"2;3355990000"
202200053216;26;3;2022;17:00;1;76;2;1;1;2;"49;4023600000";"1;0655100000"
202200053217;23;10;2022;15:10;1;56;2;1;1;6;"47;6584940000";" -3;2060440000"
202200053218;5;5;2022;21:30;5;75;2;4;1;3;"48;8954580000";"2;3831410000"
202200053219;4;1;2022;21:30;5;94;2;1;2;3;"48;7844620000";"2;3671970000"
202200053220;11;8;2022;16:00;1;44;2;2;7;3;"47;3502310000";" -2;1814610000"
202200053221;26;3;2022;21:30;5;69;2;1;1;3;"45;7167700000";"4;9280700000"
202200053222;23;10;2022;17:25;1;80;2;2;2;6;"50;0361490000";"1;5979640000"
202200053223;4;1;2022;07:30;3;94;2;1;2;3;"48;7728809244";"2;4344560504"
202200053224;4;8;2022;16:45;1;44;2;1;1;3;"47;2720730000";" -1;4658390000"
202200053225;6;5;2022;18:30;1;75;2;3;1;3;"48;8908800000";"2;3532450000"
202200053226;25;3;2022;16:40;1;69;2;1;1;6;"45;9941400000";"4;7047500000"
202200053227;22;10;2022;21:30;3;71;1;9;1;7;"46;8984140000";"5;1576300000"
202200053228;4;1;2022;15:00;1;94;2;1;8;3;"48;8272600000";"2;5206000000"
202200053229;6;5;2022;06:20;1;75;2;2;1;3;"48;8912660000";"2;3632940000"
202200053230;12;8;2022;10:10;1;22;2;1;1;3;"48;7771210000";" -3;5814300000"
202200053231;22;10;2022;15:45;1;63;1;1;1;6;"45;9436380000";"3;4918770000"
202200053232;26;3;2022;16:10;1;64;2;1;1;5;"43;3401600000";" -0;3759600000"
202200053233;4;1;2022;14:03;1;93;2;4;8;3;"48;9361497479";"2;3645432515"
202200053234;21;10;2022;07:45;2;55;2;1;2;6;"48;8885010000";"5;7207230000"
202200053235;5;5;2022;21:13;5;75;2;2;1;3;"48;8894830000";"2;3496010000"
202200053236;26;3;2022;00:40;5;62;2;1;1;6;"50;5362000000";"2;7709000000"
202200053237;10;8;2022;20:50;1;22;2;6;1;3;"48;5995440000";" -2;2875600000"
202200053238;22;10;2022;19:30;3;49;1;1;1;7;"47;1067800000";" -0;5181660000"
202200053239;4;1;2022;07:50;2;93;2;2;2;6;"48;8900300000";"2;4527600000"
202200053240;5;5;2022;11:40;1;75;2;1;1;2;"48;8846350000";"2;3564550000"
202200053241;25;3;2022;16:10;1;60;1;1;1;6;"49;4174400000";"2;8233100000"
202200053242;22;10;2022;19:20;3;49;1;9;1;6;"47;4841102227";"0;1700305939"
202200053243;1;1;2022;06:54;5;93;2;1;1;2;"48;9169200000";"2;4454800000"
202200053244;26;3;2022;17:20;1;59;2;1;1;6;"50;6333700000";"3;0913400000"
202200053245;6;5;2022;18:25;1;75;2;2;1;3;"48;8942280000";"2;3206170000"
202200053246;22;10;2022;17:50;1;12;1;3;1;6;"44;3439650000";"3;0190790000"
202200053247;6;5;2022;06:20;1;75;2;1;1;6;"48;8702260000";"2;2744160000"
202200053248;22;10;2022;04:15;3;12;1;1;8;6;"44;4205590000";"2;3036420000"
202200053249;4;1;2022;12:50;1;93;2;7;2;6;"48;9063650000";"2;4387980000"
202200053250;25;3;2022;10:30;1;59;1;2;1;1;"50;7359028679";"2;7114611864"
202200053251;22;10;2022;20:10;3;46;1;1;1;6;"44;5264930911";"1;3156797904"
202200053252;6;5;2022;10:20;1;75;2;3;1;3;"48;8259400000";"2;3604390000"
202200053253;26;3;2022;09:40;1;54;2;1;1;3;"48;6971600000";"6;2551100000"
202200053254;4;1;2022;09:55;1;93;2;1;2;2;"48;8998190000";"2;4485690000"
202200053255;23;10;2022;10:20;1;47;1;1;1;6;"44;5417117011";"0;2991277544"
202200053256;6;5;2022;15:35;1;75;2;3;1;6;"48;8676280000";"2;3756390000"
202200053257;26;3;2022;14:59;1;47;2;1;1;2;"44;2011200000";"0;6120300000"
202200053258;4;1;2022;12:30;1;92;2;1;8;7;"48;8724324096";"2;2209341079"
202200053259;22;10;2022;21:15;3;34;1;1;1;2;"43;5757570000";"3;4635580000"
202200053260;6;5;2022;12:07;1;75;2;1;1;3;"48;8695950000";"2;3670220000"
202200053261;17;10;2022;13:30;1;25;2;1;1;6;"47;5066460000";"6;8589220000"
202200053262;26;3;2022;17:55;1;44;2;3;1;3;"47;2904200000";" -2;2659000000"
202200053263;6;5;2022;14:40;1;75;2;2;1;6;"48;8687820000";"2;3218320000"
202200053264;3;1;2022;15:15;1;92;2;3;2;2;"48;8783231787";"2;2424675524"
202200053265;23;10;2022;11:30;1;44;1;2;1;3;"47;0142530000";" -1;6505560000"
202200053266;26;3;2022;18:50;1;37;2;2;1;3;"47;3826200000";"0;6833000000"
202200053267;23;3;2022;20:10;5;75;2;3;1;7;"48;8598290000";"2;3088410000"
202200053268;6;5;2022;00:05;5;75;2;4;1;6;"48;8601150000";"2;3216100000"
202200053269;26;3;2022;14:40;1;37;2;2;1;3;"47;4214473871";"0;6860554218"
202200053270;22;10;2022;18:30;2;44;1;1;1;1;"46;9537560000";" -1;7616750000"
202200053271;2;1;2022;08:20;2;92;2;5;1;3;"48;8867300000";"2;2830900000"
202200053272;26;3;2022;06:30;1;33;2;1;1;6;"44;8015003964";" -0;5943946965"
202200053273;6;5;2022;11:15;1;75;2;2;1;1;"48;8695370000";"2;3367950000"
202200053274;12;10;2022;00:28;3;35;2;1;1;6;"48;3341119672";" -1;1667468399"
202200053275;22;10;2022;10:05;1;38;1;1;1;7;"45;4774630000";"5;9383090000"
202200053276;26;3;2022;14:05;1;29;2;6;1;2;"48;4012620000";" -4;4497050000"
202200053277;5;5;2022;08:20;1;75;2;2;1;6;"48;8619900000";"2;3501570000"
202200053278;4;1;2022;13:25;1;92;2;5;1;6;"48;9017075874";"2;2189593315"
202200053279;23;10;2022;06:30;3;02;1;3;1;3;"49;5920420000";"3;5412880000"
202200053280;6;5;2022;15:03;1;94;2;9;1;6;"48;8478600000";"2;4445000000"
202200053281;26;3;2022;11:00;1;26;1;1;1;7;"44;5313400000";"4;7443300000"
202200053282;3;1;2022;21:20;5;92;2;6;2;5;"48;8232417264";"2;2496239543"
202200053283;23;10;2022;17:45;1;15;2;1;1;6;"45;0855570000";"2;5289910000"
202200053284;6;5;2022;18:00;1;94;2;1;1;7;"48;8063400000";"2;4795330000"
202200053285;3;1;2022;18:10;5;92;2;1;3;6;"48;9319020000";"2;2895660000"
202200053286;26;3;2022;07:10;1;26;2;2;1;3;"44;5570100000";"4;7279000000"
202200053287;22;10;2022;15:15;1;15;1;1;1;7;"45;0008290000";"2;4046300000"
202200053288;5;5;2022;19:10;1;94;2;1;1;3;"48;7908400000";"2;5066000000"
202200053289;26;3;2022;13:45;1;22;2;1;7;2;"48;4971900000";" -2;7471100000"
202200053290;4;1;2022;07:30;5;92;2;3;3;6;"48;7773022943";"2;2898340225"
202200053291;19;10;2022;11:45;1;26;2;9;1;6;"44;7073940000";"4;8010150000"
202200053292;6;5;2022;09:30;1;94;2;9;1;3;"48;8174520000";"2;4674270000"
202200053293;25;3;2022;12:15;1;19;2;1;1;3;"45;2475591142";"1;7466866970"
202200053294;3;1;2022;18:50;5;92;2;4;2;6;"48;8289178795";"2;2464238107"
202200053295;23;10;2022;02:20;3;05;2;1;1;6;"44;6844906174";"6;1563549974"
202200053296;26;3;2022;02:50;5;13;2;1;1;7;"43;4310000000";"5;2584600000"
202200053297;4;1;2022;12:10;1;92;2;2;2;3;"48;7625369927";"2;3035676032"
202200053298;23;10;2022;05:45;3;64;1;1;1;6;"43;3679410000";" -1;4643680000"
202200053299;26;3;2022;19:14;2;13;2;1;1;3;"43;2589000000";"5;3757900000"
202200053300;3;1;2022;13:35;1;92;2;1;1;3;"48;7867205102";"2;3120172322"
202200053301;23;10;2022;13:20;1;18;1;1;1;7;"47;1555500000";"2;1531700000"
202200053302;26;3;2022;06:50;2;13;2;1;1;1;"43;3332443872";"5;4382803054"
202200053303;5;5;2022;19:27;1;94;2;3;1;3;"48;7857500000";"2;3705500000"
202200053304;4;1;2022;16:10;1;06;1;4;8;1;"43;7543690000";"7;2783300000"
202200053305;25;3;2022;16:40;1;13;2;1;1;1;"43;2494000000";"5;3965200000"
202200053306;4;5;2022;15:40;1;94;2;1;1;2;"48;7526900000";"2;3495700000"
202200053307;25;3;2022;19:35;3;13;1;1;1;7;"43;4707100000";"4;9477700000"
202200053308;22;10;2022;16:45;1;53;1;1;1;7;"48;3453690000";" -0;5364420000"
202200053309;5;1;2022;07:40;2;31;2;1;1;6;"43;5856600000";"1;5306400000"
202200053310;6;5;2022;10:10;1;94;2;3;1;6;"48;8169400000";"2;5105000000"
202200053311;26;3;2022;12:25;1;11;2;1;1;6;"43;2106497966";"2;3536437750"
202200053312;4;1;2022;14:45;1;10;1;3;1;3;"48;2216325939";"4;1139284301"
202200053313;6;5;2022;20:15;1;93;2;2;1;3;"48;9534000000";"2;5627000000"
202200053314;26;3;2022;14:10;1;07;1;1;1;7;"44;9357500000";"4;8254000000"
202200053315;5;5;2022;21:15;1;93;2;1;1;6;"48;9091501852";"2;3578628985"
202200053316;25;3;2022;17:45;1;06;1;1;1;2;"43;6387980000";"6;9339220000"
202200053317;6;5;2022;20:50;2;93;2;2;1;3;"48;8966800000";"2;5301800000"
202200053318;4;1;2022;19:50;3;30;1;1;1;3;"44;0716150000";"4;5814490000"
202200053319;25;3;2022;16:55;1;75;2;1;1;5;"48;8275810000";"2;3921450000"
202200053320;5;1;2022;15:20;1;34;2;9;1;6;"43;5508290000";"3;7840720000"
202200053321;6;5;2022;09:04;1;93;2;3;1;3;"48;8798741858";"2;4966276437"
202200053322;5;1;2022;06:00;3;51;1;1;1;2;"48;7270110000";"3;6905690000"
202200053323;23;3;2022;17:30;1;75;2;1;1;4;"48;8870350000";"2;2902900000"
202200053324;6;5;2022;21:20;5;93;2;3;1;6;"48;8694600000";"2;4261900000"
202200053325;5;1;2022;08:30;1;95;1;1;1;6;"49;0055280000";"2;5052480000"
202200053326;26;3;2022;12:15;1;75;2;3;1;7;"48;8468520000";"2;3609690000"
202200053327;5;5;2022;18:35;1;93;2;9;1;3;"48;8974451099";"2;5752941519"
202200053328;5;1;2022;07:50;2;74;2;1;1;3;"46;0179130000";"5;9366730000"
202200053329;25;3;2022;13:29;1;75;2;2;1;2;"48;8524560000";"2;3319300000"
202200053330;6;5;2022;21:15;5;93;2;3;1;1;"48;9117000000";"2;4680600000"
202200053331;5;1;2022;17:30;2;81;2;7;1;6;"43;6627606145";"2;3484715819"
202200053332;26;3;2022;15:50;1;75;2;3;1;7;"48;8764220000";"2;3768450000"
202200053333;4;1;2022;21:40;3;54;1;1;2;6;"48;9741327200";"6;0493040086"
202200053334;6;5;2022;17:10;1;92;2;1;1;6;"48;8001880277";"2;2826706469"
202200053335;25;3;2022;14:40;1;75;2;1;1;2;"48;8835330000";"2;3892850000"
202200053336;4;1;2022;18:55;3;72;2;1;2;1;"48;2384790000";"0;2239680000"
202200053337;6;5;2022;11:48;1;92;2;3;1;7;"48;8901250000";"2;2812600000"
202200053338;25;3;2022;22:00;5;75;2;2;1;6;"48;8977410000";"2;3293300000"
202200053339;25;3;2022;12:24;1;75;2;2;1;6;"48;8977230000";"2;3375130000"
202200053340;6;5;2022;12:20;1;92;2;2;1;3;"48;8282439422";"2;2815356702"
202200053341;4;1;2022;08:50;2;14;2;2;1;5;"49;0818390000";" -0;0553930000"
202200053342;24;3;2022;19:45;5;75;2;5;1;3;"48;8887960000";"2;3466070000"
202200053343;5;1;2022;08:30;1;50;1;1;1;3;"49;5592390000";" -1;4613650000"
202200053344;6;5;2022;11:00;1;92;2;1;1;3;"48;8277100214";"2;2752873301"
202200053345;26;3;2022;20:00;5;75;2;7;1;6;"48;8818870000";"2;3112790000"
202200053346;25;3;2022;16:00;1;75;2;7;1;2;"48;8586040000";"2;2848460000"
202200053347;4;1;2022;18:30;5;40;2;3;2;3;"43;7046730000";" -0;2616490000"
202200053348;25;3;2022;16:00;1;75;2;1;1;6;"48;8467600000";"2;2903000000"
202200053349;5;1;2022;06:55;3;28;1;1;1;1;"48;5612080000";"1;2732340000"
202200053350;24;3;2022;08:00;1;75;2;2;1;3;"48;8212000000";"2;3343150000"
202200053351;5;1;2022;18:25;5;30;2;1;1;3;"43;7241180000";"4;1696760000"
202200053352;4;1;2022;22:00;3;77;1;1;8;2;"48;4031100000";"2;9712010000"
202200053353;26;3;2022;11:30;1;75;2;2;1;6;"48;8277780000";"2;3645560000"
202200053354;4;1;2022;18:33;5;69;2;1;1;6;"45;7532816132";"4;7743607926"
202200053355;25;3;2022;10:44;1;75;2;2;1;6;"48;8270210000";"2;3665010000"
202200053356;4;1;2022;14:05;1;69;2;3;1;3;"45;7642990000";"4;7693590000"
202200053357;26;3;2022;15:20;1;75;2;2;1;3;"48;8467740000";"2;3817190000"
202200053358;4;1;2022;18:50;3;95;1;1;2;1;"49;0836750000";"2;1759510000"
202200053359;5;1;2022;07:30;1;83;2;1;1;3;"43;2563150000";"6;5281880000"
202200053360;26;3;2022;14:30;1;75;2;2;1;3;"48;8808050000";"2;3511680000"
202200053361;5;1;2022;11:19;1;13;1;1;1;1;"43;6438010000";"5;5506060000"
202200053362;25;3;2022;15:00;1;75;2;3;1;6;"48;8667070000";"2;3138970000"
202200053363;4;1;2022;18:50;5;89;2;1;1;2;"47;8709380000";"3;5344660000"
202200053364;26;3;2022;17:35;1;75;2;5;1;7;"48;8675200000";"2;3336790000"
202200053365;1;1;2022;22:30;3;67;1;6;5;6;"48;5297360000";"7;3808281000"
202200053366;26;3;2022;15:55;1;75;2;3;1;7;"48;8614810000";"2;3391210000"
202200053367;5;1;2022;18:30;5;85;2;2;1;3;"46;9622280000";" -1;0024540000"
202200053368;25;3;2022;17:30;1;75;2;4;1;6;"48;8601900000";"2;3464340000"
202200053369;3;1;2022;12:15;1;13;1;1;1;3;"43;2820000000";"5;3990000000"
202200053370;25;3;2022;10:20;1;75;2;2;1;3;"48;8679320000";"2;3549780000"
202200053371;4;1;2022;09:00;1;92;1;1;2;2;"48;7606003263";"2;2855849717"
202200053372;3;1;2022;22:57;3;94;1;1;2;7;"48;7574100000";"2;3348200000"
202200053373;4;1;2022;01:30;3;92;1;1;3;6;"48;7990400000";"2;2161900000"
202200053374;18;3;2022;21:08;5;75;2;2;1;7;"48;8706724079";"2;3478917778"
202200053375;3;1;2022;00:15;3;78;1;1;1;2;"48;7849528268";"2;2229145169"
202200053376;4;1;2022;09:45;1;93;1;1;2;7;"48;9217100000";"2;3571500000"
202200053377;4;1;2022;08:35;2;92;1;1;3;3;"48;9446848956";"2;2853856324"
202200053378;4;1;2022;06:20;3;93;1;1;2;2;"48;9255222309";"2;3965842204"
202200053379;3;1;2022;23:00;3;93;1;1;2;7;"48;9043700000";"2;4726000000"
202200053380;3;1;2022;18:30;5;95;1;1;3;4;"49;0181900000";"2;2135800000"
202200053381;3;1;2022;23:25;3;94;1;1;2;6;"48;7572046351";"2;4751231775"
202200053382;3;1;2022;13:45;1;75;2;4;1;4;"48;9002219582";"2;3763138056"
202200053383;1;1;2022;07:06;5;75;2;2;1;6;"48;8406520000";"2;3149910000"
202200053384;3;1;2022;17:46;5;75;2;7;3;6;"48;8257110000";"2;3820380000"
202200053385;3;1;2022;19:15;5;75;2;4;3;1;"48;8487950000";"2;3680060000"
202200053386;3;1;2022;18:40;5;75;2;1;3;6;"48;8656860000";"2;3668950000"
202200053387;3;1;2022;18:15;5;75;2;3;3;6;"48;8506400000";"2;3788150000"
202200053388;3;1;2022;07:35;5;75;2;2;1;3;"48;8675200000";"2;3336640000"
202200053389;3;1;2022;19:55;5;94;2;2;2;1;"48;7934500000";"2;3974000000"
202200053390;3;1;2022;08:45;1;94;2;1;8;6;"48;7941030000";"2;4002480000"
202200053391;3;1;2022;19:40;2;94;2;2;2;3;"48;8065500000";"2;4433000000"
202200053392;3;1;2022;18:55;5;94;2;1;2;6;"48;8092200000";"2;4345200000"
202200053393;3;1;2022;19:20;5;93;2;2;2;6;"48;9488511211";"2;5657506287"
202200053394;2;1;2022;13:00;1;93;2;1;1;6;"48;9450100000";"2;5772100000"
202200053395;3;1;2022;21:45;5;93;2;1;3;6;"48;9324190576";"2;5594383591"
202200053396;3;1;2022;20:45;5;93;2;1;2;6;"48;8824000000";"2;5243600000"
202200053397;3;1;2022;19:40;5;93;2;1;2;6;"48;8607300000";"2;4435400000"
202200053398;3;1;2022;13:45;1;93;2;1;1;7;"48;8585869608";"2;4299392104"
202200053399;3;1;2022;19:30;5;93;2;1;2;3;"48;9148897124";"2;4173462391"
202200053400;3;1;2022;13:10;1;92;2;1;1;3;"48;8722900834";"2;2210031748"
202200053401;3;1;2022;11:40;1;92;2;1;1;6;"48;8837987213";"2;2749008238"
202200053402;3;1;2022;12:12;1;92;2;3;1;3;"48;8965132977";"2;2523342594"
202200053403;4;1;2022;13:15;1;62;1;2;2;3;"50;6434800000";"1;9740780000"
202200053404;4;1;2022;15:00;1;67;2;1;3;6;"48;8500080000";"7;6349990000"
202200053405;3;1;2022;23:15;4;84;2;1;1;1;"44;1926010000";"5;1211680000"
202200053406;3;1;2022;20:10;3;10;1;1;2;6;"48;2611029795";"3;7406945229"
202200053407;3;1;2022;13:30;1;972;2;3;1;1;"14;7071190000";" -61;1833230000"
202200053408;2;1;2022;23:45;3;26;1;1;1;2;"44;3843150000";"4;7312240000"
202200053409;29;5;2022;13:15;1;33;1;1;1;6;"44;6977810000";" -0;1413740000"
202200053410;3;6;2022;11:30;1;33;1;3;1;6;"44;3897341792";" -0;1885389369"
202200053411;6;6;2022;20:00;1;11;1;1;8;6;"43;1895052125";"2;6453881965"
202200053412;5;6;2022;00:05;3;11;1;1;1;6;"43;0459936423";"2;6704935534"
202200053413;7;6;2022;09:00;1;89;2;3;1;3;"47;5217270000";"3;5399840000"
202200053414;6;6;2022;05:53;2;47;1;3;1;6;"44;2694960000";"0;6843710000"
202200053415;16;4;2022;11:10;1;44;1;4;1;3;"47;0496970000";" -1;4823980000"
202200053416;6;6;2022;19:20;1;29;1;1;2;6;"48;4815130000";" -4;5221610000"
202200053417;4;6;2022;19:10;1;31;1;1;1;6;"43;2223700000";"1;0016230000"
202200053418;7;6;2022;09:33;1;38;1;1;1;3;"45;2217250000";"5;8226680000"
202200053419;17;1;2022;09:30;1;03;2;7;8;6;"46;5337420000";"3;1914690000"
202200053420;6;6;2022;17:20;1;26;1;1;1;6;"44;3890490000";"5;3865570000"
202200053421;26;11;2022;07:45;1;974;2;2;1;3;" -20;9463490000";"55;2971300000"
202200053422;6;6;2022;18:45;1;54;2;1;1;6;"48;6884610000";"5;9553340000"
202200053423;12;8;2022;17:20;1;76;1;1;1;6;"49;4305705020";"0;6784057617"
202200053424;26;11;2022;14:50;1;69;2;2;1;3;"45;7350500000";"4;8822100000"
202200053425;7;6;2022;14:15;1;50;1;1;1;1;"49;5569550000";" -1;7477700000"
202200053426;10;8;2022;21:30;2;60;1;1;1;7;"49;2322280000";"1;8803790000"
202200053427;26;11;2022;14:00;1;972;2;1;1;6;"14;6370300000";" -61;0557800000"
202200053428;7;6;2022;13:17;1;60;2;1;1;2;"49;2708941524";"2;3661203382"
202200053429;26;11;2022;19:20;5;69;2;3;1;6;"45;7809900000";"4;8080800000"
202200053430;5;6;2022;18:00;1;64;2;1;1;7;"43;5288750000";" -0;9196440000"
202200053431;12;8;2022;19:45;1;80;1;2;1;3;"49;6843210000";"2;7891360000"
202200053432;26;11;2022;06:00;5;69;2;2;2;3;"45;7736300000";"4;7952200000"
202200053433;7;6;2022;11:30;1;64;1;3;1;6;"43;3098470000";" -0;7666400000"
202200053434;6;6;2022;18:30;1;10;1;1;1;6;"48;0881945567";"4;3012654781"
202200053435;25;11;2022;18:35;4;971;2;3;1;6;"16;2181686750";" -61;5123814344"
202200053436;11;8;2022;18:00;1;13;1;1;1;2;"43;4112500000";"5;3670700000"
202200053437;9;7;2022;16:44;1;02;1;1;1;5;"49;1017710000";"3;4523840000"
202200053438;7;6;2022;11:00;1;40;2;3;1;1;"44;0260680000";" -0;9215090000"
202200053439;10;8;2022;19:05;1;13;1;1;1;2;"43;2948167611";"5;5577480793"
202200053440;26;11;2022;13:20;1;91;2;1;1;3;"48;5876900000";"2;3006800000"
202200053441;4;6;2022;00:46;3;40;1;1;1;6;"43;6087060000";" -1;1687560000"
202200053442;10;7;2022;16:09;1;51;1;1;1;7;"49;0743930000";"4;7973990000"
202200053443;10;8;2022;18:15;1;13;1;1;1;2;"43;4125464523";"5;2818283438"
202200053444;26;11;2022;15:35;1;91;2;9;1;6;"48;7185600000";"2;4446200000"
202200053445;10;7;2022;22:05;3;63;1;1;1;6;"45;6867560000";"3;1466120000"
202200053446;6;6;2022;16:45;1;80;1;1;1;2;"49;8162850000";"1;9149690000"
202200053447;5;6;2022;21:34;2;38;1;3;1;6;"45;6175480000";"5;1497610000"
202200053448;25;11;2022;15:55;1;79;2;1;1;7;"46;3278100000";" -0;4476000000"
202200053449;7;6;2022;16:10;1;72;1;1;1;7;"48;0543732881";"0;3615760801"
202200053450;11;8;2022;07:38;1;91;1;1;1;2;"48;6258800000";"2;3393400000"
202200053451;9;7;2022;17:30;1;31;2;1;1;5;"43;5100480000";"1;5546140000"
202200053452;27;11;2022;02:00;5;78;2;6;1;2;"48;9597620000";"1;8411780000"
202200053453;6;6;2022;18:50;2;13;1;1;1;2;"43;4814180000";"5;5557350000"
202200053454;25;11;2022;16:20;1;77;1;1;1;3;"48;2822600000";"2;7357000000"
202200053455;11;8;2022;04:10;5;78;1;1;1;2;"48;9058280000";"2;0606460000"
202200053456;8;7;2022;11:00;1;34;1;1;1;2;"43;5699310000";"3;8540150000"
202200053457;6;6;2022;17:45;1;51;1;1;1;7;"49;0479390000";"4;6641250000"