Accident_Id;jour;mois;an;hrmn;lum;dep;agg;int;atm;col;lat;long
202200054379;2;1;2022;17:45;5;06;2;3;1;3;"43;6578730000";"7;1696310000"
202200054380;21;11;2022;14:00;1;34;1;1;1;1;"43;4720400000";"3;7688200000"
202200054381;5;6;2022;18:45;1;63;1;1;1;1;"45;9726290000";"3;1792440000"
202200054382;30;4;2022;17:30;1;71;2;1;1;3;"46;3247100000";"4;8104800000"
202200054383;10;8;2022;13:30;1;01;1;2;1;3;"46;1777936523";"5;0731140375"
202200054384;27;3;2022;12:25;1;55;2;1;1;6;"49;3829660000";"5;3307780000"
202200054385;2;1;2022;10:30;1;75;2;3;1;6;"48;8993050000";"2;3441730000"
202200054386;20;9;2022;18:50;1;59;2;2;1;6;"50;5320890000";"3;2096600000"
202200054387;13;2;2022;07:45;2;94;2;9;1;2;"48;7762000000";"2;3980500000"
202200054388;2;1;2022;20:10;5;75;2;1;1;7;"48;8501260000";"2;2803730000"
202200054389;6;7;2022;16:18;1;13;1;1;1;4;"43;4100900000";"5;2850000000"
202200054390;13;2;2022;09:26;1;94;2;1;9;7;"48;7507270572";"2;4353213309"
202200054391;17;4;2022;09:30;1;71;2;9;1;6;"46;3099800000";"4;8135200000"
202200054392;6;6;2022;09:00;1;86;2;3;1;3;"46;3287800000";"0;8141360000"
202200054393;26;3;2022;06:45;2;57;2;1;1;6;"49;2754140000";"6;1705990000"
202200054394;21;10;2022;00:10;5;13;2;2;1;3;"43;3268600000";"5;4230100000"
202200054395;2;1;2022;12:15;1;75;2;3;1;6;"48;8405390000";"2;3242840000"
202200054396;6;7;2022;13:35;1;13;1;1;1;5;"43;5230300000";"5;4274100000"
202200054397;24;11;2022;14:05;1;34;2;2;1;6;"43;3432300000";"3;2380300000"
202200054398;9;8;2022;17:50;1;14;2;3;1;3;"48;8494550000";" -0;5543190000"
202200054399;13;2;2022;21:00;3;94;2;1;1;3;"48;7873300000";"2;4559300000"
202200054400;27;3;2022;05:13;3;57;1;1;1;6;"49;1290070000";"7;1111370000"
202200054401;20;9;2022;06:40;5;59;1;1;2;1;"50;6463860000";"2;7580190000"
202200054402;4;5;2022;18:15;1;71;1;1;3;2;"46;8135396015";"4;4912664592"
202200054403;3;6;2022;07:40;1;01;1;1;1;1;"46;1460770000";"5;9231280000"
202200054404;7;7;2022;10:00;1;83;1;1;1;6;"43;2009370558";"5;7526659966"
202200054405;2;1;2022;12:25;1;75;2;2;1;3;"48;8585280000";"2;3836690000"
202200054406;27;3;2022;07:05;2;07;1;1;1;6;"44;4160030000";"4;6538870000"
202200054407;25;11;2022;22:10;5;33;2;1;1;3;"44;8360200000";" -0;5673300000"
202200054408;4;6;2022;18:10;1;58;1;1;1;6;"47;4349170000";"3;0715800000"
202200054409;10;8;2022;13:15;1;05;1;3;1;3;"44;5518930000";"5;8645210000"
202200054410;21;10;2022;15:50;1;11;2;1;1;4;"43;2183800000";"2;3440100000"
202200054411;3;5;2022;21:55;5;71;1;9;8;1;"46;7692311300";"4;4511419535"
202200054412;27;3;2022;12:30;1;01;1;1;7;6;"46;0104600000";"5;5912740000"
202200054413;13;2;2022;19:15;5;93;2;1;1;7;"48;9041153374";"2;3926074485"
202200054414;19;9;2022;07:10;1;33;1;1;1;4;"44;6968369838";" -0;4984831810"
202200054415;25;11;2022;19:53;5;33;2;3;1;3;"44;7817000000";" -0;6080400000"
202200054416;30;5;2022;18:18;1;58;1;1;1;7;"47;5076640000";"2;9676820000"
202200054417;21;10;2022;21:04;5;10;2;1;1;2;"48;3001300000";"4;0801700000"
202200054418;11;8;2022;02:40;4;10;2;1;1;7;"48;3543560000";"4;5335610000"
202200054419;10;7;2022;05:15;5;69;1;1;1;2;"45;7440864852";"4;8269249475"
202200054420;19;9;2022;10:30;1;91;1;1;1;7;"48;6256500000";"2;3601700000"
202200054421;27;3;2022;11:26;1;31;2;1;1;3;"43;4510500000";"1;3332350000"
202200054422;2;1;2022;14:20;1;94;2;1;1;3;"48;8235000000";"2;4042800000"
202200054423;12;2;2022;23:20;5;92;2;2;1;2;"48;8185000000";"2;3196100000"
202200054424;9;7;2022;06:15;1;69;1;1;1;2;"45;6831900000";"4;8024500000"
202200054425;21;10;2022;08:15;1;10;2;6;8;3;"48;2823200000";"4;0542500000"
202200054426;5;5;2022;17:28;1;69;2;2;1;3;"45;7587400000";"4;9288100000"
202200054427;19;9;2022;17:30;1;92;1;1;1;3;"48;9312978632";"2;2450196770"
202200054428;14;2;2022;08:15;1;37;1;1;1;6;"47;4870450000";"0;7715640000"
202200054429;3;6;2022;13:00;1;79;1;4;1;1;"46;1309280000";" -0;0961090000"
202200054430;27;3;2022;19:10;1;79;2;1;1;3;"46;8413060000";" -0;5458500000"
202200054431;26;7;2022;11:30;1;36;1;2;1;3;"46;7890710000";"1;2012430000"
202200054432;2;1;2022;12:50;1;93;2;1;1;6;"48;9507600000";"2;3610400000"
202200054433;21;10;2022;20:30;5;09;2;1;1;2;"42;9544680000";"1;6168050000"
202200054434;25;11;2022;19:00;5;33;2;3;2;3;"44;8058300000";" -0;5865200000"
202200054435;5;5;2022;08:50;1;69;1;1;1;3;"45;9834500000";"4;6875870000"
202200054436;27;3;2022;11:25;1;64;2;9;1;6;"43;1898640000";" -0;6118490000"
202200054437;18;4;2022;13:15;1;69;1;1;1;3;"45;7306500000";"4;8988000000"
202200054438;12;2;2022;17:40;1;17;2;4;1;3;"46;0632860000";" -1;0922490000"
202200054439;19;9;2022;12:00;1;78;1;9;1;5;"48;9636820000";"1;9264040000"
202200054440;11;8;2022;08:15;1;24;1;2;1;1;"44;8376850000";"1;2834420000"
202200054441;4;6;2022;09:10;1;87;1;1;1;2;"46;0645370000";"1;3609310000"
202200054442;26;3;2022;21:30;3;85;1;1;1;7;"46;6916910000";" -1;8513410000"
202200054443;2;1;2022;02:15;5;93;2;2;1;2;"48;9091700000";"2;4487500000"
202200054444;13;2;2022;16:30;1;36;1;1;1;6;"47;0145136727";"1;6085046530"
202200054445;21;10;2022;17:40;2;06;2;3;2;1;"43;7179700000";"7;2811100000"
202200054446;6;7;2022;11:20;1;54;1;1;1;7;"48;6267900000";"6;1830100000"
202200054447;25;11;2022;12:30;1;33;2;3;2;3;"44;8200600000";" -0;6960500000"
202200054448;5;5;2022;07:35;1;69;1;1;8;1;"45;5845100000";"4;7424900000"
202200054449;27;3;2022;21:20;3;14;1;1;5;7;"49;2607500000";" -0;7171890000"
202200054450;3;8;2022;08:30;1;27;1;3;1;3;"48;7794400000";"1;3410560000"
202200054451;18;9;2022;18:19;1;78;1;1;1;4;"48;9691780000";"1;7378430000"
202200054452;14;2;2022;16:40;1;01;1;1;1;3;"46;0272880000";"4;8431470000"
202200054453;3;6;2022;18:00;1;12;1;1;1;2;"44;3100000000";"3;1030910000"
202200054454;2;1;2022;19:39;5;92;2;1;1;6;"48;7811778000";"2;2802100000"
202200054455;18;10;2022;18:05;1;04;1;1;1;3;"43;8392600000";"5;8062700000"
202200054456;25;3;2022;08:50;1;22;1;1;1;7;"48;5744530000";" -2;2374080000"
202200054457;6;7;2022;13:10;1;67;1;1;1;3;"48;5709300000";"7;7350900000"
202200054458;24;11;2022;19:30;3;33;2;1;1;4;"44;7628000000";" -0;7274100000"
202200054459;9;8;2022;11:30;1;28;2;1;1;6;"48;5816010000";"1;5699880000"
202200054460;4;6;2022;02:10;3;30;1;1;1;6;"44;0753460000";"4;7570370000"
202200054461;14;2;2022;08:30;2;29;1;1;1;4;"48;2492262010";" -4;1114803874"
202200054462;18;9;2022;18:15;1;92;1;1;1;2;"48;8366424174";"2;1861386528"
202200054463;24;3;2022;15:25;1;22;1;1;1;3;"48;4723688313";" -1;9738161564"
202200054464;27;4;2022;18:25;1;68;2;2;7;1;"48;0845990000";"7;3423880000"
202200054465;7;7;2022;15:30;1;33;1;1;1;3;"44;9043140000";" -0;4928630000"
202200054466;20;10;2022;18:43;1;95;2;1;2;6;"48;9562030000";"2;2559710000"
202200054467;2;1;2022;17:20;5;92;2;1;1;2;"48;8311300000";"2;2358200000"
202200054468;25;11;2022;04:15;5;31;2;6;1;3;"43;6003270000";"1;4522300000"
202200054469;13;2;2022;11:45;1;974;2;1;2;2;" -21;0903060000";"55;7473860000"
202200054470;19;9;2022;17:45;1;93;1;1;1;6;"48;9285549771";"2;4157675411"
202200054471;5;6;2022;17:45;1;2B;1;1;1;3;"42;1816600000";"9;2407460000"
202200054472;26;3;2022;15:50;1;35;2;2;7;1;"48;2140900000";" -1;5061540000"
202200054473;2;1;2022;07:00;3;92;2;1;1;6;"48;7523600000";"2;2915300000"
202200054474;9;8;2022;10:55;1;87;2;2;1;3;"45;5130800000";"1;2031370000"
202200054475;7;7;2022;13:48;1;33;1;1;1;2;"44;8781000000";" -0;5091000000"
202200054476;18;10;2022;10:30;1;86;2;1;7;6;"46;5627990000";"0;3604360000"
202200054477;4;5;2022;09:00;1;67;2;1;1;6;"48;5821400000";"7;7459500000"
202200054478;13;2;2022;19:00;5;62;2;2;1;6;"50;9082560000";"1;9341300000"
202200054479;27;3;2022;00:49;3;60;1;1;1;7;"49;3306810000";"2;2634950000"
202200054480;4;6;2022;12:10;1;2B;2;1;1;1;"42;1129120000";"9;5121430000"
202200054481;20;10;2022;17:35;1;76;2;2;1;6;"49;2889100000";"1;0414000000"
202200054482;19;4;2022;10:00;1;65;2;9;1;6;"43;2368000000";"0;0552000000"
202200054483;17;9;2022;15:05;1;95;1;1;1;4;"48;9591888447";"2;2729709744"
202200054484;10;8;2022;09:45;1;87;1;4;1;1;"45;7271690000";"0;8557910000"
202200054485;9;11;2022;21:05;5;30;2;3;1;3;"43;8335000000";"4;3516000000"
202200054486;14;2;2022;08:45;2;62;2;1;7;6;"50;8733440000";"1;7812280000"
202200054487;2;6;2022;18:35;1;83;1;1;1;6;"43;1581150000";"6;0656920000"
202200054488;1;1;2022;05:00;5;45;2;1;1;6;"48;0037870000";"2;5355340000"
202200054489;20;10;2022;18:40;1;33;2;6;1;6;"44;9137100000";" -0;5114500000"
202200054490;22;11;2022;14:20;1;30;2;1;1;6;"44;1551500000";"4;6170100000"
202200054491;27;3;2022;10:45;1;59;2;1;1;1;"50;2552131141";"3;2241252065"
202200054492;10;8;2022;11:37;1;30;1;6;1;3;"43;7793360000";"4;1945240000"
202200054493;5;5;2022;11:10;1;64;2;1;1;4;"43;3115900000";" -0;3659600000"
202200054494;6;6;2022;06:00;2;37;1;1;1;6;"47;2873678072";"1;0473436117"
202200054495;11;2;2022;14:40;1;60;1;1;1;3;"49;1301450000";"3;0753140000"
202200054496;19;9;2022;18:10;1;94;1;1;1;4;"48;7534900000";"2;3742000000"
202200054497;7;7;2022;00:50;3;33;1;1;1;2;"44;8686800000";" -0;5025700000"
202200054498;20;10;2022;15:15;1;29;2;1;1;6;"48;4006266822";" -4;4687104225"
202200054499;4;6;2022;16:30;1;62;1;1;1;7;"50;4943920000";"1;7268710000"
202200054500;25;11;2022;09:55;1;29;2;6;1;3;"48;4005900000";" -4;4998600000"
202200054501;6;7;2022;18:28;1;33;1;1;1;6;"44;7904860000";" -0;6464560000"
202200054502;18;10;2022;07:55;2;12;2;1;1;6;"44;3618138093";"2;5756305457"
202200054503;2;1;2022;11:50;1;57;1;1;1;1;"49;0845340000";"6;7237830000"
202200054504;7;8;2022;18:30;1;42;1;9;1;4;"45;5606820000";"4;2415940000"
202200054505;19;9;2022;09:00;1;94;1;1;1;2;"48;8173704442";"2;4286139539"
202200054506;5;5;2022;21:50;5;64;2;2;1;7;"43;4949900000";" -1;4785000000"
202200054507;13;2;2022;10:45;1;62;2;3;1;6;"50;0921580000";"3;0894850000"
202200054508;25;3;2022;19:00;1;13;2;1;1;4;"43;2978600000";"5;4248600000"
202200054509;5;6;2022;16:55;1;62;1;1;1;6;"50;1451440000";"2;9197670000"
202200054510;14;2;2022;12:13;1;56;1;1;2;6;"48;1016150000";" -2;8441240000"
202200054511;19;6;2022;00:11;3;74;2;1;1;6;"45;8442270000";"6;2127690000"
202200054512;25;11;2022;14:10;1;28;2;9;8;6;"48;7325100000";"1;3720800000"
202200054513;7;8;2022;14:20;1;976;1;1;1;2;" -12;9227840000";"45;0919210000"
202200054514;20;10;2022;18:40;5;973;2;2;1;3;"4;9295800000";" -52;3151100000"
202200054515;6;7;2022;07:30;1;33;1;1;1;3;"44;7943860000";" -0;5394960000"
202200054516;12;2;2022;01:30;5;2B;2;6;1;1;"41;9995060000";"9;3998280000"
202200054517;2;1;2022;19:00;3;86;1;1;1;6;"46;3956530000";"0;8531220000"
202200054518;25;3;2022;19:30;3;13;1;1;1;2;"43;4630000000";"5;2340000000"
202200054519;13;6;2022;19:13;1;74;1;1;1;6;"45;7595520000";"6;3405490000"
202200054520;5;5;2022;16:35;1;64;2;6;1;3;"43;5050000000";" -1;4464900000"
202200054521;6;7;2022;01:05;3;33;1;1;1;6;"44;8538340000";" -0;6648670000"
202200054522;5;6;2022;19:00;1;30;1;1;1;6;"44;1719380000";"4;5664330000"
202200054523;25;11;2022;18:50;4;28;2;4;1;3;"48;4253200000";"1;4710600000"
202200054524;20;10;2022;09:50;1;973;2;1;1;3;"4;9389152082";" -52;3263922334"
202200054525;11;8;2022;09:20;1;69;1;4;1;3;"45;9021093788";"4;5836967230"
202200054526;2;1;2022;06:15;3;37;1;1;1;6;"47;4682670239";"0;7669930905"
202200054527;22;3;2022;17:28;2;13;1;1;1;2;"43;3287800000";"5;4160900000"
202200054528;4;6;2022;23:40;3;61;1;1;1;7;"48;6803290000";"0;2306200000"
202200054529;5;5;2022;03:55;5;64;2;3;1;7;"43;4912900000";" -1;5249700000"
202200054530;13;2;2022;20:30;3;61;1;1;2;7;"48;7559060000";" -0;1337350000"
202200054531;10;7;2022;19:45;1;91;1;1;1;2;"48;6547400000";"2;3799100000"
202200054532;9;6;2022;12:47;1;74;1;1;1;4;"45;9579220000";"6;1318950000"
202200054533;19;10;2022;12:25;1;973;2;2;1;3;"4;9410334084";" -52;3252522945"
202200054534;22;3;2022;09:25;5;69;1;1;1;3;"45;7581957108";"4;8124918342"
202200054535;2;1;2022;16:15;1;79;1;3;1;3;"46;7112880000";" -0;0353620000"
202200054536;10;7;2022;15:45;1;91;1;1;1;7;"48;6312000000";"2;2286300000"
202200054537;13;2;2022;18:50;3;34;1;1;2;1;"43;7226690000";"3;6271620000"
202200054538;4;6;2022;18:00;1;83;1;1;1;3;"43;3985023980";"6;3639905887"
202200054539;5;8;2022;18:34;1;11;1;8;1;6;"43;1583350000";"3;0109000000"
202200054540;1;5;2022;11:05;1;62;2;3;1;3;"50;7358200000";"2;3030600000"
202200054541;25;11;2022;14:45;1;25;2;2;2;6;"46;9086900000";"6;3478000000"
202200054542;26;3;2022;21:05;5;33;1;1;1;2;"44;9160350000";" -0;4780930000"
202200054543;3;1;2022;19:50;5;2B;2;1;1;6;"42;4515690000";"9;5060330000"
202200054544;4;6;2022;21:11;2;57;1;1;1;6;"49;0162000000";"6;9458590000"
202200054545;10;7;2022;23:00;5;92;2;1;1;1;"48;7607089480";"2;2855340255"
202200054546;29;5;2022;21:00;1;74;2;2;1;1;"46;2648190000";"6;3707080000"
202200054547;12;2;2022;15:10;1;58;1;6;1;7;"46;8597490000";"3;1624420000"
202200054548;21;10;2022;00:00;5;69;2;2;2;2;"45;7395100000";"4;8595200000"
202200054549;4;5;2022;21:15;1;62;2;1;1;3;"50;4526040000";"2;8795980000"
202200054550;11;8;2022;12:45;1;74;1;1;1;2;"46;0689150000";"6;4272990000"
202200054551;13;2;2022;13:21;1;06;1;1;1;7;"43;7232110000";"7;3358000000"
202200054552;24;11;2022;18:05;5;25;2;2;2;6;"46;9043780000";"6;3565850000"
202200054553;26;3;2022;14:30;1;91;1;1;1;2;"48;7152300000";"2;2699000000"
202200054554;14;2;2022;07:50;2;14;1;1;8;7;"49;1498526862";"0;3914266313"
202200054555;9;7;2022;12:00;1;91;1;1;1;2;"48;7230000000";"2;3120000000"
202200054556;28;5;2022;16:15;1;74;2;1;1;3;"45;8252560000";"6;2233790000"
202200054557;20;10;2022;20:00;5;69;2;2;1;3;"45;7417700000";"4;8621100000"
202200054558;16;4;2022;17:40;1;62;2;1;1;3;"50;5057700000";"2;8377600000"
202200054559;9;8;2022;17:00;2;987;1;1;1;3;" -16;3880000000";" -151;7650000000"
202200054560;2;1;2022;16:30;1;33;1;1;1;1;"44;7680650000";" -1;1760520000"
202200054561;3;6;2022;10:00;1;19;1;1;1;7;"45;2949050000";"2;0469330000"
202200054562;25;11;2022;14:25;1;22;2;3;1;3;"48;4919100000";" -2;7798800000"
202200054563;20;10;2022;11:55;1;69;2;2;8;3;"45;7692042931";"4;8459523916"
202200054564;25;5;2022;09:15;1;74;2;1;1;1;"46;0713550000";"6;4261440000"
202200054565;26;3;2022;09:35;1;91;1;1;1;2;"48;6928400000";"2;3211600000"
202200054566;14;2;2022;08:00;1;50;2;4;1;1;"48;6009380000";" -0;8262440000"
202200054567;9;7;2022;12:00;1;91;1;1;1;2;"48;7224000000";"2;3117900000"
202200054568;2;8;2022;11:20;1;986;1;1;1;3;" -13;3240130000";" -176;1910490000"
202200054569;5;5;2022;08:05;1;61;2;9;1;3;"48;4460400000";"0;1143300000"
202200054570;24;11;2022;17:05;1;22;2;1;1;2;"48;4822700000";" -2;7294900000"
202200054571;13;2;2022;19:10;3;18;1;1;1;1;"46;6826340000";"2;2109450000"
202200054572;3;1;2022;08:45;1;12;1;4;1;3;"44;2408180000";"2;9441430000"
202200054573;20;10;2022;08:45;1;972;2;9;1;1;"14;6027500000";" -61;0666100000"
202200054574;12;5;2022;19:00;1;74;1;1;1;2;"46;1249500000";"6;0420080000"
202200054575;5;5;2022;20:15;1;59;2;1;1;6;"50;7076514980";"3;1599533558"
202200054576;9;7;2022;11:45;1;91;1;1;1;4;"48;7222200000";"2;3114900000"
202200054577;13;7;2022;18:30;5;971;1;2;1;3;"16;2781560000";" -61;3017850000"
202200054578;25;3;2022;20:30;4;93;1;1;1;5;"48;8792314598";"2;4763003551"
202200054579;4;6;2022;11:30;1;56;1;1;1;5;"47;7597300000";" -2;1292320000"
202200054580;22;11;2022;18:08;3;22;1;1;2;2;"48;7422000000";" -3;4159800000"
202200054581;14;2;2022;11:10;1;43;1;1;2;6;"45;0929840000";"3;6263470000"
202200054582;5;5;2022;19:45;1;59;2;1;1;6;"50;7289491503";"3;1456679106"
202200054583;10;5;2022;17:44;1;74;2;9;1;3;"45;8650610000";"5;9397200000"
202200054584;14;2;2022;07:50;2;43;1;1;2;6;"44;8005430000";"3;8855450000"
202200054585;2;1;2022;13:50;1;12;1;2;1;2;"44;4538180000";"2;4258540000"
202200054586;26;3;2022;16:15;1;77;1;1;1;2;"48;9540652051";"2;6277766474"
202200054587;8;8;2022;14:45;1;2B;2;1;1;6;"42;6317250000";"8;9493670000"
202200054588;9;7;2022;10:30;1;91;1;1;1;2;"48;6514000000";"2;1833000000"
202200054589;25;11;2022;16:27;1;17;2;1;8;3;"45;7408400000";" -0;6292800000"
202200054590;20;10;2022;19:50;5;69;2;1;1;6;"45;7721900000";"4;7959800000"
202200054591;5;6;2022;19:40;1;56;1;3;1;3;"47;7585700000";" -3;4744260000"
202200054592;5;5;2022;17:30;1;59;2;1;1;2;"50;7368263309";"3;1696200371"
202200054593;26;3;2022;06:00;3;94;1;9;1;6;"48;8107024269";"2;4491754571"
202200054594;9;7;2022;09:30;1;91;1;1;1;7;"48;6340900000";"2;4036100000"
202200054595;14;2;2022;08:20;1;16;1;1;8;1;"46;0297610000";"0;7133390000"
202200054596;28;4;2022;18:00;1;74;1;9;1;1;"46;0543809526";"6;4515593283"
202200054597;10;8;2022;23:00;5;2B;1;1;1;1;"42;5642430000";"9;5205060000"
202200054598;25;11;2022;18:50;2;17;2;3;1;6;"46;1393200000";" -1;1425000000"
202200054599;3;1;2022;12:35;1;12;2;6;1;2;"44;3955230000";"2;5979770000"
202200054600;20;10;2022;06:50;1;971;1;2;1;3;"16;2878000000";" -61;4949300000"
202200054601;11;2;2022;17:50;2;24;1;9;1;1;"44;9801680000";"0;3996060000"
202200054602;25;3;2022;22:50;4;94;1;1;1;6;"48;7658023001";"2;3793952200"
202200054603;12;3;2022;23:25;3;74;2;1;1;1;"46;1399990000";"6;4591460000"
202200054604;8;7;2022;01:52;3;91;1;1;1;3;"48;7058700000";"2;3058700000"
202200054605;5;6;2022;17:45;1;56;1;1;1;7;"47;8740440000";" -3;2066670000"
202200054606;25;4;2022;10:15;1;59;2;1;1;3;"50;6300300000";"3;0714500000"
202200054607;11;8;2022;17:30;1;66;1;1;1;7;"42;5363380000";"2;5295160000"
202200054608;13;2;2022;19:15;5;85;1;6;1;3;"46;6541200000";" -0;7525210000"
202200054609;2;1;2022;10:30;1;31;2;1;1;1;"43;0864110000";"0;9514650000"
202200054610;8;9;2022;13:45;1;95;2;1;1;2;"48;9827471831";"2;3791301250"
202200054611;8;7;2022;00:40;3;91;1;1;1;7;"48;7422300000";"2;3217400000"
202200054612;14;2;2022;12:45;1;42;1;1;2;2;"45;8570660000";"4;0447010000"
202200054613;10;8;2022;15:00;1;66;2;1;1;3;"42;8127410000";"3;0301560000"
202200054614;25;11;2022;18:51;3;15;1;1;8;2;"44;8681420000";"2;4460370000"
202200054615;4;6;2022;12:45;1;56;1;1;1;6;"47;5823130000";" -3;1347830000"
202200054616;4;5;2022;09:45;1;55;2;1;1;6;"48;7720695261";"5;1633105241"
202200054617;7;7;2022;22:01;2;91;1;1;1;7;"48;6314500000";"2;4070600000"
202200054618;20;10;2022;19:30;5;95;2;1;3;6;"49;0156562103";"2;4698692560"
202200054619;5;3;2022;09:49;1;74;2;6;1;3;"46;0580750000";"6;5721850000"
202200054620;25;3;2022;08:20;1;72;2;1;1;6;"48;0153000000";"0;2278000000"
202200054621;20;10;2022;18:20;2;95;2;1;1;6;"48;9964497972";"2;2073346376"
202200054622;11;8;2022;10:35;1;66;1;1;1;2;"42;6204257454";"2;9779574275"
202200054623;4;5;2022;16:10;1;49;2;1;1;6;"47;4675500000";" -0;5553800000"
202200054624;12;2;2022;12:10;1;35;1;1;1;5;"48;1358220000";" -1;8030350000"
202200054625;3;6;2022;18:45;1;14;2;6;2;6;"49;3607898461";"0;0845539570"
202200054626;7;7;2022;12:03;1;91;1;1;1;2;"48;6250000000";"2;3380000000"
202200054627;2;1;2022;19:40;5;31;1;2;1;1;"43;6874370000";"1;2414280000"
202200054628;25;3;2022;09:36;1;51;2;1;1;7;"49;2587400000";"4;0276160000"
202200054629;5;6;2022;18:15;1;56;2;1;1;1;"47;6361600000";" -2;1040210000"
202200054630;24;11;2022;16:10;1;15;2;1;1;1;"44;8834100000";"2;4941000000"
202200054631;19;10;2022;12:55;1;95;2;1;1;6;"48;9623160000";"2;3383730000"
202200054632;7;7;2022;00:45;3;94;1;1;1;7;"48;7562900000";"2;3340300000"
202200054633;11;8;2022;07:37;1;83;2;1;1;3;"43;2531620000";"6;5842040000"
202200054634;13;2;2022;21:35;3;57;1;1;1;3;"49;1257640000";"6;2425730000"
202200054635;25;3;2022;08:20;1;76;2;9;1;6;"49;5260700000";"0;1122100000"
202200054636;3;6;2022;16:45;1;59;1;1;1;7;"50;8764010000";"2;3461350000"
202200054637;26;5;2022;19:30;1;14;2;6;8;3;"49;3613000000";"0;0860000000"
202200054638;5;5;2022;07:12;1;45;2;2;1;2;"47;9362900000";"1;9132000000"
202200054639;25;11;2022;18:20;2;14;1;1;1;2;"49;1538780000";" -0;3148780000"
202200054640;6;7;2022;18:40;1;91;1;1;1;3;"48;6779000000";"2;3365000000"
202200054641;4;2;2022;02:00;5;38;2;1;1;6;"45;0919060000";"6;0645500000"
202200054642;9;8;2022;16:15;1;06;2;1;1;7;"43;8373090000";"7;1910860000"
202200054643;25;3;2022;10:00;1;64;2;1;1;7;"43;3042700000";" -0;3799900000"
202200054644;1;1;2022;14:00;1;70;1;1;5;6;"47;8338430000";"5;9467580000"
202200054645;5;6;2022;16:15;1;59;2;1;1;6;"50;9388630000";"2;1978610000"
202200054646;5;5;2022;09:00;1;44;1;6;1;3;"47;1926700000";" -1;5632100000"
202200054647;24;5;2022;19:55;1;14;2;6;1;6;"49;3601220000";"0;0810180000"
202200054648;6;7;2022;17:25;1;91;1;1;1;3;"48;6228000000";"2;2916000000"
202200054649;23;3;2022;16:05;1;89;2;1;1;6;"47;8053600000";"3;5558300000"
202200054650;12;2;2022;21:50;5;976;2;1;1;1;" -12;8329490000";"45;1129100000"
202200054651;22;11;2022;05:00;5;13;1;6;8;2;"43;4097700000";"5;3247600000"
202200054652;4;6;2022;01:23;3;59;1;1;1;7;"50;9605644307";"2;3315450549"
202200054653;5;5;2022;01:50;5;35;2;1;1;7;"48;1178300000";" -1;6855500000"
202200054654;25;3;2022;09:30;1;973;2;1;1;3;"4;9319100000";" -52;3071600000"
202200054655;2;1;2022;17:10;5;70;2;2;8;3;"47;6077220000";"6;1899860000"
202200054656;31;5;2022;13:55;1;14;2;6;1;3;"49;2903560000";"0;1909533000"
202200054657;6;7;2022;13:20;1;92;1;1;1;5;"48;7723095382";"2;2428001395"
202200054658;19;10;2022;17:50;5;91;2;2;1;2;"48;7076900000";"2;4285100000"
202200054659;13;2;2022;20:00;3;988;1;1;1;1;" -20;8722160000";"164;6358450000"
202200054660;11;8;2022;16:15;1;26;1;1;1;5;"44;7619180000";"4;7963260000"
202200054661;25;11;2022;08:10;1;13;2;1;1;2;"43;6281745450";"5;1111425694"
202200054662;4;5;2022;19:10;1;35;2;1;1;3;"48;1255500000";" -1;6662000000"
202200054663;3;1;2022;15:40;1;45;2;1;2;6;"47;9761050000";"1;8851640000"
202200054664;25;3;2022;03:40;5;69;2;3;1;6;"45;7636200000";"4;8619400000"
202200054665;4;6;2022;16:00;1;76;1;1;1;1;"49;7155030000";"0;3661540000"
202200054666;9;7;2022;15:20;1;78;1;1;1;3;"48;9641020000";"1;8439250000"
202200054667;12;2;2022;13:30;1;973;1;1;1;7;"5;5460130000";" -53;9413050000"
202200054668;20;10;2022;08:40;1;91;2;1;1;6;"48;6753780000";"2;3396600000"
202200054669;23;5;2022;08:45;1;14;2;1;2;3;"49;3460600000";"0;0440300000"
202200054670;25;11;2022;19:15;5;13;2;1;1;3;"43;3060309465";"5;5107238510"
202200054671;6;5;2022;01:05;5;33;2;3;1;3;"44;8389700000";" -0;5678600000"
202200054672;2;1;2022;11:10;1;36;1;1;7;3;"46;8649128585";"2;0859164000"
202200054673;2;6;2022;17:05;1;76;2;1;1;6;"49;9285990000";"1;6272470000"
202200054674;25;3;2022;10:06;1;972;2;1;1;2;"14;6125230000";" -60;9978920000"
202200054675;14;2;2022;10:00;1;973;1;1;2;3;"5;1173610000";" -52;6470420000"
202200054676;10;8;2022;15:00;1;89;2;1;1;5;"47;9637030000";"3;5115480000"
202200054677;19;10;2022;14:11;1;87;2;3;1;6;"45;8431700000";"1;2568300000"
202200054678;8;7;2022;13:18;1;92;1;1;1;4;"48;9274239062";"2;2374158506"
202200054679;25;11;2022;15:39;1;13;2;1;1;3;"43;3027800000";"5;3818800000"
202200054680;3;6;2022;21:30;5;2A;2;1;1;6;"41;6863740000";"9;3682910000"
202200054681;14;5;2022;15:30;1;14;2;2;1;3;"49;3572743056";"0;0718279481"
202200054682;23;3;2022;14:35;1;972;1;9;1;1;"14;5985104831";" -60;9972470999"
202200054683;5;5;2022;11:15;1;33;2;2;1;3;"44;8457900000";" -0;6177800000"
202200054684;8;7;2022;11:15;1;78;1;1;1;6;"48;7918870000";"2;0973940000"
202200054685;13;2;2022;00:58;3;45;1;1;1;7;"47;9326980000";"2;0433110000"
202200054686;7;8;2022;16:30;1;68;1;1;1;1;"47;9174100000";"6;9488630000"