Accident_Id;jour;mois;an;hrmn;lum;dep;agg;int;atm;col;lat;long
202200054995;5;7;2022;08:35;1;92;2;1;1;6;"48;8399810377";"2;2368778288"
202200054996;26;11;2022;20:40;5;93;2;1;1;3;"48;9522900000";"2;4414900000"
202200054997;25;3;2022;13:40;1;59;2;3;1;2;"50;6472000000";"3;0027600000"
202200054998;1;1;2022;11:35;1;64;2;1;1;7;"43;4776734306";" -1;4928424358"
202200054999;4;5;2022;21:33;5;93;2;2;8;3;"48;8533491988";"2;4484000504"
202200055000;12;2;2022;13:30;1;91;2;1;1;2;"48;6841300000";"2;1697400000"
202200055001;18;10;2022;11:55;1;50;1;1;1;5;"49;6285400000";" -1;6719900000"
202200055002;26;3;2022;17:05;1;14;2;6;1;7;"49;1984620000";" -0;4573760000"
202200055003;25;11;2022;13:35;1;92;2;1;1;3;"48;8187150000";"2;3181340000"
202200055004;9;8;2022;11:45;1;91;2;2;1;5;"48;6836600000";"2;4896000000"
202200055005;1;1;2022;14:45;1;54;2;1;1;3;"48;6977807356";"6;2068526746"
202200055006;4;5;2022;17:57;1;93;2;6;1;3;"48;9214900000";"2;4443100000"
202200055007;25;3;2022;20:45;5;57;2;2;1;3;"49;0992064315";"6;1574842036"
202200055008;11;2;2022;22:15;5;81;2;1;1;6;"43;5925600000";"2;2011000000"
202200055009;14;10;2022;07:55;2;50;2;2;2;3;"49;6334700000";" -1;6174700000"
202200055010;20;1;2022;13:15;1;14;1;2;1;3;"48;8840500000";" -0;7895990000"
202200055011;1;1;2022;14:12;1;54;2;1;1;2;"48;6618222664";"6;2071785629"
202200055012;26;11;2022;18:30;4;92;2;2;1;1;"48;9357509335";"2;2607803345"
202200055013;5;5;2022;16:45;1;93;2;1;1;6;"48;9538610864";"2;4429591896"
202200055014;23;3;2022;12:00;1;56;2;1;1;6;"47;6628600000";" -2;7562500000"
202200055015;6;8;2022;13:46;1;87;1;9;1;3;"45;7985770000";"1;2956720000"
202200055016;17;9;2022;17:35;1;17;1;6;1;3;"45;7456500000";" -0;6917000000"
202200055017;20;10;2022;11:04;1;49;2;1;1;6;"47;4649300000";" -0;5599900000"
202200055018;28;4;2022;14:19;1;973;2;1;1;3;"4;9372481674";" -52;2979715466"
202200055019;24;3;2022;00:40;4;56;2;1;1;6;"47;7495500000";" -3;3230900000"
202200055020;1;1;2022;02:05;5;51;2;1;8;7;"49;0363088513";"3;9541420341"
202200055021;26;11;2022;10:15;1;92;2;2;1;6;"48;8995610732";"2;3052317798"
202200055022;20;10;2022;13:05;1;43;2;1;8;7;"45;0498700000";"3;8994900000"
202200055023;6;8;2022;10:27;1;87;2;1;1;3;"45;8968300000";"1;2829900000"
202200055024;18;9;2022;22:00;5;13;2;3;1;2;"43;2883800000";"5;3530900000"
202200055025;4;5;2022;12:45;1;93;2;4;1;3;"48;9271647328";"2;3850712180"
202200055026;25;3;2022;14:45;1;54;1;1;1;6;"48;6962741753";"6;2194767594"
202200055027;27;11;2022;00:35;5;80;2;1;1;6;"49;7436910000";"2;5157200000"
202200055028;28;4;2022;10:20;1;973;2;2;2;6;"4;9390800000";" -52;3305100000"
202200055029;6;8;2022;11:57;1;87;2;1;1;6;"45;8299500000";"1;2496400000"
202200055030;5;10;2022;12:15;1;42;2;2;1;3;"45;4416800000";"4;3789600000"
202200055031;1;1;2022;05:00;5;38;2;2;1;3;"45;1817700000";"5;7275800000"
202200055032;5;5;2022;14:50;1;93;2;3;1;6;"48;9103390000";"2;4802450000"
202200055033;25;3;2022;13:00;1;54;2;1;1;6;"48;6887848540";"6;1636385322"
202200055034;18;9;2022;14:00;1;13;2;1;1;3;"43;3077733786";"5;5011658077"
202200055035;26;11;2022;22:30;3;35;1;1;2;6;"47;8769721747";" -2;1091832221"
202200055036;29;4;2022;21:00;1;78;2;1;1;1;"48;8979000000";"2;1077000000"
202200055037;8;8;2022;23:45;5;83;2;1;1;1;"43;1341600000";"5;7796600000"
202200055038;12;2;2022;15:35;1;77;1;1;1;6;"48;7960300000";"2;7186200000"
202200055039;1;1;2022;00:50;5;35;2;1;1;6;"48;1073000000";" -1;6717000000"
202200055040;20;10;2022;12:14;1;38;2;2;8;3;"45;1804700000";"5;7196300000"
202200055041;5;5;2022;09:05;1;92;2;1;8;6;"48;8224482022";"2;2987639010"
202200055042;18;9;2022;18:04;1;06;2;1;1;3;"43;6909800000";"7;2003700000"
202200055043;25;3;2022;19:00;5;51;2;1;1;1;"49;2613750397";"4;0502053499"
202200055044;25;11;2022;15:30;1;01;1;1;1;6;"45;9814860000";"5;0444410000"
202200055045;1;1;2022;04:50;5;31;2;1;1;6;"43;6251660000";"1;4412530000"
202200055046;6;5;2022;13:27;1;63;2;1;1;3;"45;7879000000";"3;0575900000"
202200055047;5;5;2022;11:15;1;92;2;1;1;7;"48;8739800000";"2;2362600000"
202200055048;19;10;2022;17:00;1;38;2;1;1;3;"45;1766700000";"5;7522600000"
202200055049;18;9;2022;10:35;1;03;2;1;1;6;"46;5872460000";"3;3089580000"
202200055050;8;8;2022;17:45;1;83;1;1;1;1;"43;1615000000";"6;1246000000"
202200055051;26;11;2022;17:15;2;83;1;1;1;6;"43;4978083746";"6;3401255792"
202200055052;24;3;2022;08:02;1;51;2;2;7;3;"49;0461098172";"3;9571152627"
202200055053;1;1;2022;23:55;5;14;2;6;2;6;"49;3595700000";"0;0770750000"
202200055054;4;5;2022;07:43;1;63;2;2;1;3;"45;7758600000";"3;0679400000"
202200055055;20;10;2022;20:20;5;37;2;1;1;2;"47;3800300000";"0;6717200000"
202200055056;12;2;2022;21:25;5;77;1;1;1;2;"48;6828500000";"2;6393100000"
202200055057;18;9;2022;21:00;5;75;2;1;1;2;"48;8458310000";"2;4144450000"
202200055058;4;5;2022;16:53;1;92;2;1;1;6;"48;8283710759";"2;2674422711"
202200055059;1;1;2022;19:15;5;11;2;1;1;6;"43;2041100000";"2;3198600000"
202200055060;9;8;2022;10:10;1;83;2;1;1;2;"43;4672800000";"6;7326500000"
202200055061;20;10;2022;13:15;1;37;2;1;1;7;"47;3884424663";"0;6929916143"
202200055062;24;3;2022;13:50;1;49;2;2;1;3;"47;2585200000";" -0;0755900000"
202200055063;24;11;2022;17:38;2;22;1;1;3;1;"48;5718650000";" -2;2404170000"
202200055064;3;5;2022;16:43;1;63;2;1;1;1;"45;7798400000";"3;1173200000"
202200055065;4;5;2022;22:45;5;92;2;3;1;7;"48;9239724082";"2;2857394963"
202200055066;17;9;2022;09:50;1;75;2;4;1;2;"48;8927250000";"2;3955280000"
202200055067;1;1;2022;19:07;5;06;2;1;1;3;"43;6446800000";"6;9395100000"
202200055068;20;10;2022;09:30;1;37;2;2;1;3;"47;3921540782";"0;7298827171"
202200055069;25;3;2022;14:09;1;49;2;1;1;1;"47;4856500000";" -0;5079100000"
202200055070;17;9;2022;04:43;5;75;2;1;1;6;"48;8573517075";"2;3382773995"
202200055071;12;2;2022;20:50;5;76;2;2;6;3;"49;4609700000";"1;1106090000"
202200055072;3;5;2022;15:48;1;63;2;1;1;6;"45;7783600000";"3;0793300000"
202200055073;26;11;2022;19:00;3;14;1;1;2;1;"49;0263180000";" -0;6916670000"
202200055074;6;8;2022;07:20;1;76;2;1;1;7;"49;4911600000";"0;1417500000"
202200055075;1;1;2022;14:00;1;01;2;1;7;3;"46;1974900000";"5;2166400000"
202200055076;5;5;2022;19:40;1;92;2;1;1;3;"48;9081527910";"2;2379226834"
202200055077;19;10;2022;15:25;1;37;2;1;1;3;"47;3660900000";"0;6987500000"
202200055078;25;3;2022;13:31;1;49;2;1;1;1;"47;4778700000";" -0;5302900000"
202200055079;18;9;2022;15:10;1;75;2;3;1;6;"48;8441620000";"2;3229080000"
202200055080;1;5;2022;17:15;1;63;2;1;1;3;"45;7571800000";"3;0561700000"
202200055081;8;8;2022;16:20;1;74;2;9;1;6;"46;1975900000";"6;2639200000"
202200055082;27;11;2022;08:00;1;41;1;1;8;1;"47;7658690000";"0;9036250000"
202200055083;24;3;2022;22:47;5;49;2;1;1;7;"47;4353000000";" -0;5132300000"
202200055084;1;1;2022;07:15;5;75;2;4;1;2;"48;8353160000";"2;2694900000"
202200055085;17;9;2022;12:00;1;75;2;4;1;3;"48;8469430000";"2;3268600000"
202200055086;5;5;2022;11:30;1;92;2;1;1;6;"48;8376004280";"2;2241735458"
202200055087;7;2;2022;17:10;1;73;2;2;1;6;"45;7028665368";"5;9000927657"
202200055088;20;10;2022;18:45;2;35;2;6;1;3;"48;1116900000";" -1;6460900000"
202200055089;1;1;2022;05:35;3;75;2;3;1;7;"48;8436060000";"2;3247000000"
202200055090;24;3;2022;15:35;1;41;2;1;1;3;"47;7979100000";"1;0601900000"
202200055091;26;11;2022;15:15;1;34;1;1;1;3;"43;6016600000";"3;8521750000"
202200055092;3;5;2022;13:55;1;10;1;9;1;6;"48;3690220000";"3;9667190000"
202200055093;1;1;2022;00:20;5;75;2;1;1;7;"48;8225921000";"2;3721421000"
202200055094;1;5;2022;02:10;5;63;2;2;1;3;"45;7822200000";"3;0729800000"
202200055095;9;8;2022;20:55;1;71;2;2;1;3;"46;6646100000";"4;2882800000"
202200055096;17;9;2022;08:15;1;75;2;3;1;2;"48;8762718310";"2;2872215509"
202200055097;12;2;2022;21:30;5;72;2;1;1;6;"48;0010600000";"0;1870600000"
202200055098;20;10;2022;17:30;1;35;2;3;1;3;"48;0975400000";" -1;6571300000"
202200055099;18;9;2022;06:35;5;75;2;1;1;6;"48;8310150000";"2;4592850000"
202200055100;6;5;2022;22:25;3;01;2;1;1;6;"45;9953890000";"4;8466550000"
202200055101;25;3;2022;19:20;2;41;2;4;1;3;"47;5869800000";"1;3814000000"
202200055102;1;1;2022;03:40;5;75;2;3;1;1;"48;8699630000";"2;3527730000"
202200055103;12;2;2022;19:00;5;71;1;9;1;1;"46;7639000000";"4;4581600000"
202200055104;8;8;2022;09:45;1;71;2;3;1;3;"46;8062600000";"4;4298300000"
202200055105;7;5;2022;18:30;1;38;1;1;1;6;"45;3479170000";"5;4873060000"
202200055106;18;9;2022;06:05;5;75;2;2;1;6;"48;8568960000";"2;3722070000"
202200055107;20;10;2022;10:50;1;35;2;2;1;3;"48;1249490000";" -1;6670470000"
202200055108;25;10;2022;07:10;3;56;1;6;2;6;"47;9017930000";" -3;3357020000"
202200055109;25;3;2022;16:20;1;38;2;2;1;3;"45;1723200000";"5;7361700000"
202200055110;12;2;2022;15:30;1;69;2;1;1;3;"45;7374547139";"4;9720783453"
202200055111;1;1;2022;03:50;5;75;2;5;1;6;"48;8690120000";"2;3101460000"
202200055112;7;5;2022;05:45;2;83;1;3;1;3;"43;1210100000";"6;0570180000"
202200055113;18;9;2022;13:55;1;75;2;3;1;2;"48;8761670000";"2;3721260000"
202200055114;20;10;2022;10:30;1;35;2;6;1;3;"48;0821000000";" -1;7114500000"
202200055115;9;8;2022;21:00;3;69;2;1;1;4;"45;7849000000";"4;8641900000"
202200055116;25;3;2022;12:30;1;38;2;1;1;6;"45;1506400000";"5;7127400000"
202200055117;12;2;2022;19:35;5;64;2;1;1;3;"43;3125000000";" -0;3623100000"
202200055118;12;6;2022;06:15;1;988;2;6;8;6;" -22;2332900000";"166;4567800000"
202200055119;1;1;2022;17:55;5;75;2;3;1;6;"48;8640100000";"2;3313510000"
202200055120;18;9;2022;04:12;5;75;2;7;1;6;"48;8584340000";"2;3123980000"
202200055121;27;11;2022;12:30;1;79;1;2;1;3;"47;0979780000";" -0;1687970000"
202200055122;20;10;2022;08:10;2;35;2;1;2;6;"48;1029800000";" -1;6530000000"
202200055123;12;2;2022;14:55;1;64;2;1;1;7;"43;4406400000";" -1;5890900000"
202200055124;7;5;2022;11:45;1;72;1;2;1;3;"47;8944100000";"0;2211910000"
202200055125;1;1;2022;16:30;1;75;2;3;1;7;"48;8556440000";"2;3483250000"
202200055126;18;9;2022;18:00;1;94;2;1;1;2;"48;7674600000";"2;4413000000"
202200055127;5;7;2022;15:00;1;976;2;9;1;3;" -12;7955000000";"45;2158300000"
202200055128;20;10;2022;08:00;1;35;2;1;2;3;"48;0912200000";" -1;7045800000"
202200055129;25;3;2022;15:25;1;35;1;1;1;4;"48;0668320000";" -1;7147800000"
202200055130;26;11;2022;18:33;5;2B;2;1;1;6;"42;5542540000";"8;7623420000"
202200055131;12;2;2022;18:50;2;64;2;1;1;3;"43;4805781674";" -1;5143594267"
202200055132;9;8;2022;02:00;5;69;2;2;1;3;"45;7708700000";"4;8671900000"
202200055133;6;5;2022;14:45;1;62;1;3;1;3;"50;2243270000";"2;1175250000"
202200055134;18;9;2022;09:20;1;94;2;3;1;1;"48;7885400000";"2;3650820000"
202200055135;5;7;2022;08:20;1;974;1;1;1;6;" -21;3262100000";"55;4776300000"
202200055136;1;1;2022;07:00;5;75;2;2;1;6;"48;8553170000";"2;3528120000"
202200055137;20;10;2022;15:55;1;34;2;1;1;3;"43;6263260000";"3;8876290000"
202200055138;25;3;2022;10:42;1;35;2;2;1;3;"48;1069400000";" -1;6706500000"
202200055139;18;9;2022;13:40;1;94;2;1;1;7;"48;8168600000";"2;3678300000"
202200055140;1;1;2022;13:40;1;94;2;1;1;6;"48;7470200000";"2;4617600000"
202200055141;5;5;2022;20:30;1;62;1;1;1;3;"50;3517831280";"2;5110057592"
202200055142;9;8;2022;10:40;1;69;2;1;1;2;"46;0188000000";"4;7069300000"
202200055143;12;2;2022;10:30;1;60;1;2;1;3;"49;4340668454";"2;0519341528"
202200055144;26;11;2022;23:00;3;80;1;1;6;1;"50;0221070000";"2;9104110000"
202200055145;20;10;2022;16:56;1;33;2;1;1;3;"44;8785700000";" -0;6250400000"
202200055146;5;7;2022;10:50;1;974;2;9;1;3;" -20;8800460000";"55;4566060000"
202200055147;1;1;2022;17:20;2;94;2;1;1;6;"48;7955000000";"2;4993400000"
202200055148;6;5;2022;18:40;1;59;1;1;1;6;"50;8058307656";"2;4523919821"
202200055149;18;9;2022;19:45;2;94;2;1;1;2;"48;7550000000";"2;3840000000"
202200055150;25;3;2022;17:15;1;33;2;4;1;3;"44;8188500000";" -0;5450700000"
202200055151;12;2;2022;14:00;1;59;2;2;7;6;"50;6331200000";"3;0591900000"
202200055152;1;1;2022;16:50;2;94;2;1;1;6;"48;7836800000";"2;3281500000"
202200055153;20;10;2022;11:25;1;33;2;6;8;3;"44;8703400000";" -0;5926500000"
202200055154;7;5;2022;05:00;3;2B;1;1;1;1;"42;5631880000";"8;8051400000"
202200055155;5;7;2022;08:55;1;974;2;1;1;3;" -20;8934600000";"55;4565400000"
202200055156;9;8;2022;00:32;3;66;1;1;1;6;"42;7113570000";"2;9224560000"
202200055157;1;1;2022;08:00;2;94;2;1;1;6;"48;7660807563";"2;3302745817"
202200055158;18;9;2022;20:50;5;94;2;2;1;6;"48;7374100000";"2;4105900000"
202200055159;27;11;2022;00:10;3;65;1;1;1;6;"43;1269220000";"0;2618690000"
202200055160;25;3;2022;16:27;1;33;2;2;1;3;"44;8424500000";" -0;5562600000"
202200055161;20;10;2022;08:26;1;33;2;1;1;1;"44;8556552194";" -0;5921740830"
202200055162;1;1;2022;02:40;5;93;2;2;1;3;"48;9504000000";"2;5237900000"
202200055163;5;7;2022;10:50;1;973;2;2;2;3;"4;9295900000";" -52;3151000000"
202200055164;7;5;2022;12:15;1;2B;2;1;1;2;"42;7322650000";"9;4605910000"
202200055165;18;9;2022;15:30;1;93;2;1;1;2;"48;9276316473";"2;3363749289"
202200055166;12;2;2022;18:50;3;44;2;1;1;7;"47;2445540000";" -1;6209350000"
202200055167;25;3;2022;16:10;1;33;2;6;1;6;"44;8795462064";" -0;5474758744"
202200055168;20;10;2022;07:05;5;33;2;1;2;4;"44;8179645076";" -0;5776110291"
202200055169;1;1;2022;12:50;1;93;2;1;7;1;"48;9022600000";"2;3441000000"
202200055170;27;11;2022;04:00;3;71;2;1;1;6;"46;6293310000";"5;2290080000"
202200055171;7;5;2022;15:17;1;80;1;1;1;6;"49;7511710000";"2;3645170000"
202200055172;18;9;2022;16:23;1;93;2;1;1;2;"48;8593020000";"2;4249220000"
202200055173;1;1;2022;03:30;5;93;2;1;1;6;"48;8698000000";"2;4942700000"
202200055174;12;2;2022;03:30;5;37;2;1;1;6;"47;3949212744";"0;7227922976"
202200055175;24;3;2022;21:00;5;33;2;3;1;3;"44;8043600000";" -0;6615000000"
202200055176;7;5;2022;17:05;1;80;1;1;1;1;"49;7727560000";"1;9970230000"
202200055177;1;1;2022;21:15;4;93;2;1;1;6;"48;8668420699";"2;4754160643"
202200055178;19;10;2022;17:20;1;33;2;8;1;3;"44;7844100000";" -0;5656200000"
202200055179;25;3;2022;08:18;1;29;1;1;1;6;"47;9885900000";" -4;0272300000"
202200055180;5;7;2022;21:40;5;69;2;2;1;3;"45;7690100000";"4;8605300000"
202200055181;18;9;2022;04:00;5;92;2;1;1;4;"48;8124700000";"2;3011600000"
202200055182;6;5;2022;16:45;1;80;2;1;1;6;"49;7553720000";"2;3619110000"
202200055183;11;2;2022;14:30;1;37;1;9;1;6;"47;3365600000";"0;6698800000"
202200055184;1;1;2022;04:15;5;93;2;1;1;2;"48;8740500000";"2;4222700000"
202200055185;18;9;2022;10:05;1;92;2;1;1;6;"48;8097358862";"2;2384251952"
202200055186;26;11;2022;17:45;3;63;1;1;1;3;"45;6042951684";"3;1527960739"
202200055187;20;10;2022;08:55;1;33;1;1;1;4;"44;6221400000";" -1;1603000000"
202200055188;30;4;2022;17:50;1;33;2;6;1;6;"44;7733170000";" -0;3467510000"
202200055189;23;3;2022;09:50;1;29;2;3;1;1;"47;9747390000";" -4;0666780000"
202200055190;17;9;2022;22:35;5;92;2;1;1;3;"48;8883200000";"2;2538100000"
202200055191;13;2;2022;00:50;5;35;2;9;1;2;"48;1178000000";" -1;7139000000"
202200055192;1;1;2022;02:50;5;92;2;2;1;3;"48;9085400000";"2;3001200000"
202200055193;1;7;2022;20:00;4;972;2;1;3;1;"14;6157200000";" -60;9947600000"
202200055194;20;10;2022;08:30;1;31;1;1;1;2;"43;6275900000";"1;4199000000"
202200055195;7;5;2022;05:40;2;11;1;1;1;3;"43;2072400000";"2;9547640000"
202200055196;25;3;2022;16:40;1;29;2;2;1;6;"48;4130820000";" -4;4910500000"
202200055197;18;9;2022;10:10;1;92;2;2;1;3;"48;9118660000";"2;2326690000"
202200055198;7;5;2022;20:00;1;61;1;1;1;6;"48;7841340000";" -0;3376150000"
202200055199;25;3;2022;08:15;1;27;2;1;7;2;"49;2420600000";"1;1876000000"
202200055200;1;1;2022;16:20;1;45;1;3;1;4;"48;0152214904";"2;6787855582"
202200055201;19;10;2022;12:15;1;30;2;3;1;3;"44;0700000000";"4;0819000000"
202200055202;12;2;2022;06:55;1;34;2;2;1;3;"43;6088700000";"3;8529000000"
202200055203;17;9;2022;20:16;5;92;2;2;1;3;"48;7426900000";"2;3028300000"
202200055204;2;5;2022;08:00;1;22;1;1;1;1;"48;8143670000";" -3;1490850000"
202200055205;2;1;2022;18:45;3;63;1;1;1;1;"46;0575160000";"3;2814790000"
202200055206;18;9;2022;17:20;1;974;2;6;1;3;" -21;0565280000";"55;2656940000"
202200055207;20;10;2022;17:45;1;29;1;1;1;3;"47;9976460000";" -4;0727300000"
202200055208;6;5;2022;13:45;1;35;2;8;1;3;"48;5305320000";" -1;5651010000"
202200055209;2;1;2022;05:20;3;74;1;1;1;1;"45;9346060000";"6;1007220000"
202200055210;7;5;2022;07:15;1;29;2;1;1;6;"47;8660410000";" -4;2806820000"
202200055211;19;9;2022;01:00;3;67;1;1;2;7;"48;8686330000";"7;5253130000"
202200055212;1;1;2022;09:30;1;38;1;1;1;7;"44;8268653736";"5;6288677453"
202200055213;24;3;2022;16:52;1;25;2;6;1;3;"47;2427900000";"6;0076300000"
202200055214;20;10;2022;22:34;5;29;2;6;2;6;"48;4035600000";" -4;4804700000"
202200055215;6;5;2022;21:50;3;38;1;1;1;6;"45;3149320000";"5;3239270000"
202200055216;2;1;2022;07:10;2;2A;2;1;1;1;"41;9064530000";"8;8176330000"
202200055217;7;5;2022;02:50;5;70;2;1;1;6;"47;7616420000";"6;7424860000"
202200055218;25;3;2022;08:33;1;17;2;3;1;3;"45;6177600000";" -1;0128400000"
202200055219;15;9;2022;18:38;1;52;1;2;1;6;"48;2711260000";"4;9544050000"
202200055220;19;10;2022;11:20;1;29;2;1;1;2;"48;4072800000";" -4;4910800000"
202200055221;2;1;2022;14:45;1;63;1;2;1;3;"46;1093860000";"2;6009220000"
202200055222;25;3;2022;20:25;3;17;1;1;1;4;"46;1730100000";" -1;1173600000"
202200055223;2;1;2022;11:30;1;42;2;1;1;7;"45;6376460000";"4;3830410000"
202200055224;6;5;2022;18:30;1;58;2;1;1;6;"47;0116670000";"3;1720230000"
202200055225;1;1;2022;02:45;3;29;2;6;1;6;"48;4377960000";" -4;6197910000"
202200055226;23;3;2022;04:20;5;15;2;2;1;3;"44;9127880000";"2;4418370000"
202200055227;1;1;2022;20:30;5;31;2;1;1;6;"43;6699750000";"1;4107130000"
202200055228;19;9;2022;19:21;2;02;1;1;1;6;"49;8444730000";"3;0883810000"
202200055229;1;1;2022;05:50;4;50;1;4;1;6;"49;4786760000";" -1;3418450000"
202200055230;6;5;2022;21:50;3;72;1;1;1;3;"47;9333950000";" -0;1908450000"
202200055231;24;3;2022;23:40;5;14;2;1;1;2;"49;1555758000";"0;2276300000"
202200055232;6;5;2022;15:15;1;72;1;1;1;6;"48;0129510000";"0;1217620000"
202200055233;2;1;2022;16:55;1;16;1;3;1;2;"45;8720730000";"0;5182300000"
202200055234;25;3;2022;18:15;2;14;2;2;1;3;"49;1688900000";" -0;3305800000"
202200055235;2;1;2022;04:15;3;53;1;1;1;6;"48;0944910000";" -0;6889950000"
202200055236;6;5;2022;20:25;1;06;1;1;1;6;"43;6771700000";"6;9809300000"
202200055237;19;9;2022;11:40;1;49;1;1;1;1;"47;1912327904";" -0;7420087253"
202200055238;1;1;2022;01:15;5;21;2;3;5;6;"47;0127570000";"5;2834800000"
202200055239;25;3;2022;17:45;1;14;2;1;1;1;"49;2024300000";" -0;3350500000"
202200055240;7;5;2022;17:30;1;60;2;3;1;2;"49;4300100000";"2;0434330000"
202200055241;1;1;2022;11:00;1;40;2;9;1;6;"43;5768350000";" -0;9363990000"
202200055242;7;5;2022;00:50;3;18;1;1;1;6;"47;5229780000";"2;5470200000"
202200055243;24;3;2022;13:25;1;13;2;1;1;3;"43;4051400000";"4;9843400000"
202200055244;2;1;2022;11:00;1;85;1;1;1;6;"46;7872520000";" -1;3310442000"
202200055245;7;5;2022;11:35;1;16;1;6;1;7;"45;8133480000";"0;4496190000"
202200055246;1;1;2022;09:13;1;17;1;1;1;7;"45;3948040000";" -0;5640360000"
202200055247;25;3;2022;17:10;1;13;2;1;1;2;"43;3473100000";"5;3555400000"
202200055248;2;1;2022;11:15;1;72;1;1;1;7;"48;0628229212";"0;3980827332"
202200055249;7;5;2022;19:00;1;21;1;2;7;1;"46;9886000000";"4;7670000000"
202200055250;25;3;2022;16:15;1;13;2;1;1;6;"43;2964100000";"5;3713000000"
202200055251;2;1;2022;16:45;1;11;1;1;1;7;"42;9209460000";"3;0161360000"
202200055252;7;5;2022;12:50;1;85;1;1;1;7;"46;4370650000";" -1;3238800000"
202200055253;25;3;2022;13:05;1;13;2;1;1;1;"43;2990600000";"5;3863700000"
202200055254;2;1;2022;06:25;3;988;1;1;1;6;" -20;7910200000";"165;1523000000"
202200055255;7;5;2022;13:15;1;17;1;9;1;7;"45;9195420000";" -0;4972920000"
202200055256;25;3;2022;03:45;5;13;2;9;1;3;"43;2878200000";"5;3758000000"
202200055257;1;1;2022;11:10;2;77;2;6;1;3;"49;0370630000";"2;7965030000"
202200055258;10;3;2022;16:50;1;37;2;3;1;3;"47;1350563252";"0;9840562195"
202200055259;1;1;2022;20:40;5;77;2;1;1;6;"48;9976590000";"3;0020680000"
202200055260;24;3;2022;17:40;1;13;2;1;1;1;"43;2958400000";"5;4008600000"
202200055261;1;1;2022;20:20;3;95;1;1;1;6;"49;0493770000";"2;5229280000"
202200055262;22;3;2022;11:00;1;13;1;1;1;6;"43;6584500000";"4;6541400000"
202200055263;19;4;2022;16:30;1;30;1;3;1;5;"44;1781260000";"4;1749760000"
202200055264;1;1;2022;22:45;5;91;1;1;1;1;"48;6356310000";"2;1069720000"
202200055265;6;5;2022;17:15;1;77;1;1;1;2;"48;4443480000";"2;9049830000"
202200055266;25;3;2022;21:13;5;10;2;1;1;3;"48;3028400000";"4;0838500000"
202200055267;7;5;2022;05:40;2;988;2;1;1;7;" -22;2194400000";"166;4701870000"
202200055268;1;1;2022;03:15;3;78;1;1;1;5;"49;0322630000";"1;4666440000"
202200055269;1;1;2022;23:10;3;66;1;1;1;6;"42;7611834573";"3;0161784030"
202200055270;6;5;2022;19:20;1;95;1;1;1;7;"49;0545060000";"2;2970650000"
202200055271;1;1;2022;18:30;3;11;1;6;1;6;"43;2904980000";"2;0455810000"
202200055272;25;3;2022;16:02;1;10;2;2;7;3;"48;2630700000";"4;0590890000"
202200055273;7;5;2022;00:00;5;987;1;1;2;4;" -17;5833110000";" -149;6141550000"
202200055274;2;1;2022;11:00;1;21;1;1;1;1;"47;0804240000";"4;9346210000"
202200055275;1;1;2022;16:25;2;03;1;1;7;6;"46;3241120000";"2;8358240000"
202200055276;7;5;2022;04:00;3;987;1;1;1;7;" -17;7648000000";" -149;2130890000"
202200055277;1;1;2022;18:20;5;01;2;1;1;6;"45;8512980000";"5;0632630000"
202200055278;1;1;2022;07:10;4;91;1;1;5;2;"48;7256700000";"2;3011800000"
202200055279;6;5;2022;14:20;1;973;1;1;3;1;"5;0967580000";" -52;6180530000"
202200055280;1;1;2022;00:48;3;91;1;1;1;3;"48;6326700000";"2;5334111000"
202200055281;1;1;2022;16:00;1;95;1;1;1;6;"49;0620400000";"2;3191700000"
202200055282;1;1;2022;19:44;1;94;1;1;1;2;"48;8521422803";"2;4902740888"
202200055283;1;1;2022;06:40;3;93;1;1;1;6;"48;8347200000";"2;5812300000"
202200055284;7;5;2022;19:55;2;77;2;3;1;3;"48;8946950000";"2;8204230000"
202200055285;1;1;2022;02:00;3;95;2;1;1;6;"49;1417948232";"2;2553032637"
202200055286;1;1;2022;07:21;3;22;1;1;1;6;"48;3877790000";" -2;4134190000"
202200055287;1;1;2022;17:50;2;63;2;2;1;3;"45;8289490000";"3;3931610000"
202200055288;1;1;2022;03:45;5;61;2;1;1;7;"48;5156450000";" -0;4504610000"
202200055289;1;1;2022;16:00;2;25;1;1;1;6;"47;0895850000";"6;1950020000"
202200055290;1;1;2022;01:25;3;29;2;3;1;6;"47;9848481000";" -4;4245831000"
202200055291;1;1;2022;17:00;1;64;2;9;1;1;"43;3953110000";" -1;3116650000"
202200055292;1;1;2022;03:50;5;18;2;1;1;6;"47;1352500000";"2;1552140000"
202200055293;1;1;2022;16:15;1;04;1;1;1;7;"44;1038145321";"6;5697038770"
202200055294;1;1;2022;00:00;3;30;1;3;5;3;"43;7369000000";"4;2109000000"
202200055295;2;1;2022;02:05;3;988;1;1;1;1;" -21;6590100000";"165;5346000000"
202200055296;1;1;2022;14:50;1;95;2;6;1;3;"49;1234867003";"2;1820896864"
202200055297;1;1;2022;05:35;5;95;1;1;1;6;"49;1370490000";"1;6712080000"
202200055298;1;1;2022;03:50;3;2B;1;1;1;6;"42;3101650000";"9;4785830000"
202200055299;1;1;2022;07:20;3;84;1;1;1;6;"43;7531640000";"5;2244760000"
202200055300;1;1;2022;04:27;3;74;1;1;9;6;"46;2825320000";"6;7328060000"
202200055301;1;1;2022;08:40;1;81;1;3;1;3;"43;9272650000";"1;9156370000"
202200055302;1;3;2022;16:55;1;41;2;1;1;2;"47;5944040000";"1;3533290000"